rank	word	reading	pos	meaning	examples
1	する	する	verb	to do; to carry out; to perform	「いやだ」ときっぱりした態度でこたえた。 :: No, he said in a determined manner. || 「やあ」とトムはにこにこしながら言った。 :: Hello, said Tom, smiling.
2	こと	こと	noun	thing; matter	あなたが今、あたしにしてほしいことは何？ :: What is it that you want me to do now? || あなたが先生だということを知っています。 :: I know that you are a teacher.
3	いる	いる	verb	to be (of animate objects); to exist	「いいえ、いました」とその学生は答えた。 :: Yes, I was, said the student. || 「これが探していたものだ」と彼は叫んだ。 :: This is what I was looking for! he exclaimed.
4	ある	ある	verb	to be; to exist; to live	あなたとお話ししたいことがあるのですが。 :: May I have a talk with you? || あなたと少し個人的に話をする必要がある。 :: I would like to have a word with you.
5	人	ひと	noun	person; someone; somebody	あなたしか僕を助けられる人はいないんだ。 :: You're the only one who can help me. || あなたにお会いしたい女の人が来ています。 :: There is a woman who wants to see you.
6	日	ひ	noun	day; days	あの日帰ったのは体調が悪かったからです。 :: It is because the physical condition was bad that it returned that day. || ある日、たまたま私は彼の家の前を通った。 :: One day, it happened that I passed his house.
7	この	この	adjective	this	「この店は初めて？」「ええ、初めてです」 :: Is it the first time you've been here? "Yes, it's my first visit." || あなたはこのスーツが一番よく似合うわよ。 :: You look your best in this suit.
8	これ	これ	pronoun	this; this one	「これが探していたものだ」と彼は叫んだ。 :: This is what I was looking for! he exclaimed. || 「これは何だろう」とトニーは尋ねました。 :: I wonder what this is, said Tony.
9	年	とし	noun	year	あの子もおもちゃで遊ぶ年は過ぎるころだ。 :: He will soon be past playing with toys. || おまえぐらいの年の子は行儀よくすべきだ。 :: A boy your age ought to behave well.
10	その	その	adjective	that; the	「いいえ、いました」とその学生は答えた。 :: Yes, I was, said the student. || あなただったらその問題をどう処理するか。 :: How would you deal with the problem?
11	なる	なる	verb	to become; to get; to grow	あすは歴史の試験を受けなくてはならない。 :: I have to take an examination in history tomorrow. || あなたが早くよくなるように祈っています。 :: We are hoping for your quick recovery.
12	者	もの	noun	person	うちの者はどうも犬に少し甘すぎると思う。 :: I suppose we're a little too indulgent to the dog. || よい友達を得たいと思わない者はいません。 :: There is no one who doesn't want to have good friends.
13	月	つき	noun	Moon	この工場はバイクを月に８００台生産する。 :: The factory turns out eight hundred motorcycles a month. || ナンシーは月に一度必ず私に便りをくれる。 :: Nancy never fails to write to me once a month.
14	内	うち	noun	inside; within	あまり遠くに行かない内ににわか雨にあった。 :: We had not gone far before we were caught in a shower. || それらのイヌの内の１匹が生きています。 :: One of the dogs is alive.
15	それ	それ	pronoun	that; it	あなたはそれからどんな結論を下しますか。 :: What do you conclude from that? || あなたはそれを初めに言っとくべきだった。 :: You should have mentioned it at the outset.
16	何	なに	pronoun	what	「これは何だろう」とトニーは尋ねました。 :: I wonder what this is, said Tony. || 「これらは何ですか」「あなたの写真です」 :: What are these? "They are your pictures."
17	私	わたし	pronoun	I; me	「これは誰のイスですか」「私のものです」 :: Whose chair is this? "It is mine." || 「私は幸福だわ」と彼女は心の中で思った。 :: I am happy, she said to herself.
18	ため	ため	noun	good; advantage; benefit	あなたのためなら私は何でも喜んでします。 :: I am quite willing to do anything for you. || あの人のために何か買ってあげましょうか。 :: Shall I buy some for him?
19	時	とき	noun	time; hour; moment	あなたがお暇な時にお会いしたいのですが。 :: I'd like to see you when you are free. || あの時君といっしょにいたらよかったのに。 :: I wish I had been with you then.
20	今	いま	noun	now; the present time; just now	「性差別」という言葉が今、流行っている。 :: Terms like "sexism" are now in vogue. || あなたが今、あたしにしてほしいことは何？ :: What is it that you want me to do now?
21	方	ほう	noun	direction; way; side	あきらめた方が良いのではないでしょうか。 :: You may as well give up. || あなたのお父さんて、よさそうな方ですね。 :: Your father seems very nice.
22	自分	じぶん	pronoun	myself; yourself; oneself	あなたが自分の人生を考えることは必要だ。 :: It is necessary for you to think about your life. || あなたは自分の意見に固執すべきではない。 :: You should not stick to your opinion.
23	俺	おれ	pronoun	I; me	その犬は、俺を見たとたん吠え出したんだ。 :: As soon as the dog saw me, it began to bark. || 俺はいつも失敗ばかりしているダメな男だ。 :: I'm just a boy who makes mistakes.
24	前	まえ	noun	in front (of); before (e.g. a building)	あなたが去る前には火を確実に消しなさい。 :: Be sure to put out the fire before you leave. || あなたの手紙を受け取る前に起こりました。 :: This happened prior to receiving your letter.
25	気	き	noun	spirit; mind; heart	あのひどい音を聞くと気が狂いそうになる。 :: That terrible noise is driving me mad. || この世の心配事は忘れて気をゆったり持て。 :: Forget the anxieties of life and learn to relax.
26	時間	じかん	noun	time	うちの先生はいつも時間通りに授業に来る。 :: Our teacher is always on time for class. || この事を詳細に説明する時間がありません。 :: I have no time to explain this in detail.
27	目	め	noun	eye; eyeball	あいつめ明日こそ痛い目にあわせてくれる。 :: I'll take my revenge on him at all costs tomorrow. || あなたは目を閉じて歩くことができますか。 :: Can you walk with your eyes closed?
28	できる	できる	verb	to be able to do; to be possible; to be permitted (to do)	あいにくご招待をお受けできないのですが。 :: I'm afraid I can't accept your invitation. || あなたが見つめていては、勉強できないよ。 :: I can't study with you watching me.
29	話	はなし	noun	talk; speech; chat	「失礼ですが」とアンが話に割って入った。 :: Excuse me, Ann broke in. || あなたが話をしたがっていたのは誰ですか。 :: Who is it that you want to talk to?
30	思う	おもう	verb	to think; to consider; to believe	「彼は正しいですか」「そうは思いません」 :: Is he right? "I don't think so." || 「彼女はどういうつもりかしら」と思った。 :: I said to myself, "I wonder what she means."
31	分	ぶん	noun	part; portion; share	この品の税金分はむこうでお支払い下さい。 :: Please pay the tax on the items over there. || この分では予定を変更せざるをえないだろう。 :: At this rate, we'll have to change the schedule.
32	家	いえ	noun	house; residence; dwelling	あなたは、今のうちに家に帰ることですね。 :: You may as well go home now. || ある日、たまたま私は彼の家の前を通った。 :: One day, it happened that I passed his house.
33	丸	まる	noun	circle	丸一日教えていたのでへとへとだった。 :: I was exhausted by a full day's teaching. || 彼女はかわいらしい丸顔をしています。 :: She has a lovely round face.
34	二	に	number	two; 2	あのレストランは毎日二千食準備している。 :: That restaurant prepares two thousand meals every day. || あの犬はこの犬のちょうど二倍の大きさだ。 :: That dog is exactly twice the size of this one.
35	好き	すき	na-adjective	liking; being fond of; to one's liking	「彼女は音楽が好きではない」「そうだね」 :: She likes music, doesn't she? "So she does." || あなたはこれとあれとどちらが好きですか。 :: Which do you like better, this or that?
36	良い	よい	i-adjective	good; excellent; fine	あきらめた方が良いのではないでしょうか。 :: You may as well give up. || あなたはすぐに良くなるだろうと思います。 :: I hope you'll soon get well.
37	ここ	ここ	pronoun	here; this place	かつてはここからあの教会が見えたものだ。 :: You used to be able to see the church from here. || ここから、一番近いトイレは、どこですか。 :: Where's the nearest restroom?
38	大	だい	noun	large (e.g. serving size); large option	彼らは声を大にして核実験反対を叫んだ。 :: They clamored emphatically against the nuclear tests. || この決定はあなたの提案に負うところ大であった。 :: Your suggestion weighed heavily in this decision.
39	性	せい	noun	nature (of a person)	「性差別」という言葉が今、流行っている。 :: Terms like "sexism" are now in vogue. || 夢に欠けている主な事は首尾一貫性である。 :: The main thing that dreams lack is consistency.
40	上	うえ	noun	above; over; up	「あなたの本はどこですか」「机の上です」 :: Where are your books? "They are on the desk." || あなたのかばんは私の机の上にありますよ。 :: Your bag is on my desk.
41	回	かい	counter	counter for occurrences	この本は何回も繰り返して読む価値がある。 :: This book is worth reading over and over again. || この物語は短いので１回の授業で読めます。 :: This story is short enough to read in one lesson.
42	考え	かんがえ	noun	thinking; thought; view	あなたと彼女の考えには違いがありますか。 :: Is there any difference between your idea and hers? || あなたの考えはとても実際的とはいえない。 :: Your ideas are hardly practical.
43	感じ	かんじ	noun	feeling; sense; impression	体がかっとして、落ち着かない感じでした。 :: His face was red and he felt hot and uncomfortable. || 全身が焼き尽くされるような感じがした。 :: I felt a burning sensation all over.
44	数	すう	noun	number; quantity; amount	そのえの価値は数百万ドルと見積もられた。 :: The value of the painting was estimated at several million dollars. || その事故でその電車の乗客数人が負傷した。 :: There were a few passengers in the train who were injured in the accident.
45	必要	ひつよう	na-adjective	necessary; needed; essential	あなたが自分の人生を考えることは必要だ。 :: It is necessary for you to think about your life. || あなたが説明する必要は無いと思いますよ。 :: I don't think there is any need for you to explain.
46	そんな	そんな	adjective	such; that sort of; that kind of	これまでそんな怖い話は聞いたこともない。 :: I've never heard of such a frightening story before. || その女の子がそんなことをしたはずがない。 :: The girl can't have done such a thing.
47	なんて	なんて	adverb	how ...!; what ...!	トムはなんてしゃべるのが速いのでしょう。 :: How fast Tom speaks! || 少年は、なんて高い建物だろう、と言った。 :: The boy cried what a tall building it was.
48	ちょっと	ちょっと	adverb	a little; a bit; slightly	あの、本当は、ちょっと具合が悪いんです。 :: Well... actually, I'm sick. || お昼からちょっとドライブに行きましょう。 :: Let's take a short drive this afternoon.
49	世界	せかい	noun	the world; society; the universe	その製品は世界的な規模で販売されている。 :: The products are sold on a world scale. || それらの人々は世界平和に大いに貢献した。 :: Those people contributed greatly to world peace.
50	他	ほか	noun	another place; some other place; somewhere else	その上私は何人かの他の人々にも出会った。 :: I met some other people in addition. || 同様に振る舞う他のイベントでも結構です。 :: Another event that has the same behaviour would also be fine.
51	元	もと	noun	origin; source; beginning	一度してしまったことは元には戻らない。 :: What's done cannot be undone. || 日光と水とは植物を育てる元になるものである。 :: Sunlight and water are agents that make plants grow.
52	誰	だれ	pronoun	who	「これは誰のイスですか」「私のものです」 :: Whose chair is this? "It is mine." || あなたが話をしたがっていたのは誰ですか。 :: Who is it that you want to talk to?
53	ありがとう	ありがとう	interjection	thank you; thanks	いろいろとご親切にありがとうございます。 :: Thank you very much for all your kindness. || こんな風に覚えていて下さってありがとう。 :: You were thoughtful to remember me in this way.
54	あれ	あれ	pronoun	that; that thing	あれは私が持っているのと同じ自転車です。 :: That is the same bicycle as I have. || あれは私が昨日買ったのと同じスカートだ。 :: That is the same skirt as I bought yesterday.
55	よく	よく	adverb	nicely; properly; well	あなたが早くよくなるように祈っています。 :: We are hoping for your quick recovery. || あなたはこのスーツが一番よく似合うわよ。 :: You look your best in this suit.
56	ああ	ああ	interjection	ah!; oh!; alas!	ああいう皿洗いはそうするのがいいらしい。 :: These bus ladies seem to like to do so. || ああ、なんとあなたは親切なのでしょう。 :: Oh, how kind you are!
57	仕事	しごと	noun	work; job; labor	あなたのおかげで仕事がうまく行きました。 :: Thanks to you, the job went well. || あなたのお父さんはどんな仕事をしてるの？ :: What does your father do?
58	言う	いう	verb	to say; to utter; to declare	「おはよう」とトムは微笑みながら言った。 :: Good morning, said Tom with a smile. || あなたの言ったことはある意味では本当だ。 :: What you said is, in a sense, true.
59	県	けん	noun	prefecture (of Japan); county (of China, Taiwan, Norway, etc.); department (of France)	ここの地理的特徴は私達の県のそれと似ている。 :: The geographical features here are similar to those of our prefecture. || 彼は長野県のある小さな町の出身です。 :: He is from some small town in Nagano.
60	あなた	あなた	pronoun	you	「あなたの本はどこですか」「机の上です」 :: Where are your books? "They are on the desk." || 「これらは何ですか」「あなたの写真です」 :: What are these? "They are your pictures."
61	こんな	こんな	adjective	this sort of; this kind of; like this	あなたは昔私をこんなふうに扱わなかった。 :: You never used to treat me like this. || こんなことをいつかお聞きになりましたか。 :: Did you ever hear of such a thing?
62	同じ	おなじ	na-adjective	same; identical; equal	みんな同じなのよ。 :: They are all the same.
63	問題	もんだい	noun	question (e.g. on a test); problem	あなただったらその問題をどう処理するか。 :: How would you deal with the problem? || いつもあらゆる問題に答える事ができたわ。 :: She was always able to answer all the questions.
64	まだ	まだ	adverb	still; as yet; only	いったいビルはまだ家にいるのでしょうか。 :: Can Bill still be at home? || お前は一人で泳ぎに行くにはまだ幼すぎる。 :: You are not old enough to go swimming by yourself.
65	度	ど	noun	degree (angle, temperature, scale, etc.)	このビルの所有者は何度も変わっています。 :: This building changed hands several times. || そこにはこれまで一度もいったことがない。 :: I've never been there before.
66	系	けい	noun	system; lineage; group	あなたは理科系の大学に進んだほうがいいよ。 :: You should go on to a technical college. || 彼女はアメリカ系である。 :: She is of American parentage.
67	手	て	noun	hand; arm	あなたに食べさせてくれる人の手をかむな。 :: Don't bite the hand that feeds you. || いずれは手をつけなければならないだろう。 :: I suppose I've got to get my feet wet sometime.
68	ゲーム	げーむ	noun	game	あまり深刻に考えるな。ゲームなんだから。 :: Don't be so serious. It's only a game. || たいていの男の子はテレビゲームが好きだ。 :: Most boys like TV games.
69	そして	そして	conjunction	and; and then; thus	そして、あなたは出航することができます。 :: Then you can sail away. || そして、その日彼らはイエスと一緒にいた。 :: And spent that day with Him.
70	思い	おもい	noun	thought	彼が嘘をつくなどとは思いもよらなかった。 :: It never occurred to me that he might tell a lie. || 彼の母は彼のことで恥ずかしい思いをした。 :: His mother felt ashamed for him.
71	情報	じょうほう	noun	information; news; report	この辞書には情報がたくさん入っています。 :: This dictionary contains a lot of information. || これまでのところ新しい情報はありません。 :: So far there has been no news.
72	三	さん	number	three; 3	その政治家は三年前に妻と息子に死なれた。 :: The wife and son of the statesman died three years ago. || ケンは三人のなかでもっとも速く走ります。 :: Ken runs fastest of the three.
73	関係	かんけい	noun	relation; relationship; connection	そのことはお金に関係があったに違いない。 :: It must have something to do with money. || その団体はどの政党とも関係がありません。 :: The organization is not connected with any political parties.
74	くれる	くれる	verb	to give; to let (one) have	あいつめ明日こそ痛い目にあわせてくれる。 :: I'll take my revenge on him at all costs tomorrow. || あなたが買ったものを見せてくれませんか。 :: Will you show me what you bought?
75	会	かい	noun	meeting; assembly; party	あらゆる種類の人々が展覧会にやってきた。 :: All sorts of people came to the exhibition. || その会は特に出席がよいわけではなかった。 :: The meeting was not particularly well attended.
76	僕	ぼく	pronoun	I; me	あなたしか僕を助けられる人はいないんだ。 :: You're the only one who can help me. || おいしそうですね。僕も試してみようかな。 :: Looks delicious. Think I'll try some.
77	力	ちから	noun	force; strength; might	彼はこの十年間平和のために力を尽くした。 :: He worked hard for peace for these ten years. || 彼女は、英語を話す力では先生に匹敵する。 :: She is quite equal to the teacher in her ability to speak English.
78	国	くに	noun	country; state	あなたの国について私に何か教えて下さい。 :: Tell me something about your country. || この国では、５人に１人が車を持っている。 :: Every fifth person has a car in this country.
79	しかし	しかし	conjunction	however; but	あなたは泳げる。しかし、私は泳げません。 :: You can swim, but I can't swim. || しかし、赤ん坊の様にぐっすり眠りました。 :: But he slept like a baby.
80	今日	きょう	noun	today; this day	あなたは、今日は本当に怒りっぽいですね。 :: You've sure got a short fuse today. || この請求書の支払いは今日になっています。 :: Payment of this bill is due today.
81	本当に	ほんとうに	adverb	really; truly	あなたは、今日は本当に怒りっぽいですね。 :: You've sure got a short fuse today. || ご親切のほど本当にありがとうございます。 :: I am so much obliged to you for your kindness.
82	以上	いじょう	adjective	the above; the above-mentioned; the aforementioned	あらゆる原因は一つ以上の結果をもたらす。 :: Every cause produces more than one effect. || これ以上あなたに服従するのはお断りする。 :: I refuse to obey you any longer.
83	可能	かのう	na-adjective	possible; potential; practicable	この本を君が２・３日で読むのは可能です。 :: It is possible for you to read this book in a few days. || 勤勉が彼に成功することを可能ならしめた。 :: Hard work enabled him to succeed.
84	場合	ばあい	noun	case; occasion; situation	この場合にはその新しい規則があてはまる。 :: The new rule holds good in this case. || この規則はどのような場合にも適用できる。 :: This rule can be applied to any case.
85	多い	おおい	i-adjective	many; numerous; a lot	アメリカ人は速く走る車の好きな人が多い。 :: Many Americans like fast cars. || コンピューターで時間が多く節約できます。 :: Computers will save you a lot of time.
86	子	こ	noun	child; kid; teenager	あの子が来たとき、君は何をしていたんだ。 :: What were you doing when she came? || あの子もおもちゃで遊ぶ年は過ぎるころだ。 :: He will soon be past playing with toys.
87	車	くるま	noun	car; automobile; vehicle	お父さんは今朝からずっと車を洗っている。 :: My father has been washing his car since this morning. || かわいそうに、その少年は車にはねられた。 :: The poor boy was knocked down by a car.
88	金	きん	noun	gold (metal)	ことわざにある通り、時はまさに金である。 :: As the proverb goes, time really is money. || こんな大きな家を維持するのは金がかかる。 :: It takes a lot of money to keep up such a big house.
89	あの	あの	adjective	that; those; the	あの、本当は、ちょっと具合が悪いんです。 :: Well... actually, I'm sick. || あのおいしいワインをなぜ飲まないんだい。 :: Why not try that delicious wine?
90	どこ	どこ	pronoun	where; what place	「あなたの本はどこですか」「机の上です」 :: Where are your books? "They are on the desk." || あなたとはどこかであったように思われる。 :: It seems that I met you somewhere.
91	男	おとこ	noun	man; male	あんな男を信頼したのが私の間違いだった。 :: I did wrong in trusting such a fellow. || その男がその殺人を犯したと言われている。 :: That man is alleged to have committed the murder.
92	所	ところ	noun	place; spot; scene	ここが彼女が秘書として働いている所です。 :: This is the place where she works as a secretary. || この所は海外旅行するために貯金している。 :: She is saving money to go abroad.
93	人間	にんげん	noun	human being; human; person	一匹の犬と二人の人間がジャンプしている。 :: One dog and two people are jumping. || 人間にとって水は空気と同じくらい貴重だ。 :: Water is as precious as air to man.
94	名	な	noun	name; given name	どうしても私は彼の名が思い出せなかった。 :: For the life of me, I couldn't remember his name. || 彼は父親の名をとってロバートと名付けた。 :: He was named Robert after his father.
95	女	おんな	noun	woman; female	あなたにお会いしたい女の人が来ています。 :: There is a woman who wants to see you. || あの女のおしゃべりはまったくきりがない。 :: How that woman runs on!
96	やる	やる	verb	to do; to undertake; to perform	あなたは計画をやり通さなければならない。 :: You must go through with your plan. || ここで何かやろうとすると必ず論争がある。 :: Nothing is ever done here without dispute.
97	位	くらい	noun	throne; crown; (nobleman's) seat	君の家から公園までどの位離れていますか。 :: How far is it from your house to the park? || 彼女はお兄さんと同じ位の速さで泳げます。 :: She can swim as fast as her brother.
98	次	つぎ	noun	next; following; subsequent	この列車に乗って次の駅で乗り換えなさい。 :: Take this train and change at the next station. || この次に来るときその本を持ってきてくれ。 :: Please bring me the book next time you come.
99	行く	いく	verb	to go; to move (towards); to head (towards)	「なぜ行かないの」「行きたくないからさ」 :: Why aren't you going? "Because I don't want to." || あなたがあえて一人で行きたいならどうぞ。 :: If you insist on going alone, please do so.
100	欲しい	ほしい	i-adjective	wanting (to have); desiring; wishing for	あなたはいくつのりんごが欲しいのですか。 :: How many apples do you want? || その子はおもちゃを欲しがってないていた。 :: She was crying for a toy.
101	すぐ	すぐ	adverb	immediately; at once; right away	あなたが町に来たらすぐに訪ねてください。 :: Please visit as soon as you get into town. || あなたはすぐに宿題をしなければならない。 :: You must do your homework at once.
102	ただ	ただ	adjective	ordinary; common; usual	私はただでコンサートのチケットを貰った。 :: I got these tickets to the concert for free. || これが隣の町へ行くただ１本の道である。 :: This is the only road to the next town.
103	女性	じょせい	noun	woman; female	この地方の若い女性は美しいことで有名だ。 :: The young women of this district are well known for their beauty. || この学校の教師のたった１６％が女性です。 :: Only 16 percent of the teachers of this school are female.
104	東京	とうきょう	noun	Tokyo	あなたはいつ東京から帰ってきたのですか。 :: When did you come back from Tokyo? || ここから東京までどのくらいの距離ですか。 :: How far is it from here to Tokyo?
105	見る	みる	verb	to see; to look; to watch	あそこで気取っている彼女を見てごらんよ。 :: Look at her putting on airs over there. || あなたは今まで鯨を見たことがありますか。 :: Have you ever seen a whale?
106	意味	いみ	noun	meaning; significance; sense	あなたの言ったことはある意味では本当だ。 :: What you said is, in a sense, true. || おっしゃることの意味がよく分かりません。 :: I don't see your point.
107	そこ	そこ	pronoun	there (place relatively near listener)	あなたたちはボートに乗ってそこへ行ける。 :: You can go there in a boat. || そこではネクタイをつける必要があります。 :: You need to wear a tie there.
108	一緒	いっしょ	noun	(doing) together	あのとき彼女と一緒だったらよかったのに。 :: I wish I had been with her then. || そして、その日彼らはイエスと一緒にいた。 :: And spent that day with Him.
109	多く	おおく	noun	many; much; plenty	かなり多くの人々がそのパーティーに来た。 :: Quite a few people came to the party. || この地震で非常に多くの家が被害を受けた。 :: A great many houses were damaged in the earthquake.
110	うち	うち	noun	one's house; one's home; one's family	あなたは、今のうちに家に帰ることですね。 :: You may as well go home now. || あなたはうちのクラスで歓迎されています。 :: You are welcomed in our class.
111	君	きみ	pronoun	you; buddy; pal	あの子が来たとき、君は何をしていたんだ。 :: What were you doing when she came? || あの時君といっしょにいたらよかったのに。 :: I wish I had been with you then.
112	もっと	もっと	adverb	(some) more; even more; longer	あなたにはもっとよい案を提案してほしい。 :: I want you to come up with a better plan. || あなたは横断歩道ではもっと注意すべきだ。 :: You should be more careful at a crosswalk.
113	使用	しよう	noun	use; application; employment	その自動車の使用許可が私に与えられた。 :: I was accorded permission to use the car. || 市内での車の使用を規制する計画がある。 :: There is a plan to restrict the use of cars in the city center.
114	店	みせ	noun	store; shop; establishment	「この店は初めて？」「ええ、初めてです」 :: Is it the first time you've been here? "Yes, it's my first visit." || あのお店ではおいしいリンゴが販売中です。 :: There are some nice apples on sale in that shop.
115	悪い	わるい	i-adjective	bad; poor; undesirable	あの、本当は、ちょっと具合が悪いんです。 :: Well... actually, I'm sick. || あの日帰ったのは体調が悪かったからです。 :: It is because the physical condition was bad that it returned that day.
116	新	しん	noun	newness; novelty	新期にスタートしたテレビ番組だが、あいも変わらず新味がないな。 :: The new season's T.V. programs are as much old hat as ever.
117	結果	けっか	noun	result; consequence; outcome	あらゆる原因は一つ以上の結果をもたらす。 :: Every cause produces more than one effect. || この結果により彼の希望は実現しなかった。 :: This result dashed his hopes.
118	しまう	しまう	verb	to finish; to stop; to end	あなたが行ってしまったら寂しくなります。 :: I'll miss you when you're gone. || あなたは彼が死んでしまったと思いますか。 :: Do you think he is dead?
119	先	さき	noun	point; tip; end	こんな先の丸くなった鉛筆では書けないよ。 :: I can't write with this dull pencil. || その少年は通りの先の方で見えなくなった。 :: The little boy disappeared down the road.
120	写真	しゃしん	noun	photograph; photo; picture	「これらは何ですか」「あなたの写真です」 :: What are these? "They are your pictures." || あなたがパリで撮った写真を見せて下さい。 :: Let me see the pictures you took in Paris.
121	参加	さんか	noun	participation; joining; entry	あなたはその競技に参加するつもりですか。 :: Are you going to take part in the contest? || そのスピーチ大会に参加したほうがいいよ。 :: You should take part in that speech contest.
122	感	かん	noun	feeling; sensation; emotion	今朝目が覚めたとき、空腹感を覚えた。 :: When I awoke this morning, I felt hungry. || 彼は信頼できる人で、責任感が強い。 :: He is a reliable person and has a strong sense of responsibility.
123	物	もの	noun	thing; object; article	ある物をホテルの金庫に預けたいのですが。 :: I'd like to put some things in the hotel safe. || これこそ私が大変長い間探していた物です。 :: This is just what I have been looking for so long.
124	顔	かお	noun	face; visage; looks	あの人は顔は知らないが名前は知っている。 :: I know him by name, but not by sight. || その男はまるで少年のように顔を赤らめた。 :: The man blushed like a boy.
125	お願い	おねがい	noun	request; favour (to ask); wish	あそこのテーブルをお願いしたいのですが。 :: I asked for a table over there. || ご迷惑でなければ、お願いしたいのですが。 :: If it's not too much trouble, I would like some help.
126	やつ	やつ	noun	fellow; guy; chap	彼はなかなかいいやつで、皆に好かれている。 :: He is quite a nice fellow and liked by everyone. || 怠惰でなければ、彼はいいやつなのだが。 :: If it were not for his idleness, he would be a nice fellow.
127	会社	かいしゃ	noun	company; corporation; firm	あなたは会社での地位に満足していますか。 :: Are you content with your position in the company? || その会社は事務所改善の努力をしなかった。 :: The company didn't make any effort to improve its business practices.
128	声	こえ	noun	voice	その忙しいクラスで私の声は通らなかった。 :: I could not make myself heard in the noisy class. || 困ったことに、声がほとんど出ないのです。 :: The trouble is, she's almost lost her voice.
129	最近	さいきん	noun	recently; lately; these days	これがごく最近私の蔵書に加わった本です。 :: This is the latest acquisition to my library. || ところで、最近彼から連絡はありましたか。 :: By the way, have you heard from him lately?
130	用	よう	noun	business; task; errand	彼らは旅行用のお金はたくさんもっていた。 :: They had plenty of money for the tour. || 毎年私は学校用として新しいノートを買う。 :: Every year, I buy new notebooks for school.
131	違う	ちがう	verb	to differ (from); to be different; to be distinct	この点では、私は全くあなたと意見が違う。 :: This is where I absolutely disagree with you. || この町は１０年前とはすっかり様子が違う。 :: This town is quite different from what it was ten years ago.
132	十	じゅう	number	ten; 10	このエレベーターは十人乗ることができる。 :: This elevator is capable of carrying ten persons. || 十中八、九まで彼は彼女と結婚するだろう。 :: Ten to one he will get married to her.
133	少し	すこし	adverb	a little; a bit; a small amount	あなたと少し個人的に話をする必要がある。 :: I would like to have a word with you. || あなたの報告書には少し間違いがあります。 :: There are a few mistakes in your report.
134	時代	じだい	noun	period; epoch; era	この写真を見ると必ず学生時代を思い出す。 :: I cannot look at this photo without being reminded of my school days. || この歌は私に古き良き時代を思い出させる。 :: This song reminds me of the good old days.
135	頭	あたま	noun	head	ケイトはクラスのどの生徒よりも頭が良い。 :: Kate is smarter than any other student in our class is. || 当時私は研究のことで頭がいっぱいだった。 :: My study absorbed me in those days.
136	いつも	いつも	adverb	always; all the time; at all times	あなたに会うと私はいつも幸せになります。 :: Whenever I see you, I feel happy. || あなたの犬はいつも私に向かってほえつく。 :: Your dog always barks at me.
137	お前	おまえ	pronoun	you	お前は一人で泳ぎに行くにはまだ幼すぎる。 :: You are not old enough to go swimming by yourself. || どうしてお前は道理に従おうとしないのか。 :: Why will you not listen to reason?
138	アメリカ	あめりか	noun	(United States of) America; United States; US	あなたは来年アメリカへ行くつもりですか。 :: Will you go to America next year? || かつてアメリカにはたくさんの奴隷がいた。 :: At one time there were many slaves in America.
139	世	よ	noun	world; society; public	妻を亡くして彼は身も世もないほどに悲しんだ。 :: When his wife died he was full of heartrending grief. || そして世はこの方によって造られた。 :: And the world was made through him.
140	子供	こども	noun	child; children	あなたは子供の面倒をみなければならない。 :: You must look after the child. || あの少年は、わざと彼女の子供をたたいた。 :: That boy hit her child on purpose.
141	心	しん	noun	heart; mind; spirit	人々は天才に同情心を持たないことが多い。 :: People often have no sympathy for geniuses. || 彼の性格には同情心がまったく欠けている。 :: Compassion is entirely absent from his character.
142	こちら	こちら	pronoun	this way; this direction	こちらが私の靴で、あちらがあなたのです。 :: These are my shoes and those are yours. || こちらにおいでの際は必ずお寄りください。 :: Be sure to drop in on us if you come our way.
143	アニメ	あにめ	noun	animation; animated film; animated cartoon	そのアニメは外国でも放送されています。 :: The animation is on the air even in other countries. || さてさて、みなさんは舞姫というアニメを知っているでしょうか？ :: Well then, does everybody know the anime called Mai Hime?
144	サイト	さいと	noun	site	私、そのサイトにブックマークをつけてるよ。 :: I have a bookmark on that page. || あなたのサイトは、猫に興味のある人達にとって魅力的です。 :: Your site appeals to people who are interested in cats.
145	名前	なまえ	noun	name	あの人は顔は知らないが名前は知っている。 :: I know him by name, but not by sight. || お名前をお伺いしてもよろしいでしょうか。 :: Might I ask your name?
146	無料	むりょう	adjective	free (of charge); gratuitous	もしも無料でしたら１部コピーしてください。 :: If it is free, please send me a copy. || 私は帝国劇場の無料入場券を２枚持っている。 :: I have two passes to the Imperial Theater.
147	版	はん	noun	edition; version; printing	この本は８版を重ねました。 :: This book has gone through eight editions.
148	神	かみ	noun	god; deity; divinity	彼は神の絵に対して深い尊敬の念を示した。 :: He showed great reverence towards the pictures of the god. || 神の存在を信じる事それ自体は悪ではない。 :: Believing in God is not evil in itself.
149	下	した	noun	below; down; under	小猫がテーブルの下でミルクを飲んでいた。 :: The kitten was drinking milk under the table. || 私たちは太陽が地平線の下に沈むのを見た。 :: We saw the sun sink below the horizon.
150	別	べつ	noun	distinction; difference; discrimination	これは全然別の仕方でしなければならない。 :: This must be done quite otherwise. || 別の男性と結婚しさえすればよかったのに。 :: If only I had married another man.
151	場所	ばしょ	noun	place; location; spot	ここが彼が死んだ場所だと信じられている。 :: This is believed to be the place where he died. || この列の私の場所を取っておいてください。 :: Please keep my place in this line.
152	最後	さいご	noun	end; conclusion	でもたぶん私が最後でしょう、残念ですが。 :: But probably I'll be the last, which is a pity. || 僕が最後に君にあって以来君は出世したね。 :: You've come up in the world since the last time I saw you.
153	部	ぶ	noun	department (in an organization, company, etc.); division; bureau	そのバスに乗れば、市の中心部に行けます。 :: The bus will take you to the center of the city. || 私たちはテニス部を作りたいと思っている。 :: We hope to organize a tennis club.
154	高い	たかい	i-adjective	high; tall	あなたは私たちみんなの中で一番背が高い。 :: You are the tallest of us all. || その上司は自分の秘書を高く評価している。 :: The boss has a high opinion of his secretary.
155	一番	いちばん	noun	number one; first; first place	あなたはこのスーツが一番よく似合うわよ。 :: You look your best in this suit. || あなたはどんなスポーツが一番好きですか。 :: What sport do you like best?
156	大丈夫	だいじょうぶ	na-adjective	safe; secure; sound	あなたのお宅は大丈夫でしたか。心配です。 :: I'm worried whether your house was involved or not. || 交通手段なら彼に任せておけば大丈夫です。 :: I know you can rely on him for transportation.
157	町	まち	noun	town; block; neighbourhood	あなたが町に来たらすぐに訪ねてください。 :: Please visit as soon as you get into town. || あなたは、彼が生まれた町をご存知ですか。 :: Do you remember the town where he was born?
158	言葉	ことば	noun	language; dialect	「性差別」という言葉が今、流行っている。 :: Terms like "sexism" are now in vogue. || こういった言葉使いは彼の人格に合わない。 :: Such language doesn't harmonize with his character.
159	映画	えいが	noun	movie; film; motion picture	その映画はどんな年齢の人にもふさわしい。 :: That movie is suitable for people of all ages. || その映画をみるように勧めたのはあなたよ。 :: It was you that suggested seeing that movie.
160	氏	し	noun	clan	ジョンソン氏の家は私の家の隣にあります。 :: Mr Johnson's house is next to my house. || ジョーンズ氏はよい先生だといわれている。 :: It is said that Mr Jones is a good teacher.
161	点	てん	noun	dot; spot; point	いくつかの点ではあなたと同意見ではない。 :: I'm not at one with you in some respects. || この点では、私は全くあなたと意見が違う。 :: This is where I absolutely disagree with you.
162	社会	しゃかい	noun	society; public; community	この犯罪の社会に与えた影響は大きかった。 :: The influence of this crime on society was great. || 人口の増加は深刻な社会問題を生んでいる。 :: Population growth has given rise to serious social problems.
163	方法	ほうほう	noun	method; way; manner	どんな方法でやっても、結果は同じだろう。 :: However you do it, the result will be the same. || 君の提案することのほかに方法はないのか。 :: Is there no alternative to what you propose?
164	最初	さいしょ	adjective	beginning; outset; first	その走者のうちどちらが最初に来るかしら。 :: I wonder which of the runners will come first. || それが私がその博物館に行った最初だった。 :: It was the first time that I visited the museum.
165	理由	りゆう	noun	reason; grounds; pretext	この事に加えて、ほかにもまだ理由がある。 :: In addition to this, there are other reasons. || 君は欠席の理由をどうやって説明しますか。 :: How do you account for your absence?
166	相手	あいて	noun	companion; partner; company	くつろいで相手を気楽にさせてあげなさい。 :: Be relaxed and put the other person at ease. || 我々は互いに相手を見捨てないと約束した。 :: We made a pact that we wouldn't abandon one another.
167	見栄	みえ	noun	show; display; pretensions	彼は大学を卒業して、いつも見栄を張っていた。 :: He had graduated from the university and was always showing off. || 彼女は見栄を張っているだけだよ。 :: She's just putting up a front.
168	すごい	すごい	i-adjective	terrible; dreadful	ここで造られたぶどう酒はすごく有名です。 :: Wine made here is very famous. || ダンスパーティー、すごくすてきだったわ。 :: We had a lovely time at the dance.
169	とても	とても	adverb	very; awfully; exceedingly	あなたの考えはとても実際的とはいえない。 :: Your ideas are hardly practical. || いったん知り合えば、とても親切な人です。 :: Once you get to know her, she is very friendly.
170	体	からだ	noun	body	あなたは体を大事にしなければいけません。 :: You must take care of yourself. || 人は自分の体に気をつけなければならない。 :: We must be careful of our health.
171	作品	さくひん	noun	work (e.g. book, film, painting, composition); piece; production	この作品は君の前のに比べて進歩している。 :: This work is an improvement on your last. || この絵はピカソの作品だと考えられている。 :: This painting is attributed to Picasso.
172	動画	どうが	noun	video (esp. digital); video clip; clip	この回線の細さじゃ、動画は見られないよ。 :: This connection is too slow for me to watch movies.
173	型	かた	noun	type; style; model	この型のセーターはすべて今在庫切れです。 :: All sweaters of this type are out of stock now. || これは私がなくしたのと同じ型のカメラだ。 :: This is the same type of camera as the one I lost.
174	彼女	かのじょ	pronoun	she; her	「彼女はどういうつもりかしら」と思った。 :: I said to myself, "I wonder what she means." || 「彼女は音楽が好きではない」「そうだね」 :: She likes music, doesn't she? "So she does."
175	ころ	ころ	noun	(approximate) time; around; about	あの子もおもちゃで遊ぶ年は過ぎるころだ。 :: He will soon be past playing with toys. || もう身を固めて落ち着いてもいいころだよ。 :: It's high time you got married and settled down.
176	駅	えき	noun	railway station; train station	お姉さんを駅まで迎えに行かせてください。 :: Please let me pick up your sister at the station. || ここから一番近い地下鉄の駅はどこですか。 :: Where is the nearest subway station?
177	企業	きぎょう	noun	enterprise; business; company	その薬を作っているのは日本の企業である。 :: The manufacturer of the medicine is a Japanese company. || 企業はそのあとをねらって競争しています。 :: Corporations are competing to fill the vacuum.
178	利用	りよう	noun	use; utilization; utilisation	会員はだれでもこれらの施設を利用できる。 :: Any member can make use of these facilities. || 学生はだれでも自由に図書館を利用できる。 :: Every student has free access to the library.
179	存在	そんざい	noun	existence; being; presence	幽霊が存在することを証明するのは難しい。 :: It is difficult to prove that ghosts exist. || 生命は他の惑星に存在しているのだろうか。 :: I wonder if life exists on other planets.
180	曲	きょく	noun	composition; piece of music; song	ビートルズの歌を１曲歌ってくれませんか。 :: Will you sing me a Beatles' song? || 彼女はこの曲をピアノでひくことができる。 :: She can play this tune on the piano.
181	漫画	まんが	noun	cartoon; comic; comic strip	仕事中に漫画の本を読むのはやめること。 :: Stop reading comic books while working. || 私は彼女に読むための漫画の本をあげた。 :: I gave her a comic book to read.
182	無理	むり	na-adjective	unreasonable; unnatural; unjustifiable	その出来事を考えまいとしても無理だった。 :: It was impossible for me not to think of incident. || もし無理な場合は注文をキャンセルします。 :: Otherwise we will have to cancel this order.
183	現在	げんざい	noun	the present; present time; now	その計画は現在では全く変更の余地がない。 :: The program does not allow for changes at this point in time. || 彼らは５月１日現在でその結果を発表した。 :: They announced the results as of May 1.
184	わかる	わかる	verb	to understand; to comprehend; to grasp	あした何が起こるかわかったものではない。 :: There is no telling what will happen tomorrow. || うわさは全くのうそであることがわかった。 :: The rumor proved to be an absolute lie.
185	水	みず	noun	water (esp. cool or cold)	お茶が濃すぎるので水を少し加えて下さい。 :: The tea is too strong. Add some water. || この前の夏にこの池は水がなくなりました。 :: The pond dried up last summer.
186	事件	じけん	noun	event; affair; incident	このようにしてその事件は起こったのです。 :: This is how the accident happened. || 弁護士たちはその事件を何時間も弁論した。 :: The lawyers argued the case for hours.
187	普通	ふつう	adjective	normal; ordinary; regular	あなた方ばかりでなく彼らも普通の人々だ。 :: They, as well as you, are ordinary people. || 日本ではお辞儀をするのが普通の礼儀です。 :: In Japan, bowing is common courtesy.
188	番	ばん	noun	number (in a series)	どこで７番のバスに乗ればよいのですか。 :: Where do I get on the number 7 bus? || ニューヨークの５番街で買い物をしてみたい。 :: I'd like to do shopping on Fifth Avenue in New York.
189	通り	とおり	noun	street; road; avenue	あなたは言われた通りにしさえすればいい。 :: You have only to do as you were told. || ことわざにある通り、時はまさに金である。 :: As the proverb goes, time really is money.
190	女子	じょし	noun	woman; girl	私たちの学校は男子より女子の方が多いよ。 :: There are more girls than boys in our school. || このクラブの部員の４分の３は女子です。 :: Three quarters of the members of this club are girls.
191	学校	がっこう	noun	school	あなたは歩いて学校へ通っているのですか。 :: Do you go to school on foot? || あの学校では新しい英語教授法を採用した。 :: They adopted a new method of teaching English in that school.
192	最高	さいこう	adjective	best; supreme; wonderful	これは今年出版された断然最高の小説です。 :: This is by far the best novel that has been published this year. || トム、君にもう一度会えるなんて最高だよ。 :: How nice to see you again, Tom.
193	状態	じょうたい	noun	state; condition; situation	よく眠った後で体調は最もよい状態だった。 :: I was at my best after a good sleep. || 健康状態を医者に診てもらったほうがいい。 :: You should have a doctor examine your condition.
194	画像	がぞう	noun	image; picture; portrait	画像をクリックすると次ページへ移ります！ :: Click the picture to go to the next page! || この画像、解像度が低すぎてすごく汚い。 :: The image quality is really bad - the resolution is so low.
195	発売	はつばい	noun	sale; offering for sale; putting on sale	あなたの本はいつ発売されるのですか。 :: When is your book coming out? || 先月、僕の叔父の会社が新製品を発売しました。 :: My uncle's company launched a new product last month.
196	簡単	かんたん	na-adjective	simple; easy; uncomplicated	この上着は洗濯が簡単だという長所がある。 :: This jacket has the virtue of being easy to wash. || この子は複雑な数学の問題を簡単に解いた。 :: This child solved the complicated mathematics problem easily.
197	絶対	ぜったい	adverb	absolutely; definitely; unconditionally	あなたの援助は私たちにとって絶対必要だ。 :: Your assistance is indispensable for us. || こんなふうに扱われるのは絶対にいやです。 :: I have a strong objection to being treated like this.
198	まあ	まあ	adverb	just (e.g. "just wait here"); come now; now, now	彼女はまあ正直だが本当に信用できますか。 :: She's honest enough, but can you really trust her? || 「研究はどうですか」「まあまあです」 :: How's your research coming along? "Not so bad."
199	中国	ちゅうごく	noun	China	あなたはこの秋中国を訪れるつもりですか。 :: Are you going to pay a visit to China this fall? || スミスさんは、中国史を勉強していました。 :: Mr Smith studied Chinese history.
200	そば	そば	noun	(place) near by; (place) close by; (place) right next to	ドアのそばの立っている少年は私の弟です。 :: The boy standing by the door is my brother. || 彼らは昨日彼女の家のそばを通りかかった。 :: They passed by her house yesterday.
201	先生	せんせい	noun	teacher; instructor; master	あなたが先生だということを知っています。 :: I know that you are a teacher. || うちの先生はいつも時間通りに授業に来る。 :: Our teacher is always on time for class.
202	気持ち	きもち	noun	feeling; sensation; mood	その贈り物は私の気持ちをよく表している。 :: The gift is expressive of my feelings. || 彼の優しい言葉で彼女の気持ちが和らいだ。 :: She melted at his kind words.
203	確認	かくにん	noun	confirmation; verification; validation	３月１０日までに予約を再確認して下さい。 :: Please reconfirm the reservation by March 10. || 「もう一度ご確認ください」「分かりました」 :: Please check again. "Certainly."
204	開催	かいさい	noun	holding (a conference, exhibition, etc.); opening; hosting (e.g. the Olympics)	そのコンサートは来年の夏に開催される。 :: The concert will take place next summer. || 委員会は、次の金曜日に、開催されます。 :: The committee will meet next Friday.
205	まま	まま	noun	as (it is); remaining (in a state); keeping (the same)	いくつかのりんごは木になったまま腐った。 :: Some apples rotted on the tree. || このままいくと１２０歳まで生きそうだよ。 :: If you keep on like this, you'll probably live to reach 120!
206	今回	こんかい	noun	this time; now	今回だけは彼も本当のことを言ったようだ。 :: This time it seems as if he is telling the truth. || 私は今回は自分の思い通りにするつもりだ。 :: I'm going to get my own way this time.
207	全部	ぜんぶ	noun	all; entire; whole	あなたが使った金額は全部でいくらですか。 :: What is the total amount of money you spent? || ここの木を全部切り倒すつもりなのですか。 :: Are you going to cut down all the trees here?
208	夜	よる	noun	night; evening	あの寒い夜に風邪を引いたのかもしれない。 :: I may have caught cold on that cold night. || その泥棒は夜更かしすることに慣れている。 :: The burglar is used to staying up late.
209	テレビ	てれび	noun	television; TV	このテレビ番組がいま人気を集めています。 :: This TV show is catching on now. || これ以上テレビの音を大きくしないでくれ。 :: Don't turn up the volume of TV anymore.
210	個人	こじん	noun	individual; private person; personal	あなたと少し個人的に話をする必要がある。 :: I would like to have a word with you. || 個人は地域社会の基本的な構成要素である。 :: The individual is the fundamental element of a community.
211	機	き	noun	chance; opportunity	この自動販売機に５００円硬貨は使えない。 :: This vending machine won't accept 500 yen coins. || まだそのためには機が熟していないと思う。 :: I'm afraid the time is not yet ripe for it.
212	法	ほう	noun	law; act; principle	あの学校では新しい英語教授法を採用した。 :: They adopted a new method of teaching English in that school. || 彼の提案した解決法は問題にならなかった。 :: The solution he proposed was completely out of the question.
213	結婚	けっこん	noun	marriage	あなたが彼らの結婚を知らないとは驚いた。 :: I am surprised that you should not know of their marriage. || あなたもそろそろ結婚してもいい頃ですよ。 :: It is about time you married.
214	ずっと	ずっと	adverb	continuously; the whole time; all the way	お父さんは今朝からずっと車を洗っている。 :: My father has been washing his car since this morning. || この慣習は、ずっと前から廃止されている。 :: This practice has long since been done away with.
215	一つ	ひとつ	number	one	あらゆる原因は一つ以上の結果をもたらす。 :: Every cause produces more than one effect. || そのことで私の取るべき道は一つしかない。 :: You leave me no choice in the matter.
216	初めて	はじめて	adverb	for the first time	「この店は初めて？」「ええ、初めてです」 :: Is it the first time you've been here? "Yes, it's my first visit." || これは私が初めて味わった日本料理だった。 :: This was the first Japanese food I had ever tasted.
217	友達	ともだち	noun	friend; companion	それをほかの友達たちにも回してください。 :: Please pass it to the other friends. || よい友達を得たいと思わない者はいません。 :: There is no one who doesn't want to have good friends.
218	場	ば	noun	place; spot; space	たまたま彼らはその場に居合わせなかった。 :: It so happened that they were not there. || 彼の演説はその場にふさわしいものだった。 :: His speech was suitable for the occasion.
219	生活	せいかつ	noun	life; living	あなたの学生生活も間もなく終わりになる。 :: Your college years will soon come to an end. || きつい生活が彼の健康にこたえてきている。 :: His hard life is telling on his health.
220	色	いろ	noun	colour; color; hue	すてきな色ですな。何というビールですか。 :: That's a gorgeous color. What kind of beer is that? || ナンシーはヘレンよりほんの少し色が黒い。 :: Nancy is a shade darker than Helen is.
221	かなり	かなり	adverb	considerably; fairly; quite	うちのチームが勝つ見込みはかなり大きい。 :: The chances are very good that our team will win. || かなり多くの人々がそのパーティーに来た。 :: Quite a few people came to the party.
222	どんな	どんな	adjective	what kind of; what sort of; what	あなたのお父さんはどんな仕事をしてるの？ :: What does your father do? || あなたはそれからどんな結論を下しますか。 :: What do you conclude from that?
223	人気	にんき	noun	popularity; public favor	あのフォーク歌手は大衆に大変人気がある。 :: That folk singer is very popular with people in general. || かつてはその歌はとても人気がありました。 :: At one time the song was very popular.
224	公開	こうかい	noun	opening to the public; making available to the public; exhibiting	この公園はすべての人に公開されている。 :: The park is open to everybody. || この建築物は一般に公開されていますか。 :: Is this building open to the public?
225	区	く	noun	ward; borough; city (in Tokyo)	彼はチェスター区選出の議員に当選した。 :: He got in for Chester. || 英国の南東区は人口密度が高い。 :: The South East region of England is densely populated.
226	新しい	あたらしい	i-adjective	new; novel; fresh	あなたに新しいワープロを買ってあげよう。 :: I will buy you a new word processor. || あの学校では新しい英語教授法を採用した。 :: They adopted a new method of teaching English in that school.
227	理解	りかい	noun	understanding; comprehension; appreciation	お互いに理解しあうことは大切なことです。 :: To understand each other is important. || この本は私が理解できない程度の難しさだ。 :: This book is too difficult for me to understand.
228	さらに	さらに	adverb	furthermore; again; after all	さらに悪いことに、彼の母が病気になった。 :: To make matters worse, his mother became ill. || さらに悪いことに、激しく雷が鳴り始めた。 :: To make matters worse, it began to thunder fiercely.
229	なぜ	なぜ	adverb	why; how; for what reason	「なぜ行かないの」「行きたくないからさ」 :: Why aren't you going? "Because I don't want to." || あのおいしいワインをなぜ飲まないんだい。 :: Why not try that delicious wine?
230	すべて	すべて	noun	everything; all; the whole	お金がすべてではないのは言うまでもない。 :: It goes without saying that money is not everything. || ここでは、すべてに保険がかかっています。 :: The insurance covers everything here.
231	内容	ないよう	noun	contents; content; substance	彼の言ったことにはあまり内容がなかった。 :: There wasn't much in what he said. || この内容を６０語の英文で要約しなさい。 :: Summarize the contents in 60 English words.
232	大阪	おおさか	noun	Osaka (city, prefecture)	その汽車は１０時までに大阪に着くはずだ。 :: The train should reach Osaka by ten. || 彼は大阪に行き、そこでホテルに泊まった。 :: He went to Osaka, where he put up at a hotel.
233	嬢	じょう	noun	unmarried woman	彼はブラウン嬢との婚約を発表した。 :: He announced his engagement to Miss Brown. || 田中嬢は長年アメリカにいたので英語を話すのが非常にうまい。 :: Having been in America for many years, Miss Tanaka is a very good speaker of English.
234	対応	たいおう	noun	correspondence (to); equivalence	私に対応してくれる店員が見当たらなかった。 :: I couldn't find a clerk to wait on me. || 君はさまざまな状況に対応しなければならない。 :: You must adapt to a variety of conditions.
235	放送	ほうそう	noun	broadcasting; broadcast; program	彼は現代美術についての面白い放送をした。 :: He gave an interesting broadcast about modern art. || ラジオがこのニュースを詳しく放送した。 :: The radio broadcast the news in detail.
236	活動	かつどう	noun	activity (of a person, organization, animal, volcano, etc.); action; operation	彼女はボランティア活動をする決心をした。 :: She resolved to work as a volunteer. || 政治における宣伝活動の重要性を認識する。 :: Appreciate the importance of propaganda in politics.
237	状況	じょうきょう	noun	state of affairs; situation; conditions	いかなる状況でも部屋を離れてはならない。 :: Under no circumstances must you leave the room. || こう言う状況ではうまく言葉がでなかった。 :: It was a poor choice of words under the circumstances.
238	登場	とうじょう	noun	entrance (on the stage); appearance (in a book, film, etc.)	次の歌手が登場したとき、雨が降り出した。 :: When the next singer came on, it began to rain. || 彼は時の人として今日の新聞に登場した。 :: He has appeared as the man of the day in today's paper.
239	販売	はんばい	noun	sale; sales; selling	あのお店ではおいしいリンゴが販売中です。 :: There are some nice apples on sale in that shop. || この自動販売機に５００円硬貨は使えない。 :: This vending machine won't accept 500 yen coins.
240	音	おと	noun	sound; noise	あのひどい音を聞くと気が狂いそうになる。 :: That terrible noise is driving me mad. || これ以上テレビの音を大きくしないでくれ。 :: Don't turn up the volume of TV anymore.
241	ネット	ねっと	noun	network	いま聞こえたんですが、ネット犯罪を扱う警察官の方だとか？ :: I couldn't help overhearing, but you're police officers who handle cyber-crime or some such? || ネット上の不確実な情報を鵜呑みにしてはならない。 :: You mustn't swallow unreliable information that's on the Web.
242	全	ぜん	noun	complete (set); in total	どーすんの、このお店！完ッ全に閑古鳥が鳴いちゃってるじゃない。 :: What happened to this place?! It's completely dead!
243	出る	でる	verb	to leave; to exit; to go out	いいですか、私は１３歳で学校を出ました。 :: You see, I left school when I was thirteen. || しつこいせきが出て、なかなか治りません。 :: I have a persistent cough.
244	夢	ゆめ	noun	dream	それで彼らは夢を見ることができなかった。 :: So they were not able to dream. || まるで夢を見ているかのような気分だった。 :: I felt as if I were dreaming.
245	大変	たいへん	adverb	very; greatly; terribly	あのフォーク歌手は大衆に大変人気がある。 :: That folk singer is very popular with people in general. || この種の仕事は大変な忍耐力を必要とする。 :: This sort of work calls for great patience.
246	完全	かんぜん	na-adjective	perfect; complete	どちらを選ぼうが、それは完全に君次第だ。 :: It's entirely up to you which one you choose. || 完全な宗教の自由が万人に保証されている。 :: Full religious freedom is assured to all people.
247	技術	ぎじゅつ	noun	technology; engineering	戦後日本は科学技術の面で大いに進歩した。 :: Since the war, Japan has advanced greatly in science and technology. || 特別な技術を持つ人は簡単に職を得られる。 :: Persons with special skills can easily get jobs.
248	特に	とくに	adverb	particularly; especially; in particular	これは特に若者向けにデザインされている。 :: This is designed especially for young people. || その会は特に出席がよいわけではなかった。 :: The meeting was not particularly well attended.
249	研究	けんきゅう	noun	research; study; investigation	この参考書は私の研究にとって重要である。 :: This reference is valuable for my research. || 当時私は研究のことで頭がいっぱいだった。 :: My study absorbed me in those days.
250	説明	せつめい	noun	explanation; exposition; description	あなたが説明する必要は無いと思いますよ。 :: I don't think there is any need for you to explain. || この事を詳細に説明する時間がありません。 :: I have no time to explain this in detail.
251	せい	せい	noun	consequence; outcome; result	その配達の遅れは交通渋滞のせいと考えた。 :: I attributed the delay in delivery to a traffic jam. || なぜそれが起きたのを僕のせいにするんだ。 :: Why do you blame me for what happened?
252	そういう	そういう	adjective	such; like that; that sort of	そういうわけで、彼はその大学に入学した。 :: That was why he entered the university. || そういうわけで、彼は海外留学しなかった。 :: That's why he did not go overseas to study.
253	式	しき	noun	way; style; fashion	生徒会は卒業式の計画について話し合った。 :: The student council discussed plans for the graduation. || 現在の首相はその式に出席してはいなかった。 :: The present prime minister was not present at the ceremony.
254	発表	はっぴょう	noun	announcement; publication; presenting	その情報は発表するより先に新聞に漏れた。 :: The information was given away to the newspaper prior to the announcement. || 大統領は明日、声明を発表する予定である。 :: The President is to make a statement tomorrow.
255	道	みち	noun	road; path; street	すみませんが、駅へ行く道を教えて下さい。 :: Excuse me, but will you show me the way to the station? || そのことで私の取るべき道は一つしかない。 :: You leave me no choice in the matter.
256	振り	ふり	noun	swing; shake; sweep	その司祭は人前では真面目な振りをする。 :: The priest pretends to be solemn in public. || トムはその答えが分からない振りをした。 :: Tom pretended not to know the answer.
257	お金	おかね	noun	money	あなたはお金をいくらか持っていませんか。 :: Do you have any money? || お金がすべてではないのは言うまでもない。 :: It goes without saying that money is not everything.
258	たくさん	たくさん	adjective	a lot; lots; plenty	かつてアメリカにはたくさんの奴隷がいた。 :: At one time there were many slaves in America. || この店はたくさんのかばんをそろえている。 :: There is a large choice of bags in this shop.
259	もちろん	もちろん	adverb	of course; certainly; naturally	もちろん、欲しければとってもいいですよ。 :: Of course you can take it if you want. || もちろん君は参加するものと思っていたよ。 :: I took it for granted that you would join.
260	イベント	いべんと	noun	event	同様に振る舞う他のイベントでも結構です。 :: Another event that has the same behaviour would also be fine. || 大きなイベントがない限り、私はお酒を飲まない。 :: I never drink unless there's a big event of some kind.
261	システム	しすてむ	noun	system	そのシステムは現在とてもうまく動いている。 :: The system is working very well now. || このシステムには明らかな欠陥がある。 :: This system has obvious defects.
262	一般	いっぱん	adjective	general; universal	一般には、彼は音楽の天才だと言ってよい。 :: In general, it may be said that he is a genius in music. || 一般的に言うと、日本の人々は勤勉である。 :: Generally speaking, the Japanese people are diligent.
263	件	けん	noun	matter; affair; case	この件に関して何か言うことはありますか。 :: Do you have anything to say with regard to this matter? || その件についてこれ以上話しても無駄です。 :: It is useless to discuss the matter any further.
264	攻撃	こうげき	noun	attack; assault; raid	私たちは彼を攻撃する気持ちはありません。 :: We have no notion of attacking him. || 敵はその建物に対して激しい攻撃をした。 :: The enemy made a strong attack on that building.
265	無	む	noun	nothing; naught; nought	彼は昇進の機会を無にした。 :: He threw away his chance of promotion. || ようするに私たちの努力はすべて無に帰した。 :: In short, all our efforts resulted in nothing.
266	自身	じしん	noun	(one's) self; oneself; yourself	あなたは自分自身の計画を実行すべきです。 :: You should carry out your own plan. || あなたは自分自身をしらなければならない。 :: You must know yourself.
267	部分	ぶぶん	noun	portion; section; part	われわれの世界は宇宙の小部分にすぎない。 :: Our world is only a small part of the universe. || １８世紀の流行は胸の部分を強調していた。 :: Fashion in the eighteenth century emphasized the bosom.
268	電話	でんわ	noun	telephone call; phone call	あなたが落ち着いたら電話をしてください。 :: Please phone me when you have settled down. || あなたのかけた電話番号は間違っています。 :: You have the wrong number.
269	ちゃんと	ちゃんと	adverb	diligently; seriously; earnestly	うちにはちゃんとした暖房施設があります。 :: We have a good heating system. || この店ではちゃんとした身なりをしなさい。 :: You are expected to dress well for this shop.
270	ニュース	にゅーす	noun	news	あなたはもうそのニュースを聞きましたか。 :: Have you heard the news yet? || このニュースは直接聞いたから間違いない。 :: You can believe me, because I heard this news first hand.
271	予定	よてい	noun	plans; arrangement; schedule	君が買う予定をしている車はいくらですか。 :: How much is the car you are planning to buy? || 大統領は明日、声明を発表する予定である。 :: The President is to make a statement tomorrow.
272	全員	ぜんいん	noun	all members; all hands; everyone	その学生たちは全員英語を勉強しています。 :: All the students study English. || その少女は、クラスメート全員に笑われた。 :: The girl was laughed at by all her classmates.
273	口	くち	noun	mouth	これはあなたの口に合わないかもしれない。 :: This may not suit your taste. || その少年は大人のような口の利き方をする。 :: The boy talks as if he were a man.
274	愛	あい	noun	love; affection; care	愛と幸せに満ちた家庭にしたいと思います。 :: We hope we will make our home full of love and happiness. || 私は彼女の他の人々に対する愛に感動した。 :: I was moved by her love for other people.
275	戦争	せんそう	noun	war	その戦争は多くの命を犠牲にして終わった。 :: The war was over at the price of many lives. || 当時英国は戦争の準備ができていなかった。 :: Britain was not geared up for war then.
276	明日	あした	noun	tomorrow	あいつめ明日こそ痛い目にあわせてくれる。 :: I'll take my revenge on him at all costs tomorrow. || このパズルは明日までに仕上がるでしょう。 :: This puzzle will be completed by tomorrow.
277	登録	とうろく	noun	registration; accession; register	必ず本人が登録用紙に記入して下さい。 :: Be sure to fill out the registration form in person. || 今登録されれば、１年間無料です。 :: Join now and pay nothing for a whole year.
278	確か	たしか	na-adjective	sure; certain; positive	お年寄りに席を譲ることは確かに親切です。 :: To offer your seat to the old that is a kindness indeed. || ジムがその日、家にいたことは確かである。 :: It is certain that Jim stayed at home that day.
279	紹介	しょうかい	noun	introduction; presentation; referral	さて、私の両親をあなたたちに紹介します。 :: Now I'll introduce my parents to you. || どなたかご紹介いただけませんでしょうか。 :: I wonder if you would kindly introduce us to someone.
280	花	はな	noun	flower; blossom; bloom	その花にカメラの焦点を合わせてください。 :: Focus your camera on the flower. || 私に美しい花をくれた少女は君の妹でした。 :: The girl who gave me beautiful flowers was your sister.
281	いつ	いつ	pronoun	when; at what time; how soon	いつでも私のところへ来ればいいんだもの。 :: You'll always have a roof over your head. || いつの日か役に立つような本を読みなさい。 :: Read such books as will be useful some day.
282	号	ごう	noun	number; edition; make	あなたの定期購読予約は六月号で切れます。 :: Your subscription expires with the June issue. || その雑誌の最新号は来週月曜日にでます。 :: The latest issue of the magazine will come out next Monday.
283	機能	きのう	noun	function; facility; faculty	彼らは脳の機能について研究している。 :: They study about the function of the brain. || ブレーキの機能は車を止めることだ。 :: The function of the brake is to stop the car.
284	計画	けいかく	noun	plan; project; schedule	あなたの計画は実際的だという長所がある。 :: Your plan has the virtue of being practical. || あなたは自分自身の計画を実行すべきです。 :: You should carry out your own plan.
285	設定	せってい	noun	establishment; creation; posing (a problem)	その庭園は日本式に設定されている。 :: The garden is laid out in the Japanese style. || 交渉の場を設定せねばならない。 :: We have to set the scene for negotiations.
286	調査	ちょうさ	noun	investigation; examination; inquiry	彼は事件を最初から再調査しようと思った。 :: He intended to reexamine the case from the beginning. || 物価を調査するために委員会が設立された。 :: A committee was constituted to investigate prices.
287	重要	じゅうよう	na-adjective	important; essential; significant	あなたは重要な手がかりを見落としている。 :: You have missed an important clue. || この参考書は私の研究にとって重要である。 :: This reference is valuable for my research.
288	かわいい	かわいい	i-adjective	cute; adorable; charming	彼は僕にかわいい女の子を紹介してくれた。 :: He introduced me to a pretty girl. || すぐ近くにかわいい子がいるのを知った。 :: I found at my elbow a pretty girl.
289	チーム	ちーむ	noun	team	うちのチームが勝つ見込みはかなり大きい。 :: The chances are very good that our team will win. || このチームはよいコーチに指導されている。 :: This team is trained by a good coach.
290	人生	じんせい	noun	(one's) life	あなたが自分の人生を考えることは必要だ。 :: It is necessary for you to think about your life. || あなたに私の人生の歴史を話してあげよう。 :: I will tell you the history of my life.
291	使う	つかう	verb	to use (a tool, method, etc.); to make use of; to put to use	あなたが使った金額は全部でいくらですか。 :: What is the total amount of money you spent? || いすの代わりにこの木箱を使ってください。 :: Please use this wooden box in place of a chair.
292	員	いん	noun	member	その農場主は新しい５人の従業員を雇った。 :: The farmer employed five new workers. || そんな審判員はやめてしまったほうがよい。 :: Such a judge may as well retire from his job.
293	形	かたち	noun	(physical) form; shape; figure	これらの靴は大きさは違うが形は違わない。 :: These shoes vary in size, but not in shape. || 彼は自分の気持ちを絵という形で表現した。 :: He expressed his feelings in the form of a painting.
294	昔	むかし	noun	the old days; the past; former times	あなたは昔私をこんなふうに扱わなかった。 :: You never used to treat me like this. || その伝説は昔からこの地方に伝わっている。 :: The legend has come down in this district from olden times.
295	朝	あさ	noun	morning	あしたの朝は寝過ごさないようにしなさい。 :: Do not oversleep tomorrow morning. || ある朝目がさめたら私は有名になっていた。 :: I awoke one morning to find myself famous.
296	来る	くる	verb	to come (spatially or temporally); to approach; to arrive	あなたがいっしょに来られないと残念です。 :: It is a pity that you can't join us. || あなたが町に来たらすぐに訪ねてください。 :: Please visit as soon as you get into town.
297	目的	もくてき	noun	purpose; goal; aim	余暇は目的のための手段と考えられている。 :: Leisure has been viewed as a means to an end. || 各目的地までの往復料金は下記の通りです。 :: Round-trip fares to each destination are as follows.
298	自由	じゆう	noun	freedom; liberty	あなたは誰とでも自由に話すことができる。 :: You are free to talk with anyone. || どうぞ、食べ物をご自由にお取りください。 :: Please help yourself.
299	記事	きじ	noun	article; news story; report	日本に関する記事で一番気に入った記事です。 :: It's my favourite among articles on Japan. || 記事の長さは１０００語を超えてはならない。 :: The length of the article is not to exceed 1000 words.
300	開始	かいし	noun	start; commencement; beginning	パーティーの開始に間に合うでしょうか。 :: Will we be in time for the beginning of the party? || 天候のためレースの開始は遅れるだろう。 :: The weather will delay the start of the race.
301	開発	かいはつ	noun	development; cultivation; application	都市再開発計画は現在着実に進行している。 :: The urban-renewal project is now well under way. || 新しいエネルギーを開発しなくてはならない。 :: We need to develop a new kind of energy.
302	際	さい	noun	occasion; time; circumstances	こちらにおいでの際は必ずお寄りください。 :: Be sure to drop in on us if you come our way. || こちらに立ち寄った際には電話をかけてね。 :: If you're ever in the area, give me a call.
303	うん	うん	interjection	yes; yeah; uh huh	「一杯飲もうよ、ね」「うん、そうしよう」 :: Let's have a drink, shall we? "Yes, let's." || うん。みんなが彼の描く絵をほめているね。 :: Yes. Everyone admires the pictures painted by him.
304	地	ち	noun	earth; ground; land	各目的地までの往復料金は下記の通りです。 :: Round-trip fares to each destination are as follows. || 彼女はあきらめてその地に住むことにした。 :: She reconciled herself to living there.
305	家族	かぞく	noun	family	あなたの給料は家族を養うのに十分ですか。 :: Is your salary adequate to support your family? || うちの家族はみんな野球が大好きであった。 :: All my family were just crazy about baseball.
306	影響	えいきょう	noun	influence; effect; impact	この世で太陽の影響を受けないものはない。 :: There is nothing on earth that is not affected by the sun. || この犯罪の社会に与えた影響は大きかった。 :: The influence of this crime on society was great.
307	政府	せいふ	noun	government; administration; ministry	政府が住民に問う一般投票を実施しました。 :: The government put the question to the people in a referendum. || 政府はその計画を来年実施する予定である。 :: The government is scheduled to put the plan into practice next year.
308	男性	だんせい	noun	man; male	その男性はホテルにチェックインしている。 :: The man is checking in at a hotel. || たいていの国では女性は男性より長生きだ。 :: Women live longer than men in most countries.
309	部屋	へや	noun	room; chamber	いかなる状況でも部屋を離れてはならない。 :: Under no circumstances must you leave the room. || こんな騒がしい部屋では話が続けられない。 :: We can not carry on conversation in such a noisy room.
310	限定	げんてい	noun	limit; restriction	今話し合っている問題だけに発言を限定して下さい。 :: Confine your remarks to the matter we are discussing. || 新しいお客様に限った期間限定奉仕です。 :: This is a limited time offer to new customers only.
311	韓国	かんこく	noun	South Korea; Republic of Korea	私の父は来週、韓国を訪問する予定だ。 :: My father is to visit Korea next week. || 私は辛いので韓国料理が好きです。 :: I love Korean food because of the hot spices.
312	地域	ちいき	noun	area; region; district	これらの地域の人々は年々飢えてきている。 :: People in these areas are growing hungrier each year. || その地域は風景と野生動物で注目に値する。 :: The area is notable for its scenery and wildlife.
313	基本	きほん	noun	basics; fundamentals; basis	人間は基本的には善良だと私は信じている。 :: I believe people are basically good. || 個人は地域社会の基本的な構成要素である。 :: The individual is the fundamental element of a community.
314	夏	なつ	noun	summer	あの鳥たちは夏に巣を作り、冬に南へ渡る。 :: Those birds build their nests in the summer and fly to the south in the winter. || この前の夏にこの池は水がなくなりました。 :: The pond dried up last summer.
315	姿	すがた	noun	figure; form; shape	あなたも自分の姿を見つめてみてください。 :: Try staring at yourself. || ビルはそのパーティーへ姿を現さなかった。 :: Bill didn't turn up at the party.
316	期間	きかん	noun	period; term; interval	治るのにどのくらいの期間がかかりますか。 :: How long will it take to get well? || ここでは暑い天気の続く期間はごく短い。 :: The period of hot weather is very short here.
317	注意	ちゅうい	noun	attention; notice; heed	あなたは横断歩道ではもっと注意すべきだ。 :: You should be more careful at a crosswalk. || そのビンを落とさないように注意しなさい。 :: Take care not to drop the bottle.
318	率	りつ	noun	rate; ratio; proportion	私たちは割引率についての意見が一致した。 :: We have agreed on the rate of discount. || ここ数年、出生率は低下し続けるだろう。 :: The birthrate will continue to decline for years to come.
319	管理	かんり	noun	control; management (e.g. of a business)	支配人が不在の時は彼女が業務を管理する。 :: She handles the business when the manager is away. || 貴社の品質管理のやり方には感心しました。 :: I'm very impressed with your quality control.
320	英語	えいご	noun	English (language)	あなたが英語を話すことは難しいでしょう。 :: It will be hard for you to speak English. || あなたは何と上手に英語を話すのでしょう。 :: What a good speaker of English you are!
321	だから	だから	conjunction	so; therefore; accordingly	だから、だれも、私にはかまいませんでした。 :: So nobody bothered about me. || ビルは勉強が足りなかった。だから失敗した。 :: Bill didn't work hard enough and so he failed.
322	カード	かーど	noun	card (information, filing, etc.)	あなたの引いたカードは赤のマークですね。 :: The card you drew was a red, wasn't it? || 入国カードの記入の仕方を教えてください。 :: Please tell me how to fill out the disembarkation card.
323	大学	だいがく	noun	university; college	こういうわけで、彼はその大学に入学した。 :: This was why he entered the university. || わずか４０％の生徒しか大学に進学しない。 :: Only 40 percent of students go on to university.
324	室	しつ	noun	room	そのみすぼらしい車室は空いたままだった。 :: The shabby compartment remained vacant. || パパは、テレビを地下室に持ってきたの。 :: He brought our TV set down to the cellar.
325	強い	つよい	i-adjective	strong; potent; competent	医者は、彼が寝ているようにと強く言った。 :: The doctor insisted that he stay in bed. || 外に出ると強い日差しにカッと照らされた。 :: I stepped outside and was bathed in the harsh, direct sunlight.
326	撮影	さつえい	noun	photography (still or motion); photographing; filming	彼等は実際の砂漠で映画を撮影した。 :: They shot the film in an actual desert. || この写真は彼によって撮影された。 :: This picture was taken by him.
327	質問	しつもん	noun	question; inquiry; enquiry	あなたに１つ質問しても、よろしいですか。 :: May I ask you a question? || その子供は彼にうるさく質問して困らせた。 :: The child bothered him with questions.
328	丈	たけ	noun	height; stature	丈を少し詰めていただけますか。 :: Could you make it a little shorter for me? || 丈の長い黒いコートを着た、あの長身の男だった。 :: It was the tall man in the long, black coat.
329	以前	いぜん	noun	the past; before; previously	あなたに以前会ったことがあるように思う。 :: I fancy we've met before. || その習慣はずっと以前にすたれてしまった。 :: That custom has long been done away with.
330	安全	あんぜん	noun	safety; security	そのお金は安全な所にしまっておきなさい。 :: Keep the money in a safe place. || 両親は自分の子供たちの安全に責任がある。 :: Parents are responsible for the safety of their children.
331	決定	けってい	noun	decision; determination	われわれの休暇の計画はまだ未決定である。 :: Our plans for the vacation are still up in the air. || 彼はその決定について慎重さが欠けていた。 :: He was incautious in regard to the decision.
332	王	おう	noun	king; ruler; sovereign	彼はどこから見ても申し分のない王でした。 :: He was every inch a king. || 彼らは王が死んだのを秘密にしておいた。 :: They kept it to themselves that the king was dead.
333	見える	みえる	verb	to be seen; to be visible; to be in sight	あそこに大きな白いビルが見えるでしょう。 :: Can you see the big white building over there? || かつてはここからあの教会が見えたものだ。 :: You used to be able to see the church from here.
334	記念	きねん	noun	commemoration; celebration; remembrance	この記念碑は１９８５年の２月に建てられた。 :: This monument was erected in February, 1985. || この道を行けば記念碑の所へ行けますよ。 :: This road will lead you to the monument.
335	足	あし	noun	foot; paw; arm (of an octopus, squid, etc.)	彼の靴はとても古いので足の先が出ていた。 :: His shoes were so old that his toes were sticking out of them. || 彼女は道路を横断するとき、足を滑らせた。 :: She slipped crossing the road.
336	軍	ぐん	noun	army; armed forces; troops	戦闘はローマ軍の大勝利に終わった。 :: The battle ended in a triumph for the Romans. || 明日我々は敵軍に出くわすだろう。 :: Tomorrow we will encounter the enemy.
337	連絡	れんらく	noun	contacting; (making) contact; getting in touch	あなたがこられるかどうか連絡して下さい。 :: Let us know whether you can come. || ここへお電話くだされば、連絡がとれます。 :: You can reach me at this number.
338	シリーズ	しりーず	noun	series	アトランタ・ブレーブスは、ワールドシリーズで優勝できると思いますか。 :: Do you think the Braves will take the series?
339	ライブ	らいぶ	noun	live (broadcasting, music, etc.)	ガガ様のライブ一緒に行ける方いませんか？ :: Can anybody come with me to a Lady Gaga concert? || このクラブはライブバンドですか、ＤＪですか。 :: Is there a live band or a DJ in this club?
340	以下	いか	noun	the following; the below-mentioned; the rest	この食品は１０度以下で保存したほうがいい。 :: You had better keep this food under ten degrees. || １６歳以下の子供は劇場には入場できません。 :: Children of age sixteen and under will not be admitted to the theatre.
341	公式	こうしき	adjective	official; formal	アメリカ大統領が中国を公式に訪問した。 :: The President of the U.S. paid a formal visit to China. || 彼はその公式を知らなかったのかもしれない。 :: He may not have known the formula.
342	大きな	おおきな	adjective	big; large; great	あそこに大きな白いビルが見えるでしょう。 :: Can you see the big white building over there? || こんな大きな家を維持するのは金がかかる。 :: It takes a lot of money to keep up such a big house.
343	大事	だいじ	na-adjective	important; serious; crucial	あなたは体を大事にしなければいけません。 :: You must take care of yourself. || 大事な事はこれをずっと覚えておく事です。 :: What is important is to keep this in mind.
344	毎日	まいにち	noun	every day; daily	あなたは毎日どれぐらいテニスをしますか。 :: How long do you play tennis every day? || あのレストランは毎日二千食準備している。 :: That restaurant prepares two thousand meals every day.
345	終了	しゅうりょう	noun	end; close; conclusion	あきらめたら、そこで試合終了ですよ。 :: If you give up, that's the end of the match. || 私たちは彼女の指示に従って、作業を終了した。 :: We have finished the work in accordance with her instructions.
346	違い	ちがい	noun	difference; distinction; discrepancy	あなたと彼女の考えには違いがありますか。 :: Is there any difference between your idea and hers? || あんなふうに話すとは彼はばかに違いない。 :: He must be a fool to talk like that.
347	音楽	おんがく	noun	music	「彼女は音楽が好きではない」「そうだね」 :: She likes music, doesn't she? "So she does." || あなたは音楽と英語のどちらが好きですか。 :: Which do you like better, music or English?
348	ほとんど	ほとんど	adverb	almost; nearly; mostly	こういった類の宝石はほとんど価値がない。 :: These kinds of jewelry are of little value. || この事実は彼らにほとんど知られていない。 :: This fact is all but unknown to them.
349	マン	まん	noun	man	投函完了、と。後は頼んだぞ、ポストマンよ。 :: Mailing complete. I leave the rest to you, postman! || 彼は何でも言うことを聞くイエスマンも同然だった。 :: He was no better than a yes-man.
350	モデル	もでる	noun	model; dummy; mock-up	ダンスとモデルのレッスンを受けています。 :: I take dancing and modeling lessons. || 今年のモデルは全て売りきってしまいました。 :: We have closed out this year's model.
351	個	こ	counter	counter for (small) things or pieces	私は１０ページに１０個の誤りをみつけた。 :: I found ten mistakes in as many pages. || この子供たちにそれぞれ３個ずつあげなさい。 :: Give these children three pieces each.
352	効果	こうか	noun	effect; effectiveness; efficacy	転地があなたにとって効果があるでしょう。 :: A change of air will do you good. || この薬は彼の回復に効果があるかもしれない。 :: This medicine may aid his recovery.
353	政治	せいじ	noun	politics; government	こういうタイプの政治家はめったにいない。 :: Statesmen of this kind are hard to find. || その政治家は三年前に妻と息子に死なれた。 :: The wife and son of the statesman died three years ago.
354	期待	きたい	noun	expectation; anticipation; hope	その結果は私たちの期待には及ばなかった。 :: The result fell short of our expectations. || とにかく万事うまくいくように期待しよう。 :: Let's hope for the best anyway.
355	病院	びょういん	noun	hospital; clinic; doctor's office	我々はその女性が病院に運ばれるのを見た。 :: We saw the lady carried away to the hospital. || その事故で負傷した男は病院に運ばれた。 :: The man injured in the accident was taken to the hospital.
356	結構	けっこう	na-adjective	splendid; nice; wonderful	ためにさえなれば、どんな本でも結構です。 :: Any book will do as long as it is instructive. || 同様に振る舞う他のイベントでも結構です。 :: Another event that has the same behaviour would also be fine.
357	行動	こうどう	noun	action; conduct; behaviour	あなたは自分の良心に従って行動すべきだ。 :: You should act according to your conscience. || どう見ても彼らの行動は実を結んでいない。 :: To all appearances, their actions haven't borne fruit.
358	過去	かこ	noun	the past; bygone days	その貴族は過去の光栄にしがみついている。 :: The aristocrat clings to the glory of his past. || 不幸な過去は忘れるようにしたほうがよい。 :: You should try to forget your unhappy past.
359	あまり	あまり	noun	remainder; remnant; rest	あまり楽しくされておられないようですね。 :: It seems that you are not having a good time here. || ごめんなさい。今あまり気分がよくないの。 :: I'm afraid I'm feeling out of sorts right now.
360	どれ	どれ	pronoun	which (of three or more)	あなたは毎日どれぐらいテニスをしますか。 :: How long do you play tennis every day? || ここから図書館までどれくらいありますか。 :: How far is it to the library from here?
361	歴史	れきし	noun	history	あすは歴史の試験を受けなくてはならない。 :: I have to take an examination in history tomorrow. || あなたに私の人生の歴史を話してあげよう。 :: I will tell you the history of my life.
362	派	は	noun	group; faction; clique	君は、どちらの派に所属しているのですか。 :: Which party do you belong to? || 少数派は多くの国で見下されている。 :: Minorities are despised in many countries.
363	米	こめ	noun	(husked grains of) rice	日本はアメリカ合衆国から米を輸入しだした。 :: Japan began to import rice from the United States. || 日本人は一日に少なくとも一度は米を食べる。 :: The Japanese eat rice at least once a day.
364	線	せん	noun	line; stripe; stria	船の姿は水平線の向こうへと見えなくなった。 :: The ship vanished over the horizon. || この線はもう一方の線に平行している。 :: This line is parallel to the other.
365	イメージ	いめーじ	noun	image (in one's mind); impression; imagining	この画は何をイメージして描いたのですか。 :: What image did you have in mind as you painted this picture? || 学生に黒人に対するイメージを聞いた。 :: I asked the student what image he had of black people.
366	レベル	れべる	noun	level; standard; grade	まもなく景気は正常なレベルまで回復するだろう。 :: It will not be long before business returns to normal. || それは高レベルの集中力を必要とする種類の仕事だ。 :: It's the sort of work that calls for a high level of concentration.
367	一部	いちぶ	noun	one part; one portion; one section	カナダの一部ではフランス語が話されている。 :: French is spoken in a part of Canada. || 一部の大学の先生は授業に遅く来て早く帰る。 :: Some college teachers come to class late and leave early.
368	台	だい	noun	stand; rest; base	この工場はバイクを月に８００台生産する。 :: The factory turns out eight hundred motorcycles a month. || 彼らを証言台に立たせることはできるのか。 :: Can you put them on the witness stand?
369	最終	さいしゅう	adjective	last; final; closing	彼が最終列車に乗り遅れたのはいい気味だ。 :: It serves him right that he missed the last train. || 私はどうにか最終列車に乗ることが出来た。 :: I managed to catch the last train.
370	楽しみ	たのしみ	noun	enjoyment; pleasure; amusement	この４月に会えるのを楽しみにしています。 :: I'm looking forward to seeing you this April. || またお会いできるのを楽しみにしています。 :: I look forward to seeing you again.
371	海外	かいがい	noun	foreign; abroad; overseas	この所は海外旅行するために貯金している。 :: She is saving money to go abroad. || そういうわけで、彼は海外留学しなかった。 :: That's why he did not go overseas to study.
372	犬	いぬ	noun	dog (Canis (lupus) familiaris); canine	あなたの犬はいつも私に向かってほえつく。 :: Your dog always barks at me. || あの犬はこの犬のちょうど二倍の大きさだ。 :: That dog is exactly twice the size of this one.
373	考える	かんがえる	verb	to think (about, of); to think over; to ponder	あなたが自分の人生を考えることは必要だ。 :: It is necessary for you to think about your life. || あまり深刻に考えるな。ゲームなんだから。 :: Don't be so serious. It's only a game.
374	評価	ひょうか	noun	valuation; appraisal; evaluation	その上司は自分の秘書を高く評価している。 :: The boss has a high opinion of his secretary. || 彼女は歌手として高く評価されていますか。 :: Is she valued highly as a singer?
375	警察	けいさつ	noun	police	その暴動はすぐに警察によって鎮圧された。 :: The riot was soon put down by the police. || 交通事故の原因が警察によって報告された。 :: The cause of the traffic accident was reported by the police.
376	追加	ついか	noun	addition; supplement; appending	それには追加料金がかかるんでしょうか。 :: Will there be an extra charge for that? || わずかな追加料金で配達サービスが利用できます。 :: You can use the delivery service for a small additional charge.
377	選手	せんしゅ	noun	player (of a sport); athlete; team member	その選手はボールを狙ってバットを振った。 :: The player swung the bat at a ball. || コーチは選手達が泳ぐのをじっと見ていた。 :: The coach was waiting for the players to swim.
378	関連	かんれん	noun	relation; connection; relevance	この問題はあの問題と密接に関連している。 :: This question is closely related to that one. || これに関連してどなたか発言がありますか。 :: Do any of you have anything to say in connection with this?
379	サービス	さーびす	noun	service; help; assistance	我々は常にサービスの向上を目指している。 :: We are always aiming at improving the quality of service. || ここは食べ物もおいしいし、サービスもよい。 :: The food is good, and service is good here.
380	作る	つくる	verb	to make; to produce; to manufacture	あなたは夕食を作らなければなりませんか。 :: Do you have to make dinner? || あの鳥たちは夏に巣を作り、冬に南へ渡る。 :: Those birds build their nests in the summer and fly to the south in the winter.
381	光	ひかり	noun	light	この大木で光がすっかりさえぎられている。 :: The light is completely blocked out by the big tree. || 光は、水と同じように植物にとって必要だ。 :: Light is no less necessary to plants than water.
382	全く	まったく	adverb	really; truly; entirely	うわさは全くのうそであることがわかった。 :: The rumor proved to be an absolute lie. || この点では、私は全くあなたと意見が違う。 :: This is where I absolutely disagree with you.
383	全国	ぜんこく	noun	the whole country	日本全国に鉄道が網の目のようにできている。 :: A network of railroads spreads all over Japan. || 警察は犯人の全国的な捜索を開始した。 :: The police have started a nationwide hunt for the criminal.
384	希望	きぼう	noun	hope; wish; aspiration	この結果により彼の希望は実現しなかった。 :: This result dashed his hopes. || しかし人々はほとんど希望を持っていない。 :: But people have little hope.
385	怖い	こわい	i-adjective	scary; frightening; eerie	これまでそんな怖い話は聞いたこともない。 :: I've never heard of such a frightening story before. || 注射のことを考えると怖くて震えてしまう。 :: I tremble with fear at the thought of an injection.
386	教育	きょういく	noun	education; schooling; training	彼の教育についての考え方は間違っている。 :: He is mistaken in his ideas about education. || 彼の父は彼に医者になる教育を受けさせた。 :: His father brought him up to be a doctor.
387	母	はは	noun	mother	さらに悪いことに、彼の母が病気になった。 :: To make matters worse, his mother became ill. || その女の子は亡くなった母に良く似ている。 :: The girl closely resembles my dead mother.
388	海	うみ	noun	sea; ocean; waters	ここへ来なさい、そうすれば海が見えるよ。 :: Come here, and you can see the sea. || 子供の頃は、よく海へ泳ぎに行ったものだ。 :: I would often go swimming in the sea when a child.
389	特別	とくべつ	na-adjective	special; particular; extraordinary	今日はなにか特別のことがしたい気がする。 :: I would like to do something else today. || 彼は特別な任務でヨーロッパに派遣された。 :: He was sent on a special mission to Europe.
390	番組	ばんぐみ	noun	program (e.g. TV); programme	このテレビ番組がいま人気を集めています。 :: This TV show is catching on now. || その番組はだんだんおもしろくなってきた。 :: The television serial is getting more and more interesting.
391	週間	しゅうかん	noun	week	あの人は私が１週間待ちつづけている人だ。 :: That's the man I've been waiting for for a week. || この一週間息つく暇もないほど忙しかった。 :: I've been so busy this past week that I've hardly had time to relax.
392	面白い	おもしろい	i-adjective	interesting; fascinating; intriguing	この本がとても面白い事がわかるでしょう。 :: You'll find this book very interesting. || これはすべてのうちでもっとも面白い本だ。 :: This is the most interesting book of all.
393	デザイン	でざいん	noun	design	これは特に若者向けにデザインされている。 :: This is designed especially for young people. || このデザインには中国の影響がみられる。 :: This design shows Chinese influence.
394	主	ぬし	noun	head (of a household, etc.); leader; master	その農場主は新しい５人の従業員を雇った。 :: The farmer employed five new workers. || しかし、農園主は彼に微笑みかけました。 :: But the farmer smiled at him.
395	事故	じこ	noun	accident; incident; trouble	このようにしてその事故は起こったのです。 :: This is how the accident happened. || この事故は、彼の不注意で引き起こされた。 :: This accident was brought about by his carelessness.
396	事業	じぎょう	noun	business; enterprise; venture	その事業家はその取り引きから手を引いた。 :: The businessman withdrew from the transaction. || たとえ家を出る事になっても事業は続ける。 :: Even if I have to sell my house, I'll keep my business going.
397	全然	ぜんぜん	adverb	(not) at all; (not) in the slightest	これは全然別の仕方でしなければならない。 :: This must be done quite otherwise. || そのビルは私たちには全然知られていない。 :: The building has not been known to us at all.
398	千	せん	number	thousand; 1,000	あのレストランは毎日二千食準備している。 :: That restaurant prepares two thousand meals every day. || このホテルは千人を収容する設備がある。 :: This hotel has accommodations for 1,000 guests.
399	環境	かんきょう	noun	environment; surroundings; circumstances	やがてあなたは新しい環境に慣れるだろう。 :: It will not be long before you accommodate yourself to the new circumstances. || 動物の子供はすぐに新しい環境に順応する。 :: Young animals adapt quickly to a new environment.
400	経済	けいざい	noun	economy; economics	スミス氏の専攻している学問は経済学です。 :: The study which Mr Smith specializes in is economics. || 世界経済の回復はまだ視野に入ってこない。 :: Recovery of the world economy is not yet in sight.
401	議員	ぎいん	noun	member of an assembly; member of the Diet; member of parliament	市の議員だったらよくやっていることだよ。 :: City officials often have sticky fingers. || 彼女が国会議員になったなんて驚きだよ。 :: I am very surprised that she became a Diet member.
402	近く	ちかく	noun	near; neighbourhood; neighborhood	いとこは、うちの近くの店で働いています。 :: My cousin works in a shop near our home. || この近くに日本の銀行の支店はありますか。 :: Is there a nearby branch of a Japanese bank?
403	ええ	ええ	interjection	yes; that is correct; right	「いっしょにきませんか」「ええ、喜んで」 :: Won't you come with us? "I'd be glad to." || 「この店は初めて？」「ええ、初めてです」 :: Is it the first time you've been here? "Yes, it's my first visit."
404	データ	でーた	noun	data; datum	データを収集するため、次の実験を行った。 :: They conducted the following experiment to collect the data. || このデータがお役に立つといいのですが。 :: I hope this data will be useful to you.
405	ファン	ふぁん	noun	fan; enthusiast; lover (of)	その歌手は十代のファンにとても人気がある。 :: The singer is very popular with teenage fans. || その選手はファンに歓呼して迎えられた。 :: The player was acclaimed by the fans.
406	メール	めーる	noun	email	メールであなたとおしゃべりがしたいわ。 :: I would like to chat with you by e-mail. || 忙しくて私にメール出す暇もないのかな？ :: Are you too busy to drop me a line?
407	リンク	りんく	noun	link; linking; linkage	よろしければ相互リンクをお願いできないでしょうか？ :: Would you like to exchange links? || ご自由にリンクを設定して下さい。 :: Please feel free to link to my page.
408	ヶ月	かげつ	counter	counter for months	僕が彼女に会ってから３ヶ月がたちました。 :: It's been three months since I met her. || 彼がフランスに去ってから２ヶ月が過ぎた。 :: Two months have passed since he left for France.
409	各々	おのおの	noun	each	各々の乗客には荷物二つの制限がある。 :: There is a limit of two pieces of luggage for each passenger. || 都市がゆっくり発展してきたことや、各々の時代がその痕跡を残していることがわかる。 :: One feels that the city has grown slowly and each age has left its mark.
410	嫌	いや	na-adjective	disliking; not wanting; unwilling (to do)	彼は嫌な思い出が消えることを願っている。 :: He wishes to erase bad memories. || 彼女はその卑劣な男を見るのが嫌だった。 :: She could not bear the sight of the mean man.
411	専門	せんもん	noun	speciality; specialty; special subject of study	一番良いことは専門家にしてもらうことだ。 :: The best thing to do is to ask an expert to repair it. || あなたはこの仕事では私同様専門家ではない。 :: You're not an expert at this job any more than I am.
412	成功	せいこう	noun	success; achievement	「彼は成功するだろうか」「どうも怪しい」 :: Will he succeed? "I fear not." || あなたの努力によってその成功はなされた。 :: Your efforts resulted in the success.
413	持つ	もつ	verb	to hold (in one's hand); to take; to carry	あなたはお金をいくらか持っていませんか。 :: Do you have any money? || あれは私が持っているのと同じ自転車です。 :: That is the same bicycle as I have.
414	文化	ぶんか	noun	culture; civilization; civilisation	都会の文化は若い世代には魅力的に見える。 :: Urban culture appears to be attractive to the younger generation. || その人類学者は原始文化に関する講演をした。 :: The anthropologist delivered a lecture on primitive cultures.
415	映像	えいぞう	noun	image (on a screen); picture (e.g. on a TV)	その映像はピントがあっていない。 :: The image is not in focus. || 多くの場合、音楽を聴く時に心に浮かぶ映像はＣＤのアートワークです。 :: In many cases, the image that comes to mind when you listen to music is that of the CD's artwork.
416	検索	けんさく	noun	looking up (e.g. a word in a dictionary); search (e.g. on the Internet); retrieval (of information)	政府はその問題の決定案をまだ検索中だ。 :: The government is still groping for a solution to the problem. || この百科事典は検索に便利である。 :: This encyclopaedia is convenient for looking up things.
417	死ぬ	しぬ	verb	to die; to pass away	あなたは彼が死んでしまったと思いますか。 :: Do you think he is dead? || かわいそうにその少女は死にかかっていた。 :: The poor girl was on the point of death.
418	父	ちち	noun	father	その家は父によってペンキが塗られていた。 :: The house was being painted by my father. || ジョンの父はフランス語を多少知っている。 :: John's father has some knowledge of French.
419	発見	はっけん	noun	discovery; detection; finding	彼の発見は輸送における革命をもたらした。 :: His discovery gave rise to a revolution in transport. || 癌は発見が間に合えば、治すことができる。 :: Cancer can be cured if discovered in time.
420	まず	まず	adverb	first (of all); firstly; to begin with	あんな親切な人たちはまずめったにいない。 :: There are few if any such kind men. || まず、君は単語力をつけないといけません。 :: First you have to build up your vocabulary.
421	主義	しゅぎ	noun	doctrine; rule; principle	君が共産主義者にならないように希望する。 :: I hope you'll never turn Communist. || 君は自分の主義に従って行動すべきである。 :: You should live up to your principles.
422	出演	しゅつえん	noun	appearance (in a film, play, TV show, etc.); performance	トムはテレビに出演するようにいわれた。 :: Tom was asked to appear on television. || 彼はテレビの劇に何度も出演してきた。 :: He has acted on TV many times.
423	協力	きょうりょく	noun	cooperation; collaboration; help	目的を達成するために、我々は協力したよ。 :: We played catch to achieve the goal. || 私たちは困難を克服するため協力し合った。 :: We pulled together to get out of hardship.
424	品	しな	noun	article; item; thing	この品の税金分はむこうでお支払い下さい。 :: Please pay the tax on the items over there. || この品は３日以内ならお取り替えします。 :: This garment is exchangeable within three days.
425	嘘	うそ	noun	lie; fib; falsehood	どういうわけであんな嘘をついたのですか。 :: What is the reason for that lie? || トムは病気だと言ったが、それは嘘だった。 :: Tom said he was ill, which was a lie.
426	最大	さいだい	noun	biggest; greatest; largest	このホールは最大で１０００人収容できる。 :: This hall holds a maximum of 1,000 people. || それは記録に残っている最大の地震だった。 :: It was the greatest earthquake on record.
427	本当	ほんとう	noun	truth; reality; actuality	あなたの言ったことはある意味では本当だ。 :: What you said is, in a sense, true. || いつも本当のことを言う必要はないんだよ。 :: You don't have to tell the truth all the time.
428	程度	ていど	noun	degree; amount; grade	この本は私が理解できない程度の難しさだ。 :: This book is too difficult for me to understand. || この程度のお金じゃ長くは持たないだろう。 :: This sum of money won't go far.
429	いろいろ	いろいろ	na-adjective	various; a variety of; all sorts of	いろいろな観点からその問題を検討できる。 :: We can consider the problem from several standpoints. || それらはいろいろな大きさに作られている。 :: They are made in a variety of sizes.
430	量	りょう	noun	quantity; amount; volume	これらの品物は質よりも量でまさっている。 :: These goods are greater in quantity than in quality. || ビールの消費量は天気におおいに左右される。 :: How much beer people drink largely depends on the weather.
431	プロ	ぷろ	noun	professional; pro	こういった仕事は、プロの誇りとなるだろう。 :: This work would do credit to a professional. || 私の友達の中にはプロの歌手が二人いました。 :: In my circle of friends there are two people who are professional singers.
432	メンバー	めんばー	noun	member; participant; attendee	彼はもう私達のクラブのメンバーではない。 :: He is no longer a member of our club. || クラブのメンバー全員が私と同じ意見だった。 :: All the members of the club agreed with me.
433	今年	ことし	noun	this year	これは今年出版された断然最高の小説です。 :: This is by far the best novel that has been published this year. || たくさんの若者が今年の夏ハワイへ行った。 :: A lot of young people went to Hawaii this summer.
434	代表	だいひょう	noun	representation; representative; delegate	代表団は貿易交渉を大きく前進させました。 :: Representatives made a major breakthrough in the trade talks. || 彼は我が社を代表してその会議に出席した。 :: He represented our company at the conference.
435	変更	へんこう	noun	change; modification; alteration	あなたは住所の変更を郵便局に通知したか。 :: Did you inform the post office of the change of your address? || その計画は現在では全く変更の余地がない。 :: The program does not allow for changes at this point in time.
436	多分	たぶん	adverb	probably; likely; perhaps	君は多分この本を読んでしまったでしょう。 :: You may have read this book already. || 多分その本は有益なものであるわかるだろう。 :: Perhaps the book will prove useful.
437	契約	けいやく	noun	contract; compact; agreement	彼らは彼に無理矢理契約書にサインさせた。 :: They made him sign the contract. || この契約には我々すべてが従わねばならない。 :: This agreement is binding on all of us.
438	心配	しんぱい	noun	worry; concern; anxiety	あなたが失敗したのではないかと心配した。 :: I was afraid that you had failed. || あなたのお宅は大丈夫でしたか。心配です。 :: I'm worried whether your house was involved or not.
439	敵	てき	noun	opponent; rival; adversary	スポーツという事になると彼女には敵わない。 :: When it comes to sports, I can't beat her. || 全員を敵に回して彼の味方をすることにした。 :: I decided to take his side against the others.
440	昨日	きのう	noun	yesterday	あれは私が昨日買ったのと同じスカートだ。 :: That is the same skirt as I bought yesterday. || そんなわけで私は昨日学校を休んだのです。 :: That's why I was absent from school yesterday.
441	猫	ねこ	noun	cat (esp. the domestic cat, Felis catus); feline	あの屋根の上にいる猫を見てごらんなさい。 :: Look at that cat on the roof. || この猫は、いわば、我が家の一員なのです。 :: This cat is, so to speak, a member of our family.
442	生まれ	うまれ	noun	birth; birthplace	私は大阪生まれですが、東京で育ちました。 :: I was born in Osaka, but brought up in Tokyo. || 彼は英国生まれなので、イギリス英語を話す。 :: Born in England, he speaks British English.
443	発生	はっせい	noun	occurrence; incidence; outbreak	その国のその地域ではよく嵐が発生した。 :: There were storms in that region of the country. || この町における犯罪の発生率は高い。 :: The frequency of crime in the town is high.
444	組	くみ	noun	class (of students)	あなたの組でどの子が一番歌がうまいですか。 :: Who sings the best of all the boys in your class? || みんな２人ずつの組になって踊り出した。 :: Everyone formed couples and began dancing.
445	経験	けいけん	noun	experience	あなたはいやな経験を避けるかもしれない。 :: You might avoid an unpleasant experience. || この種の経験は誰にでもよくあることです。 :: This kind of experience is familiar to everybody.
446	絵	え	noun	picture; drawing; painting	うん。みんなが彼の描く絵をほめているね。 :: Yes. Everyone admires the pictures painted by him. || この絵はある有名な画家によってかかれた。 :: The picture was painted by a famous painter.
447	興味	きょうみ	noun	interest (in something); curiosity (about something); zest (for)	あなたの興味を引くような本を読みなさい。 :: Read such books as interest you. || ボブはロック音楽に興味を覚えなくなった。 :: Bob lost interest in rock music.
448	話題	わだい	noun	topic; subject	これは、私が全く何も知らない話題です。 :: This is a subject of which I know nothing whatever. || スピーチの際に珍しい話題を出す必要はない。 :: You don't have to come up with an unusual topic for your speech.
449	責任	せきにん	noun	duty; responsibility (incl. supervision of staff)	これについては私がすべて責任を負います。 :: I will accept full responsibility for this. || そのことについては彼に責任があるようだ。 :: He is apparently responsible for it.
450	酒	さけ	noun	alcohol; sake	お酒を飲むとすぐに赤くなっちゃうんです。 :: The minute I have something to drink, I turn bright red. || 彼らは集まって、酒を飲むのが好きである。 :: They like to get together and drink.
451	きり	きり	noun	end; finish; place to stop	あの女のおしゃべりはまったくきりがない。 :: How that woman runs on! || 彼女は午後ずっと料理にかかりきりだった。 :: She was occupied in cooking all afternoon.
452	難しい	むずかしい	i-adjective	difficult; hard; troublesome	あなたが英語を話すことは難しいでしょう。 :: It will be hard for you to speak English. || あんないい人たちに文句をいうのは難しい。 :: It's hard to complain against such good people.
453	バス	ばす	noun	bus	このバスに乗れば、その町に着くでしょう。 :: This bus will take you to the town. || このバスは４５人の乗客を運ぶ事ができる。 :: This bus is capable of carrying 45 persons.
454	ポイント	ぽいんと	noun	point (of a story, argument, etc.); key point; important part	彼はポイントを生徒に充分わからせた。 :: He drove a point home to his pupils. || これはとても重要なポイントです。 :: This is an extremely important point.
455	元気	げんき	na-adjective	lively; full of spirit; energetic	コーヒーを１杯飲んで私は元気を回復した。 :: A cup of coffee refreshed me. || 医者は私にまもなく元気になるよと言った。 :: The doctor told me that I would recover soon.
456	入る	はいる	verb	to enter; to come in; to go in	「入ってよろしいですか」「はい、どうぞ」 :: May I come in? "Yes, certainly." || 「失礼ですが」とアンが話に割って入った。 :: Excuse me, Ann broke in.
457	商品	しょうひん	noun	commodity; article of commerce; goods	あなたのご注文なさった商品が届きました。 :: Your order is ready. || お宅のお店ではどんな商品を扱っていますか。 :: What kinds of goods do you sell in your shop?
458	対象	たいしょう	noun	target; object (of worship, study, etc.); subject (of taxation, etc.)	この歴史書は高校生を対象に書かれている。 :: This history book is written for high school students. || この辞書は主に高校生を対象としたものです。 :: This dictionary is primarily intended for high school students.
459	小	しょう	noun	smallness; small item	彼の小論はばかげた物だ。 :: His essay is rubbish. || 誰でも大なり小なり自惚れはある。 :: Everyone is more or less conceited.
460	年間	ねんかん	noun	(period of) a year	ボストンはここ１０年間で急速に発展した。 :: Boston has grown rapidly in the last ten years. || 僕はこの３年間彼女だけと付き合っている。 :: I've been going steady with her for three years.
461	支援	しえん	noun	support; backing; aid	彼はその事件で私たちを支援してくれた。 :: He backed us up in the case. || 我々は彼らに精神的な支援を与えよう。 :: We will give them moral support.
462	残念	ざんねん	na-adjective	regrettable; unfortunate; disappointing	あなたがいっしょに来られないと残念です。 :: It is a pity that you can't join us. || あなたが行かねばならないなんて残念です。 :: We regret that you have to leave.
463	白	しろ	noun	white	彼女の３台の車は１台が青で残りは白だ。 :: One of her three cars is blue and the others are white. || 白ペンキを塗ると部屋が明るくなるでしょう。 :: White paint will brighten the room.
464	百	ひゃく	number	hundred; 100	この組織は百パーセント寄付に頼っている。 :: This organization relies entirely on voluntary donations. || そのえの価値は数百万ドルと見積もられた。 :: The value of the painting was estimated at several million dollars.
465	被害	ひがい	noun	(suffering) damage; injury; harm	この地震で非常に多くの家が被害を受けた。 :: A great many houses were damaged in the earthquake. || 北海道の大地震は大きな被害をもたらした。 :: The earthquake in Hokkaido caused extensive damage.
466	試し	ためし	noun	trial; test; try	あの少年は試しに重いソファーを動かした。 :: The boy tried moving the heavy sofa. || 彼は試しにその問題を解いてみた。 :: He tried solving the problem.
467	語	ご	noun	word; term	この辞書には少なくとも５万語載っている。 :: This dictionary contains not less than fifty thousand words. || その事典は約５０万語の単語を収めている。 :: The dictionary contains about half a million words.
468	運転	うんてん	noun	operation (of a machine); running; working	その事故は運転手の側の過ちから起こった。 :: The accident was caused by the error on the part of the driver. || その交通事故の責任はその運転手には無い。 :: The driver does not have responsibility for the traffic accident.
469	選挙	せんきょ	noun	election	私たちは成年に達すると選挙権を手にする。 :: We have the right to vote when we come of age. || 総選挙がありそうだと言う噂が流れていた。 :: A general election was in the air.
470	非常	ひじょう	noun	emergency	この問題は、私たちには非常に重要である。 :: This matter is extremely important to us. || この地震で非常に多くの家が被害を受けた。 :: A great many houses were damaged in the earthquake.
471	面	めん	noun	face	彼は政治の面では過激な意見を持っている。 :: He holds an extreme opinion in politics. || 戦後日本は科学技術の面で大いに進歩した。 :: Since the war, Japan has advanced greatly in science and technology.
472	タイプ	たいぷ	noun	type; kind; sort	こういうタイプの政治家はめったにいない。 :: Statesmen of this kind are hard to find. || そのタイプの人は、常に成功するでしょう。 :: A man of that cut will always succeed.
473	企画	きかく	noun	planning; plan; project	その出版社が僕の企画にチャンスをくれた。 :: The publisher gave my proposal a chance. || この企画は財政面を考慮しなければならない。 :: We must consider the financial aspects of this project.
474	使い	つかい	noun	errand; mission; going on an errand	何社製のコンピューターをお使いですか。 :: What make of computer do you use? || 召し使いは徐々に新しい環境に慣れていった。 :: The servant gradually adjusted to his new surroundings.
475	億	おく	number	hundred million; 100,000,000; 10^8	その会社は去年１０億円の損失を被った。 :: The company suffered a loss of one billion yen last year. || 世界には約６０億の人々が暮らしている。 :: There are about 6 billion people in the world.
476	勉強	べんきょう	noun	study	あそこで勉強している学生は私の友人です。 :: The students studying over there are my friends. || あなたが見つめていては、勉強できないよ。 :: I can't study with you watching me.
477	報告	ほうこく	noun	report; information	あなたの報告書には少し間違いがあります。 :: There are a few mistakes in your report. || 交通事故の原因が警察によって報告された。 :: The cause of the traffic accident was reported by the police.
478	彼ら	かれら	pronoun	they; them	あなたが彼らの結婚を知らないとは驚いた。 :: I am surprised that you should not know of their marriage. || あなた方ばかりでなく彼らも普通の人々だ。 :: They, as well as you, are ordinary people.
479	星	ほし	noun	star (usu. excluding the Sun); planet (usu. excluding Earth); heavenly body	彼は天文学、すなわち星の研究をしている。 :: He studies astronomy, or the science of stars. || 昔の探検家たちは航海するのに星を利用した。 :: Early explorers used the stars for navigation.
480	服	ふく	noun	clothes (esp. Western clothes); clothing; dress	みんながそれぞれ一番似合う服を着てきた。 :: Everybody arrived dressed in their smartest clothes. || 前の日曜日、母が素敵な服を買ってくれた。 :: Mother bought me a nice dress last Sunday.
481	流れ	ながれ	noun	flow (of a fluid or gas); stream; current	彼は時代の流れに遅れないようにしている。 :: He is trying to keep up with the current of the times. || 時代の流れについていくのは容易ではない。 :: It's not easy to keep up with the times.
482	移動	いどう	noun	movement; transfer; migration	家具を移動するとき彼に手伝ってもらった。 :: I got him to help me when I moved the furniture. || あれらはあちこちへと移動していきます。 :: They move from place to place.
483	行う	おこなう	verb	to perform; to do; to conduct oneself	あなたが行ってしまったら寂しくなります。 :: I'll miss you when you're gone. || いつ行ったらいいのか私に教えてください。 :: Please tell me when to go.
484	表示	ひょうじ	noun	indication; expression; showing	製造年月日はふたに表示されています。 :: The date of manufacture is shown on the lid. || 箱の内容はラベルに表示されている。 :: The contents of the box are listed on the label.
485	記録	きろく	noun	record; document; minutes	それは記録に残っている最大の地震だった。 :: It was the greatest earthquake on record. || 彼の記録は１００メートルの世界新記録だ。 :: His record is a new world record in the 100-meter dash.
486	間違い	まちがい	noun	mistake; error; blunder	あなたの報告書には少し間違いがあります。 :: There are a few mistakes in your report. || あんな男を信頼したのが私の間違いだった。 :: I did wrong in trusting such a fellow.
487	スポーツ	すぽーつ	noun	sport; sports	あなたはどんなスポーツが一番好きですか。 :: What sport do you like best? || 彼はハンサムだ。加えてスポーツが得意だ。 :: He is handsome. In addition, he is good at sport.
488	チェック	ちぇっく	noun	check (pattern); plaid	このデータを最終チェックしてもらえないか。 :: Could you give this data a final check for me? || 何時にチェックアウトしなければならないの？ :: When should we check out?
489	全体	ぜんたい	noun	whole; entirety	この問題を全体として考える必要がある。 :: We must take this matter into account as a whole. || しかし、全体としては万事うまくいった。 :: But all in all, things have gone well.
490	変	へん	na-adjective	strange; odd; peculiar	変な人が近づいて来てお金をくれと言った。 :: A strange man came up to me and asked for money. || 彼がここにいないのは変だと思いませんか。 :: Don't you think it strange that he is not here?
491	妻	つま	noun	wife	すんばらしい妻だし、すんばらしい母親だ。 :: She's a wonderful wife and mother. || その政治家は三年前に妻と息子に死なれた。 :: The wife and son of the statesman died three years ago.
492	文字	もじ	noun	letter (of an alphabet); character	こんなにたくさんの文字を暗記できません。 :: I can't memorize so many of these letters. || そういう四文字言葉は使わないほうがいい。 :: You had better not use those four-letter words.
493	施設	しせつ	noun	facility; facilities; institution	うちにはちゃんとした暖房施設があります。 :: We have a good heating system. || 会員はだれでもこれらの施設を利用できる。 :: Any member can make use of these facilities.
494	最も	もっとも	adverb	most; extremely	よく眠った後で体調は最もよい状態だった。 :: I was at my best after a good sleep. || ニューヨークは世界で最もにぎやかな街だ。 :: New York is the busiest city in the world.
495	楽しい	たのしい	i-adjective	enjoyable; fun; pleasant	あまり楽しくされておられないようですね。 :: It seems that you are not having a good time here. || そのショーは観衆には楽しいものであった。 :: The show was pleasing to the audience.
496	秒	びょう	noun	second (unit of time)	彼は１秒のほんの何分の１かでそれをした。 :: He did it in only a fraction of a second. || 彼は数秒待ち、それからドアを開けた。 :: He waited for several seconds and opened the door.
497	笑い	わらい	noun	laugh; laughter	このままだと日本は世界の笑い者になる。 :: At this rate, Japan will make an exhibition of itself before the world. || 彼は笑いをこらえるだけで精一杯だった。 :: All he could do was resist laughing.
498	能力	のうりょく	noun	ability; faculty	まず君は単語能力をつけなければならない。 :: First you have to build up your vocabulary. || 問題なのは、彼女の能力ではなくて性格だ。 :: It is not her ability, but her character that is at issue.
499	訳	わけ	noun	reason; cause; grounds	そういう訳で彼はその会議に出席しなかった。 :: That is why he wasn't present at the meeting. || 君がいつも遅刻するのはどういう訳かね？ :: Why is it that you are always late?
500	誕生	たんじょう	noun	birth (of a person); nativity	あなたの誕生日プレゼントにペンを買った。 :: I bought a pen for your birthday present. || トムの誕生日のパーティーの準備をしよう。 :: Let's have a party for Tom's birthday.
501	運動	うんどう	noun	exercise; physical training; workout	ある団体が雨林を保護する運動を起こした。 :: A group started a campaign to preserve rain forests. || 彼女は婦人解放運動で積極的な役割をした。 :: She played a part in the women's lib movement.
502	つもり	つもり	noun	intention; plan; purpose	「彼女はどういうつもりかしら」と思った。 :: I said to myself, "I wonder what she means." || あなたはいつタバコを止めるつもりですか。 :: When are you going to quit smoking?
503	なかなか	なかなか	adverb	very; considerably; easily	しつこいせきが出て、なかなか治りません。 :: I have a persistent cough. || そこで飲んだ紅茶はなかなかおいしかった。 :: The tea we had there was excellent.
504	ほぼ	ほぼ	adverb	almost; nearly; for the most part	われわれの患者は昨日とほぼ同じ状態にある。 :: Our patient is in much the same condition as yesterday. || 私のほうは出かける支度はほぼできています。 :: I'm about ready to go.
505	一方	いっぽう	noun	one (esp. of two); the other; one way	彼女の親切に感謝する一方負担にも感じる。 :: I appreciated her kindness, while I feel it burdensome. || この部屋は寝室でもう一方は事務所です。 :: This room is my bedroom, and the other one is my office.
506	価値	かち	noun	value; worth; merit	こういった類の宝石はほとんど価値がない。 :: These kinds of jewelry are of little value. || この本は何回も繰り返して読む価値がある。 :: This book is worth reading over and over again.
507	保護	ほご	noun	protection; safeguard; guardianship	ある団体が雨林を保護する運動を起こした。 :: A group started a campaign to preserve rain forests. || 彼は環境保護についてりっぱな演説をした。 :: He made an admirable speech about protecting the environment.
508	倍	ばい	noun	double; twice (as much)	あの犬はこの犬のちょうど二倍の大きさだ。 :: That dog is exactly twice the size of this one. || その川はテムズ川の約１倍半の長さである。 :: The river is about half as long again as the Thames.
509	意識	いしき	noun	consciousness	暑さのため多くのランナーが意識を失った。 :: Many runners passed out in the heat. || 彼の行為は共同体意識からのことだった。 :: He was actuated by community spirit.
510	感じる	かんじる	verb	to feel; to sense; to experience	そのような不正行為には軽蔑しか感じない。 :: I feel nothing but contempt for such dishonest behavior. || 妙な話だが、私は何の痛みも感じなかった。 :: Strange to say, I didn't feel any pain.
511	木	き	noun	tree; shrub; bush	いくつかのりんごは木になったまま腐った。 :: Some apples rotted on the tree. || いすの代わりにこの木箱を使ってください。 :: Please use this wooden box in place of a chair.
512	権	けん	noun	right (to do something)	彼にアメリカの市民権が与えられるだろう。 :: He will be given American citizenship. || 私たちは成年に達すると選挙権を手にする。 :: We have the right to vote when we come of age.
513	詳細	しょうさい	noun	details; particulars; specifics	この事を詳細に説明する時間がありません。 :: I have no time to explain this in detail. || 彼を目撃したことを詳細に警察に報告した。 :: He reported fully what he had seen to the police.
514	黒	くろ	noun	black	その猫の一方は黒で、もう一方は茶だ。 :: One of the cats is black, the other is brown. || 私は黒の上着と白の上着をもっている。 :: I have a black and a white coat.
515	こういう	こういう	adjective	such; this sort of; like this	こういうふうに彼は私を見てにっこりした。 :: This is how he smiled at me. || こういうふうに考えてよろしいでしょうか。 :: Am I correct in thinking thus?
516	作り	つくり	noun	making; producing; manufacturing	その本棚は作りつけになっている。 :: The bookshelf is built in. || 天ぷらの作りかたを本で読みました。 :: I read about how to make tempura in a book.
517	味	あじ	noun	flavor; flavour; taste	母はスープの味を見てもう少し塩をいれた。 :: My mother tasted the soup and added a little more salt. || このワインはあのワインより味が劣っている。 :: This wine is inferior to that one in flavor.
518	失敗	しっぱい	noun	failure; mistake; blunder	あなたが失敗したのではないかと心配した。 :: I was afraid that you had failed. || もし万一彼が失敗したらどうなるだろうか。 :: What if he should fail?
519	展開	てんかい	noun	development; evolution; progression	それは異常な展開を見せた出来事でした。 :: It was an event that proved extraordinary. || 彼女は事実に基づいて議論を展開する。 :: Her argument was founded on fact.
520	山	やま	noun	mountain; hill	その少女は山ほどある困難を克服している。 :: The girl is getting over mountains of difficulties. || その山にのぼることはたいへんおもしろい。 :: It's a lot of fun to climb that mountain.
521	担当	たんとう	noun	being in charge (of an area of responsibility); being responsible (for a work role, etc.)	あなたはそれを担当する必要はないだろう。 :: You won't have to take charge of that. || 佐藤先生が私のクラスを担当しています。 :: Miss Sato is in charge of my class.
522	提供	ていきょう	noun	offer; tender; providing	彼は彼らにその情報を提供するのを拒否した。 :: He refused to give them the information. || その町はその川から水を提供している。 :: The town is supplied with water from the river.
523	時期	じき	noun	time; season; period	この時期に雪が降るのは、ふつうではない。 :: Snowing at this time of the year is unusual. || それが私の人生の中で最も悲しい時期でした。 :: Those were the saddest hours of my life.
524	気分	きぶん	noun	feeling; mood	ごめんなさい。今あまり気分がよくないの。 :: I'm afraid I'm feeling out of sorts right now. || まるで夢を見ているかのような気分だった。 :: I felt as if I were dreaming.
525	答え	こたえ	noun	answer; reply; response	あなたの答えとトムの答えと比較しなさい。 :: Compare your answer with Tom's. || その問題に対する私の答えは間違っていた。 :: My answer to the problem came out wrong.
526	精神	せいしん	noun	mind; spirit; soul	移民達は肉体的、精神的苦痛に耐えてきた。 :: The emigrants have endured physical and mental pain. || 精神は肉体とともに発達させるべきである。 :: The mind should be developed along with the body.
527	組織	そしき	noun	organization; organisation; formation	この組織は百パーセント寄付に頼っている。 :: This organization relies entirely on voluntary donations. || 協会は十分に組織されているとはいえない。 :: The association is still a far cry from being well organized.
528	買う	かう	verb	to buy; to purchase	あなたが買ったものを見せてくれませんか。 :: Will you show me what you bought? || あなたに新しいワープロを買ってあげよう。 :: I will buy you a new word processor.
529	高校	こうこう	noun	senior high school; high school	去る６月に私の姉は高校の教師と結婚した。 :: My sister married a high school teacher last June. || あの歌を聴くと必ず高校時代を思い出す。 :: I never hear that song without remembering my high school days.
530	しっかり	しっかり	adverb	tightly (holding on); firmly; securely	子供は母の腕にしっかりしがみついていた。 :: The child hung on his mother's arm. || 彼女は赤ん坊をしっかりと腕に抱きしめた。 :: She clutched her baby in her arms.
531	そのまま	そのまま	adverb	without change; as is	ドアをそのままにしておいてはいけません。 :: The door must not be left open. || 当分の間その問題はそのままにしておこう。 :: Let's leave the matter as it is for the present.
532	それぞれ	それぞれ	adverb	each; respectively	みんながそれぞれ一番似合う服を着てきた。 :: Everybody arrived dressed in their smartest clothes. || トムとビルはそれぞれ独自の結論に達した。 :: Tom and Bill arrived at different conclusions from each other.
533	タイトル	たいとる	noun	title	私はその歌のタイトルをどうしても思い出せなかった。 :: I failed to recall the song's title. || その本のタイトルは何ですか。 :: What is the title of the book?
534	中心	ちゅうしん	noun	center; centre; middle	これが戦後移民に関する中心的問題である。 :: This is the central problem of postwar immigration. || そのバスに乗れば、市の中心部に行けます。 :: The bus will take you to the center of the city.
535	交換	こうかん	noun	exchange; interchange; switching	この時計を少し安いのと交換したいのです。 :: I would like to exchange this watch for a cheaper one. || ジョンは友達と切手を交換するのが好きだ。 :: John likes to trade stamps with his friends.
536	割り	わり	noun	rate; ratio; proportion	彼には美しい奥さんがあるにもかかわらず、その割りには喜んでいない。 :: He is none the happier for his beautiful wife. || 休みの前などは少し羽目を外して飲むのだが、杜仲茶割りで飲むと二日酔いが全くない。 :: I usually cut loose a bit and drink plenty before a day off work, but if my drinks are cut with tochu tea, then I get absolutely no hangover.
537	原因	げんいん	noun	cause; origin; source	あらゆる原因は一つ以上の結果をもたらす。 :: Every cause produces more than one effect. || これらの症状の原因はまだ分かっていない。 :: What accounts for these symptoms hasn't been discovered yet.
538	大人	おとな	noun	adult; grown-up	その少年は大人のような口の利き方をする。 :: The boy talks as if he were a man. || 大人になったらパイロットになりたいんだ。 :: I want to be a pilot when I grow up.
539	嬉しい	うれしい	i-adjective	happy; glad; pleased	遠方に明かりを見た時、私達は嬉しかった。 :: We were glad when we saw a light in the distance. || あなたにお目にかかれて私は大変嬉しい。 :: I'm very glad to see you.
540	学生	がくせい	noun	student (esp. a university student)	「いいえ、いました」とその学生は答えた。 :: Yes, I was, said the student. || あそこで勉強している学生は私の友人です。 :: The students studying over there are my friends.
541	安心	あんしん	noun	peace of mind; relief; (sense of) security	私は手術が成功したと知って安心しました。 :: I was relieved to know that the operation was a success. || その子供は母親の腕の中に抱かれて安心した。 :: That child felt secure in his mother's arms.
542	幸せ	しあわせ	noun	happiness; good fortune; luck	あなたに会うと私はいつも幸せになります。 :: Whenever I see you, I feel happy. || 友達が多いという点で、ナンシーは幸せだ。 :: Nancy is happy in that she has many friends.
543	投稿	とうこう	noun	contribution (to a newspaper, magazine, etc.); submission; post (on a blog, social media, etc.)	忘れないでこの手紙を投稿しなさい。 :: Don't forget to post this letter. || 忘れずにその手紙を投稿しなさい。 :: Remember to post the letter.
544	歌	うた	noun	song; singing	かつてはその歌はとても人気がありました。 :: At one time the song was very popular. || この歌は私に古き良き時代を思い出させる。 :: This song reminds me of the good old days.
545	死	し	noun	death	ぼくは恥より死の方がましだと思っている。 :: I think death is preferable to shame. || 彼女の死は国民に深い悲しみをもたらした。 :: Her death brought deep sorrow to the nation.
546	薬	くすり	noun	medicine; pharmaceuticals; (legal) drugs	この薬であなたの風邪はよくなるでしょう。 :: This medicine will cure you of your cold. || この薬はインフルエンザには全く効かない。 :: This medicine is no protection against influenza.
547	表現	ひょうげん	noun	expression; representation; description	彼は自分の気持ちを絵という形で表現した。 :: He expressed his feelings in the form of a painting. || 彼女は自分をうまく表現しようと頑張った。 :: She tried hard to express herself well.
548	解決	かいけつ	noun	settlement; solution; resolution	その問題は解決するのに大変な努力をした。 :: The problem exacted a great effort to solve it. || 僕には解決しなければならない問題が多い。 :: I have a lot of problems to solve.
549	運営	うんえい	noun	management; administration; operation	その組織の運営は自発的な寄付に依存している。 :: That organization depends on voluntary contributions. || 彼の父は会社をいくつか運営している。 :: His father administers some companies.
550	しかも	しかも	conjunction	moreover; furthermore	このかばんはすばらしくて、しかも安い。 :: This bag is both good and inexpensive. || 彼はそれをした、しかも彼女のいる前で。 :: He did it, and in her presence.
551	そんなに	そんなに	adverb	so much; so; like that	あれ、そんなに近いとは知りませんでした。 :: Oh, I didn't know it was that close. || きみはそんなにタバコを吸うべきではない。 :: You ought not to smoke so much.
552	キャラ	きゃら	noun	(fictional) character	隠れキャラも登場予定？開発元に聞く。 :: Are there to be hidden characters as well? We ask the developers.
553	例	れい	noun	example; instance; illustration	彼は例のスキャンダルと関係があると思う。 :: I think he has something to do with that scandal. || さて例の教育に関しての本題に戻るとしよう。 :: Now let's return to the main problem of education.
554	危険	きけん	noun	danger; peril; hazard	あなたが一人で外国に旅行するのは危険だ。 :: It is dangerous for you to travel to a foreign country by yourself. || こういう危険があるのに登山は大流行です。 :: In spite of these dangers, mountaineering is very popular.
555	右	みぎ	noun	right; right-hand side	右よ～し、左よ～し・・・、よし。大丈夫。 :: Right - clear, left - clear..., OK, all clear. || 彼女は森の中で右も左も分からなくなった。 :: She lost her way in the forest.
556	営業	えいぎょう	noun	business; trade; operations	営業員をこの新しい取引先に派遣してください。 :: Please send your sales reps to this new account. || 営業時間は何時から何時までですか。 :: What are the business hours?
557	当時	とうじ	noun	at that time; in those days	その当時、彼は一人でその家に住んでいた。 :: In those days, he lived in the house alone. || 当時はきれいな水がこの川にも流れていた。 :: Pure water was washed away to this river as well at that time.
558	感謝	かんしゃ	noun	thanks; gratitude; appreciation	あなたには感謝してもしきれないくらいだ。 :: I can't thank you enough. || 彼は感謝のしるしに私にこの人形をくれた。 :: He gave me this doll in token of his gratitude.
559	料理	りょうり	noun	cooking; cookery; cuisine	あなたは魚の料理の仕方を知っていますか。 :: Do you know how to cook fish? || あのレストランはおいしい料理を出します。 :: They serve delicious food at that restaurant.
560	自然	しぜん	noun	nature	この庭の美しさは自然より人工のおかげだ。 :: This beautiful garden owes more to art than to nature. || 娘は言語や芸術よりも自然科学が好きです。 :: My daughter prefers science to languages or art.
561	きっと	きっと	adverb	surely; undoubtedly; almost certainly	あなたはきっと成功されると思っています。 :: I believe that you will succeed. || きっとお気に召していただけると思います。 :: It should be pleasing.
562	カメラ	かめら	noun	camera	このカメラは、おじが私にくれたものです。 :: This camera was given me by my uncle. || これが、彼がその写真を撮ったカメラです。 :: This is the camera with which he took the picture.
563	グループ	ぐるーぷ	noun	group (usu. of people)	そのクラスは４つのグループに分けられた。 :: The class was divided into four groups. || 僕はそのグループの演技にうっとりしたよ。 :: I was enchanted by the performance of the group.
564	セット	せっと	noun	set (of things); combo	小さな道具セットは旅をする時携帯に便利だ。 :: A small toolkit can be very handy when you are traveling. || 古いテレビセットが十ドルで売れた。 :: The old television set went for 10 dollars.
565	事実	じじつ	noun	fact; truth; reality	この事実は彼らにほとんど知られていない。 :: This fact is all but unknown to them. || その事実はだれにでもわかりきったことだ。 :: The fact is apparent to everybody.
566	出す	だす	verb	to take out; to get out	あのレストランはおいしい料理を出します。 :: They serve delicious food at that restaurant. || お待ち下さい。彼を電話口に出しますから。 :: Please hang on. I'll put him on the phone.
567	判断	はんだん	noun	judgment; judgement; decision	人をもっているもので判断してはいけない。 :: Don't judge a man by what he has. || 彼は状況を判断してからすぐ行動に移った。 :: He sized up the situation and acted immediately.
568	動物	どうぶつ	noun	animal	その地域は風景と野生動物で注目に値する。 :: The area is notable for its scenery and wildlife. || 公園へ行くよりもむしろ動物園に行きたい。 :: We would rather go to the zoo than to the park.
569	国内	こくない	adjective	within the country; inside the county; domestic	私は外国製品よりもも国内製品を買う方が好きだ。 :: I prefer to buy domestic rather than foreign products. || 国内便の安い航空券はありますか。 :: Do you have a cheap flight ticket on a domestic line?
570	大会	たいかい	noun	mass meeting; convention; rally	そのスピーチ大会に参加したほうがいいよ。 :: You should take part in that speech contest. || 私たちは５月にサッカーの大会があります。 :: We have a soccer tournament in May.
571	大好き	だいすき	na-adjective	liking very much; loving (something or someone); adoring	うちの家族はみんな野球が大好きであった。 :: All my family were just crazy about baseball. || 彼女の妹は大好きだが、弟は好きではない。 :: Her sister I like very much, but her brother I do not like.
572	巻	まき	noun	roll (e.g. of cloth)	この全集は最終巻が欠けている。 :: The last volume is missing from this set.
573	想像	そうぞう	noun	imagination; supposition; guess	君がどんな気分になったかは想像できます。 :: I can imagine how you felt. || 少年は自分が大人になったと想像してみた。 :: The boy saw himself as an adult.
574	春	はる	noun	spring; springtime	その年は、春がなかなかやってこなかった。 :: Spring was long coming that year. || 寒い冬の後、春は穏やかな天候をもたらす。 :: Spring brings mild weather after the cold winter.
575	準備	じゅんび	noun	preparation; arrangements; getting ready	あなたは急いで準備をしなければならない。 :: You must get ready quickly. || あのレストランは毎日二千食準備している。 :: That restaurant prepares two thousand meals every day.
576	自動	じどう	adjective	automatic	この自動販売機に５００円硬貨は使えない。 :: This vending machine won't accept 500 yen coins. || ほとんどのエレベーターは自動で動く。 :: Most elevators operate automatically.
577	記憶	きおく	noun	memory; recollection; remembrance	人は年をとればとるほど記憶力が弱くなる。 :: The older one grows, the weaker one's memory becomes. || 私たちは記憶するという能力をもっている。 :: We have the ability to remember.
578	試合	しあい	noun	match; game; bout	もし明日雨が降れば、試合は延期されます。 :: If it is rainy tomorrow, the game will be put off. || フットボールの試合はどこで見られますか。 :: Where can I see a football game?
579	身	み	noun	one's body; one's person	もう少し、仕事に身を入れなくちゃダメだ。 :: You must put some life into your work. || もう身を固めて落ち着いてもいいころだよ。 :: It's high time you got married and settled down.
580	ページ	ぺーじ	noun	page	このページのコピーを３枚とってください。 :: Please make three copies of this page. || この機械は１分間に６０ページ印刷できる。 :: This machine can print sixty pages a minute.
581	今度	こんど	noun	this time; now	あなたは、今度は何にとりかかっているの。 :: What are you up to? || 今度のテレビドラマはたいへんおもしろい。 :: The new TV drama is quite interesting.
582	労働	ろうどう	noun	labor; labour; work	その会社は５００人の労働者を雇っている。 :: The company employs 500 workers. || 労働者たちは長い間ばかな規則に我慢した。 :: Workers put up with silly rules for a long time.
583	大切	たいせつ	na-adjective	important; significant; serious	お互いに理解しあうことは大切なことです。 :: To understand each other is important. || 交通規則を守ることはとても大切なことだ。 :: It is very important to obey the traffic rules.
584	未来	みらい	noun	(distant) future	彼女の前途には大きな未来が広がっている。 :: A great future lies before her. || 私たちが世界の未来を考えることは大切だ。 :: It's important for us to think about the future of the world.
585	沖縄	おきなわ	noun	Okinawa (city, prefecture)	沖縄に届くのにどれくらいかかりますか。 :: How long does it take to reach Okinawa? || あなたは沖縄へ行った事がありますか。 :: Did you ever go to Okinawa?
586	現実	げんじつ	noun	reality; actuality; hard fact	君は夢と現実を分けることができないのか。 :: Can't you divorce fantasy from reality? || 賢い子供は人生や現実について知りたがる。 :: A bright child is curious about life and reality.
587	用意	ようい	noun	preparation; arrangements; provision	あなたの用意が出来次第出発しましょう。 :: We'll leave as soon as you are ready. || ご搭乗のみなさんは搭乗券をご用意ください。 :: Please have your boarding pass ready. Thank you.
588	科学	かがく	noun	science	この理論は科学的な基礎の上に立っていた。 :: This theory was founded on a scientific basis. || その科学者は原子力の仕事に従事している。 :: The scientist is working on atomic energy.
589	種	たね	noun	seed (e.g. of a plant); pip; kernel	この種の仕事は大変な忍耐力を必要とする。 :: This sort of work calls for great patience. || この種の経験は誰にでもよくあることです。 :: This kind of experience is familiar to everybody.
590	結局	けっきょく	adverb	after all; in the end; ultimately	彼は入らないと言ったが、結局入ってきた。 :: He said he would not come in, but he came in after all. || 本物の皮を使う方が結局は安くつくだろう。 :: It'll be cheaper in the long run to use real leather.
591	美	び	noun	beauty	美というのは、見る人の目の中でのことだ。 :: Beauty is in the eye of the beholder. || その詩人は人生における美を求めている。 :: The poet searches for the beauty in life.
592	親	おや	noun	parent; parents; mother and father	あなたの息子さんを親離れさせるべきです。 :: You should have your son independent of you. || 先生達は親たちとその問題を討議しあった。 :: The teachers debated the problem with the parents.
593	アップ	あっぷ	noun	rise; increase; raising	労働者たちは賃金アップを要求して団結した。 :: The workers united to demand higher wages. || 兄は、うまい、安定したレイアップができます。 :: My brother can do a nice, steady lay-up.
594	ガン	がん	noun	gun	喫煙と肺ガンには関連があるのでしょうか？ :: Is there a link between smoking and lung cancer? || 父はガンの手術を受けるべきであったのに。 :: My father ought to have had an operation for cancer.
595	ドラマ	どらま	noun	(non-documentary) television series; TV drama; teledrama	今度のテレビドラマはたいへんおもしろい。 :: The new TV drama is quite interesting. || このドラマはどんなふうに終わりますか。 :: How does this drama end?
596	予約	よやく	noun	reservation; appointment; booking	あいにくですが本日は予約でいっぱいです。 :: I'm sorry, today is fully booked. || あなたの定期購読予約は六月号で切れます。 :: Your subscription expires with the June issue.
597	仲間	なかま	noun	companion; fellow; friend	ジムを説得して仲間に加わらせようとした。 :: We tried to persuade Jim to join us. || 彼はその仲間から自由になるのに苦労した。 :: He had a hard time to disengage himself from the gang.
598	位置	いち	noun	place; position; location	地図は自分の位置を確かめるのに役立った。 :: The map helped me to orient myself. || その位置に誰を選ぶか考えがありますか。 :: Do you have any idea who we should single out for the position?
599	印象	いんしょう	noun	impression	ロンドンの第一印象はどんなもんでしたか。 :: What was your first impression of London? || 彼のよい振る舞いに最も強い印象を受けた。 :: I was most impressed by his good behavior.
600	反応	はんのう	noun	reaction; response	午後の会合の出席者には、反応がなかった。 :: There was no objection on the part of those present at the afternoon meeting. || 報告書に対する彼らの反応はどうでしたか。 :: What was their reaction to the report?
601	少ない	すくない	i-adjective	few; little; small (amount)	ここには少なくても５００人の学生がいる。 :: There are no less than five hundred students here. || このあたりは電話ボックスがとても少ない。 :: Telephone booths are very scarce around here.
602	島	しま	noun	island	いつその島をはじめて見たか教えて下さい。 :: Tell me when you first saw the island. || 彼は自分のボートで僕を島へ運んでくれた。 :: He took me over to the island in his boat.
603	日本語	にほんご	noun	Japanese (language)	その授業中は日本語を話してはいけません。 :: You must not speak Japanese during the class. || それを日本語でどういうのがわかりません。 :: I don't know how to put it in Japanese.
604	本人	ほんにん	noun	the person in question; the person themselves; said person	あなた本人が彼女に話さなければならない。 :: You must talk to her in person. || できるだけ君本人が行って調べたほうがいいよ。 :: If at all possible, you should go and look into the matter yourself.
605	番号	ばんごう	noun	number; series of digits	あなたのかけた電話番号は間違っています。 :: You have the wrong number. || どうしても彼女の電話番号が思い出せない。 :: I can't for the life of me remember her phone number.
606	空	そら	noun	sky; the air; the heavens	ペンで空所に書き込まなければなりません。 :: You must fill the blanks in with a pen. || 私たちは一番星が空に輝いているのを見た。 :: We saw the first star shining in the sky.
607	綺麗	きれい	na-adjective	pretty; lovely; beautiful	アンはいつも自分の部屋を綺麗にしている。 :: Ann always keeps her room clean. || 食前には手を綺麗に洗わなければならない。 :: You must clean your hands before meals.
608	裏	うら	noun	opposite side; bottom; other side	表が出たら僕の勝ち、裏が出たら君の勝ち。 :: Heads I win, tails you win. || 裏に何かあると思わずにはいられなかった。 :: I could not but suspect that there was something behind it.
609	近い	ちかい	i-adjective	near; close; short (distance)	あれ、そんなに近いとは知りませんでした。 :: Oh, I didn't know it was that close. || ここから、一番近いトイレは、どこですか。 :: Where's the nearest restroom?
610	銀行	ぎんこう	noun	bank; banking institution	あなたの銀行口座を教えていただけますか。 :: May we know your bank account? || この近くに日本の銀行の支店はありますか。 :: Is there a nearby branch of a Japanese bank?
611	長い	ながい	i-adjective	long (distance, length)	あまり長く待たなくてすむといいんだけど。 :: I hope we don't have to wait for too long. || この程度のお金じゃ長くは持たないだろう。 :: This sum of money won't go far.
612	もらう	もらう	verb	to receive; to take; to accept	あなたは何時壁を塗ってもらったのですか。 :: When did you have your wall painted? || あなたは私に何をしてもらいたいのですか。 :: What would you have me do?
613	センター	せんたー	noun	centre; center	学生センターは話をするのに良いところだ。 :: The student center is a good place to strike up conversations. || ショッピングセンターは一マイル先です。 :: The shopping center is a mile further down the road.
614	不明	ふめい	na-adjective	unclear; obscure; indistinct	その行方不明だった子は２日後に見つかった。 :: The lost child was found after two days. || 我々は行方不明の子を求めて森の中を探した。 :: We searched the woods for the missing child.
615	京都	きょうと	noun	Kyoto (city, prefecture)	ぜひ京都を見物されるようおすすめします。 :: I strongly suggest you visit Kyoto. || 京都には有名な古い建造物がたくさんある。 :: There are many famous old buildings in Kyoto.
616	出会い	であい	noun	meeting; rendezvous; encounter	彼のフランス語との最初の出会いなのです。 :: It's the first time he has encountered people speaking French. || 彼女が彼との出会いを面白く話してくれた。 :: She gave me a humorous account of her encounter with him.
617	参考	さんこう	noun	reference; consultation	この参考書は私の研究にとって重要である。 :: This reference is valuable for my research. || この参考書は君たちみんなのためになる。 :: This reference book is of benefit to you all.
618	友人	ゆうじん	noun	friend	あそこで勉強している学生は私の友人です。 :: The students studying over there are my friends. || そこに住んでいる人々は私たちの友人です。 :: The people who live there are our friends.
619	地球	ちきゅう	noun	Earth; the globe	地球が丸いという事実を誰も否定できない。 :: No one can deny the fact that the earth is round. || 地球が太陽の周囲を回るのだと彼は言った。 :: He declared that the earth goes round the sun.
620	実施	じっし	noun	enforcement; implementation; putting into practice	政府が住民に問う一般投票を実施しました。 :: The government put the question to the people in a referendum. || 政府はその計画を来年実施する予定である。 :: The government is scheduled to put the plan into practice next year.
621	必ず	かならず	adverb	always; without exception; necessarily	あなたは必ずその美しさに感動するだろう。 :: You will never fail to be moved by beauty. || あなたを見ると必ずケンのことを思い出す。 :: I never see you without thinking of Ken.
622	更新	こうしん	noun	renewal; update; replacement	パスポートを更新しないといけないんです。 :: I must renew my passport. || 私は先月、運転免許証を更新してもらった。 :: I had my driver's license renewed last month.
623	みな	みな	noun	everyone; everybody; all	だれでもみな人生で成功するわけではない。 :: Not everybody succeeds in life. || わたしたちはみな、時折ばかな真似をする。 :: We all make fools of ourselves at times.
624	購入	こうにゅう	noun	purchase; buying	その他購入するものはありますでしょうか。 :: Will there be anything else? || 我が家では来週、新車を購入するつもりだ。 :: We will purchase a new car next week.
625	階	かい	noun	storey; story; floor	二階からトランクを降ろしてくれませんか。 :: Can you bring down my trunk from upstairs? || 今までずっと２階で何をしていたのですか。 :: What have you been doing upstairs all this time?
626	馬	うま	noun	horse	その馬は倒れたときに首を折ってしまった。 :: The horse broke its neck when it fell. || その馬は立ち止まって動こうとしなかった。 :: The horse stopped and wouldn't move.
627	ごと	ごと	noun	each; every	ヘレンは日曜日ごとに叔父さんを訪問する。 :: Helen visits her uncle every Sunday. || 君はまるで人ごとみたいな顔をしているね。 :: You look as if it were none of your business.
628	どうぞ	どうぞ	adverb	please; kindly; pray	「入ってよろしいですか」「はい、どうぞ」 :: May I come in? "Yes, certainly." || あなたがあえて一人で行きたいならどうぞ。 :: If you insist on going alone, please do so.
629	シーン	しーん	noun	scene; sight	その知らせを聞いて、皆シーンとしてしまった。 :: A blanket of silence fell over everyone when they heard the disappointing announcement. || あの美しいシーンが目に浮かぶ。 :: The beautiful scene comes to my mind.
630	スーパー	すーぱー	noun	supermarket	母はよく私をスーパーへ買い物に行かせる。 :: Mother often makes me go shopping at the supermarket. || 私はたいていこのスーパーで買い物をします。 :: I usually do my shopping at this supermarket.
631	人々	ひとびと	noun	people; men and women	あなた方ばかりでなく彼らも普通の人々だ。 :: They, as well as you, are ordinary people. || あらゆる種類の人々が展覧会にやってきた。 :: All sorts of people came to the exhibition.
632	卒業	そつぎょう	noun	graduation; completion (of a course)	大学を卒業したあとはどうしたいのですか。 :: What do you want to do after you finish college? || 彼は大学を卒業したあと日本に帰ってきた。 :: He returned to Japan after graduating from college.
633	周り	まわり	noun	circumference; girth	それは３６５日かけて太陽の周りをまわる。 :: It goes around the sun in 365 days. || 太陽は地球の周りを回ると信じられていた。 :: It was believed that the sun went around the earth.
634	国民	こくみん	noun	people (of a country); nation; citizen	この建物は国民的遺産として保存すべきだ。 :: This building should be kept as a national heritage. || 合衆国大統領は国民投票によって選ばれる。 :: The President of the U.S. is chosen in a national election.
635	大統領	だいとうりょう	noun	president (of a country)	合衆国大統領は国民投票によって選ばれる。 :: The President of the U.S. is chosen in a national election. || 大統領はその質問に答えることを否定した。 :: The President refused to answer the question.
636	宇宙	うちゅう	noun	universe; cosmos; space	われわれの世界は宇宙の小部分にすぎない。 :: Our world is only a small part of the universe. || 乗組員たちは宇宙への航海の準備に忙しい。 :: The crew is busy preparing for the voyage into outer space.
637	対策	たいさく	noun	measure; step; countermeasure	徹底的な安全対策が実施された。 :: Strict security measures were in force. || 私たちは常に地震対策を考えておかなければならない。 :: We should always be fully prepared for an earthquake.
638	少女	しょうじょ	noun	girl (usu. between 7 and 17); young lady	かわいそうにその少女は死にかかっていた。 :: The poor girl was on the point of death. || その哀れな話を聞いて少女は涙を浮かべた。 :: The pitiful tale fetched tears from the girl.
639	携帯	けいたい	noun	carrying (on one's person or in the hand)	アメリカ人は武器の携帯を許されている。 :: Americans have the right to bear arms. || イギリスは警官が銃を携帯しない国です。 :: England is a land where the policemen carry no revolvers.
640	時点	じてん	noun	point in time; occasion	彼らは多くの労働者たちをその時点で一時解雇した。 :: They laid off many workers at that point. || 神様の名前はやっぱりＮＧだと思うよ～。もう名づけた時点で名前負けなわけじゃん。 :: I think a god's name has got to be out. From the moment the kid's named you know he's not going to be able to live up to it!
641	村	むら	noun	village	その村と我々の町は橋でつながっています。 :: The village is connected with our town by a bridge. || その村はこの町の北２０マイルの所にある。 :: The village lies 20 miles north of this town.
642	正直	しょうじき	na-adjective	honest; frank; candid	君がなんと言おうとも、彼は正直だと思う。 :: Say what you will, I think he is honest. || 彼の性格には単なる正直以上のものがある。 :: There is more in his character than simple honesty.
643	皆さん	みなさん	noun	all; everyone; everybody	私たちの運命は皆さんの決定次第なのです。 :: Our fate depends on your decisions. || 私はまた皆さんにお会いしたいと思います。 :: I hope to meet you all again.
644	真	しん	noun	truth; reality; genuineness	人間の真の価値はその財産にあるのではない。 :: The true value of a man does not lie in what he has. || 真の友であったら、私を助けてくれただろう。 :: A true friend would've helped me.
645	肉	にく	noun	flesh	私の父は昔、肉と魚を売る店を持っていた。 :: My father used to own a store dealing in meat and fish. || 彼女は私の好みに会うように鳥肉を料理する。 :: She cooks chicken the way I like.
646	かかる	かかる	verb	to take (a resource, e.g. time or money)	あなたは、今度は何にとりかかっているの。 :: What are you up to? || かわいそうにその少女は死にかかっていた。 :: The poor girl was on the point of death.
647	どちら	どちら	pronoun	which way; which direction; where	あなたか私のどちらかが一位を取るだろう。 :: Either you or I will get the first prize. || あなたはこれとあれとどちらが好きですか。 :: Which do you like better, this or that?
648	コメント	こめんと	noun	comment	この件について、コメントが欲しいんですが。 :: Can I hear your comments about this? || 私はこのことにコメントする資格はない。 :: I am not entitled to comment on this.
649	トップ	とっぷ	noun	top	トムは他の連中よりはるかにすぐれてトップだ。 :: Tom is head and shoulders above others. || 彼らはまもなくトップランナーに追いつくだろう。 :: They will catch up with the lead runner soon.
650	以降	いこう	noun	on and after; from ... onward; since	いつか１０時以降に訪ねてこられませんか。 :: Why don't you come by sometime after ten? || 九時以降はテレビを見ないことにしている。 :: I make it a rule not to watch television after nine o'clock.
651	価格	かかく	noun	price; value; cost	価格は予告なく変更されることがあります。 :: Prices are subject to change without notice. || 価格を下げてくだされば条件に同意します。 :: I'll agree to the terms if you lower the price.
652	学	がく	noun	learning; scholarship; study	この本は言語学の新しい理論を扱っている。 :: This book deals with the new theory of linguistics. || スミス氏の専攻している学問は経済学です。 :: The study which Mr Smith specializes in is economics.
653	差	さ	noun	difference; variation	それらは程度の差で本質的には違いはない。 :: They are different in degree but not in kind. || 私達は３点差で相手チームを打ち負かした。 :: We defeated the other team by 3 points.
654	玉	たま	noun	ball; sphere; globe	彼の額には玉のような汗が浮かんでいた。 :: There were beads of sweat on his forehead. || 彼は裸の背中と腕に玉のような汗をかいていた。 :: His naked back and arms were beaded with sweat.
655	息子	むすこ	noun	son	あなたの息子さんを親離れさせるべきです。 :: You should have your son independent of you. || その政治家は三年前に妻と息子に死なれた。 :: The wife and son of the statesman died three years ago.
656	明らか	あきらか	na-adjective	clear; obvious; evident	その詩人が何を言いたいかは明らかだった。 :: It was clear what the poet wanted to say. || 彼がうそをついているのは、明らかだった。 :: It was obvious that he was lying.
657	楽	らく	noun	comfort; ease; relief	父の残した財産で彼は楽に暮らしていける。 :: The property left him by his father enables him to live in comfort. || この薬を飲めばもっと楽になるでしょう。 :: This medicine will make you feel better.
658	消費	しょうひ	noun	consumption; expenditure; spending	多くの消費者は消費税反対に立ち上がった。 :: Many consumers rose up against the consumption tax. || ビールの消費量は天気におおいに左右される。 :: How much beer people drink largely depends on the weather.
659	火	ひ	noun	fire; flame; blaze	あなたが去る前には火を確実に消しなさい。 :: Be sure to put out the fire before you leave. || それを取ってきてそして火に入れて下さい。 :: Get it and put it on the fire.
660	犯罪	はんざい	noun	crime; offence; offense	この犯罪の社会に与えた影響は大きかった。 :: The influence of this crime on society was great. || アメリカの犯罪者の多くは麻薬中毒である。 :: Many criminals in America are addicted to drugs.
661	監督	かんとく	noun	supervision; control; superintendence	彼の仕事は現場の労働者を監督することだった。 :: His work was supervising the labourers on the site. || 彼は疑いもなく世界で最も成功した映画監督だ。 :: He is without doubt the most successful movie director in the world.
662	素晴らしい	すばらしい	i-adjective	wonderful; splendid; magnificent	こんな素晴らしいパーティーは初めてです。 :: I've never been to such a nice party. || 彼には素晴らしいユーモアのセンスがある。 :: He has a great sense of humour.
663	経営	けいえい	noun	management; administration; operation	お父さんはレストランを経営しているのよ。 :: My father runs a restaurant. || その若者が大きなデパートを経営している。 :: The young man manages a big department store.
664	船	ふね	noun	ship; boat; watercraft	その船はかなりの費用をかけて建造された。 :: The ship was built at considerable expense. || まるで、沈む船から逃げるネズミみたいね。 :: It's just like rats leaving a sinking ship.
665	良	りょう	noun	good (quality, condition, etc.)	電話で良の声を聞いたら胸がいっぱいになった。 :: I got all choked up when I heard the voice of Ryo over the telephone. || 今学期は良が２つあった。 :: I got two Bs this semester.
666	通常	つうじょう	adjective	usual; ordinary; normal	私達の大学は通常４月一日から始まります。 :: Our university usually starts on April 1st. || これは、通常の値引きとは異なります。 :: This offer is not subject to the usual discounts.
667	障害	しょうがい	noun	obstacle; impediment; hindrance	そのスキャンダルは彼の出世の障害だった。 :: The scandal was an obstacle to his promotion. || 彼はあらゆる障害にも関わらず成功した。 :: He succeeded in spite of all difficulties.
668	電車	でんしゃ	noun	train; electric train	その事故でその電車の乗客数人が負傷した。 :: There were a few passengers in the train who were injured in the accident. || ジムは７時の電車に乗り遅れたようだった。 :: It seemed that Jim had missed the seven o'clock train.
669	食べる	たべる	verb	to eat	あなたに食べさせてくれる人の手をかむな。 :: Don't bite the hand that feeds you. || その晩私達はすばらしいディナーを食べた。 :: We had a splendid dinner that evening.
670	よる	よる	verb	to be due to; to be caused by	もうっ、全然勉強が手につかないわよっ！！ :: Enough! I can't get any study done at all! || ラジオによれば、明日は雪になるそうです。 :: According to the radio, it will snow tomorrow.
671	アイドル	あいどる	noun	performer (usu. in a boy band or girl group) with an image cultivated to foster a dedicated fan following; Japanese idol	彼女はいわば我々のアイドルだった。 :: She was, so to speak, our idol. || その歌手は若者たちのアイドルだ。 :: That singer is a teenage idol.
672	セックス	せっくす	noun	sex; sexual intercourse	彼女はセックスのことをまるで知らない。 :: She knows nothing about the birds and the bees. || 彼らは昨晩セックスしました。 :: They made love last night.
673	ホテル	ほてる	noun	hotel	あのホテルはおよそ５０年前に創立された。 :: That hotel was established about 50 years ago. || ある物をホテルの金庫に預けたいのですが。 :: I'd like to put some things in the hotel safe.
674	ロシア	ろしあ	noun	Russia	彼はロシア語が話せるし書くことができる。 :: He can both speak and write Russian. || その一行の中には５人のロシア人がいる。 :: There are five Russians among the party.
675	作業	さぎょう	noun	work; operation; task	私たちは彼女の指示に従って作業を完了した。 :: We have finished the work in accordance with her instructions. || これらの作業は技術的に不可能である。 :: These operations are technically impossible.
676	国家	こっか	noun	state; country; nation	国家はこれを構成する個人からできている。 :: A state is made up of individuals who compose it. || 個人は国家のために存在するのではない。 :: Individuals do not exist for the development of the State.
677	多数	たすう	noun	large number (of); many	私は多数の人を誕生パーティーに招待した。 :: I invited scores of people to my birthday party. || この列車にはかなり多数の乗客が乗っている。 :: There are not a few passengers on this train.
678	役	やく	noun	role; assignment; responsibility	そのような話は君には何の役にも立たない。 :: That kind of talk will get you nowhere. || 実行の伴わない理論は何の役にもたたない。 :: Theory without practice will be no use.
679	戦い	たたかい	noun	battle; war; fight	彼は「負けられない戦いなんだ！」と叫んだ。 :: He shouted at the top of his voice, "This is a battle we cannot lose." || 彼はその戦いに参加していたと言われている。 :: He is said to have taken part in the battle.
680	祭り	まつり	noun	festival; feast; matsuri	その祭りは毎年１月の第２週に行われる。 :: The festival is held in the second week of January every year. || 昔から男の子のお祭りの日でもあります。 :: It is the day of the traditional boys' festival.
681	素敵	すてき	na-adjective	lovely; wonderful; charming	それらのいくつかは本当に素敵なものです。 :: Some of them are really fine. || スージーはにっこりするととても素敵なの。 :: Susie has a nice smile.
682	続ける	つづける	verb	to continue; to keep up; to keep on	こんな騒がしい部屋では話が続けられない。 :: We can not carry on conversation in such a noisy room. || たとえ家を出る事になっても事業は続ける。 :: Even if I have to sell my house, I'll keep my business going.
683	聞く	きく	verb	to hear	あなたはこれを聞いて衝撃を受けるだろう。 :: You will be shocked to hear this. || あなたはもうそのニュースを聞きましたか。 :: Have you heard the news yet?
684	脳	のう	noun	brain	人間の脳は新しい状況に適応することが出来る。 :: The human brain can adapt to new situations. || 彼らは脳の機能について研究している。 :: They study about the function of the brain.
685	艦	かん	noun	warship	私はこれまで黄色い潜水艦を見たことがない。 :: I've never seen a yellow submarine in my life. || 潜水艦は沈んで二度と浮上しなかった。 :: The submarine sank, never to rise again.
686	行為	こうい	noun	act; deed; conduct	そのような不正行為には軽蔑しか感じない。 :: I feel nothing but contempt for such dishonest behavior. || 君はばかげた行為をやめなければいけない。 :: You must put an end to your foolish behavior.
687	途中	とちゅう	noun	on the way; en route	トムは学校に行く途中でメアリーと会った。 :: Tom met Mary on his way to school. || 学校へ行く途中忘れずに手紙を投函してね。 :: Remember to post the letter on your way to school.
688	非	ひ	noun	fault; error; mistake	彼は簡単に非を認めるような人ではない。 :: He is not a man to admit his mistakes easily. || 彼はどうしても非を認めようとしない。 :: He won't admit his fault.
689	スタッフ	すたっふ	noun	staff; staff member	スタッフの人たちともうまくいっています。 :: I get along well with all the staff. || スタッフ全員が出席したわけではありません。 :: Not all of the staff was present.
690	ドイツ	どいつ	noun	Germany	キャシーはフランス語とドイツ語が話せる。 :: Cathy can speak French and German. || ドイツはかつてイタリアと同盟国であった。 :: Germany was once allied with Italy.
691	仕方	しかた	noun	way; method; means	あなたは魚の料理の仕方を知っていますか。 :: Do you know how to cook fish? || これは全然別の仕方でしなければならない。 :: This must be done quite otherwise.
692	入れる	いれる	verb	to put in; to let in; to take in	それを取ってきてそして火に入れて下さい。 :: Get it and put it on the fire. || どうやってこの絵画を手に入れたのですか。 :: How did you obtain this painting?
693	制度	せいど	noun	system; institution; organization	税に関して言えば、それは魅力的な制度だ。 :: Tax wise, it is an attractive arrangement. || 日本の教育制度についてどう思いますか。 :: What do you think about Japan's educational system?
694	制限	せいげん	noun	restriction; restraint; limitation	この国では言論の自由が制限されていた。 :: Freedom of speech was restricted in this country. || サリーは先月からずっと食事制限をしている。 :: Sally has been on a diet since last month.
695	取引	とりひき	noun	transactions; dealings; business	ニューヨークはアメリカの株取引の中心だ。 :: New York is the center of America's stock exchange. || ぜひ取引させていただきたいと思います。 :: We would love to work with you.
696	国際	こくさい	adjective	international	私たちは英語が国際語であることを知った。 :: We learned that English is an international language. || 私達は英語を国際語と呼ぶことができます。 :: We can call English an international language.
697	地方	ちほう	noun	district; region; area	あなたはその地方の習慣を良く知るべきだ。 :: You should acquaint yourself with the local customs. || この地方の若い女性は美しいことで有名だ。 :: The young women of this district are well known for their beauty.
698	侍	さむらい	noun	warrior (esp. of military retainers of daimyos in the Edo period); samurai	太郎には侍の血が流れている。 :: A samurai's blood runs in Taro's veins. || 『うぐいす侍』人間愛とユーモア溢れる侍物語。 :: The Nightingale Samurai is a samurai tale full of humanity and humour.
699	完成	かんせい	noun	completion; perfection; accomplishment	その仕事は私が到着する前に完成していた。 :: The work had been completed before I arrived. || 君は自分でそれを完成しなければならない。 :: You yourself have to finish it.
700	少年	しょうねん	noun	boy	あの少年は、わざと彼女の子供をたたいた。 :: That boy hit her child on purpose. || あの少年は試しに重いソファーを動かした。 :: The boy tried moving the heavy sofa.
701	方向	ほうこう	noun	direction; orientation; bearing	私は方向感覚がいいから道には迷いません。 :: I have a good sense of direction, so I don't get lost. || けれども、何かがおかしな方向に進みました。 :: But something has gone wrong.
702	有名	ゆうめい	na-adjective	famous; well-known	ある朝目がさめたら私は有名になっていた。 :: I awoke one morning to find myself famous. || ここで造られたぶどう酒はすごく有名です。 :: Wine made here is very famous.
703	本気	ほんき	noun	seriousness; earnestness; truth	さあ、そろそろ本気で勉強を始めなくちゃ。 :: It's time to hit the books. || いい手品師になろうと本気で思っている。 :: I'm very serious about wanting to be a good magician.
704	森	もり	noun	forest	この森には、幽霊がいると信じられている。 :: It is believed that ghosts exist in this forest. || 少年のころ、私はよく森を散歩したもんだ。 :: I would walk in the woods when I was a boy.
705	生産	せいさん	noun	production; manufacture	この工場はバイクを月に８００台生産する。 :: The factory turns out eight hundred motorcycles a month. || この工場はＣＤプレーヤーを生産している。 :: This factory produces CD players.
706	石	いし	noun	stone; rock; pebble	ここからあそこへこの石を動かして下さい。 :: Please move this stone from here to there. || その石は重すぎて私には持ち上げられない。 :: The stone is too heavy for me to lift.
707	自己	じこ	noun	self; oneself	まず自分たちの自己紹介から話を始めよう。 :: Let's start the ball rolling by introducing ourselves. || 人は皆自己の運命の支配者になるべきだ。 :: Everyone ought to be a master of his own destiny.
708	ドル	どる	noun	dollar	あなたから５０ドルお借りしたいのですが。 :: I would like to borrow fifty dollars from you. || この円の現金を、ドルに両替してください。 :: I'd like to change yen to dollars.
709	付き	つき	noun	furnished with; including	一定の条件付きで、彼の提案に賛成します。 :: I support his proposal with certain qualifications. || そのホテルの宿泊料金は三食付きの値段です。 :: The rates cover all the meals at the hotel.
710	会議	かいぎ	noun	meeting; conference; session	その会議にはたくさんの人が出席していた。 :: Many people attended that conference. || どうぞ君の案を会議に持ち出してください。 :: Please bring your plan up at the meeting.
711	健康	けんこう	noun	health	きつい生活が彼の健康にこたえてきている。 :: His hard life is telling on his health. || これはあなたの健康にとって危険なものだ。 :: This is a hazard to your health.
712	勝手	かって	noun	one's own convenience; one's way; selfishness	なんでもかんでも好き勝手にはさせないぞ。 :: You shall not have your own way in everything. || 彼はなんでも自分のわがまま勝手にしたがる。 :: He wants to have everything his own way.
713	北	きた	noun	north	その村はこの町の北２０マイルの所にある。 :: The village lies 20 miles north of this town. || 日光は東京の北約７５マイルの地点にある。 :: Nikko is situated about seventy five miles north of Tokyo.
714	北海道	ほっかいどう	noun	Hokkaido (island, prefectural-level administrative unit)	あなたは北海道に行ったことがありますか。 :: Have you been to Hokkaido? || 北海道には長くてまっすぐな道が多いんだ。 :: There are a lot of long and straight roads in Hokkaido.
715	半	はん	noun	half; semi-; partial	その川はテムズ川の約１倍半の長さである。 :: The river is about half as long again as the Thames. || 私たちは列車の出る半時間前に駅へ来た。 :: We arrived at the station a half-hour before the train started.
716	器	うつわ	noun	bowl; vessel; container	彼は将来国家の棟梁たるべき器だ。 :: He has the capacity to be a future leader of the nation.
717	外国	がいこく	noun	foreign country	あなたが一人で外国に旅行するのは危険だ。 :: It is dangerous for you to travel to a foreign country by yourself. || この教科書は外国人学生向けのものである。 :: This textbook is intended for foreign students.
718	大量	たいりょう	na-adjective	large quantity; massive (quantity); mass (e.g. mass production, mass transit, mass destruction)	今日では大量の紙が毎日消費されている。 :: Today, paper is used in quantity every day. || 彼女は息子にあまりにも大量のお金を与えた。 :: She gives too much money to her son.
719	委員	いいん	noun	committee member	その委員会は７人の学者で構成されている。 :: The committee consists of seven scholars. || 委員会はもう一度会議を開きたくなかった。 :: The committee was not disposed to hold another meeting.
720	左	ひだり	noun	left; left-hand side	この通りを二つ目の角で左へ曲がりなさい。 :: Go two blocks and turn left. || 右よ～し、左よ～し・・・、よし。大丈夫。 :: Right - clear, left - clear..., OK, all clear.
721	平成	へいせい	noun	Heisei era (1989.1.8-2019.4.30)	平成１６年１月１日から、改正労働基準法が施行されます。 :: The reformed Labour Standards Act will be in force from Jan 1st 2004. || 昭和の次は平成です。 :: Heisei is next after the Showa era.
722	恋	こい	noun	(romantic) love	彼が彼女に恋をしているというのは本当だ。 :: That he is in love with her is true. || 彼らはお互いに恋をするようになるでしょう。 :: They will fall in love with each other.
723	旅	たび	noun	travel; trip; journey	以前は、人々は歩いて旅をしたものだった。 :: People used to travel on foot. || 団体旅行より、一人旅のほうがおもしろい。 :: It's more interesting to travel alone than to go on a group tour.
724	特徴	とくちょう	noun	feature; trait; characteristic	ここの地理的特徴は私達の県のそれと似ている。 :: The geographical features here are similar to those of our prefecture. || この計画の主要な特徴はまだ曖昧です。 :: The main feature of this scheme is still ambiguous.
725	選択	せんたく	noun	choice; selection; option	友人の選択においては注意深くあるべきだ。 :: You should be careful in your choice of friends. || 彼女はホテルの選択には本当にやかましい。 :: She's very particular about her choice of hotels.
726	野球	やきゅう	noun	baseball	うちの家族はみんな野球が大好きであった。 :: All my family were just crazy about baseball. || もし明日晴れなら、私たちは野球をします。 :: If it is fine tomorrow, we will play baseball.
727	雨	あめ	noun	rain	あの暗い雲がおそらく雨をもたらすだろう。 :: Those dark clouds will probably bring rain. || あの黒い雲をごらん。じきに雨が来そうだ。 :: Look at those black clouds. It is going to rain.
728	食事	しょくじ	noun	meal (e.g. lunch, dinner)	あなたはお昼に軽い食事で済ませて下さい。 :: Can you do with a light meal for lunch? || お母さんは食事のしたくをするのに忙しい。 :: Mother is busy preparing dinner.
729	魔法	まほう	noun	magic; witchcraft; sorcery	あいつに魔法をかけてカエルにしてやろう。 :: I'll bewitch him into a frog! || 学校内で人に魔法をかけるはダメです。 :: You must not cast a spell upon someone inside the school.
730	これら	これら	pronoun	these	「これらは何ですか」「あなたの写真です」 :: What are these? "They are your pictures." || あなたはこれらの要求に屈してはならない。 :: You must not give way to those demands.
731	どういう	どういう	adjective	what kind of; what sort of; what	「彼女はどういうつもりかしら」と思った。 :: I said to myself, "I wonder what she means." || それを日本語でどういうのがわかりません。 :: I don't know how to put it in Japanese.
732	ソフト	そふと	na-adjective	soft	スミスさんはソフトな語り口の人物です。 :: Mr Smith is a softly-spoken person. || 表計算ソフトは、覚えておくと何かと便利よ。 :: Once you get the hang of it, spreadsheet software is really useful.
733	人物	じんぶつ	noun	person; character; figure	世間は彼をつまらない人物とみなしている。 :: People regard him as nothing. || 問題の人物は目下アメリカに滞在中である。 :: The person in question is now staying in America.
734	反対	はんたい	noun	opposition; resistance; antagonism	こういうわけで私はあなたに反対なのです。 :: This is the reason I disagree with you. || だれも彼を議長に選ぶのに反対しなかった。 :: Nobody argued against choosing him as chairman.
735	名古屋	なごや	noun	Nagoya (city)	私は名古屋に一泊旅行をする計画をしている。 :: I am planning to make an overnight trip to Nagoya. || 私は３日間名古屋に滞在するつもりです。 :: I intend to stay in Nagoya for three days.
736	客	きゃく	noun	guest; visitor	その店は休日の買い物客で混み合っていた。 :: The store was crowded with holiday shoppers. || どこへ行っても日本人観光客がいるだろう。 :: Wherever you go, you'll find Japanese tourists.
737	専用	せんよう	noun	(one's) exclusive use; private use; personal use	ドアにいちばん近い駐車場所は重役専用です。 :: The parking spaces nearest the door are reserved for executives. || そう、専用浴室付きのシングルにしてください。 :: Yes, I'd like a single room with a private bath, please.
738	弁護士	べんごし	noun	lawyer; attorney	君は非常に優秀な弁護士になれる気がする。 :: I have a feeling you'll be a very good lawyer. || 弁護士たちはその事件を何時間も弁論した。 :: The lawyers argued the case for hours.
739	意見	いけん	noun	opinion; view; comment	あなたの意見は彼とはどうちがうのですか。 :: How does your opinion differ from his? || あなたは自分の意見に固執すべきではない。 :: You should not stick to your opinion.
740	成長	せいちょう	noun	growth; development; growing up	その子はちょっとの間にずいぶん成長した。 :: He grew a lot in no time at all. || その少年は成長して有名な音楽家になった。 :: The boy grew up to be a famous musician.
741	指定	してい	noun	designation; specification; assignment	彼は私に読むべき本を３冊指定した。 :: He assigned me three books to read. || 別の日をご指定いただけませんか。 :: Could you suggest an alternative date?
742	採用	さいよう	noun	use; adoption; acceptance	あの学校では新しい英語教授法を採用した。 :: They adopted a new method of teaching English in that school. || 我々の学校ではあなたの方法を採用します。 :: We will adopt your method at our school.
743	機関	きかん	noun	engine	その機関は１９６０年代後半に設立された。 :: The institution was established in the late 1960s. || 公共の交通輸送機関は正確に動いています。 :: The public transportation system runs like clockwork.
744	無駄	むだ	noun	futility; waste; uselessness	この機会を無駄にしないように気を付けよ。 :: Take care not to throw away this chance. || その件についてこれ以上話しても無駄です。 :: It is useless to discuss the matter any further.
745	箱	はこ	noun	box; case; chest	この箱ならきっとその本が全部入りますよ。 :: This box must be large enough for all these books. || 彼はその箱を開けようとしたがだめだった。 :: He tried in vain to open the box.
746	若い	わかい	i-adjective	young; youthful	おまえは若すぎてひとりでは旅行できない。 :: You are too young to travel alone. || この地方の若い女性は美しいことで有名だ。 :: The young women of this district are well known for their beauty.
747	製	せい	noun	make; manufacture; -made	何社製のコンピューターをお使いですか。 :: What make of computer do you use? || これは日本で作られた日本製の車です。 :: This is the car made in Japan.
748	赤	あか	noun	red; crimson; scarlet	あなたの引いたカードは赤のマークですね。 :: The card you drew was a red, wasn't it? || 信号が赤に変わったので、彼は車を止めた。 :: The signal turning red, he stopped his car.
749	逮捕	たいほ	noun	arrest; apprehension; capture	私は彼の逃亡を助けたので逮捕されました。 :: I was arrested for aiding in his escape. || 少年は暴動に関連したために逮捕された。 :: The youth was arrested for being involved in a riot.
750	郡	ぐん	noun	district; county	その発電所は、その遠く離れた郡に電気を供給している。 :: The power plant supplies the remote district with electricity. || これは豊能郡の地図です。 :: This is a map of the Toyono district.
751	髪	かみ	noun	hair (on the head)	彼女は登校前によく髪を洗ったものだった。 :: She used to wash her hair before going to school. || 彼女は苦労と心配のあまり髪が白くなった。 :: Her hair grayed with suffering.
752	パン	ぱん	noun	bread; (sweet) pastry	バターを塗ったパン以外何も食べなかった。 :: I ate nothing but bread and butter. || 向かいのパン屋へ行ってパンを買ってきて。 :: Will you go across to the baker's and buy some bread?
753	ライン	らいん	noun	line	ライン川はフランスとドイツの間を流れている。 :: The Rhine runs between France and Germany. || 相手チームはラインを越えさせまいとしたのです。 :: The other team tried to keep them from crossing the line.
754	ロック	ろっく	noun	rock (music)	ボブはロック音楽に興味を覚えなくなった。 :: Bob lost interest in rock music. || 現代の英雄はロックスターが代表している。 :: Modern heroes are represented by rock stars.
755	予想	よそう	noun	expectation; anticipation; prediction	この冬は予想していたより雪が少なかった。 :: We had less snow this winter than we had expected. || 私たちは予想以上にたくさんの金を使った。 :: We spent more money than was expected.
756	今後	こんご	noun	from now on; hereafter	今後旅行の際はぜひ当社をご検討ください。 :: Please consider us in the future for all your travel needs. || 今後は、午前中に勉強するようにしよう。 :: From now on, let's study in the morning.
757	医療	いりょう	noun	medical treatment; medical care	事故があるとすぐに救急医療隊が到着する。 :: Medical help arrives promptly after an accident. || 医者と歯医者はだいぶ違う医療器具を使う。 :: Medical doctors and dentists have very different tools of the trades.
758	南	みなみ	noun	south	あの鳥たちは夏に巣を作り、冬に南へ渡る。 :: Those birds build their nests in the summer and fly to the south in the winter. || たくさんの鳥が南へ飛んでいくのを見ました。 :: I saw a lot of birds flying toward the south.
759	命	いのち	noun	life; life force	あなたは死後の命があることを信じますか。 :: Do you believe that there is life after death? || その戦争は多くの命を犠牲にして終わった。 :: The war was over at the price of many lives.
760	変化	へんか	noun	change; variation; alteration	その会社は急激な変化に対処できなかった。 :: The company couldn't cope with sudden changes. || その革命が多くの変化を引き起こしている。 :: The revolution has brought about many changes.
761	夫	おっと	noun	husband	あなたはいつも夫の不平ばかり言っている。 :: You are always complaining about your husband. || ジョンはいい夫で、いい父親になるだろう。 :: John will make a good husband and father.
762	新聞	しんぶん	noun	newspaper	その事故はきょうの新聞に報道されている。 :: The accident is reported in today's paper. || その情報は発表するより先に新聞に漏れた。 :: The information was given away to the newspaper prior to the announcement.
763	特定	とくてい	adjective	specific; particular; designated	別に特定の人をさして言っているのではない。 :: I am not alluding to any person in particular. || 警察はいまだ犯人を特定できないでいる。 :: The police still can't point out who committed the crime.
764	男子	だんし	noun	boy	私たちの学校は男子より女子の方が多いよ。 :: There are more girls than boys in our school. || 僕たちのクラスは男子４０人からなっている。 :: Our class consists of 40 boys.
765	編集	へんしゅう	noun	editing; compilation	その編集者と発行者はふたりとも私のいとこです。 :: The editor and the publisher are both my cousins. || 編集者と出版者がそのパーティーに出席していた。 :: The editor and the publisher were present at the party.
766	読む	よむ	verb	to read	あなたの興味を引くような本を読みなさい。 :: Read such books as interest you. || いつの日か役に立つような本を読みなさい。 :: Read such books as will be useful some day.
767	賞	しょう	noun	prize; award	その３人の少年達のめいめいが賞を取った。 :: Each of the three boys got a prize. || 利口なその少年は自分の発明品で賞を得た。 :: The ingenious boy won a prize for his invention.
768	通信	つうしん	noun	correspondence; communication; transmission	この会社は通信部門でよく知られている。 :: This corporation is well known for its communication equipment. || ロケットは通信衛星を軌道に乗せた。 :: The rocket put a communications satellite into orbit.
769	つく	つく	verb	to breathe out; to breathe	あなたの散歩についていってもいいですか。 :: May I accompany you on your walk? || あなたの犬はいつも私に向かってほえつく。 :: Your dog always barks at me.
770	オリジナル	おりじなる	adjective	original	いくつかのシーンがオリジナルから外された。 :: Several scenes have been cut from the original.
771	カップ	かっぷ	noun	cup (drinking vessel, measure, brassiere, prize, etc.)	彼女は私がカップを割った時、私に腹を立てた。 :: She lost her temper with me when I broke the cup. || この空いたカップは、どこに捨てたらいいのかな？ :: Where should I throw away this empty cup?
772	テスト	てすと	noun	test (of ability, knowledge, etc.); exam; examination	その新型車は何度か厳しいテストを受けた。 :: The new model car was put through several tests. || たぶん、君はそのテストに合格するだろう。 :: The chances are that you can pass the test.
773	五	ご	number	five; 5	五時に起こしてくれるように彼女に頼んだ。 :: I asked her to call me at five o'clock. || 彼は五年前よりもいい暮らしをしています。 :: He is far better off now than he was five years ago.
774	制作	せいさく	noun	work (film, book)	彼の次の制作は非常に意欲的なミュージカルだった。 :: His next production was a very ambitious musical. || 私はあなたが最近、制作部長になった、ということを知り、嬉しく思っています。 :: I had the pleasure of learning that you recently became the manager of the production division.
775	壁	かべ	noun	wall; partition	あなたは何時壁を塗ってもらったのですか。 :: When did you have your wall painted? || ねずみがかじって壁に穴をあけちゃったの。 :: A rat chewed a hole in the wall.
776	大きい	おおきい	i-adjective	big; large; great	あの犬はこの犬のちょうど二倍の大きさだ。 :: That dog is exactly twice the size of this one. || うちのチームが勝つ見込みはかなり大きい。 :: The chances are very good that our team will win.
777	妹	いもうと	noun	younger sister	ジョンと言えば、彼の妹はどうなったかな。 :: Talking of John, what has become of his sister? || 妹の方が私よりも上手にピアノを弾けます。 :: My sister can play the piano better than I can.
778	席	せき	noun	seat	お年寄りに席を譲ることは確かに親切です。 :: To offer your seat to the old that is a kindness indeed. || 席を確保するには列に並びさえすればいい。 :: All you have to do to secure a seat is to wait in line.
779	掲載	けいさい	noun	publication (e.g. of an article in a newspaper); carrying (e.g. a story); running (e.g. a serial)	それは昨日の産経新聞に掲載された。 :: It came out in yesterday's Sankei.
780	新た	あらた	na-adjective	new; fresh; novel	その研究は問題に新たな光を投げかけた。 :: The research cast new light on the issue. || 我々は新たな種類の病気に直面している。 :: We are faced with new kinds of diseases.
781	条件	じょうけん	noun	condition; term; requirement	一定の条件付きで、彼の提案に賛成します。 :: I support his proposal with certain qualifications. || 価格を下げてくだされば条件に同意します。 :: I'll agree to the terms if you lower the price.
782	現場	げんば	noun	actual spot; scene (of a crime, accident, etc.)	その学生はカンニングの現場をみつかった。 :: The student was caught in the act of cheating. || 現場には彼に不利な証拠品は何もなかった。 :: There was no evidence against him found at the scene.
783	直接	ちょくせつ	na-adjective	direct; immediate; personal	このニュースは直接聞いたから間違いない。 :: You can believe me, because I heard this news first hand. || われわれは直接手紙の返事を受け取った。 :: We received an immediate answer to our letter.
784	福岡	ふくおか	noun	Fukuoka (city, prefecture)	福岡は私が好きなタイプの町のまさに典型です。 :: Fukuoka is very typical of the kind of town I like. || 父は福岡に小さな店を持っています。 :: My father owns a small business in Fukuoka.
785	耳	みみ	noun	ear	その犬はその音を聞いて耳をピンと立てた。 :: The dog pricked up his ears at the sound. || どうしてそれを耳にするようになったのか。 :: How did you come to hear of it?
786	観光	かんこう	noun	sightseeing; tourism	どこへ行っても日本人観光客がいるだろう。 :: Wherever you go, you'll find Japanese tourists. || 春には非常に大勢の観光客が京都を訪れる。 :: A great many tourists visit Kyoto in spring.
787	クラス	くらす	noun	class	あなたのクラスには何人の生徒がいますか。 :: How many pupils are there in your class? || あなたはうちのクラスで歓迎されています。 :: You are welcomed in our class.
788	コード	こーど	noun	code; program	彼は機械にコードをつないだ。 :: He connected the cord to the machine.
789	応援	おうえん	noun	aid; assistance; help	何事が起ころうとも、君を応援するよ。 :: I will stand by you whatever happens. || 彼女は自分のひいきの馬を応援した。 :: She cheered for her favorite horse.
790	枠	わく	noun	frame; framework	彼らは窓枠を黄色く塗った。 :: They painted the window frames yellow. || 彼はドア枠の下に立った。 :: He stood under the door frame.
791	治療	ちりょう	noun	(medical) treatment; care; therapy	その医者は、僕の足にいい治療をしてくれた。 :: The doctor did a good job on my leg. || どんな治療法を受けることになりますか。 :: What kind of treatment will I get?
792	法律	ほうりつ	noun	law; legislation; act	これは法律だから、全ての人に当てはまる。 :: This is a law, so it applies to everybody. || 我々はいつも法律に従って行動するべきだ。 :: We should always act in obedience to the law.
793	破壊	はかい	noun	destruction; disruption	ロンドンの大部分は、１７世紀に破壊された。 :: Much of London was destroyed in the seventeenth century. || 地震の結果、その道路は一部破壊された。 :: The road was partly destroyed in consequence of the earthquake.
794	種類	しゅるい	noun	variety; kind; type	あらゆる種類の人々が展覧会にやってきた。 :: All sorts of people came to the exhibition. || こういう種類の娯楽は私にはまったくない。 :: This kind of amusement has no attraction for me.
795	級	きゅう	noun	(school) grade; year; class	４級の漢字をどれだけ覚えていますか。 :: How many grade four kanji have you memorised? || 息子はＡ級試験で３科目に合格した。 :: My son passed in three subjects at A level.
796	いくつ	いくつ	adverb	how many	あなたはいくつのりんごが欲しいのですか。 :: How many apples do you want? || あなたは月曜日にいくつ授業がありますか。 :: How many classes do you have on Mondays?
797	すでに	すでに	adverb	already	バス停に着いた時、バスはすでに出ていた。 :: The bus had already left when I got to the bus stop. || 私たちが結婚してからすでに１０年になる。 :: It is already ten years since we got married.
798	それでも	それでも	conjunction	but (still); and yet; nevertheless	彼には欠点があるが、それでも私は好きだ。 :: I do not love him the less for his faults. || 彼は無作法だが、それでも私は彼を愛する。 :: He is rude, but I love him all the same.
799	ツアー	つあー	noun	tour	バスツアーはどこで申し込みするのですか。 :: Where do I book a bus tour? || この町を観光できるツアーがありますか。 :: Do you have any sightseeing tours of this town?
800	不安	ふあん	noun	anxiety; uneasiness; worry	その事故のニュースで人々は不安になった。 :: The news of the accident caused public alarm. || 人種問題はしばしば社会不安のもとになる。 :: Racial problems are often the cause of social unrest.
801	事務所	じむしょ	noun	office	その会社は事務所改善の努力をしなかった。 :: The company didn't make any effort to improve its business practices. || 彼は１時間のうちに事務所に着くはずです。 :: He should get to the office in an hour.
802	動き	うごき	noun	movement; move; motion	テレビ広告を禁止しようとする動きがある。 :: There are movements to try to ban TV advertising. || 下手な動き方をしない様に気をつけなさい。 :: Take care not to make a foolish move.
803	小説	しょうせつ	noun	novel; story; (work of) fiction	これがあの有名な小説家が生まれた家です。 :: This is the house where the famous novelist was born. || これは今年出版された断然最高の小説です。 :: This is by far the best novel that has been published this year.
804	局	きょく	noun	bureau; department	あなたは住所の変更を郵便局に通知したか。 :: Did you inform the post office of the change of your address? || この小包を郵便局へ持って行ってください。 :: Please take this parcel to the post office.
805	州	しゅう	noun	state (of the US, Australia, India, Germany, etc.); province (e.g. of Canada); county (e.g. of the UK)	アメリカの多くの州で死刑は廃止されてきた。 :: The death penalty had been done away with in many states in the USA. || アメリカ合衆国は５０州から構成されている。 :: The USA is composed of 50 states.
806	年齢	ねんれい	noun	age; years	その映画はどんな年齢の人にもふさわしい。 :: That movie is suitable for people of all ages. || 彼は自分の年齢を考慮に入れるべきだった。 :: He ought to have made allowances for his age.
807	投票	とうひょう	noun	voting; ballot; poll	合衆国大統領は国民投票によって選ばれる。 :: The President of the U.S. is chosen in a national election. || 君はもう成人したから投票する権利がある。 :: Now you've come of age, you have the right to vote.
808	旅行	りょこう	noun	travel; trip; journey	あなたが一人で外国に旅行するのは危険だ。 :: It is dangerous for you to travel to a foreign country by yourself. || おまえは若すぎてひとりでは旅行できない。 :: You are too young to travel alone.
809	機会	きかい	noun	chance; opportunity; occasion	この機会を無駄にしないように気を付けよ。 :: Take care not to throw away this chance. || 女性は男性との機会の平等を要求している。 :: Women want equality of opportunity with men.
810	活躍	かつやく	noun	activity (esp. energetic or successful); great efforts; active participation	彼女は婦人解放運動で積極的に活躍した。 :: She took an active part in the women's lib movement. || 新しい地位でご活躍することを確信しています。 :: I am sure you will take an active role in your new position.
811	美しい	うつくしい	i-adjective	beautiful; pretty; lovely	あなたは必ずその美しさに感動するだろう。 :: You will never fail to be moved by beauty. || この地方の若い女性は美しいことで有名だ。 :: The young women of this district are well known for their beauty.
812	趣味	しゅみ	noun	hobby; pastime	私の趣味は、魚釣りとテレビを見る事です。 :: My hobbies are fishing and watching television. || 誰がどんな趣味だろうと君の知ったことか？ :: Is it any of your business what someone's hobby is?
813	飲む	のむ	verb	to drink; to swallow; to take (medicine)	「一杯飲もうよ、ね」「うん、そうしよう」 :: Let's have a drink, shall we? "Yes, let's." || あのおいしいワインをなぜ飲まないんだい。 :: Why not try that delicious wine?
814	おかしい	おかしい	i-adjective	funny; amusing; comical	私は、なにかおかしいという結論に達した。 :: I came to the conclusion that something was wrong. || 郵便配達人がまだ来ていないのはおかしい。 :: It is funny that the mailman hasn't come yet.
815	おはよう	おはよう	interjection	good morning	「おはよう」とトムは微笑みながら言った。 :: Good morning, said Tom with a smile. || 彼女は私に「おはよう」とさえ言わなかった。 :: She did not so much as say "Good morning" to me.
816	とる	とる	verb	to have (e.g. lunch); to take (e.g. vitamins)	あなたは、今度は何にとりかかっているの。 :: What are you up to? || このページのコピーを３枚とってください。 :: Please make three copies of this page.
817	コーヒー	こーひー	noun	coffee	あの頃はコーヒー１杯が２００円だったよ。 :: A cup of coffee cost 200 yen in those days. || そのコーヒーは私が飲めないほど熱かった。 :: The coffee was too hot for me to drink.
818	テーマ	てーま	noun	theme; topic; subject matter	彼の発言はそのテーマとは何の関係もない。 :: His remark has nothing to do with the subject. || このテーマはもっと詳細に論じられるべきだ。 :: This theme should be treated in more detail.
819	トイレ	といれ	noun	toilet; restroom; bathroom	ここから、一番近いトイレは、どこですか。 :: Where's the nearest restroom? || シャワーとトイレつきの部屋はありますか。 :: Do you have any rooms with a shower and toilet?
820	ハイ	はい	na-adjective	high (spirits); euphoric; intoxicated	彼女はハイセンスの持ち主ですよ。 :: She has a sense of fashion. || ジョンは、クラスの中で一番背が高いのだがミスターハイというあだ名だ。 :: John, the tallest boy in our class, is nicknamed "Mr High".
821	プレゼント	ぷれぜんと	noun	present; gift	あなたの誕生日プレゼントにペンを買った。 :: I bought a pen for your birthday present. || このプレゼントはアンから私に与えられた。 :: This present was given to me by Ann.
822	ユーザー	ゆーざー	noun	user	エンドユーザーの視野にたった商品開発が必須。 :: Our new product development efforts must be done from the end user's viewpoint. || ゲイツ会長、広告収入をユーザーに還元する意向表明。 :: Bill Gates announces intent to return advertising revenue to the users.
823	代わり	かわり	noun	substitute; replacement; substituting	あなたの代わりに私が彼に会いに行きます。 :: I will go to see him instead of you. || いすの代わりにこの木箱を使ってください。 :: Please use this wooden box in place of a chair.
824	勝利	しょうり	noun	victory; triumph; win	正直者が最後には勝利を得ると信じている。 :: I believe the honest will win in the long run. || その勝利で私たちのチームは意気が上がった。 :: Our team was in high spirits because of the victory.
825	地震	じしん	noun	earthquake	この地震で非常に多くの家が被害を受けた。 :: A great many houses were damaged in the earthquake. || それは記録に残っている最大の地震だった。 :: It was the greatest earthquake on record.
826	失礼	しつれい	noun	discourtesy; impoliteness	「失礼ですが」とアンが話に割って入った。 :: Excuse me, Ann broke in. || 君がとても失礼だから、殴ってやりたいよ。 :: I have a good mind to strike you for being so rude.
827	安定	あんてい	noun	stability; steadiness; consistency	今日の政治状況はそれほど安定していない。 :: The current political situation is not very stable. || 当局は自国の通貨を何とかして安定させた。 :: The authorities managed to stabilize the currency.
828	広告	こうこく	noun	advertisement; advertising	テレビ広告を禁止しようとする動きがある。 :: There are movements to try to ban TV advertising. || 非常に沢山の人々がその広告にだまされた。 :: Thousands of people were deceived by the advertisement.
829	早い	はやい	i-adjective	fast; quick; rapid	あなたが早くよくなるように祈っています。 :: We are hoping for your quick recovery. || この仕事をできるだけ早くすませましょう。 :: Let's finish this work as soon as possible.
830	武器	ぶき	noun	weapon; arms; ordnance	アメリカ人は武器の携帯を許されている。 :: Americans have the right to bear arms. || 彼らの中には武器を作る才能のある者がいた。 :: Some of them had a gift for making weapons.
831	画面	がめん	noun	screen (of a TV, computer, etc.)	画面がもっと見えるように近づきたい。 :: Come closer in order that you may see the screen better. || テレビの画面を調節してください。 :: Please adjust the television picture.
832	社長	しゃちょう	noun	company president; manager; director	彼は社長がどこへ行ったかを明らかにした。 :: He made it known where the president had gone. || 社長と秘書はコーヒーを飲みながら話した。 :: The president and the secretary talked over a cup of coffee.
833	秘密	ひみつ	noun	secret; secrecy; confidentiality	これは我々だけの秘密にしておきませんか。 :: Let's just keep this between ourselves, shall we? || 彼がその秘密を知っているような気がする。 :: I have the impression that he knows the secret.
834	胸	むね	noun	chest; breast	サッカーは胸がわくわくするような競技だ。 :: Soccer is an exciting game. || 彼は胸の傷がもとで１週間後になくなった。 :: He died from a wound in the chest after a week.
835	装置	そうち	noun	equipment; device; installation	これらのすべての装置は信頼性に欠けている。 :: All these devices are unreliable. || 例えば、小鳥は特別な防御装置を備えている。 :: Birds, for instance, have a special protective device.
836	複数	ふくすう	adjective	plural; multiple	アジアの宗教から閃きを得て、彼は複数の素晴らしい彫刻を生み出した。 :: Asian religions inspire him to create splendid sculptures. || 競馬などで、ｓｔａｋｅｓと言う。この意味では複数形で使われることが多い。 :: With horse racing and such, these are called "stakes". For this meaning the plural form is often used.
837	謎	なぞ	noun	riddle; puzzle; enigma	この章ではその惑星の謎に焦点をあてます。 :: This chapter will focus on the riddles of the planets. || なぜ彼が自殺をしたかはいまだに謎である。 :: Why he killed himself is still a mystery.
838	連続	れんぞく	noun	continuation; succession; series	暖かい日が連続した後、天候は寒くなった。 :: After a succession of warm days, the weather became cold. || その選手はこの大会で三回連続優勝した。 :: That athlete won three times in a row in this tournament.
839	都市	とし	noun	town; city; municipal	その都市に入る道はすべて車で一杯である。 :: All the roads leading into the city are full of cars. || その都市は大気汚染がひどいことで有名だ。 :: The city is notorious for its polluted air.
840	ばか	ばか	noun	idiot; moron; fool	あんなふうに話すとは彼はばかに違いない。 :: He must be a fool to talk like that. || わたしたちはみな、時折ばかな真似をする。 :: We all make fools of ourselves at times.
841	だめ	だめ	na-adjective	no good; not serving its purpose; useless	勉強ばかりで遊ばないと子供はだめになる。 :: All work and no play makes Jack a dull boy. || 彼はその箱を開けようとしたがだめだった。 :: He tried in vain to open the box.
842	やはり	やはり	adverb	as expected; sure enough; just as one thought	彼には欠点はあるがやはり彼を私は愛する。 :: I do not love him the less for his faults. || 彼女は欠点があるがそれでもやはり美しい。 :: She is none the less beautiful for her faults.
843	サッカー	さっかー	noun	soccer; (association) football	サッカーとラグビーでは後者の方が好きだ。 :: Of soccer and rugby, I prefer the latter. || サッカーは日本で以前よりも今人気がある。 :: Soccer is more popular in Japan than it used to be.
844	処理	しょり	noun	processing; dealing with; treatment	あなただったらその問題をどう処理するか。 :: How would you deal with the problem? || その警察官はその混雑をうまく処理できた。 :: The police were able to cope with the crowd.
845	及び	および	conjunction	and; as well as	私の収入は彼のには及びもつかない。 :: My income is a far cry from his. || 全ての商品及びレストランで割引が効くわけではありません。 :: The discount can't be used for all goods or at all restaurants.
846	受ける	うける	verb	to receive; to get	あいにくご招待をお受けできないのですが。 :: I'm afraid I can't accept your invitation. || あすは歴史の試験を受けなくてはならない。 :: I have to take an examination in history tomorrow.
847	常に	つねに	adverb	always; constantly; at all times	そのタイプの人は、常に成功するでしょう。 :: A man of that cut will always succeed. || 成功は常に忍耐する人達に味方するものだ。 :: Success is always on the side of the persevering.
848	株式会社	かぶしきがいしゃ	noun	stock company; corporation; kabushiki kaisha	４月１日、南洋フーズ株式会社は横浜の新社屋に移転します。 :: On April 1, Nanyo Foods Co. Ltd. will move to its new building in Yokohama.
849	正しい	ただしい	i-adjective	right; correct	「彼は正しいですか」「そうは思いません」 :: Is he right? "I don't think so." || 君の言っていることが正しいように思える。 :: It appears to me that you are right.
850	満足	まんぞく	noun	satisfaction; contentment; gratification	あなたは会社での地位に満足していますか。 :: Are you content with your position in the company? || このプランはみんなに満足がいくものです。 :: This plan is acceptable to all.
851	生徒	せいと	noun	pupil; student; schoolchild	あなたのクラスには何人の生徒がいますか。 :: How many pupils are there in your class? || このクラスは３５名の生徒から成っている。 :: This class is composed of 35 pupils.
852	科	か	noun	department (of a university or hospital)	裁判官は彼に重い罰金を科せるのだろうか。 :: Will the judge fine him heavily? || ライオンと虎は猫科の２つの違った種である。 :: The lion and the tiger are two different species of cat.
853	米国	べいこく	noun	(United States of) America; USA; US	米国の犯罪者のほとんどは麻薬中毒である。 :: Many criminals in America are addicted to drugs. || この小説は米国の作家によって書かれた。 :: This novel was written by an American writer.
854	紙	かみ	noun	paper	この紙はどちらが表だか見分けがつかない。 :: I cannot tell which is the right side of this paper. || 私は箱を紙で包み、それをリボンで結んだ。 :: I put a piece of paper around the box and tied it up with a ribbon.
855	練習	れんしゅう	noun	practice; training; drill	そうですね。毎日練習する事が必要ですよ。 :: Yes, you need to practice every day. || 先生は本の２１ページの練習問題を省いた。 :: The teacher omitted the exercise on page 21 of the book.
856	食	しょく	noun	food; foodstuff	あのレストランは毎日二千食準備している。 :: That restaurant prepares two thousand meals every day. || そのホテルの宿泊料金は三食付きの値段です。 :: The rates cover all the meals at the hotel.
857	いずれ	いずれ	pronoun	which; where; who	いずれは手をつけなければならないだろう。 :: I suppose I've got to get my feet wet sometime. || 彼女はいずれにしても来なければならない。 :: She must come at all events.
858	ゆっくり	ゆっくり	adverb	slowly; unhurriedly; without haste	これから始まるショーをどうぞごゆっくり。 :: We hope you will enjoy the show. || ごゆっくりどうぞ。急ぐ必要はありません。 :: Take your time. There's no hurry.
859	スタート	すたーと	noun	start; beginning	子供らは二人一組になったスタートした。 :: The children started in pairs. || お茶とコーヒー、それが１日のスタートを助ける。 :: Tea and coffee helps to start the day.
860	ママ	まま	noun	mom; mommy; mum	もし、また時計を壊したらママに叱られますよ。 :: If you break the clock again, you'll catch it from Mommy. || ママはその事については触れなかった。 :: Mom didn't mention it.
861	メッセージ	めっせーじ	noun	message	我々は世界中にそのメッセージを送った。 :: We beamed the message to the world. || 彼はそのメッセージを全部暗記したいと思った。 :: He wanted to commit the whole message to memory.
862	メディア	めでぃあ	noun	media	このメディアには記録することができない。 :: It is not possible to record in this media. || 新聞・テレビ・ラジオは、マス・メディアと呼ばれる。 :: Newspapers, television, and radio are called the mass media.
863	メーカー	めーかー	noun	manufacturer (esp. a major company); producer; maker	そのテレビのメーカーは日本の企業である。 :: The manufacturer of the television set is a Japanese company. || 我々はその自動車メーカーに部品を供給している。 :: We supply parts to the auto manufacturer.
864	主張	しゅちょう	noun	claim; insistence; assertion	奇妙な話だが、彼は自分の無罪を主張した。 :: Oddly enough, he insisted on his innocence. || 彼らは、環境を保護する事を強く主張した。 :: They stressed protection of the environment.
865	会場	かいじょう	noun	assembly hall; meeting place; venue	コンサート会場はファンであふれていた。 :: The concert hall was alive with fans. || コンサート会場には大勢の聴衆がいた。 :: There was a large audience in the concert hall.
866	会話	かいわ	noun	conversation; talk; chat	メアリーは私たちの会話に割り込んできた。 :: Mary broke in on our conversation. || 一人の老人が私達の会話に割りこんできた。 :: An old man broke into our conversation.
867	作戦	さくせん	noun	tactics; strategy	彼は第２次大戦でアフリカ作戦の英雄だった。 :: He was a hero of the African campaign in World War II. || 誰もその作戦に失敗しなかった。 :: Nobody failed in the tactics.
868	制	せい	noun	system; organization; organisation	このゴルフ場は会員制になっています。 :: This golf course is not open to non-members. || リンカーンは合衆国の奴隷制廃止に乗り出した。 :: Lincoln set out to abolish slavery in the United States.
869	同様	どうよう	adjective	same; similar; (just) like	中国料理はフランス料理と同様においしい。 :: Chinese food is no less nice than French food is. || 同様に振る舞う他のイベントでも結構です。 :: Another event that has the same behaviour would also be fine.
870	団体	だんたい	noun	group; party; team	ある団体が雨林を保護する運動を起こした。 :: A group started a campaign to preserve rain forests. || その団体はどの政党とも関係がありません。 :: The organization is not connected with any political parties.
871	定期	ていき	noun	fixed period; fixed term	あなたの定期購読予約は六月号で切れます。 :: Your subscription expires with the June issue. || スミス氏は定期券を持っていくのを忘れた。 :: Mr Smith forgot to take his commuter ticket.
872	導入	どうにゅう	noun	introduction; bringing in; installation	その会社は経営に日本式のやり方を導入した。 :: The company introduced Japanese methods into its business. || コンピューターがこの会社に導入されつつあります。 :: Computers are being introduced into this company.
873	市場	しじょう	noun	market (financial, stock, domestic, etc.); marketplace; exchange	安い輸入品で市場が供給過剰になるだろう。 :: Cheap imports will glut the market. || 株式市場は今日は驚くべき動きはなかった。 :: The stock market was surprisingly quiet today.
874	弟	おとうと	noun	younger brother; little brother; kid brother	あなたの弟にいたずらするのをやめなさい。 :: Stop playing tricks on your brother. || ドアのそばの立っている少年は私の弟です。 :: The boy standing by the door is my brother.
875	様々	さまざま	na-adjective	various; varied; diverse	君は様々な状況に適応しなければならない。 :: You must adapt to a variety of conditions. || その精力的な男は様々な活動に加わっている。 :: The vigorous man is engaged in diverse activities.
876	横	よこ	noun	horizontal (as opposed to vertical)	少年はラジオを聞きながら横になっていた。 :: The boy lay listening to the radio. || 彼がベッドに横になっているのを見つけた。 :: I found him lying on the bed.
877	物語	ものがたり	noun	story; tale; narrative	この本の物語は彼女のために書かれている。 :: The stories in the book are written for her. || この物語は短いので１回の授業で読めます。 :: This story is short enough to read in one lesson.
878	申し訳	もうしわけ	noun	apology; excuse	ご迷惑をおかけしまして申し訳ありません。 :: I am sorry to have troubled you. || 大変お待たせして申し訳ありませんでした。 :: I'm sorry to have kept you waiting so long.
879	瞬間	しゅんかん	noun	moment; instant; second	彼らの最良の瞬間は、最後の舞台である。 :: Their finest moment is their last appearance on stage. || 僕は会った瞬間に彼女を好きになってしまった。 :: I took to her the moment I met her.
880	罪	つみ	noun	crime; sin; wrongdoing	うそをつくことはいつも罪なのでしょうか。 :: Is it always a sin to tell a lie? || 彼の罪を許してあげた方がいいんじゃない。 :: You may as well forgive his sins.
881	電子	でんし	noun	electron	電子メールで連絡を取り合いましょう。 :: Let's keep in touch by e-mail. || 電子タイプライターはありますか。 :: Do you have an electronic typewriter?
882	電気	でんき	noun	electricity	彼は電気製品をばらばらにするのが好きだ。 :: He likes to take electric devices apart. || 彼女は電気料金の請求書を今日受け取った。 :: She received the electricity bill today.
883	いくら	いくら	noun	how much	あなたが使った金額は全部でいくらですか。 :: What is the total amount of money you spent? || オーバーのクリーニング代はいくらですか。 :: What is the charge for cleaning overcoats?
884	とにかく	とにかく	adverb	anyway; anyhow; at any rate	とにかく万事うまくいくように期待しよう。 :: Let's hope for the best anyway. || 彼は年をとっているが、とにかくよく働く。 :: He is old, but at all events he works well.
885	コース	こーす	noun	course; route; trail	どこで？わたしもそのコースを取りたいわ。 :: Where? I'd like to take one, too. || この近くにゴルフコースはありますか。 :: Is there a golf course near here?
886	ビル	びる	noun	multi-floor building; multi-storey building	あそこに大きな白いビルが見えるでしょう。 :: Can you see the big white building over there? || いったいビルはまだ家にいるのでしょうか。 :: Can Bill still be at home?
887	フランス	ふらんす	noun	France	中国料理はフランス料理と同様においしい。 :: Chinese food is no less nice than French food is. || 彼がフランスに去ってから２ヶ月が過ぎた。 :: Two months have passed since he left for France.
888	ブラック	ぶらっく	noun	black	私はコーヒーをブラックで飲みましょう。 :: I'll take my coffee black. || ブラックさんに電話をつないで下さい。 :: Please put me through to Mr Black.
889	公演	こうえん	noun	public performance	その切符は金曜日の公演には使えなかった。 :: The tickets were not available for Friday's performance. || 彼の公演が終わるとわずかの人々が拍手をした。 :: A few people clapped after his lecture.
890	合	ごう	noun	gō; traditional unit of volume, approx. 180 ml	百合は当時たびたびロンドンに行った。 :: Yuri often went to London in those days. || 百合が雨のために打ち倒されてしまった。 :: The lilies have been beaten down by the rain.
891	地元	じもと	noun	home area; home town	うちの子供は全員地元の学校に通っています。 :: Our children all go to the local school. || 地元の店と価格競争をしなければなりません。 :: We must compete with the local stores in price.
892	報道	ほうどう	noun	report (of news); reporting; news	その事故はきょうの新聞に報道されている。 :: The accident is reported in today's paper. || 多くの犯罪が報道されないままに終わる。 :: Many crimes go underreported.
893	変わる	かわる	verb	to change; to be transformed; to be altered	このビルの所有者は何度も変わっています。 :: This building changed hands several times. || その変わった習慣はその地方特有のものだ。 :: The odd custom is peculiar to the region.
894	天	てん	noun	sky	天にも昇るような気持ちです。 :: I'm so happy, I feel like I could fly. || 赤ん坊は彼女にとって大きな天の恵みであった。 :: Her baby was a great blessing to her.
895	小さい	ちいさい	i-adjective	small; little; tiny	このドライバーは小さすぎて役に立たない。 :: This screwdriver is too small to be any use. || その老人は彼女に小さい人形をあげました。 :: The old man gave her a small doll.
896	小さな	ちいさな	adjective	small; little; tiny	みんなは、その小さな猫を「トラ」と呼ぶ。 :: Everybody calls the small cat Tora. || 多くの科学者がこの小さな村に住んでいる。 :: Many scientists live in this small village.
897	川	かわ	noun	river; stream	その川はテムズ川の約１倍半の長さである。 :: The river is about half as long again as the Thames. || その村へ入るには川から入るしかなかった。 :: The only access to the village is from the river.
898	市民	しみん	noun	citizen (of a country); citizenry	市長は市民にどう行動すべきかを指示した。 :: The mayor prescribed to the citizens how to act. || 彼にアメリカの市民権が与えられるだろう。 :: He will be given American citizenship.
899	感覚	かんかく	noun	sense; sensation; feeling	彼にはすばらしいユーモアの感覚があった。 :: He had a magnificent sense of humor. || 彼は死ぬまでユーモアの感覚を持ち続けた。 :: He kept his sense of humor until the day he died.
900	指導	しどう	noun	guidance; leadership; instruction	このチームはよいコーチに指導されている。 :: This team is trained by a good coach. || アンは彼らの指導者であると言われている。 :: Ann is said to be their leader.
901	操作	そうさ	noun	operation; management; handling	この機械はどうやって操作するのですか。 :: How do you operate this machine? || コンピューターの操作の仕方を知ってますか。 :: Do you know how to operate a computer?
902	普段	ふだん	adjective	usual; normal; everyday	私は普段金曜日に市場に買い物に行きます。 :: I usually go to market on Friday. || 普段は友人が息子の勉強を見てくれます。 :: My friend usually helps my son with his studies.
903	横浜	よこはま	noun	Yokohama (city)	横浜駅へ行くのにはこの道でいいのですか。 :: Is this the right way to Yokohama Station? || 彼は横浜から東京へ電車で通勤している。 :: He commutes from Yokohama to Tokyo by train.
904	現代	げんだい	noun	present age; present day; today	彼は現代美術についての面白い放送をした。 :: He gave an interesting broadcast about modern art. || 彼女は現代の最も優れた画家の一人である。 :: She is among the best artists of today.
905	禁止	きんし	noun	prohibition; inhibition; ban	テレビ広告を禁止しようとする動きがある。 :: There are movements to try to ban TV advertising. || 両親は私がまたトムと会うことを禁止した。 :: My parents forbade me to see Tom again.
906	自体	じたい	noun	itself	トランプをすることはそれ自体に害はない。 :: Playing cards is not in itself harmful. || 神の存在を信じる事それ自体は悪ではない。 :: Believing in God is not evil in itself.
907	遊び	あそび	noun	play; playing; game	この週末には忘れずに遊びにきてください。 :: Please remember to come and see us this weekend. || 勉強も遊びも共に健康にとって必要である。 :: Work and play are both necessary to health.
908	首	くび	noun	neck	その少女は首に長いスカーフを巻いていた。 :: The girl had a long scarf around her neck. || その馬は倒れたときに首を折ってしまった。 :: The horse broke its neck when it fell.
909	あるいは	あるいは	conjunction	or; either ... or	あなたかあるいは私が間違っている。 :: Either you or I am wrong. || あるいはそれは本当かもしれない。 :: Perhaps that's true.
910	アクセス	あくせす	noun	access (to a place, esp. using public transport)	空港へのアクセスがいいところに泊まろうよ。 :: Let's stay somewhere with easy airport access. || どういうわけかメールにアクセスできませんでした。 :: For some reason I couldn't access my e-mail.
911	サイズ	さいず	noun	size	このドレスには３つのサイズがあります。 :: This dress comes in three sizes. || その靴があなたにぴったりのサイズなら……。 :: If the shoe fits....
912	スタイル	すたいる	noun	(one's) figure; build; physique	その画家は独特なスタイルをもっている。 :: The artist has an individualistic style of painting. || ダンスはスタイルをよくするのにいい。 :: Dancing is good for the figure.
913	バンド	ばんど	noun	band (group of musicians)	バンドの演奏は何時に始まりますか。 :: What time will the band start playing? || このバンドの演奏を聞いているの。 :: I'm listening to this band.
914	フリー	ふりー	na-adjective	free (of restraint, controls, etc.)	もしもし、フリーマン氏はおられますか。 :: Hello, is Mr Freeman in? || フリーマーケットをやっている場所がありますか。 :: Is there anywhere I can go to find a flea market?
915	体験	たいけん	noun	(practical) experience; personal experience; hands-on experience	この事は私自身の体験から言っているのです。 :: I say this from my own experience. || ラクダの旅は全く素晴らしい体験だった。 :: Our journey by camel was quite an experience.
916	兄	あに	noun	older brother; elder brother	パーティーの準備は兄が全部やってくれた。 :: My brother saw to all the arrangements for the party. || 兄に比べれば、彼はそれほど聡明ではない。 :: Compared with his brother, he is not so intelligent.
917	八	はち	number	eight; 8	そのハイキングは八時間もかかるでしょう。 :: The hike will take no less than eight hours. || 十中八、九まで彼は彼女と結婚するだろう。 :: Ten to one he will get married to her.
918	冬	ふゆ	noun	winter	あの鳥たちは夏に巣を作り、冬に南へ渡る。 :: Those birds build their nests in the summer and fly to the south in the winter. || この冬は予想していたより雪が少なかった。 :: We had less snow this winter than we had expected.
919	安い	やすい	i-adjective	cheap; inexpensive	この時計を少し安いのと交換したいのです。 :: I would like to exchange this watch for a cheaper one. || これとあれとでは、どちらが安いんですか。 :: Which is cheaper, this or that?
920	平和	へいわ	noun	peace; harmony	これら両国は平和のために互いに妥協した。 :: These two countries came to terms with each other for the sake of peace. || それらの人々は世界平和に大いに貢献した。 :: Those people contributed greatly to world peace.
921	広島	ひろしま	noun	Hiroshima (city, prefecture)	彼女が広島にいるときに戦争が起こった。 :: The war broke out when she was in Hiroshima. || 彼女は他のどの都市よりも広島が好きだ。 :: She likes Hiroshima better than any other city.
922	筋	すじ	noun	muscle; tendon; sinew	彼がそのテレビドラマの筋を話す役割をした。 :: He had the role of narrating the television drama. || 私はそのニュースを確かな筋から得た。 :: I got the news from a reliable source.
923	機械	きかい	noun	machine; mechanism	この機械がうまく動くかどうかは疑わしい。 :: It is doubtful whether this machine works well or not. || この機械は１分間に６０ページ印刷できる。 :: This machine can print sixty pages a minute.
924	穴	あな	noun	hole; opening; orifice	ねずみがかじって壁に穴をあけちゃったの。 :: A rat chewed a hole in the wall. || 私のポケットにはたまたま穴があいていた。 :: It happened that there was a hole in my pocket.
925	舞台	ぶたい	noun	stage (of a theatre, concert hall, etc.)	この話をぼくは舞台にのせるかもしれない。 :: I may put this story on the stage. || その音楽家は舞台でバイオリンをひき始めた。 :: The musician began to play the violin on the stage.
926	設置	せっち	noun	establishment; institution	仕事場にコンピューターを設置した。 :: We have equipped our office with computers. || ようやく各店舗に監視カメラが設置されることになった。 :: Eventually it was decided that the stores be equipped with surveillance cameras.
927	雰囲気	ふんいき	noun	atmosphere; mood; ambience	ジェーンの一言がその場の雰囲気を和らげた。 :: What Jane said made the atmosphere less tense. || 彼が入ってくると、緊張した雰囲気になった。 :: The atmosphere became strained when he came.
928	頂	いただき	noun	crown (of head); summit (of mountain); spire	今朝起きてみると、山の頂が雪におおわれていた。 :: I awoke this morning to find the summit of the mountain covered with snow. || その山の頂は、雪で覆われている。 :: The summit of the mountain is covered with snow.
929	そこで	そこで	conjunction	so; accordingly; now	そこで私は、とても魅力的な女性に会った。 :: There I met a very fascinating lady. || そこで飲んだ紅茶はなかなかおいしかった。 :: The tea we had there was excellent.
930	そろそろ	そろそろ	adverb	soon; before long; any time now	あなたもそろそろ結婚してもいい頃ですよ。 :: It is about time you married. || さあ、そろそろ本気で勉強を始めなくちゃ。 :: It's time to hit the books.
931	なるほど	なるほど	interjection	I see; that's right; indeed	なるほど彼は会合に出ていたが眠っていた。 :: He was at the meeting, to be sure, but he was asleep. || なるほど彼は若いが、たいへん頼りになる。 :: It is true that he is young, but he is very reliable.
932	信頼	しんらい	noun	trust (in); confidence; faith	あなたは私たちの誰からも信頼されている。 :: You are trusted by every one of us. || あんな男を信頼したのが私の間違いだった。 :: I did wrong in trusting such a fellow.
933	勝ち	かち	noun	win; victory	表が出たら僕の勝ち、裏が出たら君の勝ち。 :: Heads I win, tails you win. || こんな一流選手が相手では勝ち目がない。 :: We have no chance against those top players.
934	募集	ぼしゅう	noun	recruitment; invitation; selection	うちのバスケット部は背の高い男子を募集している。 :: Our basketball team is recruiting tall boys. || その会の会員募集に応募した。 :: I applied for membership in the association.
935	友	とも	noun	friend; companion; comrade	人は交わる友によってその人物がわかる。 :: A man is known by the company he keeps. || 人は関わる友によってその人柄が分かる。 :: A man is known by the company he keeps.
936	店舗	てんぽ	noun	shop; store; establishment	私は店舗の二階に住んでいる。 :: I live in a flat above a shop. || ようやく各店舗に監視カメラが設置されることになった。 :: Eventually it was decided that the stores be equipped with surveillance cameras.
937	感情	かんじょう	noun	emotion; feeling; feelings	彼には人間的な感情がまったくかけている。 :: He is devoid of human feeling. || 我々は彼の感情を刺激しないかと心配した。 :: We were afraid that we might hurt his feelings.
938	批判	ひはん	noun	criticism; judgement; judgment	一言批判されただけで彼女はびくびくする。 :: A bare word of criticism makes her nervous. || その映画はとても好意的な批判を受けた。 :: The film received favourable criticism.
939	業務	ぎょうむ	noun	business; work; operations	支配人が不在の時は彼女が業務を管理する。 :: She handles the business when the manager is away. || 部長が不在のときはブラウン氏が業務を管理する。 :: Mr. Brown is in charge of the business in the absence of the manager.
940	業界	ぎょうかい	noun	business world; business circles; (the) industry	この会社は石油業界で２位に位している。 :: This firm ranks second in the oil trade. || この業界では金がものをいうんだ。 :: Money really talks in this business.
941	発言	はつげん	noun	statement; remark; observation	これに関連してどなたか発言がありますか。 :: Do any of you have anything to say in connection with this? || これらの発言は彼女の提案に関係がある。 :: These remarks are related to her proposal.
942	相当	そうとう	noun	corresponding to (in meaning, function, etc.); being equivalent to	住宅は相当な値段を払えば手に入るだろう。 :: Housing could be obtained at a price. || 木にとっては枝は人間の手足に相当する。 :: Branches are to trees what limbs are to us.
943	相談	そうだん	noun	consultation; discussion; discussing	そのことについては先生と相談してみたら。 :: Why not talk it over with your teacher? || 旅行についてはご両親と相談してください。 :: Please consult with your parents about the trip.
944	維持	いじ	noun	maintenance; preservation; improvement	こんな大きな家を維持するのは金がかかる。 :: It takes a lot of money to keep up such a big house. || その家の維持にはずいぶんとお金がかかる。 :: The maintenance of the house costs a lot.
945	西	にし	noun	west	ラクダの長い列が西に向かって移動していた。 :: A long train of camels was moving to the west. || 今日、西ヨーロッパの７人に１人は老人です。 :: Today, one of every seven people in Western Europe is classified as elderly.
946	要素	ようそ	noun	component; factor; item (e.g. in list)	個人は地域社会の基本的な構成要素である。 :: The individual is the fundamental element of a community. || 資本、土地、労働は生産の三大要素である。 :: Capital, land and labor are the three key factors of production.
947	視聴	しちょう	noun	looking and listening; (television) viewing; watching	テレビは視聴者に娯楽ばかりではなく、知識も与える。 :: Television enlightens the viewers as well as entertains them. || このレコード視聴できますか。 :: Can I hear a little bit of this record?
948	解説	かいせつ	noun	explanation; commentary; exposition	彼の解説がわかった人はほとんどいなかった。 :: Few people understood his comment. || その解説者は食糧危機を強調しすぎる。 :: The newscaster puts too much emphasis on the food crisis.
949	設計	せっけい	noun	plan; design; layout	このビルは有名な建築家によって設計された。 :: This building was laid out by a famous architect. || この奇妙なビルはいったい誰が設計したのか。 :: Who designed this strange building?
950	試験	しけん	noun	examination; exam; test	あすは歴史の試験を受けなくてはならない。 :: I have to take an examination in history tomorrow. || その学生は試験が終わってからやってきた。 :: The student arrived after the examination was over.
951	距離	きょり	noun	distance; range; interval	ここから学校までどのくらいの距離ですか。 :: How far is it from here to your school? || 科学者は惑星間の距離を容易に計算できる。 :: Scientists can easily compute the distance between planets.
952	雑誌	ざっし	noun	magazine; journal; periodical	彼女はその雑誌を夢中になってよんでいた。 :: She was absorbed in reading the magazine. || 彼女はソファーに座って雑誌を読んでいた。 :: She sat on the sofa, reading a magazine.
953	青	あお	noun	blue; azure	彼女の３台の車の１台は青で、残りは赤だ。 :: One of her three cars is blue and the others are red. || 私の父は青と灰色のネクタイを持っている。 :: My father has a blue and gray tie.
954	こんなに	こんなに	adverb	so; like this; in this way	こんなにおもしろい話は読んだことがない。 :: Never have I read such an interesting story. || こんなにたくさんの文字を暗記できません。 :: I can't memorize so many of these letters.
955	だし	だし	noun	dashi; Japanese soup stock made from fish and kelp	速度のだし過ぎは事故のもとになる。 :: Speeding causes accidents. || だしに使われるのはごめんだ。 :: I don't want to be made a cat's paw.
956	オープン	おーぷん	noun	opening (a new store, golf course, runway, etc.)	私は大阪までのオープンチケットを持っています。 :: I have an open ticket to Osaka. || 新しいスーパーがオープンしてから彼の客が少なくなった。 :: His customers dropped off after the new supermarket opened for business.
957	クラブ	くらぶ	noun	nightclub	それが君の一番お気に入りのゴルフクラブ？ :: Is that your most favorite golf club? || 彼はもう私達のクラブのメンバーではない。 :: He is no longer a member of our club.
958	スター	すたー	noun	star (actor, athlete, etc.); celebrity	少女達はその映画スターに夢中なっている。 :: The girls are wild about the film star. || 彼女はかつてトラック競技のスターだった。 :: She was a track star once.
959	タイム	たいむ	noun	time (for, to do)	あらいやだ。また、タイムカードを押し忘れた。 :: Oh, no! I forgot to punch in again! || タイム誌のアジアについての記事を読んだかい？ :: Have you read the article about Asia in Time?
960	リスト	りすと	noun	list	買い物リストの品物を全部確かめましたか。 :: Did you check all the items on the shopping list? || そのリストにもう２、３の名前を加えなさい。 :: Add a few more names to the list.
961	仕様	しよう	noun	way; method; means	仕様、価格は変更することがあります。 :: Specifications and price are subject to change. || この文章はそう解釈するよりほかに解釈の仕様がない。 :: The passage admits of no other interpretation.
962	公園	こうえん	noun	(public) park	この公園へ来ると私は子供の頃を思い出す。 :: This park reminds me of my childhood. || ロンドンにはたくさんの美しい公園がある。 :: There are many beautiful parks in London.
963	努力	どりょく	noun	effort; exertion; endeavour	あなたの努力によってその成功はなされた。 :: Your efforts resulted in the success. || その会社は事務所改善の努力をしなかった。 :: The company didn't make any effort to improve its business practices.
964	唯一	ゆいいつ	adjective	only; sole; unique	何よりも貴重な唯一の資源は土地であった。 :: The one resource more precious than any other was land. || 彼は私が本当に信頼できる唯一の友人です。 :: He is the only friend I can really trust.
965	城	しろ	noun	castle	残念なことにその城を見る機会がなかった。 :: Unfortunately, I didn't get the chance to see the castle. || その城は町から北へ３マイルのところにある。 :: The castle stands three miles north of the town.
966	基準	きじゅん	noun	standard; criterion; norm	私の判断の基準は楽しく働く能力だ。 :: My criterion is the ability to work joyfully. || 金銭は成功を計る基準にはならない。 :: Money is not a criterion of success.
967	始める	はじめる	verb	to start; to begin; to commence	この仕事から始めよう、と支配人がいった。 :: The manager said, "Let's begin with this job." || さあ、この前やめた所から読み始めなさい。 :: Now, resume reading where you left off.
968	得る	える	verb	to get; to earn; to acquire	こうして彼は彼女の心を得るのに成功した。 :: Thus he succeeded in winning her heart. || この店に関しては妥協せざるを得なかった。 :: I had to compromise on this point.
969	復活	ふっかつ	noun	revival (of an old system, custom, fashion, etc.); restoration; return	私は復活祭のパレードを見て楽しんだ。 :: I enjoyed watching the Easter Parade. || それは過去の流行を復活させるのに役立つだろう。 :: That will help revive a fashion of the past.
970	性格	せいかく	noun	character (of a person); personality; disposition	問題なのは、彼女の能力ではなくて性格だ。 :: It is not her ability, but her character that is at issue. || 彼の性格には単なる正直以上のものがある。 :: There is more in his character than simple honesty.
971	提案	ていあん	noun	proposal; proposition; suggestion	あなたにはもっとよい案を提案してほしい。 :: I want you to come up with a better plan. || 一定の条件付きで、彼の提案に賛成します。 :: I support his proposal with certain qualifications.
972	最新	さいしん	noun	latest; newest; late-breaking (news)	その学校は最新の体育器具を備えている。 :: That school is equipped with the latest gymnastics apparatus. || その雑誌の最新号は来週月曜日にでます。 :: The latest issue of the magazine will come out next Monday.
973	東	ひがし	noun	east	太陽は東から昇ろうとするところだった。 :: The sun was on the point of rising in the east. || 日が昇りはじめて東の方が明るくなった。 :: The east was brightened by the rising sun.
974	桜	さくら	noun	cherry tree; cherry blossom; sakura	日本の桜はまさにイギリスのバラにあたる。 :: The cherry blossom is to Japan what the rose is to England. || この公園には２００本もの桜の木がある。 :: There are as many as two hundred cherry trees in this park.
975	検査	けんさ	noun	inspection (e.g. customs, factory); examination; test	私は年に１度からだの検査を受けている。 :: I get a physical examination once a year. || 荷物検査で引っかからなければいいけど。 :: I hope this makes it through baggage inspection.
976	確実	かくじつ	na-adjective	certain; sure; definite	あなたが去る前には火を確実に消しなさい。 :: Be sure to put out the fire before you leave. || それはまったく確実というわけではない。 :: It's not quite certain.
977	終わる	おわる	verb	to end; to come to an end; to finish	あなたの仕事が終わった後で会いましょう。 :: We will meet after you have finished your work. || あなたの学生生活も間もなく終わりになる。 :: Your college years will soon come to an end.
978	編	へん	noun	compilation (of a text); editing	私は今までシェークスピアの作品を３編読んだ。 :: I have read three of Shakspeare's works so far. || 彼は一ヶ月の間に３編の詩を書いた。 :: He composed three poems in a month.
979	自ら	みずから	noun	oneself	彼らは間違ったことに対して自らを責めた。 :: They blamed themselves for being wrong. || 教師は自らの権威を頼みとしてはならない。 :: Teachers shouldn't fall back on their authority.
980	製品	せいひん	noun	manufactured goods; finished goods; product	その製品は世界的な規模で販売されている。 :: The products are sold on a world scale. || 彼は電気製品をばらばらにするのが好きだ。 :: He likes to take electric devices apart.
981	どんどん	どんどん	adverb	drumming (noise); beating; pounding	お湯が沸騰してどんどんなくなっているよ。 :: The water is boiling away. || 彼はわれわれの先をどんどん歩いて行った。 :: He walked vigorously ahead of us.
982	アイテム	あいてむ	noun	item	それぞれのアイテムがこと細かに描かれている。 :: Each item was described in painstaking detail. || この指輪は、使用者に大いなる力を与えるマジックアイテムだ。 :: This ring is a magic item that gives great power to its user.
983	カラー	からー	noun	color; colour	あまり太ったのでカラーの前が合わなかった。 :: He got so stout that his collar did not meet. || そのカラーは私の喉にきつすぎる。 :: The collar is too tight round my throat.
984	ガス	がす	noun	gas (as a fuel)	ガスがきちんと閉まっているか確認しなさい。 :: See if the gas is turned off. || 出かける前に忘れずにガスを止めなさい。 :: Don't forget to turn off the gas before going out.
985	ボール	ぼーる	noun	ball	その選手はボールを狙ってバットを振った。 :: The player swung the bat at a ball. || 彼はそのボールを投げ返してくれと言った。 :: He asked me to throw the ball back.
986	レース	れーす	noun	race	彼がレースに勝ったと言うのは本当ですか。 :: Is it true that he won the race? || 彼はこのレースのために馬を訓練している。 :: He is training a horse for a race.
987	世代	せだい	noun	generation	都会の文化は若い世代には魅力的に見える。 :: Urban culture appears to be attractive to the younger generation. || その小説家は私達の世代でかなり人気がある。 :: The novelist is popular among our generation.
988	以来	いらい	noun	ever since	それ以来、彼からは何の便りもありません。 :: I have never heard from him since. || クリスマス以来、ずいぶん太ってしまった。 :: I've put on a lot of weight since Christmas.
989	余裕	よゆう	noun	surplus; margin; leeway	買う余裕が無い物は、なしにすますがよい。 :: What you cannot afford to buy, do without. || ジャックには新しい自転車を買う余裕がない。 :: Jack can't afford to buy a new bicycle.
990	停止	ていし	noun	stoppage; coming to a stop; halt	戦争は停止されるべきだと全員合意した。 :: They were unanimous that the war should be brought to a halt. || 心停止の患者を応急処置で生かした。 :: We used emergency measures to revive the cardiac arrest patient.
991	剣	けん	noun	sword (esp. a large, double-edged one); blade	兵士たちは剣をきらきらさせながら行進していた。 :: The soldiers were marching with their swords shining. || 剣歯虎が絶滅したのは氷河時代であった。 :: It was during the ice age that the saber-toothed tiger became extinct.
992	古い	ふるい	i-adjective	old; aged; ancient	このミルクは少し古くなってしまいました。 :: The milk's a bit off. || この歌は私に古き良き時代を思い出させる。 :: This song reminds me of the good old days.
993	同士	どうし	noun	fellow; mutual; companion	私たちはいつまでも友達同士でいましょう。 :: We'll always be friends. || いとこ同士は結婚するには血が近すぎる。 :: First cousins are too close for marriage.
994	家庭	かてい	noun	home; household; family	この慣習はたいていの家庭で守られている。 :: This tradition is followed in most households. || 愛と幸せに満ちた家庭にしたいと思います。 :: We hope we will make our home full of love and happiness.
995	平均	へいきん	noun	average; mean	僕は平均して一日に2時間英語を勉強する。 :: I study English two hours a day on an average. || 君の成績は今学期は平均よりだいぶ下だった。 :: Your marks were well below average this term.
996	年代	ねんだい	noun	age; era; period	その機関は１９６０年代後半に設立された。 :: The institution was established in the late 1960s. || 誰も１９９０年代に何が起こるか知らない。 :: No one knows what will happen in the 1990's.
997	後ろ	うしろ	noun	back; behind; rear	彼は後ろを振り返ってその美しい娘を見た。 :: He looked back at the pretty girl. || あの高いビルの後ろに図書館があります。 :: There is a library at the back of that tall building.
998	指	ゆび	noun	finger; toe; digit	娘がマッチで指をやけどしてしまいました。 :: Our daughter burned her finger with a match. || 男の子は指を使って計算した。「７だよ！」 :: The little boy counts it out on his fingers and said, "Seven."
999	挑戦	ちょうせん	noun	challenge; defiance; dare	兄は何度も試験に挑戦して、最後には合格した。 :: My brother tried many times to pass the examination, finally succeeding. || 彼は生命の危険を冒してその山に挑戦しました。 :: He challenged the mountain at the risk of his life.
1000	文	ぶん	noun	sentence	これらの文をすべて暗記するのは不可能だ。 :: It is out of the question to learn all these sentences by heart. || この文の意味を私に教えてくれませんか。 :: Will you please explain the meaning of this sentence to me?
1001	構造	こうぞう	noun	structure; construction; makeup	社会構造は見分けがつかないほど変化した。 :: The social structure has changed beyond recognition. || その科学者は宇宙の構造について講義をした。 :: The scientist gave a lecture on the structure of the universe.
1002	権利	けんり	noun	right; privilege	まず第一に、君にはここにいる権利がない。 :: To begin with, you have no right to be here. || 君には他の人たちと同じだけの権利がある。 :: You have as much right as everyone else.
1003	目印	めじるし	noun	mark (for quick identification or recognition); sign	彼女は自分の傘に赤いリボンで目印を付けた。 :: She put a red ribbon on her umbrella as a mark. || そこに行く道がわかるように、近くの目印を教えて下さい。 :: I wish to know a landmark nearby so I can find my way there.
1004	知識	ちしき	noun	knowledge; information	常識を欠いた知識はほとんど役に立たない。 :: Knowledge without common sense counts for little. || 彼は、経験はいうまでもなく、知識もない。 :: He has no knowledge, not to mention experience.
1005	続く	つづく	verb	to continue; to last; to go on	少しばかり沈黙が続いた後、主婦は言った。 :: There was a short pause and the housewife said... || 彼らの喧嘩がいつまで続くのか分からない。 :: There is no telling how long their quarrel will last.
1006	雪	ゆき	noun	snow; snowfall	ここ私たちの街では１月は雪がとても深い。 :: The snow is very deep here in our town in January. || この冬は予想していたより雪が少なかった。 :: We had less snow this winter than we had expected.
1007	さっき	さっき	noun	a short while ago; a moment ago; just now	ついさっきポールが電話をしてきました。 :: Paul telephoned just now. || 私がついさっき書いた詩を君に読んであげよう。 :: I'll read you the poem I wrote just now.
1008	アルバム	あるばむ	noun	album	彼女は私に自分のアルバムを見せてくれた。 :: She showed her album to me. || その写真はアルバムに貼ったほうがよい。 :: You should stick those pictures in your album.
1009	キー	きー	noun	key (for a lock)	車にキーを置き忘れたのは不注意でしたね。 :: It was careless of you to leave the key in the car. || 今日私は道で見つけたキーを拾い上げた。 :: I picked up a key I found on the way today.
1010	ファイル	ふぁいる	noun	file (for holding papers)	新聞をまとめておくファイルを持っている。 :: I have a newspaper clipping file. || 私はＸ—ファイル４シーズンを見ました。 :: I watched the 4th season of X-files.
1011	ベース	べーす	noun	base; basis; theme	彼女は、あのベースが好き。 :: She likes that bass. || アコギなんか弾いて遊んでる暇があったらベースの練習しろ！ :: If you've got time to play around on an acoustic guitar, practice your bass!
1012	マーク	まーく	noun	mark; sign; symbol	あなたの引いたカードは赤のマークですね。 :: The card you drew was a red, wasn't it? || その夫婦は最初の子供にマークと名前をつけた。 :: The couple named their first child Mark.
1013	ラジオ	らじお	noun	radio	ラジオで、今朝、ニュースを聞きましたか。 :: Did you hear the news on the radio this morning? || ラジオによれば、明日は雪になるそうです。 :: According to the radio, it will snow tomorrow.
1014	不思議	ふしぎ	na-adjective	wonderful; marvelous; strange	不思議なことに、ドアはひとりでに開いた。 :: Strange to say, the door opened of itself. || 不思議なのは彼がそれを知っていたことだ。 :: The marvel is that he knew it.
1015	中央	ちゅうおう	noun	centre; center; middle	私は毎朝６時に中央公園で仕事をします。 :: I work every morning in Central Park at 6 a.m. || 部屋の奥の壁の中央に大きな窓がある。 :: In the middle of the wall at the back of the room is a large window.
1016	主人公	しゅじんこう	noun	protagonist; main character; hero	しかし、主人公は自らの誤りに気づいている。 :: However the protagonist is aware of his own mistakes. || この物語の女主人公は幼い少女です。 :: The heroine of this story is a little girl.
1017	保存	ほぞん	noun	preservation; conservation; storage	この建物は国民的遺産として保存すべきだ。 :: This building should be kept as a national heritage. || この食品は１０度以下で保存したほうがいい。 :: You had better keep this food under ten degrees.
1018	保険	ほけん	noun	insurance	ここでは、すべてに保険がかかっています。 :: The insurance covers everything here. || 彼は自動車事故を起こし保険金を請求した。 :: He claimed on the insurance after his car accident.
1019	優勝	ゆうしょう	noun	overall victory; championship; winning the title	彼女はその１００メートル競争で優勝した。 :: She won the one hundred meter race. || その選手はこの大会で三回連続優勝した。 :: That athlete won three times in a row in this tournament.
1020	助け	たすけ	noun	assistance; help; aid	彼に助けを求めるなんて彼女は愚かだった。 :: It was foolish of her to ask him for help. || 彼の両親は助けを求める者は誰でも助けた。 :: His parents helped whoever asked for their help.
1021	周辺	しゅうへん	noun	circumference; outskirts; environs	私たちはパリ周辺地方の道路地図を調べた。 :: We studied the road map of the country around Paris. || ケイトのお父さんは家の周辺にいる。 :: Kate's father is about the house.
1022	土地	とち	noun	plot of land; lot; soil	何よりも貴重な唯一の資源は土地であった。 :: The one resource more precious than any other was land. || 彼は家を建てるために郊外に土地を買った。 :: He has bought a lot in the suburbs with a view to building a house.
1023	字	じ	noun	character (esp. kanji); letter; written text	少女はまだ１０歳だというのに字がうまい。 :: The girl writes a good hand though she is still only ten. || 君の作文は綴り字以外はよく書けていた。 :: Your composition was good except for the spelling.
1024	実験	じっけん	noun	experiment; experimentation	その科学者は新しい実験に取り組んでいた。 :: The scientist was working on a new experiment. || データを収集するため、次の実験を行った。 :: They conducted the following experiment to collect the data.
1025	対	たい	noun	versus; against; vs.	私たちのチームは５対４で相手を負かした。 :: Our team defeated our opponent 5-4. || 私たちの野球チームは彼らに５対０で勝った。 :: Our team defeated them by 5-0 at baseball.
1026	建物	たてもの	noun	building	この建物の中で写真を撮ってもいいですか？ :: Is it all right to take pictures in this building? || この建物は国民的遺産として保存すべきだ。 :: This building should be kept as a national heritage.
1027	急	きゅう	na-adjective	sudden; abrupt; unexpected	彼女は急に泣きださずにはいられなかった。 :: She could not help bursting into tears. || 急に訪問をお知らせして申し訳ありません。 :: I'm sorry we gave you such short notice of our visit.
1028	患者	かんじゃ	noun	patient	医師が患者をよく診てくれたので回復した。 :: The doctor's careful treatment of the patient brought about her recovery. || 患者は数日しかもたないと医者は強調した。 :: The doctor emphasized that the patient had only a few days.
1029	支配	しはい	noun	rule; domination; control	彼はその家を支配し、すべての決断をする。 :: He dominates his family and makes all the decisions. || 英国はもはや世界政治を支配してはいない。 :: Great Britain is no longer in control of world politics.
1030	規模	きぼ	noun	scale; scope; plan	その製品は世界的な規模で販売されている。 :: The products are sold on a world scale. || ジョンは大規模な住宅計画をやり遂げた。 :: John put across a big housing project.
1031	闇	やみ	noun	darkness; the dark	闇はこれに打ち勝たなかった。 :: The darkness has not overcome it. || 闇の中でかろうじて２人の人影が見分けられた。 :: We could barely make out two figures in the dark.
1032	魂	たましい	noun	soul; spirit; mind	動物にも魂があると思いますか。 :: Do you think animals have souls? || お前の魂が助けを求めている。 :: Your soul needs rescue.
1033	こんにちは	こんにちは	interjection	hello; good day; good afternoon	こんにちは、今日のご機嫌はいかがですか。 :: Good day. How are you today? || こんにちは！ここで働かれているんですか。 :: Hi! Do you work here?
1034	さて	さて	conjunction	well; now; then	さて、私の両親をあなたたちに紹介します。 :: Now I'll introduce my parents to you. || さて例の教育に関しての本題に戻るとしよう。 :: Now let's return to the main problem of education.
1035	しばらく	しばらく	adverb	for a moment; for a minute	しばらくして彼は辞書を抱えて戻ってきた。 :: After a while he came back with a dictionary under his arm. || しばらく考えてみたいので時間をください。 :: Give me some time to think it over.
1036	ただし	ただし	conjunction	but; however; provided that	ただし、調子に乗ると失敗を招くので注意！ :: However if you get carried away you'll risk failure so take care! || ただし、列をつくって並ばなくてはならないが・・・。 :: However, you have to queue...
1037	エネルギー	えねるぎー	noun	energy	その家は太陽エネルギーで暖房されている。 :: The house is heated by solar energy. || 太陽のエネルギーは新しいエネルギー源だ。 :: Solar energy is a new source of energy.
1038	チャンス	ちゃんす	noun	chance; opportunity	その出版社が僕の企画にチャンスをくれた。 :: The publisher gave my proposal a chance. || もう１度やるチャンスを与えてください。 :: Give me another chance to try.
1039	リアル	りある	na-adjective	real; realistic; true to life	まさかリアルに借金の催促だったの？ :: No way, is this really a debt collection call?
1040	ルール	るーる	noun	rule	犬を飼うための基本的なルールは何ですか。 :: What are the basic rules for keeping a dog? || あなたはサッカーのルールを知っていますか。 :: Are you familiar with the rules of soccer?
1041	交通	こうつう	noun	traffic; transportation	その交通事故の責任はその運転手には無い。 :: The driver does not have responsibility for the traffic accident. || その交通事故はどうやって起きたのですか。 :: How did the traffic accident come about?
1042	他人	たにん	noun	another person; other people; others	やってもらいたいように、他人にしなさい。 :: Do to others as you would be done by. || ジミーの絵は他人のものと違っていました。 :: Jimmy's pictures were different from other people's.
1043	低い	ひくい	i-adjective	low (rank, degree, value, content, quality, etc.)	彼はその二人の少年のうちの背の低い方だ。 :: He is the shorter of the two boys. || かつて日本では金は銀よりも価値が低かった。 :: Once gold was less valuable than silver in Japan.
1044	再生	さいせい	noun	restoration to life; coming to life again; resuscitation	私たちは新聞の再生利用を始めました。 :: We have started to recycle newspapers. || この教科書って再生紙でできてんだ。 :: You know this textbook is made of recycled paper.
1045	博士	はかせ	noun	expert; learned person	ジョンソン博士にご紹介いたしましょうか。 :: May I introduce you to Dr. Johnson? || ホワイト博士が我々の通訳をして下さった。 :: Dr. White acted as our interpreter.
1046	取り柄	とりえ	noun	worth; merit; value	もし親切でなかったら、彼に取り柄がなくなる。 :: He is nothing, if not kind. || 天真爛漫なところが彼の唯一の取り柄だな。 :: Naivete is his only merit.
1047	回復	かいふく	noun	restoration; recovery; rehabilitation	コーヒーを１杯飲んで私は元気を回復した。 :: A cup of coffee refreshed me. || 世界経済の回復はまだ視野に入ってこない。 :: Recovery of the world economy is not yet in sight.
1048	姫	ひめ	noun	young lady of noble birth; princess (esp. in Western contexts, tales, etc.)	姫は目を閉じて、横たわっておられた。 :: The princess lay with her eyes closed. || やっと、マリオさんが姫さまの愛を勝ち得ることができた。 :: At last, Mario managed to win the princess's love.
1049	実行	じっこう	noun	execution (e.g. of a plan); carrying out; (putting into) practice	あなたは自分自身の計画を実行すべきです。 :: You should carry out your own plan. || 実行の伴わない理論は何の役にもたたない。 :: Theory without practice will be no use.
1050	恋愛	れんあい	noun	love; romance; tender passion	同情が恋愛に変わるのをよく見かける。 :: You often find that sympathy gives place to love. || 恋愛と戦争では手段を選ばない。 :: All's fair in love and war.
1051	戦闘	せんとう	noun	battle; fight; combat	彼らの到着する前に戦闘は終わっていた。 :: The battle ended before they got there. || 昨日の戦闘でだいぶ被害があったようだ。 :: It seems that much damage was done by yesterday's battle.
1052	政策	せいさく	noun	political measures; policy	政府は外交政策を変更せざるをえなかった。 :: The government had to alter its foreign policy. || 日本は外交政策の変更を迫られてきている。 :: Japan has been urged to alter her diplomatic policies.
1053	様子	ようす	noun	state (of affairs); situation; circumstances	この町は１０年前とはすっかり様子が違う。 :: This town is quite different from what it was ten years ago. || 彼の様子から見て病気だということが解る。 :: I can see he is ill by his appearance.
1054	次第	しだい	noun	order; program; programme	どちらを選ぼうが、それは完全に君次第だ。 :: It's entirely up to you which one you choose. || 私たちの運命は皆さんの決定次第なのです。 :: Our fate depends on your decisions.
1055	殺人	さつじん	noun	murder; homicide; manslaughter	その男がその殺人を犯したと言われている。 :: That man is alleged to have committed the murder. || 彼は殺人以外のことなら何でもするだろう。 :: He will do anything but murder.
1056	爆発	ばくはつ	noun	explosion; detonation; blast	その爆発はそのビルに多大の損害を与えた。 :: The explosion did a lot of damage to the building. || その労働者は爆発事故が原因で死亡した。 :: The workman died from the explosion.
1057	境	さかい	noun	border; boundary	我々の国はいくつかの国々と境を接している。 :: Our country borders on several countries. || ドイツはフランスと境を接している。 :: Germany borders on France.
1058	病気	びょうき	noun	illness (usu. excluding minor ailments, e.g. common cold); disease; sickness	あなたはいつ何時病気になるかもしれない。 :: You may fall ill at any moment. || さらに悪いことに、彼の母が病気になった。 :: To make matters worse, his mother became ill.
1059	痛い	いたい	i-adjective	painful; sore	あいつめ明日こそ痛い目にあわせてくれる。 :: I'll take my revenge on him at all costs tomorrow. || お母さんがとても痛がっているのが分かった。 :: I could see that my mother was in a lot of pain.
1060	総合	そうごう	noun	synthesis; combination; integration	彼も大人になって、物事を総合的な視野で見られるようになった。 :: As he grew up, he learned to put things in perspective. || このプロダクトはインテリジェント総合情報システムです。 :: This product is an intelligent integrated information system.
1061	面倒	めんどう	noun	trouble; bother	あなたは子供の面倒をみなければならない。 :: You must look after the child. || その子供たちは、よく面倒をみてもらった。 :: Those children were well looked after.
1062	類	るい	noun	kind; sort; type	こういった類の宝石はほとんど価値がない。 :: These kinds of jewelry are of little value. || その工場は古い機械類を廃棄することにした。 :: The factory decided to do away with the old machinery.
1063	どうして	どうして	adverb	how; in what way; by what means	どうしてお前は道理に従おうとしないのか。 :: Why will you not listen to reason? || どうしてこの仕事を辞めることができよう。 :: How can I quit this job?
1064	まさに	まさに	adverb	exactly; just; precisely	ことわざにある通り、時はまさに金である。 :: As the proverb goes, time really is money. || これこそがまさに私が探していた辞書です。 :: This is the very dictionary that I have been looking for.
1065	やっと	やっと	adverb	at last; finally	その子は靴のひもを結ぶのがやっとだった。 :: That child could barely manage to tie his shoes. || 太陽が沈んでからやっと子供も家に帰った。 :: It was not until the sun had set that the child came home.
1066	ケース	けーす	noun	case (container)	このケースはほかのケースにも当てはまる。 :: This case also applies to other cases. || 私がこのケースをあなたの所まで運びます。 :: I'll carry this case to your place.
1067	ステージ	すてーじ	noun	stage (platform)	ステージで踊っている人は私の叔父です。 :: The man dancing on the stage is my uncle. || この席からはステージが良く見えない。 :: I can't see the stage well from this seat.
1068	バック	ばっく	noun	back; rear	彼女はその狭い道を何とかバックで通り抜けた。 :: She managed to back through the narrow passage. || 彼は車をバックさせて車庫に入れた。 :: He backed his car into the garage.
1069	パンツ	ぱんつ	noun	underpants; pants; briefs	パンツとブラジャー以外は全部脱いでください。 :: Please take off all your clothes except your underpants and bra. || どの学校であっても、体操着は、スパッツやハーフパンツばかりだ。 :: In schools everywhere sports-wear is all spats and shorts.
1070	ビジネス	びじねす	noun	business	日本のビジネスホテルはそんなに高くない。 :: In Japan it is less expensive to stay in a Business hotel. || 彼は、お父さんのビジネスを引き継ぎました。 :: He has taken over his father's business.
1071	プログラム	ぷろぐらむ	noun	program (of events, music, etc.); programme	とにかくそのプログラムは成功だった。 :: At any rate, the program was a success. || プログラムをいただけますか。 :: May I have a program?
1072	休み	やすみ	noun	rest; recess; respite	休み時間になると彼は生き生きとしている。 :: He is lively during recess. || 明日学校が休みなので遊びに行く予定です。 :: It's a school holiday tomorrow, so I'm planning to go somewhere and have fun.
1073	値段	ねだん	noun	price; cost	二つのうちのどちらが値段が高いんですか。 :: Which is the more expensive of the two? || 今日では車の値段は広い範囲に渡っている。 :: Cars are now available in a wide range of prices.
1074	別に	べつに	adverb	(not) particularly; (not) especially; (not) specially	彼女はおびえただけで別にけがはなかった。 :: Aside from fright, she was not injured. || 私は学校での勉強とは別に、詩を書いている。 :: Apart from schoolwork, I write poetry.
1075	取る	とる	verb	to take; to pick up; to grab	あなたか私のどちらかが一位を取るだろう。 :: Either you or I will get the first prize. || あのテーブルの上にある本を取って下さい。 :: Take the book which is lying on that table.
1076	呼ぶ	よぶ	verb	to call out (to); to call; to invoke	そんなに大声で呼ばなくても聞こえるわよ。 :: You don't have to cry out. I can hear you. || みんなは、その小さな猫を「トラ」と呼ぶ。 :: Everybody calls the small cat Tora.
1077	尻	しり	noun	buttocks; behind; rump	佐藤さんは息子の尻をたたいて勉強させた。 :: Mrs. Sato pushed her son to study hard. || スーはお尻が大きいが、気にしていない。 :: Sue has a big bottom, but she doesn't care.
1078	工事	こうじ	noun	construction work	この道を行ってもダメですよ。工事中ですから。 :: You can't go along this road. It is under repair. || 建設工事の第一段階は終わった。 :: The first phase of construction has been completed.
1079	工場	こうじょう	noun	factory; plant; mill	この工場はバイクを月に８００台生産する。 :: The factory turns out eight hundred motorcycles a month. || この工場はＣＤプレーヤーを生産している。 :: This factory produces CD players.
1080	我慢	がまん	noun	endurance; patience; perseverance	その痛みは彼には我慢できないものだった。 :: The pain was more than he could stand. || とても暑くて、それ以上我慢できなかった。 :: It was hot. I couldn't stand it any longer.
1081	段階	だんかい	noun	stage; step; phase	次の段階は、いい芸術学校に入ることだった。 :: The next stage was to enter a good arts school. || ガンは第一段階で発見すれば容易に治療できる。 :: Cancer can be cured easily if it is found in its first phase.
1082	おいしい	おいしい	i-adjective	good(-tasting); nice; delicious	あのおいしいワインをなぜ飲まないんだい。 :: Why not try that delicious wine? || あのお店ではおいしいリンゴが販売中です。 :: There are some nice apples on sale in that shop.
1083	葉	は	noun	leaf; blade (of grass); (pine) needle	そのうわさは根も葉もないことが分かった。 :: The rumor turned out to be groundless. || これらの緑の葉は秋には赤や黄色になる。 :: These green leaves turn red or yellow in fall.
1084	血	ち	noun	blood	彼らの血は多くの人に分配されるであろう。 :: Their blood will be distributed to many people. || いとこ同士は結婚するには血が近すぎる。 :: First cousins are too close for marriage.
1085	行い	おこない	noun	deed; act; action	君は自分の行いを恥ずかしいと思うべきだ。 :: You should be ashamed of your conduct. || 私たちは行いが悪いといって彼女を非難した。 :: We criticized her for her behavior.
1086	週	しゅう	noun	week	彼は週に２、３日働いて少しお金をもらう。 :: He works a few days a week, and gets a little money. || 彼女の母親はエアロビクスを週に一回行う。 :: Her mother does aerobics once a week.
1087	お話	おはなし	noun	story; tale	彼女は今忙しく、あなたとお話できません。 :: She is busy at present and can't speak to you. || あなたのは初めて耳にする妙なお話です。 :: Yours is a very strange story.
1088	それら	それら	pronoun	those; they	これらは私の本で、それらは彼らの本です。 :: These are my books; those are his. || それらのいくつかは本当に素敵なものです。 :: Some of them are really fine.
1089	つける	つける	verb	to attach; to join; to connect	いずれは手をつけなければならないだろう。 :: I suppose I've got to get my feet wet sometime. || そこではネクタイをつける必要があります。 :: You need to wear a tie there.
1090	シャツ	しゃつ	noun	shirt (undergarment); undershirt; singlet	シャツの２番目のボタンが落ちそうですよ。 :: The second button of your shirt is coming off. || 今日はどのシャツを着て学校へ行くつもり？ :: What shirt will you wear to school today?
1091	ストーリー	すとーりー	noun	story; tale; legend	今回発売されたアルバムは、ストーリー仕立てになっていて力作だ。 :: Her latest album is a tour de force. It even has a storyline.
1092	ダンス	だんす	noun	dance; dancing	ダンスとモデルのレッスンを受けています。 :: I take dancing and modeling lessons. || ダンスパーティー、すごくすてきだったわ。 :: We had a lovely time at the dance.
1093	バー	ばー	noun	bar; tavern; barroom	誰がカラオケ・バーを発明したのですか。 :: Who invented karaoke bars? || ある女性が、バーの椅子に座っていた。 :: A woman was sitting on a stool in a bar.
1094	ベッド	べっど	noun	bed	医者は私にベッドで寝ているように命じた。 :: The doctor ordered me to stay in bed. || 彼がベッドに横になっているのを見つけた。 :: I found him lying on the bed.
1095	ラーメン	らーめん	noun	ramen; Chinese-style noodles	夜食にインスタントラーメンを食べた。 :: I had instant noodles as a midnight snack. || 私達は時々、ドライブを兼ねて大好きなラーメンを食べに行きます。 :: We sometimes combine going for a drive with eating the ramen we love so.
1096	一体	いったい	adverb	(what) the heck; (why) in the world; (who) on earth	洋子は一体どこへ行ってしまったのだろう。 :: Where can Yoko have gone? || 私のいない間に日記を読んだのは一体誰だ。 :: Who was it that read my diary while I was out?
1097	午後	ごご	noun	afternoon; p.m.	今日の午後、ご一緒にお茶をいかがですか。 :: Would you like to tea with us this afternoon? || 今日の午後には起きて歩けることでしょう。 :: She'll be up and around this afternoon.
1098	基地	きち	noun	base (military, expedition, etc.)	基地の中でも外でも、シートベルトを締めなさい。 :: On base and off, buckle your seat-belts. || 昨日、彼は基地に帰らなかった。 :: He didn't come back to the base yesterday.
1099	女優	じょゆう	noun	actress; female actor	彼女は、女優になろうという夢を実現した。 :: She realized her ambition to be an actress. || 彼女は昔からずっと人気のある女優でした。 :: She has always been a popular actress.
1100	姉	あね	noun	older sister; elder sister	両親だけでなく姉も私の意見に反対である。 :: Not only my parents but also my sister is against my opinion. || 去る６月に私の姉は高校の教師と結婚した。 :: My sister married a high school teacher last June.
1101	帯	おび	noun	obi (kimono sash)	彼女の着物と帯の取り合わせはおつだね。 :: Her kimono and obi combination is smart, isn't it? || 帯に短し、襷に長し。 :: Too much spoils, too little is nothing.
1102	扱い	あつかい	noun	treatment; service; dealing (with)	その若者は臆病者扱いをされて腹をたてた。 :: The youngster resented being treated as a coward. || 私たちは子供扱いされるのにはうんざりだ。 :: We are tired of being treated like children.
1103	支持	しじ	noun	support; backing; endorsement	君の申し出に関して、私は君を支持したい。 :: With reference to your request, I will support. || 審判はどちらの側も支持するべきではない。 :: A referee should not favor either side.
1104	教授	きょうじゅ	noun	professor	あの学校では新しい英語教授法を採用した。 :: They adopted a new method of teaching English in that school. || スミス教授と言えば、彼の助手は耳が遠い。 :: Talking of Professor Smith, his assistant is hard of hearing.
1105	料	りょう	noun	fee; charge; rate	大学の授業料をためるために働いています。 :: I am working to save for my college tuition. || 彼らは授業料値上げに反対してデモをした。 :: They demonstrated against the raising of the tuition fees.
1106	昭和	しょうわ	noun	Shōwa era (1926.12.25-1989.1.7)	昭和２０年に第二次世界大戦は終わった。 :: World War II came to an end in the 20th year of the Showa era. || ぼくは昭和に生まれた人です。 :: I'm a man born in the Showa era.
1107	本来	ほんらい	adverb	originally; primarily	この詩は本来フランス語で書かれていた。 :: This poem was originally written in French. || 人々は次第に本来の目的を見失うだろう。 :: People will gradually lose sight of the original purpose.
1108	残り	のこり	noun	remainder; remnant; the rest	彼女の３台の車の１台は青で、残りは赤だ。 :: One of her three cars is blue and the others are red. || 私は１つ食べて、それから残り１つを食べた。 :: I ate one and then I ate the other.
1109	注目	ちゅうもく	noun	notice; attention; observation	その地域は風景と野生動物で注目に値する。 :: The area is notable for its scenery and wildlife. || 彼はいつもボスの動きに注目しています。 :: He always takes note of his boss's movements.
1110	無事	ぶじ	noun	safety; security; peace	ほっとしたことに、彼は無事に帰ってきた。 :: To our relief, he came back safe and sound. || 彼は無事帰ってきた。それで両親は喜んだ。 :: He returned home safely, which pleased his parents.
1111	異常	いじょう	na-adjective	abnormal; unusual; extraordinary	こんな暖かい陽気は２月にしては異常だ。 :: This warm weather is abnormal for February. || それは異常な展開を見せた出来事でした。 :: It was an event that proved extraordinary.
1112	知る	しる	verb	to know; to be aware (of); to be conscious (of)	あなたが先生だということを知っています。 :: I know that you are a teacher. || あなたが彼らの結婚を知らないとは驚いた。 :: I am surprised that you should not know of their marriage.
1113	要求	ようきゅう	noun	demand; firm request; requisition	あなたはこれらの要求に屈してはならない。 :: You must not give way to those demands. || その本はすべて廃棄せよと彼らは要求した。 :: They have demanded that all copies of the book be destroyed.
1114	証明	しょうめい	noun	proof; testimony; demonstration	幽霊が存在することを証明するのは難しい。 :: It is difficult to prove that ghosts exist. || 彼は私に、お金が全くないことを証明した。 :: He explained to me that he had no money.
1115	認識	にんしき	noun	recognition; awareness; perception	政治における宣伝活動の重要性を認識する。 :: Appreciate the importance of propaganda in politics. || 私たちは状況の重大さを十分に認識しています。 :: We are fully aware of the importance of the situation.
1116	集中	しゅうちゅう	noun	concentration (on a task); focusing one's attention	彼は１つの事に長い間注意を集中できない。 :: He cannot fix his attention on anything for long. || 彼の仕事の大半が都市部に集中している。 :: The bulk of his work is in the urban area.
1117	魅力	みりょく	noun	charm; fascination; glamour	そこで私は、とても魅力的な女性に会った。 :: There I met a very fascinating lady. || ジョーンは姉さんと同じように魅力がある。 :: Joan is as charming as her sister.
1118	ひどい	ひどい	i-adjective	cruel; heartless; hard	あのひどい音を聞くと気が狂いそうになる。 :: That terrible noise is driving me mad. || その都市は大気汚染がひどいことで有名だ。 :: The city is notorious for its polluted air.
1119	ブロック	ぶろっく	noun	block (solid piece of material); chunk (e.g. of meat)	２ブロック先まで歩き、左へ曲がりなさい。 :: Walk two blocks, and turn left. || 彼らは私たちと同じブロックに住んでいます。 :: They live in our block.
1120	依頼	いらい	noun	request; commission; entrusting (with a matter)	弁護士はたくさんの依頼人を持っている。 :: The lawyer has many clients. || 彼は依頼人がどんな人間なのか想像してみた。 :: He tried to imagine what the client was like.
1121	兄弟	きょうだい	noun	brothers and sisters; siblings	お二人はまるで兄弟のようによく似ています。 :: You two look exactly like brother and sister. || その兄弟は１２年の間を置いて生まれた。 :: The brothers were born twelve years apart.
1122	刑事	けいじ	noun	(police) detective	その泥棒は刑事を見ると走って逃げた。 :: The thief ran away at the sight of a detective. || 刑事はすぐに事件を調べると約束した。 :: The detective promised to look into the matter right away.
1123	完了	かんりょう	noun	completion; conclusion	私たちは彼女の指示に従って作業を完了した。 :: We have finished the work in accordance with her instructions. || 君たちいつ準備は完了するつもりだい。 :: When will you complete the preparations?
1124	実現	じつげん	noun	implementation (e.g. of a system); materialization; materialisation	この結果により彼の希望は実現しなかった。 :: This result dashed his hopes. || 彼女の夢の実現を助けたのはジョンだった。 :: It was John who helped make her dream come true.
1125	政権	せいけん	noun	(political) administration; political power	時代遅れのその政権は崩壊寸前だ。 :: The obsolete regime is about to collapse. || 選挙の結果その党は政権の一角を占めた。 :: The election gave the party a role in the government.
1126	是非	ぜひ	adverb	certainly; without fail	是非ともこの仕事を終えなければならない。 :: We must finish this work at any cost. || 是非とも外国語を勉強するようにしなさい。 :: Try to study a foreign language by all means.
1127	本物	ほんもの	noun	genuine article; real thing; real deal	これは本物のダイヤではないかもしれない。 :: This may not be a real diamond. || 本物の皮を使う方が結局は安くつくだろう。 :: It'll be cheaper in the long run to use real leather.
1128	案内	あんない	noun	guidance; leading (the way); showing around	彼女は彼に新工場を案内して見せてくれた。 :: She gave him a tour of the new factory for me. || きょうの午後、ぼくが街を案内してあげよう。 :: Let me show you around the town this afternoon.
1129	検討	けんとう	noun	consideration; examination; investigation	いろいろな観点からその問題を検討できる。 :: We can consider the problem from several standpoints. || 今後旅行の際はぜひ当社をご検討ください。 :: Please consider us in the future for all your travel needs.
1130	構成	こうせい	noun	composition; construction; formation	その委員会は７人の学者で構成されている。 :: The committee consists of seven scholars. || 個人は地域社会の基本的な構成要素である。 :: The individual is the fundamental element of a community.
1131	死亡	しぼう	noun	death; dying; mortality	その労働者は爆発事故が原因で死亡した。 :: The workman died from the explosion. || その墜落事故で４００人もの乗客が死亡した。 :: As many as 400 passengers were killed in the crash.
1132	母親	ははおや	noun	mother	すんばらしい妻だし、すんばらしい母親だ。 :: She's a wonderful wife and mother. || 彼女の母親はエアロビクスを週に一回行う。 :: Her mother does aerobics once a week.
1133	異なる	ことなる	verb	to differ; to be different; to disagree	彼らはその事故について異なる説明をした。 :: They gave different versions of the accident. || この２つはお互いに非常に異なっている。 :: These two are very different from each other.
1134	空気	くうき	noun	air; atmosphere	人間にとって水は空気と同じくらい貴重だ。 :: Water is as precious as air to man. || 動物は、空気と水がなくては生存できない。 :: Animals cannot exist without air and water.
1135	立場	たちば	noun	position; situation	あなたが私の立場にいたら、何をしますか。 :: What would you do if you were in my place? || 彼は私に何をすべきか告げる立場ではない。 :: It's not his place to tell me what to do.
1136	納得	なっとく	noun	consent; agreement; acceptance	これだけでも我々を納得させるのに充分だ。 :: This alone is enough to convince us. || 彼は彼女に間違いを納得させられなかった。 :: He couldn't convince her of her mistake.
1137	腕	うで	noun	arm	ジョンは腕を組んだまま一人で立っていた。 :: John was standing alone with his arms folded. || 子供は母の腕にしっかりしがみついていた。 :: The child hung on his mother's arm.
1138	製造	せいぞう	noun	manufacture; production	この機械はフランスで製造されたものである。 :: This machine was manufactured in France. || テレビを製造している工場を訪問します。 :: We'll visit a factory which produces television sets.
1139	詐欺	さぎ	noun	fraud; swindle; graft	その計画は実にうまく考えた詐欺だった。 :: The plan was a masterpiece of fraud. || 彼のしたことは手っ取り早く言えば詐欺だ。 :: What he did is, in plain language, fraud.
1140	魚	さかな	noun	fish	あなたは魚の料理の仕方を知っていますか。 :: Do you know how to cook fish? || その魚は群れを成して進んでいくのですね。 :: That fish travels in a group, don't they?
1141	エッチ	えっち	noun	H; h	私よりもっとエッチな人もいて安心しました。 :: I was relieved that there are people more wanton than me. || 女性だってエッチしたい。 :: Women want to have sex too.
1142	エンジン	えんじん	noun	engine	彼はエンジンをかけっぱなしにしておいた。 :: He left the motor running. || 車のエンジンが、なかなかかからないんだ。 :: I can't get the car to start.
1143	デビュー	でびゅー	noun	debut; doing something for the first time	その女優のデビューは８歳の時でした。 :: The actress made her debut when she was eight. || トムは映画界にデビューするとすぐに１０代の若者の間で人気が出た。 :: Tom became popular among teenagers as soon as he made his debut on the screen.
1144	人類	じんるい	noun	mankind; humanity	人類が火星に行ける日がやがて来るだろう。 :: The day will soon come when man can travel to Mars. || 言語は人類の最も重要な発明のひとつです。 :: Language is one of man's most important inventions.
1145	作成	さくせい	noun	making (a report, plan, contract, etc.); drawing up; writing out	報告書は委員会によって作成されている。 :: The report is being prepared by the committee. || 彼女は期末レポートを作成していますよ。 :: She's working on a term paper.
1146	内部	ないぶ	noun	interior; inside; internal	彼は日本の内部の事情をよく知っている。 :: He has a good knowledge of the internal affairs of Japan. || その家の内部はとても魅力的だった。 :: The interior of the house was very attractive.
1147	到着	とうちゃく	noun	arrival	その仕事は私が到着する前に完成していた。 :: The work had been completed before I arrived. || ホワイト氏は１０時半に東京に到着します。 :: Mr White arrives in Tokyo at 10:30.
1148	含む	ふくむ	verb	to contain; to comprise; to have	この一節には多くの意味が含まれている。 :: This passage contains a lot of meaning. || そのツアーには昼食は含まれていますか。 :: Is lunch included in the tour?
1149	固定	こてい	noun	fixing (in place); being fixed (in place); securing	その装置は天井にしっかりと固定されている。 :: The device is attached fast to the ceiling. || そのような固定観念は捨てたほうがいいでしょう。 :: We had better do away with such a fixed idea.
1150	始まる	はじまる	verb	to begin; to start; to commence	この自動車の生産は１９８０年に始まった。 :: Production of this automobile started in 1980. || これから始まるショーをどうぞごゆっくり。 :: We hope you will enjoy the show.
1151	学園	がくえん	noun	educational institution; school; academy	学園祭は来週行われることになっている。 :: Our campus festival is to be held next week. || 学校では学園音楽祭の準備をしています。 :: My school is getting ready for the campus music festival.
1152	守る	まもる	verb	to protect; to guard; to defend	あなたはその規則を守らなければならない。 :: You must keep to the rules. || この慣習はたいていの家庭で守られている。 :: This tradition is followed in most households.
1153	将来	しょうらい	noun	future; (future) prospects	彼は将来、会社を経営したいと思っている。 :: He hopes to run a company in the future. || 彼は将来の運命をこの一つの機会にかけた。 :: He staked his future on this single chance.
1154	手段	しゅだん	noun	means; way; measure	交通手段なら彼に任せておけば大丈夫です。 :: I know you can rely on him for transportation. || 余暇は目的のための手段と考えられている。 :: Leisure has been viewed as a means to an end.
1155	技	わざ	noun	technique; art; skill	彼女のスケート演技は全くの離れ技であった。 :: Her skating performance was a regular feat. || 柔道では力より技のほうが大切である。 :: In judo, technique is more important than strength.
1156	指摘	してき	noun	pointing out; identification	彼の指摘はいつもたいへん要領を得ている。 :: His suggestions are always very much to the point. || 私は先生に私の間違いを指摘してもらった。 :: I had my mistakes pointed out by my teacher.
1157	授業	じゅぎょう	noun	lesson; class; teaching	あなたは月曜日にいくつ授業がありますか。 :: How many classes do you have on Mondays? || うちの先生はいつも時間通りに授業に来る。 :: Our teacher is always on time for class.
1158	末	すえ	noun	end; tip; top	よく考えた末、私は家にいることに決めた。 :: After some careful thought, I elected to stay at home. || 長い議論の末、彼らは一つの計画を出した。 :: They came up with a plan after a long discussion.
1159	業	ぎょう	noun	work; business; company	同社は国のタバコ業を独占している。 :: The company has a monopoly on the nation's tobacco business. || ビルは印刷業でいい暮らしをするに足るお金をかせいだ。 :: The printing business made Bill a small fortune.
1160	毛	け	noun	hair	内側に毛のついたコートが欲しいのですが。 :: I'd like a coat with the wooly side in, please. || 彼らは毎年羊の毛を刈るのですか。 :: Do they clip the sheep every year?
1161	確保	かくほ	noun	securing; obtaining; ensuring	席を確保するには列に並びさえすればいい。 :: All you have to do to secure a seat is to wait in line. || 緊急時の飲料水の確保は、大丈夫ですか？ :: Are you OK for drinking water in an emergency?
1162	腹	はら	noun	abdomen; belly; stomach	こういうわけで彼は君に腹を立てたのです。 :: This is why he got angry with you. || その若者は臆病者扱いをされて腹をたてた。 :: The youngster resented being treated as a coward.
1163	連中	れんちゅう	noun	company; lot; people	連中はいつからテニスをしているんですか。 :: How long have they been playing tennis? || 実を言えば、連中と一緒に行きたくないんだ。 :: To tell the truth, I don't want to go with them.
1164	銃	じゅう	noun	gun; firearm; small arms (e.g. rifle, pistol, etc)	彼はこの銃に弾丸を込めたままにしている。 :: He keeps this gun loaded. || イギリスは警官が銃を携帯しない国です。 :: England is a land where the policemen carry no revolvers.
1165	隣	となり	adjective	next (to); adjoining; adjacent	ジョンソン氏の家は私の家の隣にあります。 :: Mr Johnson's house is next to my house. || 彼女が私の隣に座ってくれるといいのだが。 :: I'd rather she sat next to me.
1166	集団	しゅうだん	noun	group; mass	十代の若者の集団に、金を奪われた。 :: A group of teenagers robbed me of my money. || 大きな集団の尻につくより頭になれ。 :: Better be the head of a cat than the tail of a lion.
1167	鳥	とり	noun	bird	あの鳥たちは夏に巣を作り、冬に南へ渡る。 :: Those birds build their nests in the summer and fly to the south in the winter. || 我々は犬や猫や鳥などを飼うことができる。 :: We can have dogs, cats, birds, and so on.
1168	それで	それで	conjunction	so; therefore; and	それで彼らは夢を見ることができなかった。 :: So they were not able to dream. || それで私は彼に手紙を書かずにすむだろう。 :: That will save me the trouble of writing to him.
1169	もしくは	もしくは	conjunction	or; otherwise	７０年もしくは８０年が人間の普通の寿命期間である。 :: Seventy or eighty years is the normal span of a man's life.
1170	シングル	しんぐる	noun	single	シャワー付きのシングルの部屋がいいのです。 :: I'd like a single with a shower, please. || 彼は、上手いよ！シングルプレーヤーだ。 :: He's good. His handicap is in the single digits.
1171	フル	ふる	na-adjective	full	我々の工場はフル操業している。 :: Our factories are working at full capacity.
1172	プロジェクト	ぷろじぇくと	noun	project	会社はそのプロジェクトから手をひいた。 :: The company withdrew from the project. || そのプロジェクトは現在進行中である。 :: The project is now in progress.
1173	ロボット	ろぼっと	noun	robot	ひとりの高校生がこのロボットを作った。 :: A high school student made this robot. || そのコンピューターはいわゆるロボットである。 :: That computer is what we call a robot.
1174	一覧	いちらん	noun	look; glance; sight	投稿一覧の下の凡例を見て原因が分かりました。 :: When I looked at the explanatory notes under the posts list I realized what was causing it.
1175	会員	かいいん	noun	member; the membership	会員はだれでもこれらの施設を利用できる。 :: Any member can make use of these facilities. || 会員はみんなその会に出席していましたか。 :: Were all the members present at the meeting?
1176	便	びん	noun	flight (e.g. airline flight); trip (e.g. train trip); sailing (e.g. ferry voyage)	ニューヨークまでの直行便をお願いします。 :: I'd like a nonstop flight to New York. || ニューヨーク行きは１日に何便ありますか。 :: How many flights to New York do you offer a day?
1177	便利	べんり	na-adjective	convenient; handy; useful	東京に行くのに何が一番便利に行けますか。 :: What's the most convenient way to get to Tokyo Station? || 確かに車は便利だが、結局高いものにつく。 :: A car is convenient, to be sure, but, after all, it will prove expensive.
1178	信用	しんよう	noun	confidence; trust; faith	彼女はまあ正直だが本当に信用できますか。 :: She's honest enough, but can you really trust her? || 私にはみんなに信用されている友達がいる。 :: I have a friend everybody trusts.
1179	券	けん	noun	ticket; coupon; bond	スミス氏は定期券を持っていくのを忘れた。 :: Mr Smith forgot to take his commuter ticket. || 私は大阪までの往復航空券を持っています。 :: I have a round-trip ticket to Osaka.
1180	地獄	じごく	noun	hell realm; Naraka	最近は、ローン地獄で破産する人が増えている。 :: More and more people these days are getting overwhelmed by housing loans. || 受験地獄での戦いが終わりました。 :: My fight in our examination hell is over!
1181	始まり	はじまり	noun	origin; beginning; start	始まりがよければ半分できたも同じ。 :: Well begun is half done. || 議長は委員会の始まりを告げた。 :: The chairman called the committee to order.
1182	恋人	こいびと	noun	lover; sweetheart; boyfriend	僕だって彼女を恋人にできてうれしいんだ。 :: I'm so proud to know that she's mine. || 恋人たちはお互いに腕を組んで歩いていた。 :: The lovers were walking arm in arm.
1183	捜査	そうさ	noun	search (esp. in criminal investigations); investigation; inquiry	警察は徹底的捜査をしようとしてた。 :: The police were heading for a shake down. || 事故の原因は警察が捜査中だった。 :: The cause of the accident was being investigated by the police.
1184	板	いた	noun	board; plank	その板の厚さはどのくらいですか。 :: How thick is the board? || 金は打ち延ばされ薄い板になった。 :: The gold was beaten into thin plates.
1185	歩み	あゆみ	noun	walking	何て歩みののろいやつだろう。 :: How slow you are! || 入試制度の改革、カリキュラムの改革は着々と進んでいるが、歩みは遅い。 :: The reform of both entrance examination system and curriculum makes slow progress.
1186	比較	ひかく	noun	comparison	あなたの答えとトムの答えと比較しなさい。 :: Compare your answer with Tom's. || 去年と比較して、今年の収穫はずっといい。 :: Compared with last year, this year's crops are much better.
1187	派遣	はけん	noun	dispatch; despatch; deployment	彼は特別な任務でヨーロッパに派遣された。 :: He was sent on a special mission to Europe. || 営業員をこの新しい取引先に派遣してください。 :: Please send your sales reps to this new account.
1188	演奏	えんそう	noun	musical performance	その演奏は聴衆からすばらしい拍手を得た。 :: The performance received terrific applause from the audience. || 演奏会の切符は当事務所で販売しています。 :: Concert tickets are on sale at this office.
1189	父親	ちちおや	noun	father	もう私、帰らなきゃ。父親がうるさいから。 :: I'd better get going. My father is really strict. || ジョンはいい夫で、いい父親になるだろう。 :: John will make a good husband and father.
1190	病	やまい	noun	illness; disease	病は気からとはうまく言ったものですね。 :: It is aptly said that illness starts from the mind. || ほとんど全ての人は治療で死に、病のゆえではない。 :: Nearly all men die of their remedies, and not of their illness.
1191	社員	しゃいん	noun	company employee	社員たちは会議で率直な意見を交わした。 :: The staff exchanged frank opinions in the meeting. || 残りの社員達は予告無しに解雇された。 :: The rest of the personnel were fired without notice.
1192	裁判	さいばん	noun	trial; judgement; judgment	我々はその問題を裁判にかけねばならない。 :: We have to bring the matter to a close. || その男は来週裁判にかけられるでしょう。 :: That man is going on trial next week.
1193	証拠	しょうこ	noun	evidence; proof	その証拠に疑問の余地はほとんどなかった。 :: The evidence left little room for doubt. || 彼を有罪とするのに十分な証拠がなかった。 :: There wasn't enough evidence to convict him of the crime.
1194	誌	し	counter	magazine; journal	タイム誌のアジアについての記事を読んだかい？ :: Have you read the article about Asia in Time? || 私はその記事を旅行専門誌に採用してもらった。 :: I had the article accepted by a travel magazine.
1195	調子	ちょうし	noun	tune; tone; key	このコンピューターはよく調子が悪くなる。 :: This computer often goes out of order. || どうもコンピューターの調子が悪いようだ。 :: It seems that something is wrong with the computer.
1196	資金	しきん	noun	funds; capital	君は資金をうまく運転しなくてはならない。 :: You must employ your capital well. || たくさんの資金は旅行のために必要です。 :: A lot of funds are necessary to travel.
1197	風呂	ふろ	noun	bath; bathing; bathtub	ほとんどの日本人が毎日、風呂に入ります。 :: Most Japanese take a bath every day. || 彼が来たとき、私は風呂に入っていました。 :: I was taking a bath when he came.
1198	いろんな	いろんな	adjective	various; a variety of; all sorts of	彼女の振る舞いがいろんな噂の原因になった。 :: Her behavior gave rise to rumors. || 私たちはかなりいろんな所を訪ねました。 :: We visited quite a few places.
1199	まるで	まるで	adverb	as if; as though; just like	その少年はまるで女の子のように話します。 :: The boy talks as if he were a girl. || その泥棒はまるで警官のような変装をした。 :: The thief disguised himself as a policeman.
1200	インターネット	いんたーねっと	noun	Internet	インターネット中毒って、本当にあるみたいね。 :: There really is such a thing as Internet addiction. || 我々の会社ではインターネットを利用している。 :: Our company makes use of the Internet.
1201	タイ	たい	noun	tie; necktie	タイのガイドブックは他にないんですか。 :: Do you have any other guidebooks about Thailand? || 彼は、英語だけでなくタイ語も話せます。 :: He can speak Thai as well as English.
1202	ダム	だむ	noun	dam	このダムは多くの命を犠牲にして造られた。 :: This dam was built at the cost of many lives. || そのダムが造られる前、ここには村があった。 :: There used to be a village here before the dam was made.
1203	ビデオ	びでお	noun	video (esp. a televised image)	ビデオゲームの好きな女の子と結婚したい。 :: I'd like to marry a girl who likes to play video games. || 私は３種類のビデオゲーム機を持っている。 :: I possess three kinds of video-game machines.
1204	ベスト	べすと	na-adjective	best	何をやるにせよ、ベストを尽くしなさい。 :: No matter what you do, do your best. || 勝とうが負けようが、ベストを尽くしなさい。 :: Do your best whether you win or lose.
1205	ボタン	ぼたん	noun	button (clothing)	あなたはそのボタンを押しさえすれば良い。 :: You have only to push the button. || コートのボタンが一つ取れてしまっている。 :: One of the buttons has come off my coat.
1206	ミス	みす	noun	mistake; error; blunder	彼はあなたのミスにきっと気付くでしょう。 :: He's bound to notice your mistake. || そのミスをしたことをすまないと思った。 :: We felt sorry for the error.
1207	伝説	でんせつ	noun	legend; folklore; tradition	その伝説は昔からこの地方に伝わっている。 :: The legend has come down in this district from olden times. || その歌は伝説に由来する物だった。 :: The song descended from a legend.
1208	修正	しゅうせい	noun	amendment; correction; revision	失礼ですが御提案を修正させていただきます。 :: I beg to modify your proposal. || 普通、私達は大学で自分の考えを修正します。 :: We usually modify our views in college.
1209	分析	ぶんせき	noun	analysis	次の質問を立てることから分析を始めよう。 :: Let us begin our analysis by positing the following question. || その航空専門家は統計を詳細に分析した。 :: The aviation expert analyzed the statistics in detail.
1210	初期	しょき	noun	early days; early years; early stages	子供の初期の教育はふつう家庭で始まる。 :: Early education for children usually begins at home. || 現代の車は初期の車と多くの点で異なる。 :: Modern cars differ from the early ones in many ways.
1211	千葉	ちば	noun	Chiba (city, prefecture)	私は千葉市民ですが、東京で勤めています。 :: I am a citizen of Chiba, but work in Tokyo. || 加奈子ちゃんは千葉から東京に通います。 :: Kanako commutes from Chiba to Tokyo.
1212	年度	ねんど	noun	fiscal year (usu. April 1 to March 31 in Japan); financial year	彼らは苦労して１９９７会計年度の予算を作成した。 :: They labored over the budget for the fiscal year 1997. || 自動車の売れ行きは年度末に後退しました。 :: Automobile sales suffered a setback at the end of the financial year.
1213	強化	きょうか	noun	strengthening; intensifying; reinforcement	輸出市場での競争力強化が緊急の課題である。 :: The strengthening of competitiveness on export markets is an urgent need. || 我々は組織を強化しなくてはならん。 :: We must beef up our organization.
1214	感想	かんそう	noun	impressions; thoughts; feelings	ゲームについてのご感想は？ :: How did you feel about the game? || 彼はその詩の感想を述べた。 :: He gave us his impression of the poem.
1215	感染	かんせん	noun	infection; contagion; becoming infected	これらの感染病はミルクの汚染が原因だった。 :: These infections were caused by contaminated milk. || 刺し傷はとても深く、感染の恐れがないか検査する必要がある。 :: The puncture wound was very deep and had to be examined for infection.
1216	我々	われわれ	pronoun	we	お互いに助け合うのは、我々の義務である。 :: It is our duty to help one another. || これだけでも我々を納得させるのに充分だ。 :: This alone is enough to convince us.
1217	探す	さがす	verb	to search for; to look for; to hunt for	「これが探していたものだ」と彼は叫んだ。 :: This is what I was looking for! he exclaimed. || 「何かご用は？」「ドレスを探しています」 :: May I help you? "Yes, I'm looking for a dress."
1218	深夜	しんや	noun	late at night	私はよく深夜にラジオを聞いたものだ。 :: I used to listen to the radio very late at night. || 乗れそうなフライトは来週の深夜便だけだ。 :: The only flight available is a red eye flight next week.
1219	温泉	おんせん	noun	hot spring	私はときどき気分転換に温泉にいきます。 :: I make it a rule to go to a spa at intervals for a change. || この温泉は傷を治す性質がある。 :: These hot springs possess properties for healing wounds.
1220	熱	ねつ	noun	heat	その老婆は熱と絶え間ない咳で弱っていた。 :: Fever and constant coughing weakened the old lady. || 太陽は私たちに毎日熱と光を与えてくれる。 :: The sun gives us heat and light every day.
1221	皆様	みなさま	noun	everyone	皆様にお話出来ることを光栄に存じます。 :: I esteem it an honor to address this audience. || 市民の皆様の御意見をちょうだいする予定です。 :: We plan to elicit opinions from the public.
1222	範囲	はんい	noun	extent; scope; sphere	今日では車の値段は広い範囲に渡っている。 :: Cars are now available in a wide range of prices. || 我々の保険の範囲は多様な損害に及びます。 :: Our insurance policy covers various kinds of damages.
1223	緑	みどり	noun	green	イギリスでは冬でも芝生が緑だそうですね。 :: I hear the grass is green even in the winter in England. || あなたは緑と青を見分けることができますか。 :: Can you tell green from blue?
1224	自信	じしん	noun	self-confidence; confidence (in oneself)	自信を持ちなさい、あなたなら出来ますよ。 :: Have confidence. You can do it. || 彼女は全ての問題に自信を持って答えた。 :: She answered all the questions with assurance.
1225	自動車	じどうしゃ	noun	car; automobile; motorcar	この自動車の生産は１９８０年に始まった。 :: Production of this automobile started in 1980. || 彼は自分の車を新型自動車と比較してみた。 :: He compared his car to the new model.
1226	自殺	じさつ	noun	suicide	なぜ彼が自殺をしたかはいまだに謎である。 :: Why he killed himself is still a mystery. || 彼女が自殺したということなどあり得ない。 :: It is impossible that she should have killed herself.
1227	迷惑	めいわく	noun	trouble; bother; annoyance	ご迷惑でなければ、お願いしたいのですが。 :: If it's not too much trouble, I would like some help. || ご迷惑をおかけしまして申し訳ありません。 :: I am sorry to have troubled you.
1228	運	うん	noun	fortune; luck; chance	ここで会えるとはなんて運がいいのだろう。 :: How lucky to meet you here. || 彼の成功はいくらかは運がよかったためだ。 :: His success was in part due to luck.
1229	道路	どうろ	noun	road; highway	この時間は道路がとても込んでいるからね。 :: The roads are very crowded at this time of the day. || 彼は高速道路で一定のスピードを維持した。 :: He maintained a steady speed on the highway.
1230	達成	たっせい	noun	achievement; attainment; accomplishment	彼はある程度目標を達成したと言っている。 :: He says he has achieved his goal to a certain extent. || 彼は目的を達成するために一生懸命働いた。 :: He worked hard to obtain his objective.
1231	関西	かんさい	noun	Kansai (region comprising Kyoto, Osaka, Kobe and surrounding prefectures)	彼は６月に東京を離れて関西に来る。 :: He will leave Tokyo and come to Kansai in June. || その飛行機は今ごろは関西空港に当然着いているはずだ。 :: The plane should have arrived at Kansai Airport by now.
1232	あいつ	あいつ	pronoun	that; that one; that thing	あいつめ明日こそ痛い目にあわせてくれる。 :: I'll take my revenge on him at all costs tomorrow. || あいつはもっと熱心に頑張るべきだったのに。 :: He should have worked harder.
1233	そもそも	そもそも	adverb	in the first place; to begin with; from the start	彼女に口答えすること自体そもそも間違いだろ。 :: You're out of order in talking back to her in the first place. || 私は彼に言い聞かせているが、彼はそもそも聞く耳を持たない。 :: I've tried reasoning with him but he just won't listen.
1234	イン	いん	noun	in (of a ball; in tennis, etc.); inside the line	クライン先生は毎週金曜日にテストを行う。 :: Miss Klein gives a test every Friday. || クライン医師から紹介を受けました。 :: Dr. Klein recommended you to me.
1235	キス	きす	noun	kiss	彼は少女の上に身をかがめてキスをした。 :: He bent over the girl and kissed her. || 彼は彼女に気づかれないようにさっとキスした。 :: He stole a kiss from her.
1236	タイミング	たいみんぐ	noun	timing	その論文は教授の誕生日とタイミングが合うように出版された。 :: Publication of the article was timed to coincide with the professor's birthday. || 絶好のタイミングに自分の仕事ができれば試合に勝てるよ。 :: It's going to take crackerjack timing, but if we can work the play, we'll win the game.
1237	デジタル	でじたる	adjective	digital	父は誕生日のお祝いに、デジタル時計を買ってくれました。 :: My father bought me a digital watch for birthday present. || デジタルコム社のモリス氏より貴社について伺いました。 :: We heard about your company from Mr Morris of Digital Com Company.
1238	デート	でーと	noun	date (with someone); (social) outing (for two); date night	彼はその夜のデートを楽しみにしていた。 :: He was looking forward to that evening's date. || 彼はメアリーと今日の午後デートをする。 :: He has a date with Mary this afternoon.
1239	バイト	ばいと	noun	part-time job; side job	彼は留学するためにバイトをせざるを得なかった。 :: He was forced to work part-time to study abroad. || 私たちが探していたバイトの方ね。 :: You must be the temporary we asked for.
1240	パワー	ぱわー	noun	power	新しいモデルはパワーとスピードの点でより優れてます。 :: The new model is featured by higher power and speed. || 私には彼のパワーが必要です。 :: I need his power.
1241	ビール	びーる	noun	beer	すてきな色ですな。何というビールですか。 :: That's a gorgeous color. What kind of beer is that? || 冷えたビールでも飲みながら話しましょう。 :: Let's talk over a cold beer.
1242	与える	あたえる	verb	to give (esp. to someone of lower status); to bestow; to grant	このプレゼントはアンから私に与えられた。 :: This present was given to me by Ann. || この犯罪の社会に与えた影響は大きかった。 :: The influence of this crime on society was great.
1243	事前	じぜん	adjective	prior; beforehand; in advance	労働者は事前通知なしに解雇されることはない。 :: No workers can be dismissed without previous notice. || 事前に弁護士と相談した方がいいよ。 :: You'd better consult an attorney beforehand.
1244	出身	しゅっしん	noun	one's origin (e.g. city, country, parentage, school)	ジョンと話している学生はカナダ出身です。 :: The student who is talking with John is from Canada. || 偶然にも山田先生は同じ町の出身だった。 :: It just so happened that Mr Yamada came from the same town.
1245	前回	ぜんかい	noun	previous time; last time; previous installment	その証拠は彼の前回の証言と一致している。 :: The evidence corresponds to his previous statement. || 彼は前回の選挙で上院議員に当選した。 :: He was elected to the Senate in the last election.
1246	劇場	げきじょう	noun	theatre; theater; playhouse	静かに、劇場中はしゃべってはいけません。 :: Be quiet. Don't talk in the theater. || いつものように彼は最後に劇場に着いた。 :: As usual, he was the last to arrive at the theater.
1247	収入	しゅうにゅう	noun	income; earnings; revenue	収入がインフレについていくことは困難だ。 :: It's difficult for our income to keep up with inflation. || 身を固めるまでにはかなりの収入を得たい。 :: I hope to earn a respectable income by the time I settle down.
1248	投資	とうし	noun	investment	彼は成長株の事業に２００ドルを投資した。 :: He invested two hundred dollars in a growing business. || 彼は株に１００万円投資することができる。 :: He can invest a million yen in stocks.
1249	拡大	かくだい	noun	expansion; extension	日本経済は連続６０ヶ月以上の拡大を記録した。 :: The Japanese economy recorded more than 60 months of continuous expansion. || その市場は急速に拡大している。 :: That market has been rapidly expanding.
1250	改善	かいぜん	noun	betterment; improvement	その会社は事務所改善の努力をしなかった。 :: The company didn't make any effort to improve its business practices. || 彼は労働者の生活を改善するのに助力した。 :: He helped to ameliorate the living conditions of working men.
1251	暮らし	くらし	noun	(way of) life; lifestyle; living	彼は五年前よりもいい暮らしをしています。 :: He is far better off now than he was five years ago. || 彼らは昔、ぜいたくな暮らしをしたものだ。 :: They used to live in luxury.
1252	書く	かく	verb	to write; to compose; to pen	ここに君の名前と住所を書けばよいのです。 :: All you have to do is to write your name and address here. || このテキストは易しい英語で書かれている。 :: This textbook is written in simple English.
1253	最低	さいてい	adjective	least; lowest; minimum	あなたの国の最低賃金はいくらですか？ :: What's the minimum wage in your country? || こんな最低の目にあったことはないわ！ :: This is the worst thing that has ever happened to me!
1254	歓迎	かんげい	noun	welcome; (warm) reception	あなたはうちのクラスで歓迎されています。 :: You are welcomed in our class. || 我がクラブに入会したい人々を歓迎します。 :: We welcome those who want to join our club.
1255	気軽	きがる	na-adjective	carefree; buoyant; lighthearted	どんな質問でも私に気軽に尋ねてください。 :: Please feel free to ask me any question. || 気軽にして下さい。 :: Please make yourself at home.
1256	窓	まど	noun	window	あなたはその窓を開けることが出来ますか。 :: Can you open the window? || その窓ガラスを割ったのはこの少年だった。 :: It was this boy that broke the windowpane.
1257	約束	やくそく	noun	promise; agreement; arrangement	あなたが約束を破っても私は責められない。 :: I can't blame you for breaking your promise. || 一度約束したらそれを守らねばなりません。 :: Once you have made a promise, you should keep it.
1258	自転車	じてんしゃ	noun	bicycle; bike	あれは私が持っているのと同じ自転車です。 :: That is the same bicycle as I have. || 一時間ほど君の自転車を貸してくれないか。 :: Will you lend me your bicycle for an hour?
1259	草	くさ	noun	grass; weed; herb	草の長く伸びている所を指差して言いました。 :: He said, pointing at where tall grass is growing. || 彼は草の上に横たわって寝てしまった。 :: He lay down on the grass and went to sleep.
1260	計算	けいさん	noun	calculation; computation; reckoning	コンピューターは非常に速く計算ができる。 :: A computer can calculate very rapidly. || 彼らは費用を計算してみなければならない。 :: They have to figure out the cost.
1261	訓練	くんれん	noun	training; drill; practice	彼はこのレースのために馬を訓練している。 :: He is training a horse for a race. || 少し訓練すれば、その仕事は楽になるだろう。 :: The work will come easy with a little practice.
1262	資料	しりょう	noun	material; materials; data	彼女は本を書くための資料を集めています。 :: She is collecting material for a book. || この資料が信頼できるかどうか疑わしい。 :: It is questionable whether this data can be relied on.
1263	連載	れんさい	noun	serialization; serialisation; serial story	来月号から新連載小説が始まります。 :: A new serial will begin in next month's issue. || この物語は朝日新聞に連載された。 :: This story appeared serially in the Asahi.
1264	進化	しんか	noun	evolution	進化論は私の想像できる範囲を超えている。 :: The theory of evolution is beyond the reach of my imagination. || コンピューターは急速な進化を遂げた。 :: Computers have made rapid progress.
1265	首相	しゅしょう	noun	prime minister; chancellor (Germany, Austria, etc.); premier	首相の辞任のニュースは私たちを驚かせた。 :: The news of the prime minister's resignation took us by surprise. || 首相は彼らを内閣の主要ポストに任命した。 :: The Prime Minister appointed them to key Cabinet posts.
1266	かける	かける	verb	to hang up (e.g. a coat, a picture on the wall); to let hang; to suspend (from)	あなたのかけた電話番号は間違っています。 :: You have the wrong number. || こちらに立ち寄った際には電話をかけてね。 :: If you're ever in the area, give me a call.
1267	かつて	かつて	adverb	once; before; formerly	かつてはここからあの教会が見えたものだ。 :: You used to be able to see the church from here. || かつてはその歌はとても人気がありました。 :: At one time the song was very popular.
1268	ついに	ついに	adverb	finally; in the end; at last	その男はついに自分のしたことを白状した。 :: The man finally confessed what he had done. || 彼はついに彼女の財産に釣られて結婚した。 :: Her wealth finally allured him into matrimony.
1269	はっきり	はっきり	adverb	clearly; plainly; distinctly	どちらを彼は欲しいのか、はっきりしない。 :: Which he wants is not clear. || はっきりしないけど、先生になるつもりだ。 :: I am not sure, but I think I want to be a teacher.
1270	まだまだ	まだまだ	adverb	still; much more; (not) yet	彼にはどうしても勝てない。まだまだ甘いな。 :: I just can't seem to outdo him. I've got a lot to learn. || 教育の改革はまだまだこれからだ。 :: Educational reforms still have a long way to go.
1271	イカ	いか	noun	cuttlefish; squid	だってきみってすごくイカしてるんだもの。 :: Because you're a sweet and lovely girl. || イカには１０本の足がある。 :: A squid has ten arms.
1272	イギリス	いぎりす	noun	United Kingdom; UK; Britain	「いいえ」とイギリス人は繰り返しました。 :: No, repeated the Englishman. || もう一度イギリスを訪れたいと思っている。 :: I am anxious to visit Britain once again.
1273	オリンピック	おりんぴっく	noun	Olympics; Olympic Games	ここにオリンピック大会の開会を宣言します。 :: I hereby declare the opening of the Olympic Games. || オリンピックへの夢が思い出せなかった。 :: The vision of the Olympics had sustained him.
1274	ブランド	ぶらんど	noun	brand	あのデパートはブランド品のバーゲン中です。 :: A sale of quality-brand goods is being held at that department. || 好きなブランドはなんですか。 :: Which brand do you prefer?
1275	一切	いっさい	noun	all; everything; entirety	夫は彼女に一切のことを言わせようとした。 :: Her husband demanded that she tell him the whole truth. || 彼は一切の論議に耳を貸さなかった。 :: He was deaf to all arguments.
1276	不足	ふそく	noun	insufficiency; deficiency; shortage	会計係は会計が不足しているのがわかった。 :: The treasurer was short in his accounts. || 困ったことに、私達はお金が不足している。 :: The trouble is that we are short of money.
1277	世紀	せいき	noun	century	１８世紀の流行は胸の部分を強調していた。 :: Fashion in the eighteenth century emphasized the bosom. || テニスは１３世紀にフランスで始まった。 :: Tennis began in France in the thirteenth century.
1278	久しぶり	ひさしぶり	adjective	a long time (since the last time); first in a long time	ほんとうに久しぶりに会いましたね。 :: It's been quite ages since we last met. || 久しぶりに昔の友人がひょっこり訪ねてきてくれた。 :: An old friend of mine dropped in on me for the first time in ages.
1279	事態	じたい	noun	situation; (present) state of affairs; circumstances	事態が悪化しないように即座に手を打った。 :: We took action immediately so that things wouldn't get worse. || 君は最悪の事態を覚悟しなくてはならない。 :: You should be ready for the worst.
1280	以内	いない	noun	within; inside of; less than	学校は家から歩いて１０分以内の所にある。 :: Our school is within ten minutes' walk of my house. || 私のアパートは駅から歩いて５分以内です。 :: My apartment is located within five minutes' walk of the station.
1281	なんで	なんで	adverb	why?; what for?	なんでトムは電話してくれなかったんだろう。 :: I wonder why Tom didn't call me. || なんで君はもっと早くこれなかったのか。 :: What prevented you from coming earlier?
1282	候補	こうほ	noun	candidate; contender; prospect	彼は多くの候補者の中から議長に選ばれた。 :: He was elected as chairman from among many candidates. || その候補者は私達が尊敬できるような人です。 :: The candidate is the kind of person that we can look up to.
1283	六	ろく	number	six; 6	彼女はたいてい六時頃に家に帰ってくる。 :: She comes home at about six as a rule. || 私達六人はこの週末に海岸に遠足に行きます。 :: Six of us are going on an excursion to the beach this weekend.
1284	原作	げんさく	noun	original work	その映画は原作ほどおもしろくなかった。 :: The movie was less funny than the book. || その翻訳は原作に見事に忠実であった。 :: The translation was nicely true to the original.
1285	合う	あう	verb	to come together; to merge; to unite	こういった言葉使いは彼の人格に合わない。 :: Such language doesn't harmonize with his character. || このネクタイは私のスーツには合いません。 :: This tie doesn't go with my suit.
1286	変える	かえる	verb	to change; to alter; to transform	たとえ君が止めても、私は決心を変えない。 :: Even if you stop me, I won't change my mind. || どんな事が起こっても私は心を変えません。 :: Come what may, I won't change my mind.
1287	好み	このみ	noun	liking; taste; fancy	彼は食べ物についてとても好みがうるさい。 :: He is very particular about his food. || 抽象芸術が万人の好みに合うとは限らない。 :: Abstract art is not to the taste of everyone.
1288	掃除	そうじ	noun	cleaning; sweeping; dusting	僕の留守中に部屋を掃除しておいて下さい。 :: Please put my room in order while I am out. || 彼は部屋の掃除をしなければならなかった。 :: He had to clean his room.
1289	教師	きょうし	noun	teacher; instructor	この学校の教師のたった１６％が女性です。 :: Only 16 percent of the teachers of this school are female. || その団体は教師と学生から成り立っていた。 :: The group was made up of teachers and students.
1290	日常	にちじょう	adjective	everyday; daily; ordinary	私はアメリカの日常生活について学びたい。 :: I want to learn about American daily life. || 趣味は日常生活の苦労を忘れさせてくれる。 :: Hobbies take your mind off the worries of everyday life.
1291	確定	かくてい	noun	decision; settlement; confirmation	彼がアメリカに行くのは、確定している。 :: It is definite that he will go to America. || 月曜までに確定見積もりが必要です。 :: We need a firm quotation by Monday.
1292	空間	くうかん	noun	space; room; airspace	アメリカの平均的な生活空間は日本の二倍広い。 :: The average American living space is twice as large as the living space in Japan. || 光の波は空間や様々な種類の物質の中を通って進む。 :: Light waves travel through space and various kinds of materials.
1293	立ち	たち	noun	departure; setting off; start	一日中立ちっぱなしだったのでくたくただ。 :: I'm worn out, because I've been standing all day. || それはどんな役にも立ちはしないだろう。 :: That will do us a fat lot of good.
1294	職場	しょくば	noun	one's post; place of work; workplace	彼が今朝職場にいるのを見て私たちは驚いた。 :: We were surprised when we saw him in the office this morning. || 父は時々職場に僕を連れていってくれた。 :: Father sometimes took me to his office.
1295	興奮	こうふん	noun	excitement; stimulation; agitation	彼の到着の知らせで我々の興奮は高まった。 :: The news of his arrival added to our excitement. || 彼女の到着のニュースは群集を興奮させた。 :: The news of her arrival excited the crowd.
1296	規制	きせい	noun	regulation; (traffic) policing; control	これらの古い規制を廃止しなければならない。 :: We must do away with these old rules. || その規制はこのケースには適用されない。 :: The rule doesn't apply in this case.
1297	説	せつ	noun	theory; doctrine	厳密に言うと、その説は正しくない。 :: Strictly speaking, the theory is not correct. || 私はこの説を信じることは出来ない。 :: I can't accept this theory.
1298	辛い	からい	i-adjective	spicy; hot	従業員達は辛い仕事の苦労を共にしている。 :: The employees share the burden of toil. || 戦争中は私たちは多くの辛い思いをした。 :: We had many bitter experiences during the war.
1299	遅れ	おくれ	noun	delay; lag; falling behind	その配達の遅れは交通渋滞のせいと考えた。 :: I attributed the delay in delivery to a traffic jam. || アメリカの学生は数学で遅れをとっている。 :: American students are falling behind in math.
1300	なんとか	なんとか	adverb	somehow (handling, dealing with something); anyhow; one way or another	彼はなんとか川を泳いで渡ることができた。 :: He was somehow able to swim across the river. || 列車が遅れたけれども、なんとか間に合った。 :: Even though the train was late, we made it in time.
1301	カバー	かばー	noun	cover; covering; dust jacket	その本には黒いカバーがかかっていた。 :: There was a black jacket on the book. || 事故の場合、全て保険でカバーされていますか。 :: Am I fully covered in case of an accident?
1302	キャンペーン	きゃんぺーん	noun	(sales) promotion; (sales, advertising) campaign	彼らのキャンペーンに参加させてください。 :: Join me with them in their movement. || そのキャンペーンは、彼を驚かせた。 :: The campaign took his breath.
1303	シーズン	しーずん	noun	season (period in which regulated games are played)	私たちは今シーズンたくさん試合をした。 :: We've played a lot of matches this season. || 私はＸ—ファイル４シーズンを見ました。 :: I watched the 4th season of X-files.
1304	ストレス	すとれす	noun	stress	ナンシーはストレスでダメになっている。 :: Nancy is stressed out. || 彼らは多くのストレスに直面している。 :: They are faced with a multitude of stresses.
1305	ドラゴン	どらごん	noun	dragon (as depicted in Western myths)	しかも初陣があのドラゴン退治！ :: What's more, our first battle is to defeat that dragon!
1306	パソコン	ぱそこん	noun	personal computer; PC	彼女は娘のためにパソコンを買ってあげた。 :: She got her daughter a personal computer. || 貴方はパソコンの使い方を知っていますか。 :: Do you know how to use a personal computer?
1307	ホーム	ほーむ	noun	home	彼女はもう少しでホームから落ちそうだった。 :: She came close to falling off the platform. || 僕は８番ホームで彼女とあうことになっている。 :: I am to meet her on Platform 8.
1308	ボス	ぼす	noun	boss; leader; head	彼はいつもボスの動きに注目しています。 :: He always takes note of his boss's movements. || ボスがいるので、君は運がよかったね。 :: You're in luck because the boss is in.
1309	ライト	らいと	noun	light	ライトのスイッチを切ってください。 :: Please turn off the light. || 私は屋根をライトブルーに塗った。 :: I painted the roof light blue.
1310	交渉	こうしょう	noun	negotiations; bargaining; discussions	代表団は貿易交渉を大きく前進させました。 :: Representatives made a major breakthrough in the trade talks. || 値引き交渉に必要な条件を教えてください。 :: Please let us know your conditions for making the concession.
1311	住民	じゅうみん	noun	inhabitant; resident; citizen	政府が住民に問う一般投票を実施しました。 :: The government put the question to the people in a referendum. || 住民たちは騒音に対して苦情を訴えた。 :: The residents made complaints about the noise.
1312	再び	ふたたび	adverb	again; once more; a second time	そのようなことが再び起こりうるだろうか。 :: Can such a thing happen again? || 彼はその後再び故国を見ることはなかった。 :: He was never to see his homeland again.
1313	噂	うわさ	noun	rumour; rumor; report	彼の噂は聞いているが個人的には知らない。 :: I know of him, but I don't know him personally. || 彼女がまもなく結婚するという噂を聞いた。 :: I have heard say that she will get married before long.
1314	天使	てんし	noun	angel	少女はクリスマスの劇で天使の役を演じた。 :: The little girl played an angel in the Christmas play. || 眠っている子どもというのは天使のようだ。 :: A sleeping child looks like an angel.
1315	小学校	しょうがっこう	noun	primary school; elementary school; grade school	私のフランスケーキ好きは小学校の時からです。 :: I've loved French cakes since elementary school. || 先日小学校のクラス会に出席した。 :: The other day I attended a class reunion of my elementary school.
1316	展示	てんじ	noun	exhibition; display	私は花の展示会にバラを展示するつもりだ。 :: I'm going to exhibit my roses at the flower show. || 展示中のバラは色別にまとめられてある。 :: The roses on exhibition are grouped together by colors.
1317	後半	こうはん	noun	second half; latter half	その機関は１９６０年代後半に設立された。 :: The institution was established in the late 1960s. || その試合の後半はとてもおもしろかった。 :: The latter half of the game was very exciting.
1318	所有	しょゆう	noun	possession; ownership	このビルの所有者は何度も変わっています。 :: This building changed hands several times. || 彼女はその会社の株を１０％所有している。 :: She has a 10 percent interest in the company.
1319	搭載	とうさい	noun	loading (on a ship); equipping (an aircraft, car, etc.) with; being equipped with	大容量のＲＡＭが搭載されていると、メモリ不足を示すエラーメッセージが表示される。 :: If a very large amount of memory is installed, an 'insufficient memory' error message is displayed.
1320	新作	しんさく	noun	new work; new production; new composition	彼の新作の本はわれわれの期待に応えなかった。 :: His new book did not come up to our expectations. || 彼の新作映画は見るだけの価値がある。 :: His new film is worth seeing.
1321	最悪	さいあく	na-adjective	worst	君は最悪の事態を覚悟しなくてはならない。 :: You should be ready for the worst. || 彼は最悪の事態に備えておくことが必要だ。 :: It is necessary that he prepare for the worst.
1322	模様	もよう	noun	pattern; figure; design	彼らの伝統的な生活模様は、もはや存在しない。 :: Their traditional life style no longer exists. || 彼女はその皿の模様が気に入っている。 :: She likes the design on the plate.
1323	産業	さんぎょう	noun	industry	それはわが国の産業の発展を妨げている。 :: It interferes with our industrial development. || 円高は日本の輸出産業に逆効果になっている。 :: The strong yen is acting against Japan's export industry.
1324	細胞	さいぼう	noun	cell	科学のクラスで私達は細胞の絵を書きます。 :: In science class, we drew pictures of cells. || 筋肉組織は無数の細胞からなっている。 :: Muscle tissue consists of innumerable cells.
1325	肌	はだ	noun	skin	あまり長い時間肌を太陽にさらしてはいけない。 :: Don't expose your skin to the sun for too long. || 中国の音楽はどうも僕の肌に合わない。 :: I don't have the feeling for Chinese music in my body.
1326	背景	はいけい	noun	background; scenery; backdrop	空を背景にして山は本当に美しく見えた。 :: Seen against the sky, the mountain looked really beautiful. || 企業業績の改善は株式市場の回復が背景にある。 :: Improving corporate performances are behind the stock market recovery.
1327	言語	げんご	noun	language	この本は言語学の新しい理論を扱っている。 :: This book deals with the new theory of linguistics. || 娘は言語や芸術よりも自然科学が好きです。 :: My daughter prefers science to languages or art.
1328	質	しつ	noun	quality; value	これらの品物は質よりも量でまさっている。 :: These goods are greater in quantity than in quality. || 質ではこれはあれよりはるかに勝っている。 :: This one is of much higher quality than that one.
1329	近所	きんじょ	noun	neighbourhood; neighborhood; vicinity	ちょうど近所まで行ったので挨拶してきた。 :: As I happened to be in the neighborhood, I went and paid him compliments. || 彼は近所の人とうまくやっていけなかった。 :: He could not get along with his neighbors.
1330	閲覧	えつらん	noun	inspection; reading; perusal	定期雑誌類は閲覧室より帯出禁止。 :: Periodicals may not be removed from the reading room.
1331	ゴミ	ごみ	noun	rubbish; trash; garbage	この汚いゴミをすぐに捨てなければならない。 :: We must get rid of this foul garbage right away. || ゴミ処理は当局の主な頭痛の種となっている。 :: Getting rid of garbage has become a major headache for the authorities.
1332	トラック	とらっく	noun	truck; lorry	この通りは狭いからトラックは通れないよ。 :: This road is too narrow for trucks to pass. || 彼はトラックを通すために車を横に寄せた。 :: He pulled aside to let a truck pass.
1333	モード	もーど	noun	mode (e.g. of a machine); setting; way	このプログラムはＤＯＳモードでは作動しません。 :: This program cannot be run in DOS mode. || 若い女性の間で、前髪をクルクルさせるのは、モードではない。 :: It's not the mode for young girls to curl their bangs.
1334	伝統	でんとう	noun	tradition; convention	我々は伝統に敬意を払わなければならない。 :: We must have respect for tradition. || 伝統的に、人々は４月１日にいたずらをする。 :: By tradition, people play practical jokes on 1 April.
1335	優先	ゆうせん	noun	preference; priority; precedence	何よりも安全を優先しなければならない。 :: We must put safety before anything else. || 彼女の条件が結婚相手を選ぶ際の優先事項だ。 :: Her conditions for choosing a marriage partner took priority.
1336	先輩	せんぱい	noun	senior (at school, work, etc.); superior; elder	私たちは彼をよき先輩として尊敬している。 :: We respect him as a good senior. || 彼らは先輩に昇進おめでとうと言った。 :: They congratulated their 'sempai' on his promotion.
1337	党	とう	noun	party (political)	その党は主に働く女性から成り立っている。 :: The party is mainly made up of working women. || 彼女はその党の指導的任務につくことを承認した。 :: She has consented to take the leadership of the party.
1338	処分	しょぶん	noun	disposal; throwing away; selling off	君は好きなように君のお金を処分してよい。 :: You are free to do as you please with your money. || その廃棄物はどこに処分したらいいのか。 :: Where should we dispose of the waste?
1339	分野	ぶんや	noun	field; sphere; realm	この分野で日本はアメリカに追いついた。 :: Japan caught up with the United States in this field. || 多くの分野で世の中はずいぶん変わりました。 :: The world has seen a lot of changes in many fields.
1340	医師	いし	noun	doctor; physician	医師が患者をよく診てくれたので回復した。 :: The doctor's careful treatment of the patient brought about her recovery. || 医師であることが旅行中大いに役に立った。 :: Being a doctor helped me greatly during the journey.
1341	宗教	しゅうきょう	noun	religion; religious affiliation; belief	完全な宗教の自由が万人に保証されている。 :: Full religious freedom is assured to all people. || 彼と話をするときは宗教問題は口に出すな。 :: Keep off the religious issue when talking with him.
1342	寝る	ねる	verb	to sleep (lying down)	することがないから、寝た方がよさそうだ。 :: There is nothing to do, so I may as well go to bed. || その赤ん坊が寝ている間に私は洗濯をした。 :: I did the washing while the baby was sleeping.
1343	巨大	きょだい	na-adjective	huge; gigantic; enormous	空から見ると川は巨大な蛇のように見えた。 :: Seen from the sky, the river looked like a huge snake. || その巨大なビルは空に届くように思えた。 :: The huge building seemed to touch the sky.
1344	最強	さいきょう	adjective	strongest	スペインは世界最強の国の一つだった。 :: Spain was one of the world's mightiest nations. || この週末には２つの最強のチームが激突する。 :: The two strongest teams will clash with each other this weekend.
1345	渋谷	しぶや	noun	Shibuya City (special ward of Tokyo); Shibuya	彼は渋谷に買い物に行くと私に言いました。 :: He mentioned to me that he would go shopping in Shibuya. || 私たちは、昨日渋谷に買い物に行きました。 :: We went shopping in Shibuya yesterday.
1346	生命	せいめい	noun	life; existence	核戦争は地球上の生命を終わらせるだろう。 :: Nuclear war will bring life on this planet to an end. || 火事は消防士の生命を犠牲にして消された。 :: The fire was put out at the cost of a fireman's life.
1347	男女	だんじょ	noun	men and women; man and woman; both sexes	加藤君のクラスには４０人の男女がいる。 :: Kato's class consists of forty boys and girls. || 男女はお互いに尊敬しあわなければならない。 :: Men and women must respect each other.
1348	緊急	きんきゅう	noun	urgency; emergency	彼には僕に話したい緊急の知らせがあった。 :: He had some urgent news to tell me. || 緊急の用事ができたので約束を取り消した。 :: I canceled my appointment because of urgent business.
1349	許可	きょか	noun	permission; approval; authorization	成功するおっとは妻の許可を求めるものだ。 :: He that will thrive must ask leave of his wife. || 私は彼女がパーティーに行くのを許可した。 :: I allowed her to go to the party.
1350	靴	くつ	noun	shoe; shoes; boots	ここでは女の子の靴だけが売られています。 :: Only girls' shoes are sold here. || こちらが私の靴で、あちらがあなたのです。 :: These are my shoes and those are yours.
1351	高速	こうそく	na-adjective	high-speed; rapid; express	彼は高速道路で一定のスピードを維持した。 :: He maintained a steady speed on the highway. || 新しい高速道路でドライブを楽しんだ。 :: We enjoyed driving along the new expressway.
1352	鬼	おに	noun	ogre; demon; oni	彼女は殺人鬼から逃れようとして必死に走った。 :: She ran for her life to get away from the killer. || 彼は心を鬼にして同情心を押さえた。 :: He steeled himself against compassion.
1353	うまい	うまい	i-adjective	skillful; skilful; skilled	あなたのおかげで仕事がうまく行きました。 :: Thanks to you, the job went well. || こう言う状況ではうまく言葉がでなかった。 :: It was a poor choice of words under the circumstances.
1354	たった	たった	adverb	only; merely; but	この学校の教師のたった１６％が女性です。 :: Only 16 percent of the teachers of this school are female. || 彼はその事故のたった一人の目撃者だった。 :: He was the only witness of the accident.
1355	キロ	きろ	noun	kilogram; kilogramme	彼女はダイエットで５キロやせようとした。 :: She tried to go on a diet and lose five kilograms. || ガソリンスタンドは１キロ先にあります。 :: A gas station is one kilometer ahead.
1356	テロ	てろ	noun	terror; terrorism	我々は絶対にテロを許さない。 :: We will never countenance terrorism. || 米国の核廃棄物、テロ攻撃の標的になりうる。 :: America's radioactive waste may be targeted in terrorist attacks.
1357	ニューヨーク	にゅーよーく	noun	New York	あなたはいつニューヨークを訪れましたか。 :: When did you visit New York? || いつかニューヨークに行ってみたいものだ。 :: I would like to visit New York someday.
1358	ヒット	ひっと	noun	hit; base hit; safe hit	彼が７回の裏にヒットを打ってくれていたらな。 :: I wish he had gotten a hit in the bottom half of the seventh inning. || あの歌は必ずヒットするよ。 :: That song's bound to be a hit.
1359	リスク	りすく	noun	risk	銀行はリスクの高い顧客へのローンには高い金利をつける。 :: Banks charge higher interest on loans to risky customers. || 睡眠不足で、心筋梗塞リスクが上昇。 :: Sleep deprivation increases risk of heart attacks.
1360	ロー	ろー	noun	low gear	何百というバッファローが湖のほうへ移動した。 :: Hundreds of buffaloes moved toward the lake. || ローソクを消していただけますか。 :: Would you put out the candles?
1361	中身	なかみ	noun	contents; interior; filling	財布の中身をこの袋に空けなさい。 :: Empty the purse into this bag. || 彼はポケットから中身を出した。 :: He emptied his pockets of their contents.
1362	事情	じじょう	noun	circumstances; conditions; situation	あらゆる事情が助け合って彼を幸福にした。 :: Everything concurred to make him happy. || そういう事情なのでその要請は認められない。 :: Under the circumstances I cannot allow the request.
1363	交流	こうりゅう	noun	exchange (e.g. cultural); interchange; interaction	彼らは社会的交流の象徴を少し失った。 :: They lost some symbols of social intercourse. || ときに君の喜びと君の真剣な職業とを交流せしめよ。 :: Mingle your joys sometimes with your earnest occupation.
1364	人口	じんこう	noun	population	この国の人口はアメリカの人口より少ない。 :: The population of this country is smaller than that of the United States. || イタリアの人口は、日本の人口の約半分だ。 :: The population of Italy is about half as large as that of Japan.
1365	利益	りえき	noun	profit; gains	その会社は輸出によって多額の利益を得た。 :: The firm has made large profits from exports. || 彼らは投資から８パーセントの利益を得た。 :: They obtained a yield of 8 percent on their investment.
1366	地下	ちか	noun	underground; below the ground	パパは、テレビを地下室に持ってきたの。 :: He brought our TV set down to the cellar. || 地上２２階、地下２階のオフィスビルが建設中です。 :: An office building, with 22 stories above ground and 2 below, is under construction.
1367	大臣	だいじん	noun	cabinet minister	その大臣は自分の言ったことを否定した。 :: The minister contradicted his own statement. || 大臣たちはきっとそのような提案を歓迎する。 :: Government ministers are certain to welcome such proposals.
1368	宣伝	せんでん	noun	publicity; advertisement; advertising	政治における宣伝活動の重要性を認識する。 :: Appreciate the importance of propaganda in politics. || この商品はテレビの宣伝でよく知られている。 :: This product is well known by its advertisement on television.
1369	小学生	しょうがくせい	noun	elementary school student; primary school student; grade school student	この問題は難しすぎて小学生には解けないよ。 :: This problem is too difficult for primary school children to solve. || 彼はまるで小学生のように赤くなった。 :: He reddened like a schoolboy.
1370	帰る	かえる	verb	to return; to come home; to go home	あなたは、今のうちに家に帰ることですね。 :: You may as well go home now. || あなたはいつ東京から帰ってきたのですか。 :: When did you come back from Tokyo?
1371	建設	けんせつ	noun	construction; establishment	いったいこの建物はいつ建設されたのだろう。 :: I wonder when this building was constructed. || この近くで３つの大きなビルが建設中だ。 :: Three large buildings near here are under construction.
1372	当たり前	あたりまえ	adjective	natural; reasonable; obvious	子供たちが迷惑をかけるのは当たり前だ。 :: It is common for children to cause trouble. || 我々は彼が成功したのは当たり前だと思った。 :: We took his success for granted.
1373	本日	ほんじつ	noun	today; this day	あいにくですが本日は予約でいっぱいです。 :: I'm sorry, today is fully booked. || 労働組合は２４時間ストを本日中止した。 :: The workers union called off their 24-hour strike today.
1374	正確	せいかく	na-adjective	accurate; correct; precise	それが起こった正確な時間を知っています。 :: I know the exact time when that happened. || 公共の交通輸送機関は正確に動いています。 :: The public transportation system runs like clockwork.
1375	物質	ぶっしつ	noun	material; substance	この物質は主に水素と酸素から出来ている。 :: This substance is mostly composed of hydrogen and oxygen. || その物質は酸で処理しなければならない。 :: The substance must be treated with acid.
1376	獲得	かくとく	noun	acquisition; possession	その３人の女の子は、それぞれ賞を獲得した。 :: Each of the three girls got a prize. || 彼の音楽は海外で大変な人気を獲得した。 :: His music has attained great popularity overseas.
1377	痛み	いたみ	noun	pain; ache; soreness	その痛みは彼には我慢できないものだった。 :: The pain was more than he could stand. || 医者は痛みを取り除くため彼に薬を与えた。 :: The doctor gave him some drugs to relieve the pain.
1378	記者	きしゃ	noun	reporter; journalist	彼は我々の記者会見の申し出を拒否した。 :: He refused our offer to arrange a press conference. || 記者はその情報源を明かすことを拒んだ。 :: The reporter refused to name his sources.
1379	認定	にんてい	noun	authorization; authorisation; acknowledgment	そのため、要介護認定の結果は介護サービスの量と関係している必要があります。 :: For that reason the outcome of the primary nursing care requirement authorization has to relate to the amount of nursing care required.
1380	調整	ちょうせい	noun	adjustment; regulation; coordination	そのように時間を調整してあるのですから。 :: That is the regular starting time. || 彼は望遠鏡を自分に合うように調整した。 :: He adjusted the telescope to his sight.
1381	過ぎる	すぎる	verb	to pass through; to pass by; to go beyond	あの子もおもちゃで遊ぶ年は過ぎるころだ。 :: He will soon be past playing with toys. || それじゃ女は大きく育った子供に過ぎない。 :: Women, then, are only children of a larger growth.
1382	あまりに	あまりに	adverb	too (much); overly; excessively	その子はあまりにも長く日光にさらされた。 :: She was left in the sun too long. || その申し出は、断るにはあまりにも良すぎる。 :: The offer is too good to turn down.
1383	いきなり	いきなり	adverb	abruptly; suddenly; all of a sudden	そのタクシーはいきなり左に曲がった。 :: The taxi abruptly turned left. || いきなり解雇を言い渡された。 :: I was discharged without notice.
1384	お腹	おなか	noun	belly; abdomen; stomach	お腹がすいていると何でもおいしいんだよ。 :: It goes without saying that hunger is the best sauce. || いいえ、結構です。お腹が一杯ですから。 :: No, thank you. I've had enough.
1385	インタビュー	いんたびゅー	noun	interview (on television, in a newspaper, etc.)	インタビューはあす午前１０時予定されている。 :: The interview is scheduled for 10:00 a.m. tomorrow. || 彼は首相にインタビューした。 :: He had an interview with the Prime Minister.
1386	ダイエット	だいえっと	noun	diet; dieting	彼は太りすぎているのでダイエット中です。 :: He's on a diet because he is a little overweight. || 彼女はダイエットで５キロやせようとした。 :: She tried to go on a diet and lose five kilograms.
1387	パーティー	ぱーてぃー	noun	party (social gathering)	かなり多くの人々がそのパーティーに来た。 :: Quite a few people came to the party. || こんな素晴らしいパーティーは初めてです。 :: I've never been to such a nice party.
1388	住宅	じゅうたく	noun	residence; housing; residential building	住宅は相当な値段を払えば手に入るだろう。 :: Housing could be obtained at a price. || ジョンは大規模な住宅計画をやり遂げた。 :: John put across a big housing project.
1389	優しい	やさしい	i-adjective	tender; kind; gentle	彼の優しい言葉で彼女の気持ちが和らいだ。 :: She melted at his kind words. || 彼は年寄りを助けて優しい男のふりをした。 :: He made a show of helping the old man.
1390	単位	たんい	noun	unit (e.g. meters, grams, etc.); denomination	ここでは、魚はポンド単位で売られています。 :: Fish is sold by the pound here. || 家族は社会の最も重要な構成単位である。 :: The family is the most important unit in society.
1391	増加	ぞうか	noun	increase; rise; growth	人口の増加は深刻な社会問題を生んでいる。 :: Population growth has given rise to serious social problems. || 南部の売り上げは４７パーセント増加した。 :: In the southern region, sales were up 47 percent.
1392	少なくとも	すくなくとも	adverb	at least	この辞書には少なくとも５万語載っている。 :: This dictionary contains not less than fifty thousand words. || その旅行は少なくとも５日はかかるだろう。 :: The trip will take at least five days.
1393	届	とどけ	noun	report; notification; registration	盗難届はどのようにすればいいのですか。 :: How do I report a theft? || ２人は２月５日に婚姻届を出した。 :: They had their marriage registered on February 5.
1394	建築	けんちく	noun	construction; architecture (of buildings)	このビルは有名な建築家によって設計された。 :: This building was laid out by a famous architect. || この建築物は一般に公開されていますか。 :: Is this building open to the public?
1395	心理	しんり	noun	state of mind; mentality; psychology	私は、ある程度まで心理学を勉強しました。 :: I have studied Psychology to some extent. || 私にはそんな男の心理は理解できません。 :: I can't understand the psychology of such a man.
1396	手術	しゅじゅつ	noun	surgery; operation; procedure	この手術は成功するかしら、と彼は思った。 :: He said to himself, "Will this operation result in success?" || その手術をするのに医者は８時間かかった。 :: It took the doctor eight hours to do the operation.
1397	書籍	しょせき	noun	book; publication	ここのところ書籍の価格が上がっている。 :: The price of books is getting higher these days. || 自然と書籍はそれを見る眼のものだ。 :: Nature and books belong to the eyes that see them.
1398	株	かぶ	noun	stock; share	ニューヨークはアメリカの株取引の中心だ。 :: New York is the center of America's stock exchange. || 彼は成長株の事業に２００ドルを投資した。 :: He invested two hundred dollars in a growing business.
1399	次元	じげん	noun	dimension	クモはいつも自分たちの巣を３次元に織る。 :: Spiders always weave their webs in three dimensions. || 五次元のマフラーはよい音がする。 :: The 5ZIGEN's exhaust gives a nice sound.
1400	求める	もとめる	verb	to want; to wish for	その赤ん坊はミルクを求めて大声で泣いた。 :: The baby cried for milk. || たいていの人々は幸福を求めて生きている。 :: Most people live in pursuit of happiness.
1401	深い	ふかい	i-adjective	deep	ここ私たちの街では１月は雪がとても深い。 :: The snow is very deep here in our town in January. || 彼は両手をポケットに深く突っ込んでいた。 :: His hands were deep in his pockets.
1402	無視	むし	noun	disregarding; ignoring	信号無視して道を渡ると、ここでは捕まる？ :: Is there a law here about jaywalking? || 信号無視を犯すのは避けたほうがよいです。 :: We're better off not running traffic lights.
1403	状	じょう	noun	form; shape; appearance	法廷は遺言状が有効であるとの判決を下した。 :: The court adjudged that the will was valid. || 私は招待状の封筒の宛名書きをしました。 :: I addressed the envelope containing the invitation.
1404	生きる	いきる	verb	to live; to exist	このままいくと１２０歳まで生きそうだよ。 :: If you keep on like this, you'll probably live to reach 120! || ご親切は生きている限り決して忘れません。 :: I'll never forget your kindness as long as I live.
1405	章	しょう	noun	chapter; section	この章ではその惑星の謎に焦点をあてます。 :: This chapter will focus on the riddles of the planets. || 今のところ何とか最初の３章を読み終えた。 :: I've managed to finish the first three chapters so far.
1406	笑顔	えがお	noun	smiling face; smile	私を見るやいなや、彼女は笑顔で挨拶をした。 :: As soon as she saw me, she greeted me with a smile. || 彼女は加藤先生に笑顔であいさつした。 :: She greeted Mr Kato with a smile.
1407	継続	けいぞく	noun	continuation; continuance; maintenance	交渉を継続することで合意しました。 :: We have agreed to continue the negotiations. || 科学者はその研究を継続することを強く要求した。 :: The scientist insisted on proceeding with the research.
1408	美人	びじん	noun	beautiful woman; (a) beauty; belle	あの女の子は美人であるとうぬぼれている。 :: That girl is arrogant because of her beauty. || 彼女は美人コンテストに参加するつもりだ。 :: She plans to take part in the beauty contest.
1409	角	かく	noun	angle	この通りを二つ目の角で左へ曲がりなさい。 :: Go two blocks and turn left. || 彼女が角を曲がるとき私は彼女を見かけた。 :: I caught sight of her as she turned the corner.
1410	議論	ぎろん	noun	argument; discussion; dispute	彼の議論はわれわれの方針と矛盾している。 :: His argument is inconsistent with our policy. || 彼らとその問題について議論しても無駄だ。 :: It is vain to argue with them about the problem.
1411	資格	しかく	noun	qualifications; requirements; capabilities	ジョーンズはその仕事をする資格は十分ある。 :: Jones is well qualified for the job. || ブラウン氏は大使の資格で行動していた。 :: Mr Brown was acting in the capacity of ambassador.
1412	運用	うんよう	noun	making use of; application; practical use	もう少し諸規則の弾力的運用はできないか。 :: Can't you apply the rules a little more elastically?
1413	邪魔	じゃま	noun	hindrance; obstacle; nuisance	彼は私の仕事の邪魔をすることがよくある。 :: He often stands in the way of my work. || 彼女の邪魔をするな。彼女は今、仕事中だ。 :: Don't disturb her. She is at work right now.
1414	部隊	ぶたい	noun	force; unit; corps	その大尉はうまく部隊を指揮している。 :: That captain handles his troops well. || 彼らはレスキュー部隊が来るまで歌を歌い続けた。 :: They kept singing until a rescue team came.
1415	銀	ぎん	noun	silver (Ag)	かつて日本では金は銀よりも価値が低かった。 :: Once gold was less valuable than silver in Japan. || 金より銀の指輪の方が好きです。 :: I prefer silver rings to gold ones.
1416	額	がく	noun	(picture) frame; framed picture	うちの庭は猫の額ほどの狭さなんですよ。 :: We have just a tiny bit of garden. || 子供達の教育にはかなりの額がかかった。 :: Our children's education set us back quite a lot.
1417	竜	りゅう	noun	dragon (esp. a Chinese dragon)	上の左端の動物は、竜のつもりでしょう。 :: The animal in the top left-hand corner is meant to be a dragon. || 竜は想像上の生物である。 :: The dragon is an imaginary creature.
1418	エリア	えりあ	noun	area	スペイン料理ってパエリアの他に何があるの？ :: What Spanish food is there apart from paella? || 警察はそのエリアを封鎖した。 :: The police have blocked off the area.
1419	サポート	さぽーと	noun	support	彼はあなたをすすんでサポートします。 :: He is voluntarily supporting you. || リナックスをサポートしているベンダーもいます。 :: There are also vendors who support Linux.
1420	ショー	しょー	noun	show; performance	これから始まるショーをどうぞごゆっくり。 :: We hope you will enjoy the show. || そのショーは観衆には楽しいものであった。 :: The show was pleasing to the audience.
1421	バランス	ばらんす	noun	balance	彼はバランスを失って自転車から落ちた。 :: He lost his balance and fell off his bicycle. || 鼻の上でボールのバランスを保つのは難しい。 :: It's difficult to balance a ball on your nose.
1422	レッド	れっど	noun	red	レッド先生が私に国語を教えてくれた。 :: Miss Red taught me Japanese. || バンド名はレッド・ホット。 :: My band name's Red Hot.
1423	両方	りょうほう	noun	both; both sides; both parties	彼は日本語と英語の両方をたやすく話せる。 :: He can speak both Japanese and English with facility. || 彼女の小説の両方とも読んだわけではない。 :: I haven't read both of her novels.
1424	中止	ちゅうし	noun	interruption; discontinuance; suspension	パーティーを中止しなければならなかった。 :: I had to call off the party. || 万一雨が降ったら試合は中止になるだろう。 :: If it should rain, the game will be called off.
1425	優秀	ゆうしゅう	na-adjective	superior; excellent; brilliant	君は非常に優秀な弁護士になれる気がする。 :: I have a feeling you'll be a very good lawyer. || 兄は全く不器用なのに、彼は優秀な外科医だ。 :: His brother is all thumbs, but he is a skillful surgeon.
1426	出版	しゅっぱん	noun	publication	これは今年出版された断然最高の小説です。 :: This is by far the best novel that has been published this year. || その出版社が僕の企画にチャンスをくれた。 :: The publisher gave my proposal a chance.
1427	卵	たまご	noun	eggs; egg; spawn	これらの卵が全部新鮮というわけではない。 :: All these eggs are not fresh. || 牛は我々にミルクをくれ、鶏は卵をくれる。 :: Cows give us milk and chickens give us eggs.
1428	厳しい	きびしい	i-adjective	severe; strict; rigid	その新型車は何度か厳しいテストを受けた。 :: The new model car was put through several tests. || 両親がふたりとも私に厳しいわけではない。 :: My parents are not strict with me.
1429	台湾	たいわん	noun	Taiwan	台湾にいたとき私は彼と友達になった。 :: While I was in Taiwan, I made friends with him. || 台湾料理はインド料理ほど辛くない。 :: Taiwanese food is milder than Indian food.
1430	和	わ	noun	sum	スポーツではチームの和が成功には欠かせません。 :: In sport, team harmony is vital to success. || ３角形のすべての角の和は１８０度に等しい。 :: The sum of all the angles in a triangle equals 180 degrees.
1431	埼玉	さいたま	noun	Saitama (city, prefecture)	埼玉と千葉の間に川があります。 :: There is a river between Saitama and Chiba. || 私は埼玉の出身です。 :: I come from Saitama.
1432	太陽	たいよう	noun	Sun	この世で太陽の影響を受けないものはない。 :: There is nothing on earth that is not affected by the sun. || その家は太陽エネルギーで暖房されている。 :: The house is heated by solar energy.
1433	弱い	よわい	i-adjective	weak; frail; delicate	人は年をとればとるほど記憶力が弱くなる。 :: The older one grows, the weaker one's memory becomes. || その少女の声はだんだん弱くなりました。 :: The girl's voice became weaker and weaker.
1434	得意	とくい	noun	satisfaction; pride; triumph	彼はハンサムだ。加えてスポーツが得意だ。 :: He is handsome. In addition, he is good at sport. || 彼は複雑な数学の問題を解くことが得意だ。 :: He is good at solving complicated mathematical problems.
1435	思い出	おもいで	noun	memories; recollections; reminiscence	彼は嫌な思い出が消えることを願っている。 :: He wishes to erase bad memories. || これは僕の人生で一番の思い出になるよ。 :: This will be one of the best memories of my life.
1436	悪魔	あくま	noun	devil; demon; fiend	まるで悪魔にでも追いかけられてるみたいだ。 :: It was as if the devil was chasing after him. || 悪魔にも当然与えるべきものは与えよ。 :: Give the devil his due.
1437	新規	しんき	adjective	new; fresh	新規開店した宝石店は私の御得意様を奪った。 :: The newly-opened jewelry shop took away some of my best customers. || 私の新規事業が旨くいってくれたらなあ。 :: I wish my venture would work out.
1438	核	かく	noun	stone (of a fruit); pit; pip	核戦争は地球上の生命を終わらせるだろう。 :: Nuclear war will bring life on this planet to an end. || 問題は、いかに核戦争を避けるかである。 :: The question is how to avoid nuclear war.
1439	業者	ぎょうしゃ	noun	trader; dealer; businessperson	我々は海外の業者からの競争に直面している。 :: We face competition from foreign suppliers. || その製造業者はその新しい機械を５年間保証した。 :: The manufacturer guaranteed the new machine for 5 years.
1440	残る	のこる	verb	to remain; to be left	その村はただ一家族しか残っていなかった。 :: In that village only one family remains. || それは記録に残っている最大の地震だった。 :: It was the greatest earthquake on record.
1441	演出	えんしゅつ	noun	direction (of a play, film, etc.); production	その劇は彼によって演出された。 :: The play was produced by him.
1442	牛	うし	noun	cattle (Bos taurus); cow; bull	牛は我々にミルクをくれ、鶏は卵をくれる。 :: Cows give us milk and chickens give us eggs. || 牛は私たちにおいしい牛乳を与えてくれる。 :: Cows provide us with good milk.
1443	発展	はってん	noun	development; growth; expansion	その計画は私たちの市を発展させるだろう。 :: The plan will develop our city. || ボストンはここ１０年間で急速に発展した。 :: Boston has grown rapidly in the last ten years.
1444	翻訳	ほんやく	noun	translation	彼女はその本を日本語から英語に翻訳した。 :: She translated the book from Japanese into English. || 父はフランス語の文書を日本語に翻訳した。 :: Father translated the French document into Japanese.
1445	記載	きさい	noun	mention (in a document); record; entry	他に記載すべき情報があれば教えてください。 :: If you want to include other information, please let us know. || 著者と出版社の名前を記載します。 :: I will include the author's and publisher's names.
1446	話す	はなす	verb	to talk; to speak; to converse	あなたが英語を話すことは難しいでしょう。 :: It will be hard for you to speak English. || あなたには真実を話したほうがいいですね。 :: I'd better tell you the truth.
1447	送料	そうりょう	noun	postage; carriage; shipping charge	もしも無料でなければ、カタログの価格と日本までの送料をお教えください。 :: If they are not free, please let me know how much the catalogue and the postage to Japan are.
1448	速度	そくど	noun	speed; velocity; pace	列車は一時間に５００マイルの速度で走った。 :: The train traveled at the rate of 500 miles an hour. || 我々は制限速度を守らなくてはならない。 :: We should observe the speed limit.
1449	あたし	あたし	pronoun	I; me	あなたが今、あたしにしてほしいことは何？ :: What is it that you want me to do now? || あたしはその店で時計を買うつもりです。 :: I will buy a watch at the store.
1450	アジア	あじあ	noun	Asia	英国への多くの移民はアジアからきている。 :: Many immigrants to Britain have come from Asia. || アジアの民族は協力し合わなければならない。 :: People of Asia must work together.
1451	カレー	かれー	noun	curry (esp. Japanese curry)	このカレーは辛すぎて食べられない。 :: This curry is too hot to eat. || このレストランのカレーはうまいよ。 :: The curry at this restaurant is good.
1452	ブルー	ぶるー	noun	blue	彼女はその客にブルーのネクタイを勧めた。 :: She suggested that the customer buy a blue tie. || あなたはブルーの服を着るととてもすてきだ。 :: You are very attractive in blue.
1453	二つ	ふたつ	number	two	この通りを二つ目の角で左へ曲がりなさい。 :: Go two blocks and turn left. || 二つのうちのどちらが値段が高いんですか。 :: Which is the more expensive of the two?
1454	使い方	つかいかた	noun	way of using (something); way to use; how to use	サムはその機械の使い方がわからなかった。 :: Sam couldn't figure out how to use the machine. || 彼は正しい英語の使い方を良く知っている。 :: He has an eye for good English usage.
1455	傾向	けいこう	noun	tendency; trend; inclination	その傾向はアメリカ人に強いようですね。 :: That tendency is strong among Americans. || 彼は些細なことで腹をたてる傾向がある。 :: He tends to get angry over trifles.
1456	働く	はたらく	verb	to work; to labor; to labour	いとこは、うちの近くの店で働いています。 :: My cousin works in a shop near our home. || ここが彼女が秘書として働いている所です。 :: This is the place where she works as a secretary.
1457	制御	せいぎょ	noun	control (of a machine, device, etc.)	ジムは怒りを制御することができた。 :: Jim was able to hold back his anger. || 古代のオーバーテクノロジーの武器は必ず制御ができなくなる。 :: Super technology weapons from the ancients always end up out of control.
1458	前後	ぜんご	noun	front and rear; front and back; before and behind	文の前後関係から単語の意味を知る。 :: Get the meaning of a word from its context. || 新しい世紀に変わる前後の状況はこんなものであった。 :: This was how matters stood at the turn of the century.
1459	午前	ごぜん	noun	morning; a.m.	去年の夏私はいつも午前中散歩をしていた。 :: Last summer, I always took a walk in the morning. || 彼は私を午前中ずっと待たせたままにした。 :: He kept me waiting all morning.
1460	大型	おおがた	adjective	large; large-sized; large-scale	一般に、アメリカの人々は大型車の方を好む。 :: In general, people in America tend to prefer bigger cars. || ここは大型車の通行は禁止されている。 :: There is no passage for big vehicles here.
1461	巨人	きょじん	noun	giant; great man	その巨人は誰にも愛されなかった。 :: The giant was not loved by anybody. || 今年は巨人が優勝しないと思うよ。 :: I don't think that the Giants will be the champions this year.
1462	抵抗	ていこう	noun	resistance; opposition; standing up to	いったいなぜ君は薬を飲むのに抵抗したのか。 :: Why on earth did you resist taking medicine? || できることは抵抗か逃亡か二つに一つだった。 :: The alternative possibilities were resistance and flight.
1463	毎年	まいとし	adverb	every year; yearly; annually	奇妙にも、学生の数が毎年減ってきている。 :: Strangely, the number of students is decreasing each year. || 毎年私は学校用として新しいノートを買う。 :: Every year, I buy new notebooks for school.
1464	比	ひ	noun	ratio; proportion	オーストラリアには美人が多いと思う（当社比）。 :: I think there are a lot of beautiful women in Australia (YMMV). || 第３四半期のＧＮＰ成長は前期比１％だった。 :: The third quarter GNP growth was 1% over the preceding quarter.
1465	王子	おうじ	noun	prince	その汚い少年は変装した王子だとわかった。 :: The dirty boy turned out to be a prince in disguise. || 王子様はカエルに変えられてしまった。 :: The prince was changed into a frog.
1466	疑問	ぎもん	noun	doubt; question; suspicion	その証拠に疑問の余地はほとんどなかった。 :: The evidence left little room for doubt. || ある意味では君は正しいが、まだ疑問が残る。 :: In a way you are right, but I still have doubts.
1467	縦	たて	noun	the vertical; height	この部屋は縦１２フィート横２４フィートあります。 :: This room is twelve feet by twenty-four feet. || テーブルを縦一列に並べなさい。 :: Put the tables end to end.
1468	自宅	じたく	noun	one's home; one's house	彼はゆうべ自宅で静かに息を引き取った。 :: He passed on quietly at his home last night. || たいていの人は自宅にいるとき最もくつろげる。 :: People feel most at ease when they are at home.
1469	臭い	くさい	i-adjective	stinking; smelly	地下室は汚くて、暗くて、臭いの。 :: The cellar is ugly, dark, and stinky. || その肉はひどい臭いがしていた。 :: The meat was giving off a terrible smell.
1470	苦手	にがて	na-adjective	poor (at); weak (in); not very good (at)	彼は英語が苦手だが、数学では誰にも劣らない。 :: He is poor at English but second to none in mathematics. || 数学が苦手なので家庭教師をつけてもらいたい。 :: As I am not good at math, I hope my parents will allow me to have a private tutor.
1471	選ぶ	えらぶ	verb	to choose; to select; to pick (out)	あなたはこれとあれとどちらを選びますか。 :: Which will you take, this one or that one? || だれも彼を議長に選ぶのに反対しなかった。 :: Nobody argued against choosing him as chairman.
1472	魔	ま	noun	demon; devil; evil spirit	株式市場は魔の市場だとよく言われる。 :: The stock market is often called a dangerous one. || 一瞬魔が差して盗んでしまった。 :: I must have stolen it when I lost control of myself momentarily.
1473	鼻	はな	noun	nose	人の問題に鼻を突っ込むのはよしてくれよ。 :: Stop sticking your nose into other people's business. || 彼の会社は私の会社のつい目と鼻の先にある。 :: His office is very close to mine.
1474	だが	だが	conjunction	but; however; (and) yet	だが「実験」というのは適切な言葉ではない。 :: But "experiment" is not the appropriate word. || だが、ベッド生活では全く魅力的じゃないんだ。 :: But, she has never offered much excitement in the bedroom.
1475	やり方	やりかた	noun	way (of doing); manner; method	ぼくは自分のやり方はけっして変えません。 :: I will never go out of my way. || ジョージは父親と同じやり方で仕事をした。 :: George did business in the same manner as his father.
1476	オンライン	おんらいん	noun	online	オンラインでお話しした方がよろしければそうします。 :: If you need to go off-line, that is fine. || 法律の変更で、電子商取引におけるオンライン販売が脅かされている。 :: Legal changes threaten online sales in digital commerce.
1477	スト	すと	noun	strike (i.e. industrial action)	列車のストにはまったく困りませんでした。 :: The train strike didn't bother me at all. || 労働組合は２４時間ストを本日中止した。 :: The workers union called off their 24-hour strike today.
1478	バイク	ばいく	noun	motorcycle; motorbike; bike	この工場はバイクを月に８００台生産する。 :: The factory turns out eight hundred motorcycles a month. || バイクは若者が乗ると危険なことがある。 :: It can be dangerous for young people to ride motorcycles.
1479	バージョン	ばーじょん	noun	version	その２つのバージョンの違いははっきりしていない。 :: The difference between the two versions isn't clear. || あなたは新しいバージョンのソフトウェアを要求すべきである。 :: You must request the latest version of the software.
1480	ミニ	みに	noun	miniskirt	ミニディスクを売っていますか。 :: Do you sell mini disks?
1481	リーダー	りーだー	noun	leader	皆、彼をリーダーとみなして尊敬していた。 :: They all looked up to him as their leader. || 私たちは彼をリーダーとして尊敬している。 :: We look up to him as our leader.
1482	体制	たいせい	noun	order; system; structure	その病院は２４時間体制を整えている。 :: The hospital provides around the clock service. || 共産主義はソ連で実践された体制である。 :: Communism is the system practiced in the Soviet Union.
1483	兵器	へいき	noun	arms; weapon; ordnance	日本は兵器にあまりお金を使うべきではない。 :: Japan should not spend much money on weapons. || 条約は化学兵器の使用を禁止している。 :: The treaty bans the use of chemical weapons.
1484	危機	きき	noun	crisis; critical situation; emergency	今日、我々は歴史上の危機に直面している。 :: Today we stand at a critical point in history. || 財政危機に直面している発展途上国もある。 :: Some developing countries are faced with financial crises.
1485	妄想	もうそう	noun	delusion; wild idea; (wild) fancy	あの少女は自分が王女様だという妄想にとらわれている。 :: That girl is under the delusion that she is a princess.
1486	当たり	あたり	noun	hit	パーティーの費用は一人当たり４０００円です。 :: Each person's share of the expenses for the party is 4000 yen. || 何回か当たりはあったが針にはかからなかった。 :: I got several bites, but could not hook a fish.
1487	待ち	まち	noun	waiting; waiting time	あのツアー、キャンセル待ちの状態だって。 :: That tour already has a waiting list. || 私は待ちに待ったが、ついにジョンがやってきた。 :: I waited and waited and at last John arrived.
1488	悲しい	かなしい	i-adjective	sad; miserable; unhappy	何のために彼女はそんなに悲しいのですか。 :: What made her so sad? || 大変悲しいことに父は若くして亡くなった。 :: To my great sorrow, my father died young.
1489	段	だん	noun	step; stair; rung	彼は階段を一度に三段ずつかけあがった。 :: He jumped up the steps three at a time. || それは去年のと比べて一段の進歩だ。 :: It is great improvement as compared with what it was last year.
1490	注文	ちゅうもん	noun	order (for an item)	あなたのご注文なさった商品が届きました。 :: Your order is ready. || ご注文いただけると考えてよいでしょうか。 :: May we look forward to receiving your order?
1491	独自	どくじ	adjective	original; unique; distinctive	トムとビルはそれぞれ独自の結論に達した。 :: Tom and Bill arrived at different conclusions from each other. || 鯨には独自の言語があると信じられている。 :: It is believed that whales have their own language.
1492	生物	せいぶつ	noun	living thing; organism; creature	彼は生物研究所に１０年近く従事している。 :: He has been engaged in the study of biology for nearly ten years. || 水がなければ、生物は生きられないだろう。 :: If it were not for water, no living things could live.
1493	発行	はっこう	noun	publication (of a newspaper, magazine, book, etc.); issue	１冊の新しい辞書の発行が計画されている。 :: A new dictionary has been projected. || パスポートなくした。再発行しなくちゃ。 :: I lost my passport. I'll have to get a new one.
1494	監視	かんし	noun	monitoring; watching; observation	市民プールの監視の仕事に応募しました。 :: I applied for a job as a lifeguard at the community pool. || 彼は監視されているのに気づいていた。 :: He was aware of being watched.
1495	目指す	めざす	verb	to aim at (for, to do, to become); to try for; to have an eye on	我々は常にサービスの向上を目指している。 :: We are always aiming at improving the quality of service. || 君はどこの大学を目指しているのですか。 :: Which college are you aiming for?
1496	確率	かくりつ	noun	probability; likelihood; chances	彼が回復する確率はあるにしても極めて少ない。 :: There is little if any hope for his recovery. || キャンセル待ちで乗れる確率はどれくらいですか。 :: If I wait, what's the possibility I can get a seat?
1497	神経	しんけい	noun	nerve	彼のふるまいは本当に私の神経にさわった。 :: His behavior really got on my nerves. || 離陸するジェット機の音が私の神経にさわる。 :: The sound of jets taking off gets on my nerves.
1498	職	しょく	noun	job; work; employment	その結果、彼女は、職を失うこととなった。 :: The consequence was that she lost her job. || 特別な技術を持つ人は簡単に職を得られる。 :: Persons with special skills can easily get jobs.
1499	診断	しんだん	noun	diagnosis; medical examination	その女性は一人一人を注意深く診断している。 :: She'll diagnose each person carefully. || 保険会社へ出すための診断書をください。 :: Could you make out a certificate of health?
1500	身長	しんちょう	noun	height (of a person); stature	ビルは、ジャックと同じくらいの身長です。 :: Bill is as tall as Jack. || あなたの身長と体重はどれくらいですか。 :: How tall are you, and how much do you weigh?
1501	野菜	やさい	noun	vegetable	トマトは果物ですか、それとも野菜ですか。 :: Is a tomato a fruit or a vegetable? || 彼女は私たちに野菜スープを作ってくれた。 :: She cooked vegetable soup for us.
1502	防衛	ぼうえい	noun	defense; defence; protection	彼は裁判で正当防衛を主張して無罪となった。 :: He pleaded self-defense at the trial and went scot-free. || その防衛計画に関する見通しは暗い。 :: The outlook for the defense program is dismal.
1503	お母さん	おかあさん	noun	mother; mom; mum	お母さんにどうぞよろしくお伝えください。 :: Please remember me to your mother. || お母さんは食事のしたくをするのに忙しい。 :: Mother is busy preparing dinner.
1504	きっかけ	きっかけ	noun	chance; start; cue	彼等は彼に逃げるきっかけを与えた。 :: They gave him a chance to escape. || 私の意見がそのグループでの議論のきっかけになった。 :: My comment sparked off an argument in the group.
1505	イタリア	いたりあ	noun	Italy	これがイタリアで買ったハンドバッグなの。 :: This is the handbag I bought in Italy. || イタリアの人口は、日本の人口の約半分だ。 :: The population of Italy is about half as large as that of Japan.
1506	ケーキ	けーき	noun	cake	ケーキを作るために砂糖がいくらか必要だ。 :: I need some sugar to make a cake. || メアリーの誕生日にケーキを作るつもりだ。 :: I'm going to make a cake for Mary's birthday.
1507	コンビニ	こんびに	noun	convenience store	コンビニでは何でも買えます。 :: I am able to buy anything in a convenience store. || 省エネのためにコンビニの２４時間営業を廃止しろ！ :: Save energy by abolishing the convenience stores' 24-hour-a-day trading!
1508	スーツ	すーつ	noun	suit (clothing)	あなたはこのスーツが一番よく似合うわよ。 :: You look your best in this suit. || お金が無くて新しいスーツが買えないんだ。 :: I'm too poor to buy a new suit.
1509	ドア	どあ	noun	door	ドアが突然マイクによってあけられました。 :: The door was suddenly opened by Mike. || ドアが閉まるようにすることができますか。 :: Can you get the door to shut?
1510	ワイン	わいん	noun	wine	あのおいしいワインをなぜ飲まないんだい。 :: Why not try that delicious wine? || このワインはあのワインよりも香りがいい。 :: This wine is superior to that one in scent.
1511	上手	じょうず	na-adjective	skillful; skilled; proficient	あなたは何と上手に英語を話すのでしょう。 :: What a good speaker of English you are! || あまりピアノは上手ではありませんでした。 :: She was not a very good pianist.
1512	乳	ちち	noun	milk	そのチーズは羊の乳から作られています。 :: That cheese is made from sheep's milk. || 赤ちゃんがお乳を欲しがっています。 :: The baby is crying for milk.
1513	共通	きょうつう	adjective	common; shared; mutual	いたずらはたいていの子供に共通のものだ。 :: Mischief is common to most children. || 彼らはお互いに共通点がまったくありません。 :: They don't have anything in common at all.
1514	具体	ぐたい	noun	concreteness; embodiment	彼に詳しい具体的な指示を与えてください。 :: Please give him detailed and specific directions. || 彼の考えは具体的でも抽象的でもなかった。 :: His notion was neither concrete nor abstract.
1515	別れ	わかれ	noun	parting (of people); separation; farewell	みんなからお別れのプレゼントをもらった。 :: I got a farewell present from everyone. || 若者は仲間や親戚の人たちに別れを告げた。 :: The young man bade farewell to his comrades and relatives.
1516	動く	うごく	verb	to move; to stir; to shift	この機械がうまく動くかどうかは疑わしい。 :: It is doubtful whether this machine works well or not. || その馬は立ち止まって動こうとしなかった。 :: The horse stopped and wouldn't move.
1517	台風	たいふう	noun	typhoon; hurricane	幸いにも作物は台風の被害を受けなかった。 :: Happily the crops were not harmed by the typhoon. || あの台風で、私たちは外出できなかった。 :: We couldn't go out because of the typhoon.
1518	否定	ひてい	noun	denial; negation; repudiation	その事実を否定することは不可能だと思う。 :: I think it impossible to deny the fact. || 君はそこに行ったことを否定するのですか。 :: Do you deny that you went there?
1519	回転	かいてん	noun	rotation; revolution; turn	針は中心を一時間に１０回転の割合で回る。 :: The hand on its axis turns at 10 revolutions per hour. || 地球は約３６５日で太陽の周囲を１回転する。 :: The earth makes one revolution around the sun in about 365 days.
1520	塩	しお	noun	salt; common salt; table salt	彼女は私に塩を取ってくれるように頼んだ。 :: She asked me to pass her the salt. || 母はスープの味を見てもう少し塩をいれた。 :: My mother tasted the soup and added a little more salt.
1521	将軍	しょうぐん	noun	general	将軍は彼らに前進を続けるように命じた。 :: The general commanded them to move on. || 将軍は部下とともにその陰謀に加わった。 :: The general participated in the plot with his men.
1522	崩壊	ほうかい	noun	collapse; crumbling; breaking down	橋は強い流れに耐えられず崩壊した。 :: The bridge couldn't sustain the force of the strong current and collapsed. || この事件は運動を崩壊させた。 :: This incident led the movement to collapse.
1523	強制	きょうせい	noun	compulsion; coercion; forcing (to do)	彼は大統領の職から強制的に退くべきか。 :: Ought he to be forced out of the presidency? || 我々は行動を強制されたり禁止されたりする。 :: We are constrained to and restrained from an action.
1524	当選	とうせん	noun	being elected	彼は当選して知事になるつもりだと言った。 :: He said that he would be elected and that he would become governor. || 選挙運動は成功し、彼女は当選した。 :: The campaign succeeded and she won the election.
1525	感動	かんどう	noun	being deeply moved emotionally; excitement; passion	あなたは必ずその美しさに感動するだろう。 :: You will never fail to be moved by beauty. || 私は彼女の他の人々に対する愛に感動した。 :: I was moved by her love for other people.
1526	憲法	けんぽう	noun	constitution	憲法を改正したいと考えている人たちがいる。 :: Some people want to amend the constitution. || 我々は平和憲法を守らなければならない。 :: We must preserve our peaceful constitution.
1527	指示	しじ	noun	indication; denotation; designation	市長は市民にどう行動すべきかを指示した。 :: The mayor prescribed to the citizens how to act. || 彼に詳しい具体的な指示を与えてください。 :: Please give him detailed and specific directions.
1528	教会	きょうかい	noun	church; congregation	かつてはここからあの教会が見えたものだ。 :: You used to be able to see the church from here. || 一番近い教会はどこにあるか教えて下さい。 :: Can you tell me where the nearest church is?
1529	本格	ほんかく	noun	original method; original procedure; genuine way (of doing something)	彼の料理はフランス仕込みの本格派だ。 :: His cooking is of the classic French style that he studied in France. || 本格的な休暇は３年ぶりだ。 :: It's three years since I had a real vacation.
1530	橋	はし	noun	bridge	その探偵はずいぶん危ない橋を渡ってきた。 :: The detective has a lot of adventures. || その村と我々の町は橋でつながっています。 :: The village is connected with our town by a bridge.
1531	歯	は	noun	tooth; teeth	この子は今歯が生えかけているところです。 :: This child is teething now. || 歯を２本詰めなくてはならなかったのです。 :: I had to have two fillings.
1532	汗	あせ	noun	sweat; perspiration	私たちは手に汗を握って野球の試合を見た。 :: We watched the baseball game with excitement. || 彼の額には玉のような汗が浮かんでいた。 :: There were beads of sweat on his forehead.
1533	涙	なみだ	noun	tear; tears; lachrymal secretion	その哀れな話を聞いて少女は涙を浮かべた。 :: The pitiful tale fetched tears from the girl. || 彼女は涙ひとつこぼさずに悲しみに耐えた。 :: She bore her grief with dry eyes.
1534	炎	ほのお	noun	flame; blaze	消防士たちは炎を消すことができなかった。 :: The fireman could not extinguish the flames. || その少女は炎を見て悲鳴を上げた。 :: The girl screamed when she saw the flames.
1535	特殊	とくしゅ	na-adjective	special; particular; peculiar	特殊な才能を与えられた動物もいる。 :: Some animals are endowed with special gifts. || 持って生まれたる特殊の才能なき者は幸いなるかな。 :: Blessed are those who have no talent!
1536	現地	げんち	noun	actual place; actual location; the spot	ドルは現地通貨に交換しなければなりません。 :: You must convert dollars into the local currency. || 大洪水で現地の交通網が麻痺した。 :: The massive flood paralyzed the local transportation network.
1537	神戸	こうべ	noun	Kobe (city)	兄はちょうど今神戸から帰ったところだ。 :: My brother has just come home from Kobe. || 彼は商用で神戸に行かねばならなかった。 :: Business carried him to Kobe.
1538	職員	しょくいん	noun	staff member; employee; worker	その火事は職員が帰宅した後で起こった。 :: The fire broke out after the staff went home. || 生徒は今週職員室に入ってはいけません。 :: The students must not enter the teachers' room this week.
1539	術	じゅつ	noun	art; technique; skill	彼が生きていることを確かめる術はない。 :: There is no way to confirm that he is alive. || 印刷術はいつ発明されましたか。 :: When was printing invented?
1540	装備	そうび	noun	equipment	私の車はＣＤプレーヤーを装備している。 :: My car is equipped with a CD player. || あの山に登るには完全な装備が必要だ。 :: You need good equipment to climb that mountain.
1541	負担	ふたん	noun	burden; load; responsibility	彼女の親切に感謝する一方負担にも感じる。 :: I appreciated her kindness, while I feel it burdensome. || その仕事は私の健康にとって負担だ。 :: The work is a heavy tax on my health.
1542	骨	ほね	noun	bone	この骨の折れる仕事で、私はすっかり疲れた。 :: This hard work has made me very tired. || この魚は骨が多くてとるのがたいへんだ。 :: This fish is bony and it is not easy to bone it.
1543	ご飯	ごはん	noun	cooked rice	ちょうど昼ご飯を食べ終わったとこだよ。 :: I've just finished lunch. || ディック、ご飯ですよ。降りていらっしゃい。 :: Come down, Dick. It is time for dinner.
1544	やばい	やばい	i-adjective	dangerous; risky	警察はそれがやばい品物なのを知ってたんだよ。 :: The police knew it was a hot item. || そういえば。やばい、秀樹に毒されてるわ。 :: Now that you mention it. Yeek, Hideki's habits are rubbing off on me!
1545	オフィス	おふぃす	noun	office	このオフィスには有能な人がいっぱいいる。 :: The office is full of competent people. || 彼女はホテルのオフィス近くに車を止めた。 :: She pulled up near the hotel office.
1546	カット	かっと	noun	cut; cutting	彼女は時々母に髪をカットしてもらう。 :: She sometimes has her mother cut her hair. || 知事は新しい橋のテープカットをした。 :: The governor cut the tape and opened the new bridge.
1547	カフェ	かふぇ	noun	café; cafe; coffeehouse	私はカフェバーで雰囲気に浸っていた。 :: I was in a coffee bar soaking in the atmosphere. || 軽食の出来るカフェがありますか。 :: Is there a cafe where I can have a light meal?
1548	カー	かー	noun	car	どんなに高くてもあのクラシックカーを手に入れたい。 :: I will get that classic car at all costs. || ベイカーさんは学者というよりはむしろ作家だ。 :: Mr Baker is not so much a scholar as a writer.
1549	クリスマス	くりすます	noun	Christmas	これは彼からのクリスマスプレゼントです。 :: This is a Christmas present from him. || クリスマス以来、ずいぶん太ってしまった。 :: I've put on a lot of weight since Christmas.
1550	グッズ	ぐっず	noun	goods; merchandise; commercial items	今年もいくつか怪しいグッズを見つけたので、それらをまとめて紹介しよう。 :: This year again I found a number of dodgy goods so I'll introduce them all here.
1551	パターン	ぱたーん	noun	pattern	世界貿易の変動パターンが次の表で明らかにされている。 :: The shifting pattern of world trade is made clear in the following table.
1552	一生	いっしょう	noun	whole life; a lifetime; all through life	あなたは、一生勉強しなければならない。 :: You must study your whole life. || この失敗、きっと一生、言われつづけるなあ。 :: We'll never live this fiasco down.
1553	上司	じょうし	noun	(one's) superior; (one's) boss; the higher-ups	その上司は自分の秘書を高く評価している。 :: The boss has a high opinion of his secretary. || 上司を人前でからかうのは無礼なことです。 :: It's rude to make fun of your boss in public.
1554	今夜	こんや	noun	this evening; tonight	今夜、７時にいつもの場所で会いましょう。 :: Can you make it to our usual place at 7:00 p.m. tonight? || 今夜のうちに勘定を出しておいてください。 :: Please get my account ready by tonight.
1555	体重	たいじゅう	noun	(body) weight	彼は以前よりもずいぶん体重が増えている。 :: He weighs a lot more than before. || あなたの身長と体重はどれくらいですか。 :: How tall are you, and how much do you weigh?
1556	共同	きょうどう	noun	cooperation; collaboration; association	彼の行為は共同体意識からのことだった。 :: He was actuated by community spirit. || 彼女はアパートを、友達と共同で使っていた。 :: She shared the apartment with her friends.
1557	去年	きょねん	noun	last year	一般的に言って去年は気候が穏やかだった。 :: Generally speaking, the weather was mild last year. || 去年から彼はあの会社に勤めているのです。 :: He began to work for that company last year.
1558	命令	めいれい	noun	order; command; decree	君の命令にしたがって私はボートを売ろう。 :: I will sell the boat in accordance with your orders. || 彼は彼らに囚人を釈放するように命令した。 :: He ordered them to release the prisoners.
1559	奴隷	どれい	noun	slave; servant	かつてアメリカにはたくさんの奴隷がいた。 :: At one time there were many slaves in America. || その奴隷たちはありのように働いていた。 :: The slaves were working like so many ants.
1560	当日	とうじつ	noun	day in question; appointed day; that very day	チケットは、当日でも買えますか？ :: Can I buy tickets on the day of the tour? || 当日券はありますか。 :: Do you have today's tickets?
1561	怒り	いかり	noun	anger; rage; fury	あなたは、今日は本当に怒りっぽいですね。 :: You've sure got a short fuse today. || 彼が絶えず侮辱したので私の怒りをかった。 :: His constant insults aroused my anger.
1562	戦略	せんりゃく	noun	strategy; tactics	今度の商売は、損して得取れ、という戦略でやろうよ。 :: In our next line of business let's make it our strategy to win by losing. || 我々の外交と戦略はあきらかに矛盾していた。 :: Our diplomacy and strategy ran in clear contradiction to each other.
1563	案	あん	noun	idea; plan; proposal	あなたにはもっとよい案を提案してほしい。 :: I want you to come up with a better plan. || どうぞ君の案を会議に持ち出してください。 :: Please bring your plan up at the meeting.
1564	理想	りそう	noun	ideal; ideals	海辺は子供たちが遊ぶのに理想的な場所だ。 :: The seaside is an ideal spot for the children to play. || 彼は自分の理想を具体化したいと思っている。 :: He wants to embody his ideal.
1565	甘い	あまい	i-adjective	sweet-tasting; sweet; sugary	うちの者はどうも犬に少し甘すぎると思う。 :: I suppose we're a little too indulgent to the dog. || そのオレンジは甘くもすっぱくもなかった。 :: The orange didn't taste either sweet or sour.
1566	空港	くうこう	noun	airport	そのバスは乗客をホテルから空港まで運ぶ。 :: The bus transports passengers from the hotel to the airport. || どこの空港でもお知らせは英語でされます。 :: Information is given in English at every airport.
1567	袋	ふくろ	noun	bag; sack; pouch	その袋は大きかった。おまけに重かった。 :: The bag was big, and moreover, it was heavy. || 彼はその袋を運ばなければならなかった。 :: He had to carry the bag.
1568	見た目	みため	noun	appearance; look	運転手の仕事は見た目ほど楽ではない。 :: The job of a driver is not as easy as it looks. || その花は見た目にとても美しかった。 :: The flowers were very beautiful to look at.
1569	豚	ぶた	noun	pig (Sus scrofa domesticus)	彼の立派な演説も豚に真珠に等しかった。 :: His great oration was like pearls before swine. || 木から落ちるりんごはみな豚に食べられてしまう。 :: All the apples that fall are eaten by the pigs.
1570	違反	いはん	noun	violation; offense; offence	信号が赤の間に横断するのは規則違反です。 :: It is against the rule to cross the street while the red light is on. || そのドライバーはスピード違反で告発された。 :: The driver was charged with speeding.
1571	都合	つごう	noun	circumstances; condition; convenience	あなたの都合のよいときにおいでください。 :: Please call on me when it is convenient for you. || いつ出発するのが君には都合がよいですか。 :: When will it suit you to start?
1572	鍵	かぎ	noun	key	ドアに鍵をかけ忘れるなんて不注意でした。 :: It was careless of me to forget to lock the door. || 出かけるときは、ドアに鍵をかけて下さい。 :: Please lock the door when you leave.
1573	関東	かんとう	noun	Kantō (region comprising Tokyo and surrounding prefectures)	台風は午後２時頃関東地方に接近するでしょう。 :: The typhoon will approach the Kanto district around two in the afternoon. || ジョンは関東地区、そして太郎は関西地区を担当している。 :: John covers the Kanto area and Taro covers the Kansai area.
1574	食品	しょくひん	noun	food; food products; foodstuffs	この食品は１０度以下で保存したほうがいい。 :: You had better keep this food under ten degrees. || 私は食品についてどんな情報でも収集します。 :: I collect every bit of information about food.
1575	それとも	それとも	conjunction	or; or else	それともバスを使わなければなりませんか。 :: Or do you have to take the bus? || トマトは果物ですか、それとも野菜ですか。 :: Is a tomato a fruit or a vegetable?
1576	インド	いんど	noun	India	彼女はインドのどこかの村に住んでいます。 :: She is living in some village in India. || 日本にはほとんどインド人は住んでいない。 :: Few Indians live in Japan.
1577	ゲスト	げすと	noun	guest	その部屋のゲストは２０人いた。 :: The guests in the room were twenty in number.
1578	ジャンル	じゃんる	noun	genre; category; kind	このジャンルの曲が好きです。 :: I like this kind of music.
1579	モンスター	もんすたー	noun	monster; monstrosity	世界中のモンスターと戦えるのかぁ・・・。腕がなるなぁー。 :: Fighting with monsters all over the world ... I just can't wait.
1580	人数	にんずう	noun	the number of people	その聴衆の人数はどれくらいだと思いますか。 :: How large is the audience? || 私達のクラスは小人数のクラスである。 :: Our class is a small one.
1581	会う	あう	verb	to meet; to encounter; to see	あなたがお暇な時にお会いしたいのですが。 :: I'd like to see you when you are free. || あなたにお会いしたい女の人が来ています。 :: There is a woman who wants to see you.
1582	匂い	におい	noun	smell; scent; odour	何かが隣の部屋で燃えている匂いがしませんか。 :: Don't you smell something burning in the next room? || その果物はおいしそうな匂いがする。 :: The fruit smells delicious.
1583	協会	きょうかい	noun	association; society; organization	協会は十分に組織されているとはいえない。 :: The association is still a far cry from being well organized. || １２人の音楽家たちが協会を構成しています。 :: Twelve musicians constitute the society.
1584	単純	たんじゅん	na-adjective	simple; plain; uncomplicated	私に関する限り、その問題は単純ではない。 :: As far as I am concerned, the problem is not a simple one. || この仕事は単純なので子供にもできる。 :: This work is simple enough for a child to do.
1585	困難	こんなん	noun	difficulty; hardship; trouble	その仕事を一人でやるのは困難だと思った。 :: I thought it difficult to do the work alone. || その少女は山ほどある困難を克服している。 :: The girl is getting over mountains of difficulties.
1586	垢	あか	noun	dirt; filth; grime	歯垢がずいぶん付いていると思いますが。 :: I think I have a lot of plaque build up. || 歯垢をとらなければなりません。 :: The plaque has to be removed.
1587	性能	せいのう	noun	ability; performance; efficiency	電気自動車の性能はよくなっている。 :: The performance of electric cars has improved. || この車はあの車より性能がよい。 :: This car has a better performance than that one.
1588	拒否	きょひ	noun	refusal; rejection; denial	大統領はその質問に答えることを拒否した。 :: The President refused to answer the question. || 残念ですがあなたの請求は拒否されました。 :: I regret to inform you that your application has been refused.
1589	新潟	にいがた	noun	Niigata (city, prefecture)	ええ。でも北海道より新潟のほうがもっと降りますよ。 :: Yes, it does. But it snows more in Niigata than in Hokkaido. || その列車は新潟行きです。 :: The train is bound for Niigata.
1590	札幌	さっぽろ	noun	Sapporo (city in Hokkaido)	札幌に住んでいる兄に手紙を送るつもりだ。 :: I will send a letter to my brother who lives in Sapporo. || 札幌に出張に行って、足が出てしまった。 :: I went to Sapporo on business and went over budget.
1591	独立	どくりつ	noun	independence; self-reliance; supporting oneself	その植民地はまだ独立を宣言していない。 :: The colony has not declared independence as yet. || その植民地は独立を宣言し、共和国となった。 :: The colony declared independence and became a republic.
1592	理論	りろん	noun	theory	この本は言語学の新しい理論を扱っている。 :: This book deals with the new theory of linguistics. || この理論は科学的な基礎の上に立っていた。 :: This theory was founded on a scientific basis.
1593	真実	しんじつ	noun	truth; reality	あなたには真実を話したほうがいいですね。 :: I'd better tell you the truth. || みんなの話からすると、それは真実だろう。 :: By all accounts, it's the truth.
1594	素材	そざい	noun	ingredient; (raw) material; resource	この上着はどんな素材で出来ているのですか。 :: What stuff is this jacket made of? || 彼は新素材の開発に従事している。 :: He is engaged in developing new materials.
1595	虫	むし	noun	insect; bug; cricket	たくさんの虫が一晩のうちに消えてしまった。 :: A lot of insects vanished overnight. || 虫でさえも医学研究のために購入される。 :: Even worms are bought for medical research.
1596	見かけ	みかけ	noun	outward appearance	その老人は見かけほど意地悪くなかった。 :: The old man was not as mean as he looked. || 彼女の母は見かけほどには年とってはいない。 :: Her mother is not as old as she looks.
1597	解放	かいほう	noun	release; unleashing; liberation	彼女は婦人解放運動で積極的な役割をした。 :: She played a part in the women's lib movement. || 王様はその囚人を解放するように命じました。 :: The king ordered that the prisoner should be set free.
1598	許し	ゆるし	noun	pardon; forgiveness; exemption	彼は私の許しを願った。 :: He asked my pardon. || ジョニーは帰宅の許しを得た。 :: Johnny got leave to go home.
1599	赤ちゃん	あかちゃん	noun	baby; infant	今度の赤ちゃんのお名前、決まりましたか。 :: Have you decided on a name for your new baby? || 彼女はすばらしい健康な赤ちゃんを生んだ。 :: She gave birth to a fine healthy baby.
1600	輪	わ	noun	ring; circle; loop	お父さんは煙草の煙でたくさん輪を作れる。 :: Dad can blow many smoke rings. || 私たちは先生のまわりに輪になって集まった。 :: We formed a circle around the teacher.
1601	適当	てきとう	na-adjective	suitable; proper; appropriate	彼らは彼をその仕事に不適当と考えている。 :: They consider him unfit for the job. || あなたが適当だと思う本なら何でも読みなさい。 :: Read whatever books you think proper.
1602	金融	きんゆう	noun	finance; financing; credit transacting	ご存知のように、東京は世界の金融の中心地だ。 :: Tokyo, as you know, is one of the financial centers of the world. || 工業よりも金融に関心のある学生のほうが多い。 :: More students are interested in finance than in industry.
1603	鏡	かがみ	noun	mirror; looking-glass	ジェーンは鏡に映った自分の姿をじっと見た。 :: Jane studied herself in the mirror. || 彼女は鏡の前で髪にブラシをかけていた。 :: She was brushing her hair in front of a mirror.
1604	関心	かんしん	noun	concern; interest	相手に対する本物の関心を示す必要がある。 :: You need to show a genuine interest in the other person. || 私は彼の計画に少しも関心を持っていない。 :: I have not the slightest interest in his plans.
1605	サイド	さいど	noun	side	そこのきみ、プールサイドは走っては駄目だよ。 :: Hey, you! No running by the pool! || サイドミラーがまっすぐになっていない。 :: My side mirror is out of alignment.
1606	トン	とん	noun	ton (esp. a metric ton, i.e. 1000 kg); tonne	この橋は重さ１０トンしか支えられません。 :: This bridge bears only ten tons. || 昨年の鉄鋼生産は推定億トンに達した。 :: Steel production reached an estimated 100 million tons last year.
1607	ランク	らんく	noun	rank; standing	この歌はヒットチャートの第１位にランクされています。 :: This song is No. 1 on the hit chart. || ザ・ベストテンにランクインした曲を全て紹介します！ :: We introduce you to the entire line up of songs that made it into The Best Ten.
1608	ロード	ろーど	noun	load	画像のアップロードの仕方が分かりません。 :: I can't figure out how to upload an image. || ロードマップをください。 :: May I have a road map, please?
1609	上位	じょうい	noun	superior (in rank); top; ranking	類人猿は知的には犬より上位である。 :: Apes rank above dogs in intelligence. || 上位２社で市場の５０％を上回るシェアを占めている。 :: Between them, the two largest companies account for a share of more than 50% of the market.
1610	不可能	ふかのう	na-adjective	impossible	この仕事を一日で終わらせるのは不可能だ。 :: It is impossible for me to finish this work in a day. || この問題を解くのはほとんど不可能である。 :: It's almost impossible to work out this problem.
1611	九	きゅう	number	nine; 9	九時以降はテレビを見ないことにしている。 :: I make it a rule not to watch television after nine o'clock. || 十中八、九まで彼は彼女と結婚するだろう。 :: Ten to one he will get married to her.
1612	予算	よさん	noun	estimate (of costs); budget	予算を検討し、コストを削減することにした。 :: I reviewed the budget, and decided to cut costs. || 誰も予算案に賛成の投票をしないだろう。 :: No one will vote for the budget.
1613	会長	かいちょう	noun	president (of a society); chairman	彼はクラブの会長になるように要請された。 :: He was invited to be the chairman of the club. || その会社は１９５０年に今の会長が設立した。 :: The company was established in 1950 by the incumbent chairman.
1614	作家	さっか	noun	author; writer; novelist	その作家の名前は我々によく知られている。 :: The author's name is familiar to us. || その作家は今新しい小説に取り組んでいる。 :: The writer is tackling the now new novel.
1615	保証	ほしょう	noun	guarantee; security; assurance	完全な宗教の自由が万人に保証されている。 :: Full religious freedom is assured to all people. || この情報が間違い無いことは私が保証します。 :: I guarantee that this information is correct.
1616	備え	そなえ	noun	preparation; provision; arrangements	このお金は、もしものときの備えです。 :: This money is for a rainy day. || 我々はまさかの時の為備えをしなければならない。 :: We have to save for a rainy day.
1617	兵	へい	noun	(common) soldier; rank and file	軍はその町から兵を引いて敵に明け渡した。 :: The army abandoned the town to the enemy. || 彼は国境警備兵の姿を見て命からがら逃げた。 :: He ran for his life at the sight of the border guard.
1618	列	れつ	noun	row; line; file	この列の私の場所を取っておいてください。 :: Please keep my place in this line. || 席を確保するには列に並びさえすればいい。 :: All you have to do to secure a seat is to wait in line.
1619	匹	ひき	counter	counter for small animals	ネズミが一匹部屋の中を走りまわっている。 :: A mouse is running about in the room. || 一匹の犬と二人の人間がジャンプしている。 :: One dog and two people are jumping.
1620	取材	しゅざい	noun	gathering material (for an article, novel, etc.); collecting information; covering (an event, incident, etc.)	彼女は金融市場の取材を担当している。 :: She covers Wall Street. || そのジャーナリストは自分の取材した事実を勝手に変えた。 :: The journalist took liberties with the facts he had gathered.
1621	困る	こまる	verb	to be troubled; to have difficulty; to be in a fix	あの人たちには困ったものだと思っている。 :: I feel uncomfortable with those people. || そのお金は困っている人に配られるべきだ。 :: The money should be distributed to those in need.
1622	学習	がくしゅう	noun	learning; study	ほめることが学習者にやる気を起こさせる。 :: Praise stimulates students to work hard. || 彼女は教え方を学習の遅い生徒に合わせた。 :: She adapted her teaching method to slow learners.
1623	完璧	かんぺき	na-adjective	perfect; complete; flawless	外国語を完璧に話せる人はほとんどいない。 :: Few people can speak a foreign language perfectly. || ダンサーの１つ１つの動きは完璧だった。 :: Each movement of the dancer was perfect.
1624	容疑	ようぎ	noun	suspicion; charge	警察は彼にその殺人の容疑をかけるだろう。 :: The police will suspect him of the murder. || 法廷は彼のその殺人容疑について無罪とした。 :: The court acquitted him of the charge of murder.
1625	役割	やくわり	noun	part; assigning (allotment of) parts; role	彼はその事業において重要な役割を演じた。 :: He played an important part in the enterprise. || 彼女は婦人解放運動で積極的な役割をした。 :: She played a part in the women's lib movement.
1626	後悔	こうかい	noun	regret; repentance; remorse	もっと勉強しなかったことを後悔している。 :: I regret that I did not work harder. || 学生時代に怠けていたことを後悔している。 :: I regret having been idle in my school days.
1627	挨拶	あいさつ	noun	greeting; greetings; salutation	ちょうど近所まで行ったので挨拶してきた。 :: As I happened to be in the neighborhood, I went and paid him compliments. || 彼らは帽子をちょっと持ち上げて挨拶した。 :: They saluted each other by raising their hats.
1628	正義	せいぎ	noun	justice; right; righteousness	最後に勝つのは正義であって力ではない。 :: It is justice, and not might, that wins in the end. || 彼はその戦争は正義のための戦争だと信じていた。 :: He believed that the war was fought in the cause of justice.
1629	決して	けっして	adverb	(not) ever; (not) by any means; (not) in the least	ご親切は生きている限り決して忘れません。 :: I'll never forget your kindness as long as I live. || どんなことになっても決してそれはしない。 :: I will not do that for the life of me.
1630	災害	さいがい	noun	calamity; disaster; misfortune	彼は恐ろしい災害が起こると予言した。 :: He prophesied that a dreadful calamity would happen. || 彼らはこれ以上の災害を心配している。 :: They are apprehensive that some further disaster might occur.
1631	真面目	まじめ	na-adjective	serious; earnest; sober	その司祭は人前では真面目な振りをする。 :: The priest pretends to be solemn in public. || 僕の性格は全然真面目では有りませんよ。 :: My personality is not at all serious!
1632	肩	かた	noun	shoulder	彼はにっこり笑って私の肩を軽くたたいた。 :: He patted me on the shoulder with a smile. || その幼い少年は父親の両肩の上に乗っていた。 :: The little boy sat on his father's shoulders.
1633	衝撃	しょうげき	noun	impact; shock; impulse	あなたはこれを聞いて衝撃を受けるだろう。 :: You will be shocked to hear this. || そのニュースは我々に大きな衝撃を与えた。 :: The news had a great impact on us.
1634	課題	かだい	noun	subject; theme; issue	その課題に関しては、あとで議論しよう。 :: We will discuss that later. || ちょうど課題の３分の１を終えたところだよ。 :: I have just finished one third of my assignment.
1635	避難	ひなん	noun	taking refuge; finding shelter; evacuation	あの教会施設は避難民を収容している。 :: That church organization takes in refugees. || 希望は人間の最後の避難場所である。 :: Hope is the last thing that man has to flee unto.
1636	野郎	やろう	noun	guy; fellow; chap	その不届きな野郎の顔を、拝ませてもらうか。 :: Let's have a gander at this insolent man. || あの野郎は、いただきだ。 :: I am going to get that sucker.
1637	革命	かくめい	noun	revolution	その革命が多くの変化を引き起こしている。 :: The revolution has brought about many changes. || 彼の発見は輸送における革命をもたらした。 :: His discovery gave rise to a revolution in transport.
1638	あらゆる	あらゆる	adjective	all; every	あらゆる事情が助け合って彼を幸福にした。 :: Everything concurred to make him happy. || あらゆる原因は一つ以上の結果をもたらす。 :: Every cause produces more than one effect.
1639	おそらく	おそらく	adverb	probably; (most) likely; in all likelihood	あの暗い雲がおそらく雨をもたらすだろう。 :: Those dark clouds will probably bring rain. || おそらくわれわれは数日留守をするでしょう。 :: In all likelihood, we shall be away for a few days.
1640	コピー	こぴー	noun	copy; photocopy	このページのコピーを３枚とってください。 :: Please make three copies of this page. || もしも無料でしたら１部コピーしてください。 :: If it is free, please send me a copy.
1641	コーナー	こーなー	noun	corner; bend; turn	いつコーナーを曲がるかはむずかしい問題です。 :: When to turn the corner is a difficult problem. || 彼は第３コーナーを回ったところでレースを諦めた。 :: He threw away the race after rounding the third turn.
1642	サイン	さいん	noun	autograph; signature	彼はペンを取り出して小切手にサインした。 :: He took out his pen to sign his check. || 彼らは彼に無理矢理契約書にサインさせた。 :: They made him sign the contract.
1643	プレイヤー	ぷれいやー	noun	player	私は、このＣＤプレイヤーをただで得ました。 :: I got this CD player for free. || ホンミョンボはすばらしいプレイヤーです。 :: Hong Myong Bo is a great player.
1644	ロンドン	ろんどん	noun	London (UK)	そのとき私たちはたまたまロンドンにいた。 :: It happened that we were in London then. || ときどき、私たちは商用でロンドンへ行く。 :: Now and then, we go to London on business.
1645	勤務	きんむ	noun	service; duty; work	彼は勤務先の電話番号と住所を私に教えた。 :: He gave me his office telephone number and address. || 私は午前９時から午後５時まで勤務中です。 :: I'm on duty from 9:00 a.m. to 5:00 p.m.
1646	医	い	noun	medicine; the healing art; healing	彼は外科医である上に著名な作家であった。 :: Besides being a surgeon, he was a famous writer. || 兄は全く不器用なのに、彼は優秀な外科医だ。 :: His brother is all thumbs, but he is a skillful surgeon.
1647	同意	どうい	noun	agreement; consent; approval	価格を下げてくだされば条件に同意します。 :: I'll agree to the terms if you lower the price. || 問題は両親が同意してくれるかどうかです。 :: The problem is whether my parents will agree or not.
1648	向こう	むこう	noun	opposite side; other side	ナンシーは通りの向こうから私に会釈した。 :: Nancy greeted me with a nod from across the street. || 信号が赤いうちに彼らは向こう側へ渡った。 :: They crossed to the other side while the light was red.
1649	地区	ちく	noun	district; area; zone	あなたはこの地区をよく知っていますか。 :: Are you familiar with this area? || 彼はロンドンの貧しい地区に住んでいる。 :: He lives in a poor district of London.
1650	天才	てんさい	noun	genius; prodigy; natural gift	一般には、彼は音楽の天才だと言ってよい。 :: In general, it may be said that he is a genius in music. || 人々は天才に同情心を持たないことが多い。 :: People often have no sympathy for geniuses.
1651	天気	てんき	noun	weather	もし天気がよければ、ピクニックに行こう。 :: Weather permitting, let's go on a picnic. || もし天気がよければ、明日行くつもりです。 :: I mean to go tomorrow if the weather is fine.
1652	寒い	さむい	i-adjective	cold (e.g. weather)	あの寒い夜に風邪を引いたのかもしれない。 :: I may have caught cold on that cold night. || こんな寒さの中、泳ぐなんてばかげている。 :: It's foolish for you to swim when it's this cold.
1653	影	かげ	noun	shadow; silhouette; figure	やがて起こる事件はその前に影を投げる。 :: Coming events cast their shadows before. || 戻ってみると私のバッグは影も形もなかった。 :: When I got back, my bag had disappeared without a trace.
1654	彼氏	かれし	noun	boyfriend	彼氏が留置所に入って10日経ちました。 :: It's been 10 days since my boyfriend went to jail. || ベスは怠け者の彼氏に、歴史の宿題をやってくれと頼まれました。 :: Beth was asked by her lazy boyfriend to do his history homework.
1655	恐怖	きょうふ	noun	fear; dread; dismay	君は暗闇の恐怖を克服しなければならない。 :: You must conquer your fear of the dark. || 彼らは自分の恐怖に打ち勝つことができる。 :: They can overcome their fear.
1656	整備	せいび	noun	maintenance; servicing	彼は自分の車をよく整備している。 :: He maintains his car well. || 整備士さんのとこに持ってって、修理してもらいなよ。 :: Take it to a mechanic, and get it fixed.
1657	暇	ひま	noun	spare time; free time; leisure	あなたがお暇な時にお会いしたいのですが。 :: I'd like to see you when you are free. || この一週間息つく暇もないほど忙しかった。 :: I've been so busy this past week that I've hardly had time to relax.
1658	有効	ゆうこう	na-adjective	valid; effective	彼らは太陽からの熱を有効に利用している。 :: They are making good use of the heat from the sun. || 成功したいのなら時間を有効に使いなさい。 :: If you want to succeed, use your time well.
1659	標準	ひょうじゅん	noun	standard; criterion; norm	彼らの作品を同じ標準では判断できない。 :: You can't judge their works by the same standards. || 君は標準英語を学ばなくてはいけない。 :: You have to learn standard English.
1660	決める	きめる	verb	to decide; to choose; to determine	ちょっと待ってください、まだ決めてない。 :: Just a moment. I haven't made up my mind. || どのコンサートに行くことに決めましたか。 :: Which concert did you choose to attend?
1661	特集	とくしゅう	noun	feature (e.g. newspaper); special edition; report	次号では離婚について特集します。 :: The next issue will feature articles on divorce.
1662	白い	しろい	i-adjective	white	あそこに大きな白いビルが見えるでしょう。 :: Can you see the big white building over there? || これらの雲は白い羊の群れのように見える。 :: These clouds look like a flock of white sheep.
1663	育成	いくせい	noun	rearing; training; nurture	ワインにはいろいろなタイプがあり、それによって育成の仕方もさまざまです。 :: There are various types of wines and the way they are matured varies accordingly.
1664	芸術	げいじゅつ	noun	art; the arts	娘は言語や芸術よりも自然科学が好きです。 :: My daughter prefers science to languages or art. || 抽象的な芸術には理解しにくいものがある。 :: Some abstract art is difficult to understand.
1665	解散	かいさん	noun	breaking up (a meeting, gathering, etc.); dispersal (e.g. of a crowd)	指揮者はその公園でデモ隊を解散させた。 :: The leader dismissed the demonstrators in the park. || あの人気グループが解散するそうだ。 :: I hear that popular group will be disbanded.
1666	車両	しゃりょう	noun	(wheeled) vehicle; car; (railroad) car	車両は欠陥が無いか最低３ヶ月に１回検査される。 :: The vehicles are inspected for defects at least every three months. || どの車両がすいていますか。 :: Which car is less crowded?
1667	頼む	たのむ	verb	to request; to beg; to ask	五時に起こしてくれるように彼女に頼んだ。 :: I asked her to call me at five o'clock. || 夜遅くピアノを弾かないように彼に頼んだ。 :: I asked him not to play the piano late at night.
1668	驚き	おどろき	noun	surprise; astonishment; wonder	その知らせに私は驚きでいっぱいになった。 :: The news filled me with astonishment. || ベスが農場で楽しまなかったとは驚きです。 :: I'm surprised that Beth didn't enjoy her time at the farm.
1669	高校生	こうこうせい	noun	senior high school student	この歴史書は高校生を対象に書かれている。 :: This history book is written for high school students. || この辞書は主に高校生を対象としたものです。 :: This dictionary is primarily intended for high school students.
1670	アホ	あほ	noun	fool; idiot; simpleton	そういう度を越したアホはやめて欲しいですねー。 :: I wish you'd quit that sort of super-league stupidity. || 俺は世間で言うアホです。 :: I'm what the world calls an idiot.
1671	スペシャル	すぺしゃる	na-adjective	special	スペシャルというのはどんな味ですか。 :: What does the special taste like? || 今日は私達の記念日なので、夕御飯もスペシャルでいこう。 :: Today is our anniversary so let's make this a special dinner.
1672	スペース	すぺーす	noun	space; room	どこでもスペースのある所にそれを置きなさい。 :: Put it wherever there is room. || このあたりは駐車できるスペースがほとんどない。 :: There are few places to park around here.
1673	ダメージ	だめーじ	noun	damage	敵に１２０ダメージを与えた！ :: You hit for 120 points! || 被弾しました。ダメージは軽微です。 :: We've taken a hit. Trivial damage.
1674	ポスト	ぽすと	noun	postbox; mailbox; mail box	首相は彼らを内閣の主要ポストに任命した。 :: The Prime Minister appointed them to key Cabinet posts. || このとおりのどこかに郵便ポストがある。 :: There is a mailbox somewhere along this street.
1675	マシン	ましん	noun	machine	検尿をマシンに入れるだけで、具合が悪いとこを診断して、対処法を教えてくれるんだ。 :: Simply put in a sample of your urine and the computer will diagnose your problem and tell you what you can do about it.
1676	一時	いちじ	noun	one o'clock	彼女は一時に二事をなす能力をもっている。 :: She has a faculty for doing two things at once. || 霧のために、交通は一時不通になっている。 :: Due to the fog, traffic is temporarily suspended.
1677	一瞬	いっしゅん	noun	instant; moment; for an instant	驚いたことにそれは一瞬にして姿を消した。 :: To my amazement, it disappeared in an instant. || わかりません。一瞬の出来事でしたから。 :: I don't know. It all happened in an instant.
1678	世界中	せかいじゅう	adjective	around the world; throughout the world	この仕事のために私は世界中に出かけます。 :: This job takes me all over the world. || 世界中から集められた石が使われています。 :: Stones collected from all over the world are used.
1679	両親	りょうしん	noun	parents; both parents	きみの両親はそのことを知っているはずだ。 :: Your parents ought to know it. || さて、私の両親をあなたたちに紹介します。 :: Now I'll introduce my parents to you.
1680	今週	こんしゅう	noun	this week	今週の終わりまでに宿題を提出してください。 :: You are supposed to hand in the homework by the end of the week. || 今週はしなければならないことでいっぱいだ。 :: I've got a lot of things to do this week.
1681	働き	はたらき	noun	work; labor; labour	あなたの働きに応じて賃金が支払われる。 :: You will be paid according as you work. || 女性が働きに出る事はごく普通のことだ。 :: It is quite common for women to go out to work.
1682	もともと	もともと	adverb	originally; from the start; from the beginning	彼らはもともと農業をやっていました。 :: Originally they were farmers. || 確かに、脳と意識の関係はもともと因果関係ではないのだと考える学者もいる。 :: Indeed, some writers do not think the relation of brain to consciousness is a causal relation in the first place.
1683	加工	かこう	noun	manufacturing; processing; treatment	牛乳は加工されてバターやチーズになる。 :: Milk is made into butter and cheese. || ミルクはバターに加工される。 :: Milk is made into butter.
1684	史	し	noun	history	アメリカ史の授業で会ったことがあります。 :: We met in the American history class. || ジョンは英国史を隅から隅まで知っている。 :: John knows English history from A to Z.
1685	妊娠	にんしん	noun	pregnancy; conception; gestation	彼は奥さんが妊娠したといわれてびっくりした。 :: He was caught off guard when his wife announced they were going to have a baby. || 彼女は彼の子を妊娠して幸せです。 :: She is happy to have conceived a baby by him.
1686	審査	しんさ	noun	judging; inspection; examination	審査員の選択は賢明でなかったと思う人もいました。 :: Some were under the impression that the judges had not chosen wisely. || じっと観衆の不満を聞いた後、審査員は結果を変えました。 :: After patiently listening to the audience's complaints, the judges changed the results.
1687	戦う	たたかう	verb	to make war (on); to wage war (against); to go to war (with)	けがをしているのに、彼らは戦いつづけた。 :: Though wounded, they continued to fight. || 多くの学生が言論の自由を求めて戦ってきた。 :: A great number of students battled for freedom of speech.
1688	招待	しょうたい	noun	invitation	あいにくご招待をお受けできないのですが。 :: I'm afraid I can't accept your invitation. || わたしは彼らをパーティーに招待しました。 :: I invited them to the party.
1689	教室	きょうしつ	noun	classroom; lecture room	教室には生徒はほとんど残っていなかった。 :: There were few students left in the classroom. || 教室に高価なカメラが置き忘れられていた。 :: There was an expensive camera left in the classroom.
1690	植物	しょくぶつ	noun	plant; vegetation	光は、水と同じように植物にとって必要だ。 :: Light is no less necessary to plants than water. || 植物学とは植物の科学的研究のことである。 :: Botany is the scientific study of plants.
1691	殺す	ころす	verb	to kill; to slay; to murder	この爆弾はたくさんの人を殺すことができる。 :: This bomb can kill many people. || 二万人以上のアメリカ人が毎年殺されている。 :: More than 20,000 Americans are murdered each year.
1692	殺害	さつがい	noun	killing; murder	囚人は警官を殺害したことを否定した。 :: The prisoner denied that he had killed a policeman. || 警察は少女を殺害した男を逮捕した。 :: The police arrested the man who had murdered the girl.
1693	毎回	まいかい	noun	every time; each round	私は、君が毎回遅れてくることが嫌いだ。 :: I don't like your coming late every time. || 毎回食事の前に手を洗いなさい。 :: Wash your hands before each meal.
1694	波	なみ	noun	wave; billow; ripple	そのボートは波のなすがままになっていた。 :: The boat was at the mercy of the waves. || 彼はまだ波の上にいるような気持ちだった。 :: He had the sensation that he was still on the waves.
1695	特典	とくてん	noun	privilege; special favor; special favour	彼は外国で２年間研究する特典を得た。 :: He had the privilege of studying abroad for two years. || 彼は会員の特典を持っている。 :: He has the privileges of membership.
1696	看護	かんご	noun	nursing; (army) nurse	看護婦さんが私の足に包帯を巻いてくれた。 :: The nurse wound my leg with a bandage. || 看護婦になろうと考えたことはありますか。 :: Have you ever thought of becoming a nurse?
1697	義務	ぎむ	noun	duty; obligation; responsibility	お互いに助け合うのは、我々の義務である。 :: It is our duty to help one another. || このような義務があるなんて知らなかった。 :: I never knew about such a duty.
1698	職業	しょくぎょう	noun	occupation; profession; job	彼は歌うことを職業にしたいと思っていた。 :: He wanted to make singing a career. || 私は自分の職業を捨てるほど馬鹿ではない。 :: I am not so foolish as to quarrel with my bread and butter.
1699	複雑	ふくざつ	na-adjective	complex; complicated; intricate	この子は複雑な数学の問題を簡単に解いた。 :: This child solved the complicated mathematics problem easily. || 彼は複雑な数学の問題を解くことが得意だ。 :: He is good at solving complicated mathematical problems.
1700	赤い	あかい	i-adjective	red; crimson; scarlet	あなたはあの赤いセーターが似合いますよ。 :: You look nice in that red sweater. || お酒を飲むとすぐに赤くなっちゃうんです。 :: The minute I have something to drink, I turn bright red.
1701	起きる	おきる	verb	to get up; to rise; to blaze up (fire)	その交通事故はどうやって起きたのですか。 :: How did the traffic accident come about? || そんなに遅くまで起きていない方がいいよ。 :: You had better not sit up so late.
1702	通	つう	noun	authority; expert; connoisseur	ここにあなたあての手紙が何通かあります。 :: Here are some letters for you. || 私は彼女から１通も手紙を受け取らなかった。 :: Not a letter did I receive from her.
1703	運命	うんめい	noun	fate; destiny; lot	彼は将来の運命をこの一つの機会にかけた。 :: He staked his future on this single chance. || 彼は自分の運命に屈しようとはしなかった。 :: He would not submit to his fate.
1704	食べ物	たべもの	noun	food	その外国人はすぐに日本の食べ物に慣れた。 :: The foreigner soon got used to Japanese food. || どうぞ、食べ物をご自由にお取りください。 :: Please help yourself.
1705	グリーン	ぐりーん	noun	green (colour)	グリーン先生は私達に音楽を教えています。 :: Miss Green teaches us music. || グリーンさんという人を知っていますか。 :: Do you know a certain Mr. Green?
1706	コミック	こみっく	noun	comic; comics; comic book	コミックマーケット６７にてコピー本販売。無事完売したので製本しました。 :: They were sold as photocopy books in Comic Market 67. We had no problem selling all of them, so we had bound copies made.
1707	ショップ	しょっぷ	noun	shop	ビデオショップは３時まで営業しています。 :: The video shop is open until 3 o'clock. || その人達は二人ともペットショップで働いている。 :: They are both working at the pet store.
1708	タグ	たぐ	noun	tag; label	順を追って基本的なタグを覚えていこう。 :: Let's learn the basic tags in order.
1709	トラブル	とらぶる	noun	trouble; difficulty; problem	あの人たちのトラブルのもとは些細なことだ。 :: Their trouble stems from a trifling matter. || そのようなトラブルは注意不足のせいだ。 :: Such trouble stems from carelessness.
1710	パリ	ぱり	noun	Paris (France)	あなたがパリで撮った写真を見せて下さい。 :: Let me see the pictures you took in Paris. || ヨーロッパにいる間に僕はパリをたずねた。 :: I visited Paris in Europe.
1711	上昇	じょうしょう	noun	rising; ascending; climbing	飛行機は上昇して雲の中に入っていった。 :: The airplane ascended into the clouds. || 過去１０年間に物価は５０％上昇した。 :: Prices have risen by 50 percent during the past ten years.
1712	不満	ふまん	noun	dissatisfaction; discontent; displeasure	僕はその結論にまったく不満はありません。 :: I have nothing to complain of the conclusion. || 彼は上司についていつも不満を言っている。 :: He is always complaining about his boss.
1713	仲	なか	noun	relation; relationship	彼女とは友達というより知り合いの仲です。 :: She is more an acquaintance than a friend. || 仲の良い友達といると、時間が経つのが早い。 :: In the company of good friends, the time flew by.
1714	入手	にゅうしゅ	noun	acquisition; obtaining; procurement	私たちは何とか外国切手を数枚入手できた。 :: We managed to get some foreign stamps. || この本はただ一軒の店でだけ入手できる。 :: This book is available at one shop only.
1715	列車	れっしゃ	noun	train; railway train	この列車で行けば半分の時間でいけますよ。 :: The train will get you there in half the time. || この列車に乗って次の駅で乗り換えなさい。 :: Take this train and change at the next station.
1716	勝負	しょうぶ	noun	victory or defeat	ゆっくりでも着実にやってゆけば勝負には勝つ。 :: Slow and steady wins the race. || ボブはスケートではきみといい勝負だ。 :: Bob is a good match for you in skating.
1717	司令	しれい	noun	command; commander; commandant	将軍は彼に司令部へ出頭しろと命じた。 :: The general commanded him to report to headquarters. || 軍隊はグラント総司令官のもとで南部軍と戦った。 :: The troops fought with Grant against the Confederates.
1718	向かう	むかう	verb	to face	あなたの犬はいつも私に向かってほえつく。 :: Your dog always barks at me. || 彼は故国を去ってスペインへ向かいました。 :: He left home for Spain.
1719	周囲	しゅうい	noun	surroundings; environs	地球が太陽の周囲を回るのだと彼は言った。 :: He declared that the earth goes round the sun. || 地球は太陽の周囲を一定の軌道を描いて回る。 :: The earth travels in an orbit around the sun.
1720	国会	こっかい	noun	National Diet; legislative assembly of Japan (1947-)	彼は国会の中に大勢の友人を持っている。 :: He has numerous friends in the Diet. || 彼女が国会議員になったなんて驚きだよ。 :: I am very surprised that she became a Diet member.
1721	基礎	きそ	noun	foundation; basis	この理論は科学的な基礎の上に立っていた。 :: This theory was founded on a scientific basis. || この本は生物学を理解する基礎となるものだ。 :: This book is fundamental for an understanding of biology.
1722	増える	ふえる	verb	to increase; to multiply	子供の持ちたがらない日本人が増えている。 :: More Japanese are reluctant to have a child. || 彼は以前よりもずいぶん体重が増えている。 :: He weighs a lot more than before.
1723	売る	うる	verb	to sell	ここでは女の子の靴だけが売られています。 :: Only girls' shoes are sold here. || このいすはいくら出せば売ってくれますか。 :: What will you take for this chair?
1724	姿勢	しせい	noun	posture; pose; position	食卓の上に身をかがめないで、姿勢を正しなさい。 :: Don't bend over the table. Sit up straight. || 彼はまっすぐな姿勢で立っていた。 :: He stood in an upright position.
1725	宣言	せんげん	noun	declaration; proclamation; announcement	ここにオリンピック大会の開会を宣言します。 :: I hereby declare the opening of the Olympic Games. || その植民地はまだ独立を宣言していない。 :: The colony has not declared independence as yet.
1726	形式	けいしき	noun	form (as opposed to substance)	ここで使われている文法形式は現在進行形である。 :: The grammatical form employed here is the present progressive. || 写真は今芸術の新しい表現形式と考えられている。 :: Photography is now considered a new form of art.
1727	忙しい	いそがしい	i-adjective	busy; occupied; hectic	お母さんは食事のしたくをするのに忙しい。 :: Mother is busy preparing dinner. || この一週間息つく暇もないほど忙しかった。 :: I've been so busy this past week that I've hardly had time to relax.
1728	思想	しそう	noun	thought; idea; ideology	人間の歴史は本質的には思想の歴史である。 :: Human history is in essence a history of ideas. || 何の思想が中世英人に一番影響したと思うか。 :: What thought do you think had the biggest impact on the English in the Middle Ages?
1729	描く	えがく	verb	to draw; to paint; to sketch	うん。みんなが彼の描く絵をほめているね。 :: Yes. Everyone admires the pictures painted by him. || この画は何をイメージして描いたのですか。 :: What image did you have in mind as you painted this picture?
1730	改正	かいせい	noun	revision; amendment; alteration	憲法を改正したいと考えている人たちがいる。 :: Some people want to amend the constitution. || 今月５日から時間表が改正される。 :: The revised timetable will go into effect on the 5th of this month.
1731	数字	すうじ	noun	numeral; digit; numeric character	これらの数字が合っているか調べて下さい。 :: Will you please check these figures? || この数字があっているか調べてください。 :: Will you please check these figures?
1732	整理	せいり	noun	sorting; arrangement; organization	彼女は客が来ないうちに、部屋を整理した。 :: She put her room in order before her guests arrived. || 教室を整理整頓するようにと命じられた。 :: It was ordered that the classroom be put in order.
1733	方針	ほうしん	noun	policy; course; plan (of action)	彼の議論はわれわれの方針と矛盾している。 :: His argument is inconsistent with our policy. || 政府に方針を変えさせるのは出来ない相談だ。 :: It's like pulling teeth to ask the government to change their policy.
1734	時計	とけい	noun	clock; watch; timepiece	この古時計は１０００ドルの値打ちがある。 :: This antique clock is worth one thousand dollars. || この時計を少し安いのと交換したいのです。 :: I would like to exchange this watch for a cheaper one.
1735	機器	きき	noun	device; equipment; machinery	最近、我が社の機器を最新のものにした。 :: Recently we have brought our office equipment up to date. || こういう機器では買いたくなるような値段です。 :: It's an attractive price, for this sort of device.
1736	現状	げんじょう	noun	present condition; existing state; status quo	その法律は、現状では、そんなに厳しくない。 :: The law, as it is, is not so severe. || 現状では、これ以上の値引きはいたしかねます。 :: We cannot offer a further price reduction under the current circumstances.
1737	発射	はっしゃ	noun	firing (esp. a rocket or missile); launching; shooting	彼らは明日、人工衛星を発射するつもりです。 :: They are going to launch an artificial satellite tomorrow. || ロケットは発射台から打ち上げられた。 :: The rockets were fired from a launching pad.
1738	発電	はつでん	noun	generation of electricity; power generation	原子力発電所はすべての人に訴えるわけではない。 :: Nuclear power plants don't appeal to everybody. || ここに原子力発電所があります。 :: Here is an atomic power plant.
1739	組み合わせ	くみあわせ	noun	combination; assortment; set	一国にとって金融政策と財政政策の適切な組み合わせが大切である。 :: It is important for a nation to have an adequate mix of monetary and fiscal policies. || はい、今度はこれね！これとこれの組み合わせなんて超いけてるかも！ :: OK, this next! The combination of this and this might be way sexy!
1740	緊張	きんちょう	noun	tension; strain; nervousness	明日の試験のことで緊張してはいけません。 :: You mustn't be nervous about tomorrow's exam. || 私は最初、緊張したが、徐々に落ち着いた。 :: I was nervous at first, but gradually got more relaxed.
1741	芸能	げいのう	noun	public entertainment; performing arts	ジャネットは芸能界での名声を求めていた。 :: Janet was seeking for fame in the world of show business. || 天才はなすべきことをなし、芸能者は出来ることをする。 :: Genius does what it must, and talent does what it can.
1742	若者	わかもの	noun	young person; youngster; young people	これは特に若者向けにデザインされている。 :: This is designed especially for young people. || その歌手は若者たちの間で人気があります。 :: The singer is popular among young people.
1743	荷物	にもつ	noun	luggage; baggage; package	この荷物をトランクにいれてもらえますか。 :: Could you put these bags in the trunk? || ４時まで荷物を預かっていただけませんか。 :: Could you keep my bags here until four?
1744	著作	ちょさく	noun	writing (a book); book; (literary) work	彼の著作は非難の対象となった。 :: His book became an object of criticism. || 彼はこの著作に大変骨を折った。 :: He has taken much pains in this work.
1745	行政	ぎょうせい	noun	executive; government	行政機関には非常に厳格な階級制度がある。 :: There's a very rigid hierarchy in the Civil Service. || 首相は行政改革を提案した。 :: The Prime Minister proposed administrative reforms.
1746	衣装	いしょう	noun	clothing; costume; outfit	俳優たちは昔の時代の衣装を着けて現れた。 :: The actors appeared in historical costumes. || ぬれた衣装が彼女の体にくっついていた。 :: Wet clothes clung to her body.
1747	計	けい	noun	plan	そのとき温度計は３０度を示していた。 :: The thermometer reads 30 degrees. || 昨夜、温度計はマイナス１０度を示した。 :: The thermometer registered minus ten last night.
1748	買い物	かいもの	noun	shopping; purchased goods	あなたも買い物に行かなければならないの。 :: Do you have to go to market, too? || その店は休日の買い物客で混み合っていた。 :: The store was crowded with holiday shoppers.
1749	起こる	おこる	verb	to occur; to happen	あした何が起こるかわかったものではない。 :: There is no telling what will happen tomorrow. || あなたの手紙を受け取る前に起こりました。 :: This happened prior to receiving your letter.
1750	越える	こえる	verb	to cross over; to cross; to pass through	彼は若く見えるが実は３０歳を越えている。 :: He looks young, but in reality he is past thirty. || その問題は私の理解の範囲を越えている。 :: The problem is beyond the scope of my understanding.
1751	進む	すすむ	verb	to advance; to go forward	このように話していては話は前に進まない。 :: Talking like this, we are getting nowhere. || その魚は群れを成して進んでいくのですね。 :: That fish travels in a group, don't they?
1752	進行	しんこう	noun	moving forward (e.g. of a vehicle); onward movement	都市再開発計画は現在着実に進行している。 :: The urban-renewal project is now well under way. || 新しい市の病院を建てる計画が進行中である。 :: Plans are under way to build a new city hospital.
1753	遅い	おそい	i-adjective	slow	そんなに遅くまで起きていない方がいいよ。 :: You had better not sit up so late. || 夜遅くピアノを弾かないように彼に頼んだ。 :: I asked him not to play the piano late at night.
1754	限界	げんかい	noun	limit; bound	彼の怠け癖は我慢の限界を越える。 :: His laziness is past the margin of endurance. || 自分の限界を知る事は重要である。 :: It is important to know your own limitations.
1755	静岡	しずおか	noun	Shizuoka (city, prefecture)	静岡に来てから１０年になります。 :: It is ten years since I came to live in Shizuoka. || 静岡市の人口はどれくらいですか。 :: How large is the population of Shizuoka City?
1756	飯	めし	noun	cooked rice	そんなの忘れてちょっくら晩飯でも食いにこいや。 :: Forget your troubles for a while and come and have dinner with us. || 晩飯をおごるよ。 :: I'll treat you to dinner.
1757	駐車	ちゅうしゃ	noun	parking (a vehicle)	ほかにはどこにも駐車する所がありません。 :: There isn't anywhere else to park. || 警官は彼がそこに駐車してもよいと言った。 :: The policeman permitted him to park there.
1758	お客様	おきゃくさま	noun	guest; visitor	お客様もオレンジジュースになさいますか。 :: What about you? Will you have orange juice, too? || お客様を外に待たせておいてはいけないよ。 :: You mustn't keep your guest waiting outside.
1759	お気に入り	おきにいり	noun	favorite; favourite; pet (e.g. teacher's pet)	それが君の一番お気に入りのゴルフクラブ？ :: Is that your most favorite golf club? || メグは新しいドレスがお気に入りのようだ。 :: Meg looks pleased with her new dress.
1760	どうせ	どうせ	adverb	in any case; regardless; either way	どうせ英語を習うなら徹底的に学びなさい。 :: At any rate, if you learn English, study it thoroughly. || どうせやるからには上手にやるようにしなさい。 :: If you do it at all, try to do it well.
1761	もはや	もはや	adverb	already; now	私はもはや彼のふるまいには我慢できない。 :: I can't put up with his behavior any longer. || 英国はもはや世界政治を支配してはいない。 :: Great Britain is no longer in control of world politics.
1762	アナ	あな	noun	announcer	アナは、親が知らないうちに結婚した。 :: Anna married without the knowledge of her parents.
1763	コスト	こすと	noun	cost	予算を検討し、コストを削減することにした。 :: I reviewed the budget, and decided to cut costs. || 彼らはコストを押さえようとしている。 :: They are trying to keep costs down.
1764	ショック	しょっく	noun	shock (emotional)	彼の振る舞いは私たちにショックを与えた。 :: His behavior shocked us. || 彼の話を聞いて、彼女はショックを受けた。 :: She was shocked when she heard his story.
1765	タバコ	たばこ	noun	tobacco; cigarette; cigar	あなたはいつタバコを止めるつもりですか。 :: When are you going to quit smoking? || きみが何と言おうと私はタバコを吸います。 :: I will keep on smoking no matter what you say.
1766	ダウン	だうん	noun	fall; decrease; drop	ダウンタウンで会おう。君の都合はいいかい。 :: We could meet downtown. Would that be convenient for you? || ダウンタウンにたくさんのホテルがあります。 :: There are many hotels downtown.
1767	ネットワーク	ねっとわーく	noun	network	ネットワークの発達で、かつてないほど大量の文が世界中を駆け巡っています。 :: With the development of networks a huge and unprecedented volume of messages flies around the world.
1768	パパ	ぱぱ	noun	dad; daddy; papa	パパは、テレビを地下室に持ってきたの。 :: He brought our TV set down to the cellar. || パパは私たちのアパートの下の事務所にいたのよ。 :: Daddy was in his office, under our flat.
1769	ホール	ほーる	noun	hole	このホールは最大で１０００人収容できる。 :: This hall holds a maximum of 1,000 people. || そのホールにはかなり多くの人々がいた。 :: There were quite a few people in the hall.
1770	ボックス	ぼっくす	noun	box; container; bin	このあたりは電話ボックスがとても少ない。 :: Telephone booths are very scarce around here. || あの町かどに公衆電話ボックスがある。 :: There is a telephone booth at the corner of the street.
1771	ヨーロッパ	よーろっぱ	noun	Europe	ヨーロッパにいる間に僕はパリをたずねた。 :: I visited Paris in Europe. || 彼はまもなくヨーロッパから帰ってきます。 :: He will return from Europe soon.
1772	リング	りんぐ	noun	ring	彼女は耳にリングをつけている。 :: She wears rings on her ears. || 避妊リングをしたいのです。 :: I'd like to have an intra-uterine device.
1773	伸び	のび	noun	growth; development	若者は非常に身長の伸びを見せた。 :: Young people have shown a lot of improvement in physical stature. || 第２四半期のＧＮＰの伸びは予想より高かった。 :: The second quarter GNP growth was higher than predicted.
1774	信号	しんごう	noun	signal; signalling; signaling	交通信号には注意を払わなければならない。 :: We must pay attention to traffic signals. || 信号が赤いうちに彼らは向こう側へ渡った。 :: They crossed to the other side while the light was red.
1775	傷	きず	noun	wound; injury; cut	その兵士は自分の傷をものともしなかった。 :: The soldier carried on as if his wound was nothing. || 彼は胸の傷がもとで１週間後になくなった。 :: He died from a wound in the chest after a week.
1776	入力	にゅうりょく	noun	input; (data) entry; typing	そのデータはコンピューターに入力された。 :: The data has been fed into the computer. || 大量の文書を入力しなきゃならない。 :: I have to type in a really big document.
1777	共有	きょうゆう	noun	joint ownership; co-ownership; sharing (e.g. a viewpoint)	そのアパートのみんなが台所を共有している。 :: Everyone in the apartment shares the kitchen. || ケンは兄と部屋を共有している。 :: Ken shared the room with his elder brother.
1778	初心者	しょしんしゃ	noun	beginner	あなたは初心者としてはテニスがうまい。 :: You are a good tennis player, as beginners go. || このテキストは初心者向きにできている。 :: This text is aimed at beginners.
1779	効率	こうりつ	noun	efficiency	効率的な機械が肉体労働に取って代わった。 :: Efficient machinery replaced manual labor. || 勉強は効率的にしなくてはいけない。 :: You should study in an efficient manner.
1780	名誉	めいよ	noun	honor; honour; credit	真実を述べるのは私の名誉に関わる問題だ。 :: It's a point of honor with me to tell the truth. || トムのようなよい生徒はわがクラスの名誉だ。 :: A good student like Tom brings honor to our class.
1781	向上	こうじょう	noun	elevation; rise; improvement	悲観主義は、向上することを信じないのだ。 :: Pessimism believes in no improvement. || 我々は常にサービスの向上を目指している。 :: We are always aiming at improving the quality of service.
1782	喜び	よろこび	noun	joy; delight; rapture	彼女が出席してくれて私たちは大喜びです。 :: We are delighted with her presence. || その出会いは彼女に多大な喜びをもたらした。 :: The meeting gave her extreme pleasure.
1783	嵐	あらし	noun	storm; tempest	その嵐は彼女の財産に大きな損害を与えた。 :: The storm did great damage to her property. || ひどい嵐のために、彼は外出できなかった。 :: He could not go out because of a bad storm.
1784	差別	さべつ	noun	distinction; differentiation; discrimination	「性差別」という言葉が今、流行っている。 :: Terms like "sexism" are now in vogue. || 世論の流れは性差別反対の方に向かっている。 :: The tide of public opinion is turning against sexism.
1785	当て	あて	noun	aim; object; purpose	ほかの人の助けを当てにしてはいけない。 :: You shouldn't count on others for help. || 君は彼の援助を当てにすることができる。 :: You can depend on his help.
1786	徒歩	とほ	noun	walking; going on foot	ジョンは彼のオフィスへ徒歩で行きます。 :: John goes to his office on foot. || 今度は徒歩か自転車でそこに行くつもりです。 :: I will go there on foot or by bicycle next time.
1787	恐れ	おそれ	noun	fear; horror; anxiety	その鳥は絶滅の恐れがあるといわれています。 :: That species of bird is said to be in danger of dying out. || 小さな子供達の生活は恐れに満ちている。 :: The lives of little children are full of fears.
1788	手紙	てがみ	noun	letter; note	あなたの手紙を受け取る前に起こりました。 :: This happened prior to receiving your letter. || ここにあなたあての手紙が何通かあります。 :: Here are some letters for you.
1789	文章	ぶんしょう	noun	writing; composition; essay	彼は文章を書くのが上手であるとわかった。 :: He proved to be a good writer. || この文章を暗記するのに２時間かかった。 :: It took me two hours to memorize this sentence.
1790	日々	ひび	adjective	daily; everyday	私達は一緒に遊んだ昔の日々を思い出した。 :: We remembered the old days when we had played together. || その景色を見て若い日々のことを思い出した。 :: The scenery carried me back to my younger days.
1791	明確	めいかく	na-adjective	clear; precise; definite	彼がいつ到着するかは明確には分からない。 :: I don't know for certain when he will arrive. || きょうは明確な答えを出すことはできません。 :: I cannot give you a definite answer today.
1792	昼	ひる	noun	noon; midday	その仕事は昼までに終わっているでしょう。 :: I will have finished the work by noon. || 彼は弁護士になるために昼も夜も勉強した。 :: He studied day and night so that he might become a lawyer.
1793	本部	ほんぶ	noun	headquarters; head office; main office	大学本部はニューヨークに分校を設立することを決定した。 :: The University Administration decided to set up a branch campus in New York.
1794	水着	みずぎ	noun	bathing suit; swimsuit; swimmers	彼らは彼女の水着を驚きの目でじろじろと見た。 :: They stared at her swimming suit in amazement. || あの水着は、とっても似合いますよ。 :: That swimsuit looks really good on you.
1795	永遠	えいえん	noun	eternity; perpetuity; permanence	私たちは永遠にそこに住むことはできない。 :: We cannot live on it forever. || 完璧な平和を。 永遠なる平和を祈ろう。 :: Let us pray for a perfect, an eternal, peace.
1796	現象	げんしょう	noun	phenomenon	生物学者はその現象の観察に集中した。 :: The biologist concentrated on observing the phenomenon. || その現象は今の時代に特有のものだ。 :: The phenomenon is typical of our modern era.
1797	示す	しめす	verb	to (take out and) show; to demonstrate; to tell	強風は嵐が近づいていることを示している。 :: The strong wind indicates that a storm is coming. || 彼はその計画に大きな好意を示してくれた。 :: He looked on the plan with great favor.
1798	神社	じんじゃ	noun	Shinto shrine	その古い神社は以前はそこにありました。 :: The old shrine used to stand there. || その痩せた男は神社の影で少し休んだ。 :: The thin man took a rest in the shade of a shrine.
1799	結婚式	けっこんしき	noun	marriage ceremony; wedding; nuptials	トムは交通事故のために結婚式を延期した。 :: Tom put off his wedding because of a traffic accident. || 彼らは結婚式の日取りをまだ決めていない。 :: They haven't fixed a date for their wedding yet.
1800	英	えい	noun	United Kingdom; Britain	何の思想が中世英人に一番影響したと思うか。 :: What thought do you think had the biggest impact on the English in the Middle Ages? || 先生は生徒たちにその長い英詩を暗記させた。 :: The teacher made the students learn the long English poem by heart.
1801	血液	けつえき	noun	blood	血液検査をしてもらいたいんです。 :: I'd like to have my blood examined. || 血液のしみはたいてい落ちない。 :: Blood stains don't usually disappear.
1802	覚悟	かくご	noun	readiness; (mental) preparedness	君は最悪の事態を覚悟しなくてはならない。 :: You should be ready for the worst. || 彼は失敗するかもしれないと覚悟を固めた。 :: He steeled himself against possible failure.
1803	詳しい	くわしい	i-adjective	detailed; full; minute	彼に詳しい具体的な指示を与えてください。 :: Please give him detailed and specific directions. || 彼は決定したことを詳しく説明してくれた。 :: He explained at length what had been decided.
1804	語る	かたる	verb	to talk about; to speak of; to tell	その詩は神神の行為の物語を語っている。 :: The poem tells the story of the deeds of gods. || ケイトはブライアンとその絵について語った。 :: Kate talked over the picture with Brian.
1805	辺	へん	noun	area; vicinity; region	ここら辺には見るべきところがたくさんあります。 :: There are a lot of places to see around here. || ここら辺は道がガタガタしているので運転するのが大変なんです。 :: It's really hard to drive on the bumpy roads around here.
1806	送る	おくる	verb	to send; to dispatch; to forward	叔母が誕生日のプレゼントを送ってくれた。 :: My aunt sent me a birthday present. || 札幌に住んでいる兄に手紙を送るつもりだ。 :: I will send a letter to my brother who lives in Sapporo.
1807	鉄	てつ	noun	iron (Fe)	鉄のカーテンがヨーロッパ大陸におりた。 :: An iron curtain has descended across the Continent. || 彼の車はその鉄の門にぶち当たった。 :: His car ran into the Iron Gate.
1808	音声	おんせい	noun	voice; speech	彼は言語学だけでなく音声学にも通じている。 :: He is at home in phonetics as well as linguistics. || テレビの音声を低くしてもいい？ :: Do you mind if I turn down the TV?
1809	あい	あい	noun	dyer's knotweed (Persicaria tinctoria, used to produce indigo dye)	あの人たちと関わりあいを持たないようにしなさい。 :: Don't get mixed up with those people. || ころあいをみてその事をお父さんに話してあげるわ。 :: I'll find a good time to tell Father about it.
1810	いわゆる	いわゆる	adjective	what is called; what you call; what they call	そのジャーナリストはいわゆる国際人だ。 :: The journalist is what you call a cosmopolitan. || ナンシーはいわゆる貴族階級の出である。 :: Nancy comes from what we call the aristocracy.
1811	がん	がん	noun	cancer	彼はがんとして私の言うことを聞かない。 :: He refuses to listen to me. || この論文はがん研究の進歩について書いてある。 :: The essay treats of the progress of cancer research.
1812	アート	あーと	noun	art	アートと家で静かに夜を過ごすのが大好き。 :: I love art and quiet evenings at home. || 多くの場合、音楽を聴く時に心に浮かぶ映像はＣＤのアートワークです。 :: In many cases, the image that comes to mind when you listen to music is that of the CD's artwork.
1813	コントロール	こんとろーる	noun	control	誰も私達をコントロールできない。 :: Nobody can control us. || この関連で重要なのはコントロールグループの行動である。 :: It is the behavior of the control group that is important in this connection.
1814	ジャンプ	じゃんぷ	noun	jump	一匹の犬と二人の人間がジャンプしている。 :: One dog and two people are jumping. || この本屋はジャンプを売るのをやめた。 :: This bookstore stopped selling JUMP.
1815	スピード	すぴーど	noun	speed	彼は高速道路で一定のスピードを維持した。 :: He maintained a steady speed on the highway. || そのドライバーはスピード違反で告発された。 :: The driver was charged with speeding.
1816	ソロ	そろ	noun	solo	彼がソロを歌うとき、音程が外れるんじゃないかって、手に汗握っちゃうよね。 :: When he gets up on stage to sing one of his out-of-tune solos, I get so nervous for him that I get sweaty palms.
1817	ピン	ぴん	noun	pin (e.g. hairpin, safety pin)	ピンの落ちる音が聞こえるほど静かだった。 :: You could have heard a pin drop. || とても静かで、ピンが落ちても聞こえるほどだった。 :: It was so still that you would have heard a pin drop.
1818	ピンク	ぴんく	noun	pink	あのピンクの服を着た女性はだれですか。 :: Who is the woman dressed in pink? || ピンクの服を着ている少女は誰ですか。 :: Who is the girl in the pink dress?
1819	プラス	ぷらす	noun	plus; addition	そんなことをしても何のプラスにもならない。 :: It will not add anything to the situation. || これからはプラス思考でがんばって行こうと思います。 :: I've decided to be more positive and give it all I've got.
1820	リーグ	りーぐ	noun	league	今シーズンは我々のチームがリーグで優勝した。 :: Our team has topped the league this season.
1821	上記	じょうき	noun	above-mentioned; above-named; above	失礼だが、上記の記事にある３つの誤りを指摘しておきたい。 :: Excuse me; allow me to point out three errors in the above article.
1822	事務	じむ	noun	office work; clerical work; administration	彼は大きな会社の事務員として雇われた。 :: He was taken on by a large firm as a clerk. || 聴衆の中には学生、教師、事務員などがいた。 :: Among the audience, there were students, teachers, clerks, and so on.
1823	人形	にんぎょう	noun	doll; puppet; marionette	その老人は彼女に小さい人形をあげました。 :: The old man gave her a small doll. || 彼は感謝のしるしに私にこの人形をくれた。 :: He gave me this doll in token of his gratitude.
1824	修理	しゅうり	noun	repair; mending; fixing	このステレオの修理にいくらかかりますか。 :: How much would you charge to repair this stereo? || どこでカメラを修理してもらったんですか。 :: Where did you get your camera repaired?
1825	児童	じどう	noun	children; juvenile	その出版社は児童文学を専門にしている。 :: That publisher specialises in children's books. || 児童はみんなその新しい先生が好きになった。 :: Every child took to the new teacher.
1826	公共	こうきょう	adjective	public (facilities, service, etc.); communal	公共の交通輸送機関は正確に動いています。 :: The public transportation system runs like clockwork. || 何人たりとも公共の利益を独占すべきではない。 :: Let no one appropriate a common benefit.
1827	原	はら	noun	field; plain; prairie	なるほどその計画は難しい仕事だが、原さんならやってのけるだろう。 :: It's true that the project is a difficult task, but Mr Hara will be able to bring it off. || 私達がよく野球をして遊んだ原は今すっかり家が建て込んでしまった。 :: The field where we used to play ball is now all built up.
1828	可	か	noun	acceptable; satisfactory; allowed	それは可でもなく不可でもなしというところだ。 :: It is neither good nor bad. || 結果は可もなく不可もなしと言ったところです。 :: The result is neither good nor bad.
1829	喧嘩	けんか	noun	quarrel; brawl; fight	喧嘩を止めようとしたが容易ではなかった。 :: I tried to stop their quarrel, but that was not easy. || 彼らの喧嘩がいつまで続くのか分からない。 :: There is no telling how long their quarrel will last.
1830	坂	さか	noun	slope; incline; hill	私は何度も転びながら、坂を下っていった。 :: I went down the slope, falling again and again. || 私達は坂を行ったり来たりし続けた。 :: We had to go up and down the slopes.
1831	学者	がくしゃ	noun	scholar; academic; scientist	その委員会は７人の学者で構成されている。 :: The committee consists of seven scholars. || 生物学者は、損失は深刻だと主張している。 :: Biologists assert the losses are severe.
1832	引退	いんたい	noun	retirement	彼女は引退するつもりでいることを発表した。 :: She announced her intention to retire. || ジョンが引退した時、息子が事業を引き継いだ。 :: When John retired, his son took over his business.
1833	当たる	あたる	verb	to be hit; to strike	なんか難しい問題にでもぶち当たったのか？ :: You've run into some trouble or something? || 我々は暗闇の中で正しい道に行き当たった。 :: We hit the right road in the dark.
1834	成立	せいりつ	noun	formation; establishment; materialization	どうやってあの契約を成立させたんですか。 :: How did you pull off that agreement? || 彼は合併成立後に新会社を設立したいと思っていた。 :: He had hoped to found a new company after the merger was complete.
1835	推進	すいしん	noun	propulsion; drive	法案通過を推進しているロビイストは、運動資金に賄賂の金をまぎれこませました。 :: Lobbyists for the bill funneled bribes into a campaign fund.
1836	放置	ほうち	noun	leaving as is; leaving alone; leaving unattended	少女たちは縛り上げられて地下室に放置された。 :: The girls were trussed up and left in a cellar. || 雨の中に放置しておくと自転車はさびるでしょう。 :: A bicycle will rust if you leave it in the rain.
1837	料金	りょうきん	noun	fee; charge; fare	各目的地までの往復料金は下記の通りです。 :: Round-trip fares to each destination are as follows. || 彼女は電気料金の請求書を今日受け取った。 :: She received the electricity bill today.
1838	旦那	だんな	noun	master (of a house, shop, etc.)	旦那も子供の引き取り権を望んでいた。 :: Her husband also wanted custody of the children. || 旦那様をしっかり捕まえていなさい。 :: Hold onto your husband.
1839	暴力	ぼうりょく	noun	violence; mayhem	それは暴力に対する文明の勝利であった。 :: It was the triumph of civilization over force. || 三年間暴力を受けた後彼女は彼を捨てた。 :: She walked out on her boyfriend after three years of abuse.
1840	有	ゆう	noun	existence	我々は、無から有を作り出すことができるだろうか。 :: Can we create something out of nothing? || 無から有は生じ得ない。 :: Nothing can come of nothing.
1841	民間	みんかん	adjective	private; non-governmental; non-official	今度の税金は全ての民間企業に適用される。 :: This tax is applied to all private-sector enterprises. || 民間企業に対する投資をもっと認めてほしい。 :: I'm eager to be allowed to do more private-sector investment.
1842	源	みなもと	noun	source (of a river); fountainhead	この無責任なうわさの源を突き止めたいと思う。 :: I want to find out the source of this irresponsible rumor. || その川の源は日本アルプス山中にある。 :: The river has its origin in the Japan Alps.
1843	燃料	ねんりょう	noun	fuel	何百万という木が切り倒されて燃料になった。 :: Millions of trees have been cut down for fuel. || 燃料としては石油が石炭に代わりつつあった。 :: Petroleum was replacing coal as fuel.
1844	知り合い	しりあい	noun	acquaintance	もうみなさんお知り合いになられましたか。 :: Have you gotten yourselves acquainted? || スミスさんと私は、長い間の知り合いです。 :: Mr Smith and I have been acquainted with each other for a long time.
1845	素人	しろうと	noun	amateur; layman; ordinary person	法律用語の大半は素人にはわかりにくい。 :: Much legal language is obscure to a layman. || その協会は設立以来、素人の入会を断ってきた。 :: The association has excluded amateurs ever since its foundation.
1846	統一	とういつ	noun	unity; consolidation; uniformity	左手の人物がその絵の統一性を壊している。 :: The figure on the left spoils the unity of the painting. || 彼は様々のグループを統一しようとした。 :: He tried to unify the various groups.
1847	背中	せなか	noun	back (of the body)	その２軒の家は背中向かいにたっている。 :: The two houses stand back to back. || 彼女はだれかが背中をさわるのを感じた。 :: She felt someone touch her back.
1848	解消	かいしょう	noun	cancellation; liquidation; resolution	これで赤字が解消されるんではないでしょうか。 :: This ought to bring in enough money to put us back in the black. || 彼らが解消すべき問題がたくさんある。 :: There are many problems for them to deal with.
1849	財布	さいふ	noun	wallet; purse; coin purse	父は財布を取り出して私に１０ドルくれた。 :: My father took out his wallet and gave me ten dollars. || 私は財布を置いたところに鍵を置いてきた。 :: I left the keys with my wallet.
1850	遺産	いさん	noun	inheritance; bequest; legacy	この建物は国民的遺産として保存すべきだ。 :: This building should be kept as a national heritage. || 彼は、父が死んだとき、遺産を受け継いだ。 :: He came into a fortune when his father died.
1851	配置	はいち	noun	arrangement (of resources); deployment; stationing	その日本庭園には石が見事に配置されている。 :: Rocks are beautifully arranged in the Japanese-style garden. || 私はこの部屋の家具の配置が好きである。 :: I like the arrangement of the furniture in this room.
1852	電力	でんりょく	noun	electric power	この機械はここで必要な電力の１割をくう。 :: This machine consumes 10% of all the power we use. || 人工的な光は電力という手段によって作られた。 :: Artificial light is produced by means of electricity.
1853	おる	おる	verb	to be (animate); to be; to exist	あなたのお父さんのことは存じております。 :: I am acquainted with your father. || あまり楽しくされておられないようですね。 :: It seems that you are not having a good time here.
1854	なんだか	なんだか	adverb	(a) little; somewhat; somehow	なんだか今夜は遅くまで残業になりそうだわ。 :: Looks like I might have to burn the midnight oil tonight. || 「いい人ね。なんだか気が合いそう」「だろうな」 :: Isn't she nice? I think we'll get on just fine. "Same here."
1855	わざわざ	わざわざ	adverb	expressly; especially; specially	わざわざ見送りに来て下さってありがとう。 :: Thank you very much for coming all the way to see me off. || その人はわざわざ僕を駅まで案内してくれた。 :: The man went out of his way to take me to the station.
1856	スペイン	すぺいん	noun	Spain	ジャックはスペイン語も話すかもしれない。 :: Jack may speak Spanish, too. || スペインの人口は日本の約三分の一である。 :: The population of Spain is about one-third as large as that of Japan.
1857	チケット	ちけっと	noun	ticket	コンサートのチケットはここで買えますか。 :: Are tickets for the concert available here? || 私はただでコンサートのチケットを貰った。 :: I got these tickets to the concert for free.
1858	プール	ぷーる	noun	(swimming) pool	運動のためプールにも通い始めた頃でした。 :: That was when I started going to the pool for exercise. || この水泳プールは一般に公開されている。 :: The swimming pool is open to the public.
1859	ルート	るーと	noun	route; path	今日ルート６６で衝突事故があったんだ。 :: There was a smash-up out on Route 66 today. || 一行は、そのため、別のルートを取らねばならなかった。 :: The party, therefore, had to take another route.
1860	ローン	ろーん	noun	loan	父が家の多額のローンを返済しています。 :: My father is paying back a huge loan on our home. || 最近は、ローン地獄で破産する人が増えている。 :: More and more people these days are getting overwhelmed by housing loans.
1861	中学	ちゅうがく	noun	junior high school; middle school; lower secondary school	私は中学のときはサッカー部員だった。 :: I was a member of the soccer club when I was in junior high. || あなた方は去年中学２年生でしたね。 :: You were in the second year of middle school last year, right?
1862	乗る	のる	verb	to get on (train, plane, bus, ship, etc.); to get in; to board	あなたたちはボートに乗ってそこへ行ける。 :: You can go there in a boat. || このエレベーターは十人乗ることができる。 :: This elevator is capable of carrying ten persons.
1863	ともに	ともに	adverb	together; jointly	彼はスペイン語、イタリア語ともに堪能だ。 :: He is proficient in both Spanish and Italian. || 彼らはともに素晴らしい時を過ごした。 :: They had a lovely time together.
1864	再現	さいげん	noun	reappearance; reemergence; return	情報検索の効率を測る尺度として、再現率と適合率というものがある。 :: As yardsticks to measure the effectiveness of information retrieval there exist those called 'recall ratio' and 'precision ratio'.
1865	味方	みかた	noun	friend; ally; supporter	困った時にいつでも味方になってください。 :: Please stand by me when I need you. || 彼女が味方してくれてとてもうれしかった。 :: I was very glad that she took my side.
1866	回収	かいしゅう	noun	collection; recovery; withdrawal	いよいよ賭け金を回収するときがきました。 :: It's time to call in our chips. || しかし回収時間が早すぎるため、ゴミの日に出すことが難しいです。 :: Moreover it's difficult to get rubbish out for garbage day because the collection time is too early.
1867	回答	かいとう	noun	reply; answer	それは我々がまったく回答できない問題だ。 :: It's a problem we do not have any answer for. || 候補者はその批判に対して直ちに回答をした。 :: The candidate made a quick response to the criticism.
1868	圧倒的	あっとうてき	na-adjective	overwhelming	私たちの行動の圧倒的な部分は学んで身についたものだ。 :: An overwhelming part of our behavior is learned. || 彼らは圧倒的に優勢な敵と戦っていた。 :: They were attacking against overwhelming odds.
1869	地図	ちず	noun	map; atlas; chart	ここにあなたの探している地図があります。 :: Here's the map you are looking for. || 地図は自分の位置を確かめるのに役立った。 :: The map helped me to orient myself.
1870	報酬	ほうしゅう	noun	remuneration; recompense; reward	ニックは決してその報酬に満足していない。 :: Nick is by no means satisfied with the reward. || 彼はその仕事に対したっぷり報酬をもらった。 :: He was given ample payment for the work.
1871	場面	ばめん	noun	scene; setting; place (where something happens)	このルールは全ての場面にはあてはまらない。 :: This rule does not apply in all cases. || この芝居は２つの短い場面で構成されている。 :: This drama consists of just two short scenes.
1872	変換	へんかん	noun	change; conversion; transformation	変換にはかなりの時間がかかる。 :: It takes a long time to convert. || このファイルをウインドウズ９５対応のファイルに変換して再送してくれますか。 :: Could you convert this file into a Windows 95 compatible file and re-send it?
1873	季節	きせつ	noun	season; time of year	秋は１年で最も美しい季節だと思います。 :: I think autumn is the most beautiful season of the year. || １年には４つの季節、春、夏、秋、冬がある。 :: There are four seasons in a year: spring, summer, fall and winter.
1874	就職	しゅうしょく	noun	finding employment; getting a job	その大学には学生のための就職課がある。 :: The college has a placement bureau for students. || 彼女は就職か大学進学か決心がつかない。 :: She can't make up her mind whether to get a job or to go on to college.
1875	幅	はば	noun	width; breadth	この川はヨーロッパで一番幅が広い。 :: The river is the widest in Europe. || その村は、幅およそ０．５マイルの谷間にあった。 :: The village lay in a valley about half a mile in breadth.
1876	平日	へいじつ	adverb	weekday; ordinary days (i.e. non-holiday)	平日料金と休日料金で、１万円も違うんだ。 :: You have to pay 10,000 yen extra on holidays. || 平日は比較的混んでいないようです。 :: It seems less crowded during the week.
1877	応募	おうぼ	noun	application; subscription; entry (competition, raffle, etc.)	応募者にふさわしい職務遂行能力があるか？ :: Does the applicant have suitable abilities to carry out the job? || その職にはかなり多数の応募者があった。 :: There were a good many candidates for the position.
1878	態度	たいど	noun	attitude; manner; behaviour	「いやだ」ときっぱりした態度でこたえた。 :: No, he said in a determined manner. || 反抗的な態度は１０代に特有なものである。 :: The defiant manner is characteristic of teenagers.
1879	戦士	せんし	noun	soldier; combatant; warrior	その戦士は自分の強さも弱さも分かっている。 :: The warrior is conscious of both his strength and his weakness. || 彼は人生のほとんどを敵と戦ってすごしてきた勇敢な戦士だった。 :: He was a brave warrior who had spent most of his life fighting his enemies.
1880	扉	とびら	noun	door; gate; opening	我々はその建物に入る秘密の扉を発見した。 :: We found a secret door into the building. || ３人の少年達はその建物の扉を開けました。 :: The three boys opened the doors of the building.
1881	指揮	しき	noun	command; direction; supervision	外見から判断して、彼が指揮者にちがいない。 :: Judging from his appearance, he must be the conductor. || 指揮者はその公園でデモ隊を解散させた。 :: The leader dismissed the demonstrators in the park.
1882	掲示板	けいじばん	noun	bulletin board; display board; notice board	掲示板を荒らす人の精神状態がわかりません。 :: I just don't understand what goes through the minds of people who troll forums. || 掲示板には「危険！１万ボルト」と書いてある。 :: The notice says, "Danger! 10,000 VOLTS."
1883	改めて	あらためて	adverb	another time; again; over again	いずれ改めてお伺いいたします。 :: I will call on you again. || 改めて、日本の文化や歴史に触れてみるのもいいものだと思った。 :: I thought it would be a good idea to get back in touch with Japanese culture and history.
1884	正	せい	noun	(logical) true; regular	正はやさしい声をしている。 :: Tadashi has a soft voice.
1885	直後	ちょくご	noun	immediately following	その国は戦争直後とは非常に違っている。 :: The country is very different from what it was just after the war. || きみが出かけた直後に彼が訪ねてきた。 :: He came to see you right after you left.
1886	筋肉	きんにく	noun	muscle	水泳は体のいろいろな筋肉を発達させる。 :: Swimming will develop many different muscles. || 私の筋肉はテニスのやりすぎのために痛んだ。 :: My muscles ached from playing tennis too much.
1887	置く	おく	verb	to put; to place	その本はいちばん上の棚に置いてください。 :: Put the book on the top shelf. || テーブルの縁にグラスを置かないで下さい。 :: Don't put the glass near the edge of the table.
1888	美容	びよう	noun	beauty; good figure; (beautiful) appearance	どの美容師をご指名ですか。 :: Which beautician would you like? || 彼女はいつも有名な美容師に髪を結ってもらう。 :: She always has her hair done by a famous hairdresser.
1889	腰	こし	noun	lower back; waist; hips	彼女は、ピアノの前に静かに腰をおろした。 :: She seated herself quietly before the piano. || 彼らはあの大きな木の陰に腰を下ろした。 :: They sat in the shade of that big tree.
1890	航空	こうくう	noun	aviation; flying	私は大阪までの往復航空券を持っています。 :: I have a round-trip ticket to Osaka. || 航空便にすると値段はいくらかかりますか。 :: If I send it by air mail, how much will it cost?
1891	製作	せいさく	noun	manufacture; production	この工場では自動車の部品を製作している。 :: This factory manufactures automobile parts.
1892	見事	みごと	na-adjective	splendid; magnificent; excellent	このホテルは見事な海の景色が見渡せる。 :: This hotel has a magnificent view of the sea. || その日本庭園には石が見事に配置されている。 :: Rocks are beautifully arranged in the Japanese-style garden.
1893	規則	きそく	noun	rule; regulation	あなたはその規則を守らなければならない。 :: You must keep to the rules. || この場合にはその新しい規則があてはまる。 :: The new rule holds good in this case.
1894	規定	きてい	noun	stipulation; prescription; provision	この規定が当てはまらない場合もある。 :: There are some cases where the rule does not hold good. || 医者は彼女に厳しい規定食を勧めた。 :: The doctor ordered her to go on a strict diet.
1895	設備	せつび	noun	equipment; facilities; installation	私の家は大都会の便利な設備の近くにある。 :: My house is close to the amenities of a big city. || このホテルは千人を収容する設備がある。 :: This hotel has accommodations for 1,000 guests.
1896	谷	たに	noun	valley; ravine; gorge	私たちはその村がある谷まで降りていった。 :: We went down to the valley where the village is. || その谷で金が見つかったといううわさがある。 :: There is a rumor that gold has been found in the valley.
1897	起動	きどう	noun	startup; booting up; activation	パソコンが起動しなくなりました。 :: My computer won't start up anymore.
1898	適用	てきよう	noun	application (of a rule, law, method, etc.)	この規則はどのような場合にも適用できる。 :: This rule can be applied to any case. || その規制はこのケースには適用されない。 :: The rule doesn't apply in this case.
1899	選択肢	せんたくし	noun	choices; alternatives; options	どちらの選択肢も慎重に検討した。 :: We have given careful thought to both alternatives. || 前者の選択肢を支持している人が多いが、私は後者のほうが好きだ。 :: Many support the former alternative, but I prefer the latter.
1900	鉄道	てつどう	noun	railroad; railway; rail transport	その鉄道はその橋を過ぎると二つに分かれる。 :: The railroad divides into two after the bridge. || 今日ではイギリス中に鉄道が走っている。 :: Nowadays there are railways all over England.
1901	高級	こうきゅう	na-adjective	high-class; high-grade; high-quality	彼は高級車を持っているのを自慢している。 :: He prides himself on having an expensive car. || 高級な品物を買う事は、結局は損にならない。 :: It pays in the long run to buy goods of high quality.
1902	麺	めん	noun	noodles	麺はふつう小麦粉から作られる。 :: Noodles are usually made from wheat.
1903	お茶	おちゃ	noun	tea (esp. green or barley)	お茶が濃すぎるので水を少し加えて下さい。 :: The tea is too strong. Add some water. || ゆっくりしてお茶でも飲んでいきませんか。 :: Won't you stay for tea?
1904	サブ	さぶ	noun	sub; substitute; reserve	なお、危険防止の為、サブアド利用をお奨めします。 :: Moreover, for your safety, we advise use of a substitute email address.
1905	ドライブ	どらいぶ	noun	drive; trip by car; driving	お昼からちょっとドライブに行きましょう。 :: Let's take a short drive this afternoon. || 気分転換に田舎にドライブに行かないかい。 :: Why don't we drive out to the country for a change of pace?
1906	ニーズ	にーず	noun	needs; demands; requests	当社には貴社のシステムに対するニーズがありません。 :: Your system isn't suited to our company's needs. || 学校は能力に関係なく、すべての児童のニーズに応えることが期待されている。 :: Schools are expected to meet the needs of every child, regardless of ability.
1907	ハウス	はうす	noun	house	ビニールハウスでトマトを栽培しています。 :: I grow tomatoes in plastic houses. || ハウスダストにアレルギーがあります。 :: He is allergic to house dust.
1908	ハート	はーと	noun	heart	お前のハートは鳴っている、生きている。 :: Your heart's beating, alive and beating. || ハートの形をした池は国王ご夫妻の自慢の種である。 :: The heart-shaped pond is the pride of the royal couple.
1909	パック	ぱっく	noun	pack; packet; carton	このバックパックは彼のものですか。 :: Does this backpack belong to him? || バックパックを持ち上げられないのなら、それを背負って歩くこともできない。 :: If you can't lift your backpack, then you can't carry it!
1910	一気に	いっきに	adverb	in one go; in one gulp; in one breath	その仕事を一気にやってしまいなさい。 :: Please finish the work at once. || 今こそ一気に取引をまとめるときだ。 :: Now is the time to clinch the deal.
1911	上がる	あがる	verb	to rise; to go up; to come up	君はいわば陸に上がった魚のようなものだ。 :: You are, so to speak, a fish out of water. || 彼が２階に上がってくるのを見かけました。 :: I saw him coming upstairs.
1912	乗り	のり	noun	riding; ride	おっと、バスに乗り損なっちゃったよ。 :: Look! We've missed the bus. || お客様は皆もうお乗りになりましたか。 :: Have all the passengers got on board yet?
1913	九州	きゅうしゅう	noun	Kyūshū (southernmost of the four main islands of Japan)	台風が九州に接近していると発表された。 :: It was announced that a typhoon was approaching Kyushu. || 叔父は九州からはるばる私を訪ねてきてくれた。 :: Our uncle called on me all the way from Kyushu.
1914	人工	じんこう	noun	artificial; man-made; human work	この庭の美しさは自然より人工のおかげだ。 :: This beautiful garden owes more to art than to nature. || 人工衛星が軌道に向けて打ち上げられた。 :: The artificial satellite was launched into orbit.
1915	免許	めんきょ	noun	license; licence; permission	君はもう１８歳だから車の免許がとれるよ。 :: Now that you are eighteen, you can get a driver's license. || 落ちなければ今年中に運転免許が取れます。 :: If I don't fail, I will get my driving license before New Year.
1916	全力	ぜんりょく	noun	all one's power (strength, energy, efforts); one's utmost	彼は仕事を終えるよう全力を尽くすだろう。 :: He'll do his best to finish the job. || 彼は全力を尽くしたが失敗しただけだった。 :: He did his best only to fail again.
1917	全身	ぜんしん	noun	whole (body); full-length (e.g. portrait)	全身が焼き尽くされるような感じがした。 :: I felt a burning sensation all over. || 彼は全身ペンキだらけになった。 :: He was covered all over with paint.
1918	内閣	ないかく	noun	cabinet (of a government); ministry	首相は彼らを内閣の主要ポストに任命した。 :: The Prime Minister appointed them to key Cabinet posts. || 内閣は倒れるだろうということだ。 :: They say that the cabinet will fall.
1919	同僚	どうりょう	noun	coworker; co-worker; colleague	彼が退職したとき同僚は彼にプレゼントした。 :: His colleagues gave him a present when he retired. || 彼らの同僚は海外の支店に転勤になった。 :: Their colleague was transferred to an overseas branch.
1920	大手	おおて	noun	major company; big company	彼らは大手レコード会社と三年契約を結んだ。 :: They signed a three-year contract with a major record company. || 大手銀行の大半がこの制度を導入している。 :: The majority of big banks are introducing this system.
1921	夫婦	ふうふ	noun	married couple; husband and wife; man and wife	その老夫婦は息子をなきものとあきらめた。 :: The old couple gave up their son for lost. || 夫婦は別れた後、二度と会う事はなかった。 :: The couple separated, never to see each other again.
1922	奥	おく	noun	inner part; interior; back (of a drawer, one's throat, etc.)	部屋の奥で何か音がするのに気がついた。 :: They were suddenly aware of a noise in the back of the room. || 部屋の奥の壁の中央に大きな窓がある。 :: In the middle of the wall at the back of the room is a large window.
1923	実家	じっか	noun	(one's parents') home	私の両親は二人とも今、実家にいます。 :: Both my parents are at home now. || 彼は実家に用があるため、すぐに出かけていった。 :: He had business at his family's home so he went at once.
1924	恐ろしい	おそろしい	i-adjective	terrible; dreadful; terrifying	何か恐ろしいことが起こりそうな気がした。 :: I had a feeling that something dreadful was happening. || 彼女はそのとき恐ろしい顔つきをしていた。 :: She looked terrible at that time.
1925	戻る	もどる	verb	to turn back (e.g. half-way)	しばらくして彼は辞書を抱えて戻ってきた。 :: After a while he came back with a dictionary under his arm. || ジムは彼女に会うためにロンドンに戻った。 :: Jim went back to London for the purpose of seeing her.
1926	文句	もんく	noun	complaint; grumbling; objection	あんないい人たちに文句をいうのは難しい。 :: It's hard to complain against such good people. || 彼はいつも私のやり方に文句を言っている。 :: He is always complaining about the way I do things.
1927	文書	ぶんしょ	noun	document; writing; letter	父はフランス語の文書を日本語に翻訳した。 :: Father translated the French document into Japanese. || 彼は昨夜その文書を調べながら夜更かしした。 :: He sat up late last night working on the documents.
1928	普及	ふきゅう	noun	diffusion; spread; popularization	彼は世界政府という考えの普及に努めた。 :: He promoted the idea of world government. || 昔この習慣は日本中で普及していた。 :: These customs used to prevail all over Japan.
1929	来年	らいねん	noun	next year	あなたは来年アメリカへ行くつもりですか。 :: Will you go to America next year? || 政府はその計画を来年実施する予定である。 :: The government is scheduled to put the plan into practice next year.
1930	歌詞	かし	noun	song lyrics; words of a song; libretto	私はその歌の歌詞を思い出すことができない。 :: I cannot recall the words of the song. || 私はこの歌を歌詞無しで歌える。 :: I can sing this song without the text.
1931	毒	どく	noun	poison; toxicant; venom	ある種の毒は、適当に使えば役に立つ。 :: Certain poisons, properly used, are useful. || だれかがスープの中に毒を入れたと彼は思った。 :: He thought someone had put poison in his soup.
1932	活用	かつよう	noun	practical use; application; making good use of	私たちは私たちのお金を有効に活用したい。 :: We want to put our money to good use. || 時間を最大限に活用するようにしなさい。 :: Try to make the most of your time.
1933	犯人	はんにん	noun	offender; criminal; culprit	警察は犯人がどこに住んでいるかを知った。 :: The police found out where the criminal lived. || 逃亡犯人を捕まえようと油断なく見張った。 :: I was on the alert for a fugitive criminal.
1934	申請	しんせい	noun	application; request; petition	彼女には離婚申請をする十分な根拠があった。 :: She had good reason to file for a divorce. || もうパスポートを申請しましたか。 :: Have you applied for a passport yet?
1935	皿	さら	noun	plate; dish; platter	あなたは食後に皿を洗う必要はありません。 :: You need not wash the dishes after meals. || 皿が彼女の手から滑り、床に落ちて割れた。 :: The plate slipped from her hand and crashed to the floor.
1936	直し	なおし	noun	correction; rectification	直しはどれくらいかかりますか。 :: How long will it take for alterations? || その家はペンキの塗り直しが必要だ。 :: That house needs repainting.
1937	福祉	ふくし	noun	welfare; well-being; social welfare	彼女は社会福祉についての講演に出席した。 :: She attended the lecture on social welfare. || 委員会は社会福祉について議論している。 :: The committee is discussing social welfare.
1938	笑う	わらう	verb	to laugh	その光景を見て笑わずにはいられなかった。 :: I could not help laughing at the sight. || その少女は、クラスメート全員に笑われた。 :: The girl was laughed at by all her classmates.
1939	策	さく	noun	plan; policy; means	いうまでもなく、正直は最良の策である。 :: It goes without saying that honesty is the best policy. || この問題に対する解決策が全然思いつかない。 :: I can't think of any solution to this problem.
1940	解除	かいじょ	noun	termination (of a contract); cancellation; rescinding	協定が調印されれば、輸入規制が解除できる。 :: We can lift the restrictions on imports once the joint agreement is signed. || 政府は物価の統制を解除した。 :: The government lifted price controls.
1941	長官	ちょうかん	noun	secretary (government); director; chief	大統領は彼を国務長官に指名した。 :: The President nominated him to be Secretary of State. || 彼の公式の肩書きは環境庁長官です。 :: His official title is Director-General of the Environment Agency.
1942	下り	くだり	noun	down-train; train heading toward the ending point of its route	ここの下りも手掛かりがないので危険だ。 :: The downclimb here is also dangerous as there are no handholds. || 彼女は丘を登り下りして息切れがした。 :: She was out of breath from walking up and down hills.
1943	離婚	りこん	noun	divorce	不幸な年月を送った後で彼は彼女と離婚した。 :: He divorced her after years of unhappiness. || 彼女はどうしても離婚に同意しようとしない。 :: She won't agree to a divorce.
1944	飽き	あき	noun	weariness; boredom; tedium	彼らは待つことに飽きがきていた。 :: They were tired of waiting. || 退屈な仕事に飽き飽きだから、何か新しいことを始めなければ。 :: I'm stuck in a rut in my boring job and need to do something new.
1945	高齢	こうれい	noun	advanced age; old age	彼はあまりにも高齢で抵抗できなかった。 :: He was too old to resist. || 日本は高齢化社会に対処しようとしています。 :: Japan is trying to cope with the aging of its population.
1946	さあ	さあ	interjection	come (on); come now; come along	さあ、この前やめた所から読み始めなさい。 :: Now, resume reading where you left off. || さあ、そろそろ本気で勉強を始めなくちゃ。 :: It's time to hit the books.
1947	ギター	ぎたー	noun	guitar	「ギターがひけますか」「はい、ひけます」 :: Can you play the guitar? "Yes, I can." || 彼はギターを弾き、彼女はピアノを弾いた。 :: He played the guitar and she played the piano.
1948	コミュニティ	こみゅにてぃ	noun	community	英語のコミュニティでお名前とコメントを拝見し、プロフィールを拝読しました。 :: I saw your name and posts in an English forum and took the liberty of reading your profile.
1949	ピアノ	ぴあの	noun	piano (instrument)	あまりピアノは上手ではありませんでした。 :: She was not a very good pianist. || どれくらいピアノのレッスンがありますか。 :: How often do you have your piano lessons?
1950	メートル	めーとる	noun	metre (unit of length); meter	彼の記録は１００メートルの世界新記録だ。 :: His record is a new world record in the 100-meter dash. || 彼女はその１００メートル競争で優勝した。 :: She won the one hundred meter race.
1951	ユニット	ゆにっと	noun	unit	２０ユニット以上注文したら、値引きしていただけますか。 :: If we place an order for more than 20 units, would you reduce the price?
1952	伝える	つたえる	verb	to convey; to report; to transmit	お母さんにどうぞよろしくお伝えください。 :: Please remember me to your mother. || 彼が着いたらすぐにこの伝言を伝えてくれ。 :: Give him this message the moment he arrives.
1953	削除	さくじょ	noun	deletion; elimination; erasure	応募者名簿から彼の名前を削除しなさい。 :: Delete his name from the list of the applicants. || 時間をおかないと追加・削除が反映されない。 :: Additions and deletions are not shown immediately.
1954	勇気	ゆうき	noun	courage; bravery; valour	上役に反対することは彼も勇気のある男だ。 :: It is courageous of him to oppose his boss. || 彼の勇気ある行為が彼に栄光をもたらした。 :: His acts of courage brought him glory.
1955	勢い	いきおい	noun	force; vigor; vigour	ものすごい勢いで駆けていった。 :: He was flying down the road. || 彼は飛ぶ鳥を落とす勢いである。 :: He nods and shakes the spheres.
1956	参照	さんしょう	noun	reference (e.g. to a dictionary, passage, footnotes); consultation; comparison	講演者は数分ごとにメモを参照した。 :: The speaker referred to his notes every few minutes. || さらに詳しくは１６ページ参照。 :: For further information, see page 16.
1957	合格	ごうかく	noun	passing (an exam); pass; success	たぶん、君はそのテストに合格するだろう。 :: The chances are that you can pass the test. || ボブはぜひ試験に合格したいと思っている。 :: Bob is keen to pass the examination.
1958	同じく	おなじく	adverb	in the same way; like; likewise	ジェーンと同じく彼女はスキーができない。 :: She can't ski any more than Jane can. || 彼は父と同じく、たくさんの本を持っている。 :: Like his father, he has many books.
1959	回し	まわし	noun	mawashi; belt; loincloth	政権のたらい回しは反対だ。 :: I'm opposed to political power being monopolized within a clique.
1960	多少	たしょう	adverb	a little; some; somewhat	ジョンの父はフランス語を多少知っている。 :: John's father has some knowledge of French. || この遊びの規則については多少知っています。 :: I know more or less about the rules of this game.
1961	学ぶ	まなぶ	verb	to learn; to study; to take lessons in	どうせ英語を習うなら徹底的に学びなさい。 :: At any rate, if you learn English, study it thoroughly. || まもなく、彼は英語の話し方を学びました。 :: Soon, he learned how to speak English.
1962	対処	たいしょ	noun	dealing with; coping with	その会社は急激な変化に対処できなかった。 :: The company couldn't cope with sudden changes. || 彼は困難な事態に対処することが出来ない。 :: He can't cope with difficult situations.
1963	当初	とうしょ	noun	beginning; start; outset	その会合は当初の予定どおりに開催された。 :: The meeting was held as intended at the outset. || いや、当初の考えはそうでした。 :: Or that was the idea.
1964	必死	ひっし	na-adjective	frantic; frenetic; desperate	彼は群衆の中から必死になって抜け出した。 :: He battled his way out of the mob. || 両親は彼を大学にやろうと必死にがんばった。 :: His parents battled to send him to college.
1965	意思	いし	noun	intention; wish; purpose	彼らはお互いに身振りで意思を伝え合った。 :: They communicated with each other by gesture. || 彼女は自分の意思に反して計画を断念した。 :: She gave up her plans against her will.
1966	所属	しょぞく	noun	belonging to (a group, organization, etc.); affiliation (with); being attached to	君は、どちらの派に所属しているのですか。 :: Which party do you belong to? || 彼は僕たちのテニスチームに所属している。 :: He belongs to our tennis team.
1967	提出	ていしゅつ	noun	presentation (of documents); submission (of an application, report, etc.); production (e.g. of evidence)	書くのをやめて、その答案を提出しなさい。 :: Stop writing and hand your paper in. || 私は放課後にレポートを提出するつもりだ。 :: I will hand in my report after school.
1968	短い	みじかい	i-adjective	short	この物語は短いので１回の授業で読めます。 :: This story is short enough to read in one lesson. || ここでは暑い天気の続く期間はごく短い。 :: The period of hot weather is very short here.
1969	給料	きゅうりょう	noun	salary; wages; pay	あなたの給料はインフレに追いつきますか。 :: Is your salary keeping up with inflation? || あなたの給料は家族を養うのに十分ですか。 :: Is your salary adequate to support your family?
1970	老人	ろうじん	noun	old person; senior citizen; the aged	その老人は妻に莫大な財産を残して死んだ。 :: The old man left a large fortune to his wife. || その老人は彼女に小さい人形をあげました。 :: The old man gave her a small doll.
1971	落ちる	おちる	verb	to fall; to drop; to come down	もう一歩で君は階段から落ちていただろう。 :: Another step, and you would have fallen down the stairs. || シャツの２番目のボタンが落ちそうですよ。 :: The second button of your shirt is coming off.
1972	表情	ひょうじょう	noun	facial expression; countenance	彼の頭がさっと怒りの表情に変わるのを見た。 :: I saw his face switch to anger. || 彼は私の驚きの表情を見てとりました。 :: He saw the surprise on my face.
1973	週末	しゅうまつ	adverb	weekend	この週末には忘れずに遊びにきてください。 :: Please remember to come and see us this weekend. || 彼は私に週末には一緒にいてくれと頼んだ。 :: He asked me to keep him company on the weekends.
1974	関	せき	noun	barrier; gate	私たちは、好むと好まざるとに関らず、そこ行かねばなりません。 :: We must go there whether we like it or not.
1975	静か	しずか	na-adjective	quiet; silent	その少年は１０分と静かにしていられない。 :: The boy cannot keep quiet for ten minutes. || ピンの落ちる音が聞こえるほど静かだった。 :: You could have heard a pin drop.
1976	ありがたい	ありがたい	i-adjective	grateful; thankful; welcome	この辞書は私たちにとってありがたいものだ。 :: This dictionary is great boon up to us. || そう言っていただいてとてもありがたいです。 :: It is very good of you to say so.
1977	つらい	つらい	i-adjective	painful; bitter; heart-breaking	私たちはいたるところでつらい目に会った。 :: We found trouble everywhere. || どうして彼にそんなにつらくあたるのですか。 :: Why are you so hard on him?
1978	アクション	あくしょん	noun	action	アクション場面の少ない映画にはいつも退屈してしまう。 :: I'm always bored with films that have little action. || 今週、３日連続でカーアクションものの外国映画を字幕で見た。 :: This week I've watched foreign car-action movies with subtitles for three days in a row.
1979	アーティスト	あーてぃすと	noun	artist; musician	トムはとても才能のあるアーティストなんだ。 :: Tom is a very gifted artist.
1980	ホワイト	ほわいと	noun	white	ホワイト博士が我々の通訳をして下さった。 :: Dr. White acted as our interpreter. || ホワイト氏は１０時半に東京に到着します。 :: Mr White arrives in Tokyo at 10:30.
1981	レス	れす	noun	reply; response	男性からの投稿や記事へのレスは一切お断りしております。 :: Men are absolutely not allowed to post or reply to articles.
1982	一言	ひとこと	noun	single word; a few words; brief comment	一言批判されただけで彼女はびくびくする。 :: A bare word of criticism makes her nervous. || 彼は一言も言わずに私の側をすぎていった。 :: He went by me without a single word.
1983	上げる	あげる	verb	to raise; to elevate	ご返事をさし上げる前によく考えましょう。 :: I must think it over before answering you. || 彼はタクシーを止めようとして手を上げた。 :: He raised his hand in order that the taxi might stop.
1984	中学生	ちゅうがくせい	noun	junior high school student; middle school pupil	特に理解力がある訳でもない普通の中学生です。 :: He's just a normal junior high school student, not particularly intelligent. || 私は中学生ではありません。 :: I'm not a junior high school student.
1985	具合	ぐあい	noun	condition; state	あの、本当は、ちょっと具合が悪いんです。 :: Well... actually, I'm sick. || ジェーン、どうしたの。具合が悪そうだね。 :: What's the matter, Jane? You look like you aren't feeling well.
1986	化学	かがく	noun	chemistry	化学が私たちにプラスチックを与えてくれた。 :: Chemistry gave us plastics. || 火がつくとすぐに、その化学工場は爆発した。 :: Immediately after it caught fire, the chemical factory blew up.
1987	医者	いしゃ	noun	doctor; physician	ある日彼は医者に診察してもらいに行った。 :: One day he went to see the doctor. || お医者さんに診てもらった方がいいですよ。 :: You'd better consult your doctor.
1988	受賞	じゅしょう	noun	winning a prize; receiving an award; being awarded	その建築家は権威ある賞を受賞したことを自慢した。 :: The architect boasted that he had received a prestigious award. || 彼女がその賞を受賞したのは少しも不思議ではない。 :: It is no wonder that she was given the prize.
1989	合計	ごうけい	noun	sum total; total amount	彼の借金の合計は１０００ドル以上になる。 :: His debts amount to over $1000. || 我々の負債の合計は１万ドルに達している。 :: Our total debts amount to ten thousand dollars.
1990	外部	がいぶ	noun	outside (e.g. of a building); exterior	外部からの助言が必要かもしれません。 :: Outside advice may be necessary. || 外部からの圧力がますます強くなってきている。 :: External pressure grows ever more intense.
1991	姉さん	ねえさん	noun	older sister; elder sister	お姉さんを駅まで迎えに行かせてください。 :: Please let me pick up your sister at the station. || ジョーンは姉さんと同じように魅力がある。 :: Joan is as charming as her sister.
1992	定義	ていぎ	noun	definition	あなたは「幸福」をどのように定義しますか。 :: How would you define "happiness"? || とりわけ、論理学には正確な定義が要求される。 :: Above all, logic requires precise definitions.
1993	左右	さゆう	noun	left and right; right and left	ビールの消費量は天気におおいに左右される。 :: How much beer people drink largely depends on the weather. || 人間はいわば感情に左右される生き物である。 :: Human beings are emotional creatures, so to speak.
1994	帝国	ていこく	noun	empire	私は帝国劇場の無料入場券を２枚持っている。 :: I have two passes to the Imperial Theater. || インカ帝国の政府はすべての物を管理していた。 :: The government of the Inca Empire controlled everything.
1995	恥ずかしい	はずかしい	i-adjective	embarrassing; embarrassed; ashamed	君は自分の行いを恥ずかしいと思うべきだ。 :: You should be ashamed of your conduct. || 実はわたしの猫は恥ずかしがり屋なのです。 :: The fact is that my cat is shy.
1996	悩み	なやみ	noun	trouble; troubles; worry	私には悩みを相談できる人がいないのよ。 :: I've no friend to talk to about my problems. || 私達があなたの悩みをなくしてあげたのです。 :: We have freed you from a great anxiety.
1997	悪化	あっか	noun	deterioration; getting worse; worsening	事態が悪化しないように即座に手を打った。 :: We took action immediately so that things wouldn't get worse. || 企業収益の悪化はまだ底を打っていない。 :: The deterioration of corporate earnings has yet to bottom out.
1998	意外	いがい	na-adjective	unexpected; surprising; unanticipated	花子さんって意外にいい人だったんだねえ。 :: Hanako turned out to be a surprisingly nice person. || 君がそんな態度をとるなんて意外だった。 :: I'm surprised at your behavior.
1999	日記	にっき	noun	diary; journal	私のいない間に日記を読んだのは一体誰だ。 :: Who was it that read my diary while I was out? || 僕は学生の頃日記を英文でつけていたものだ。 :: I used to keep a diary in English when I was a student.
2000	正解	せいかい	noun	correct answer; right solution; correct interpretation	正解に印をつけてください。 :: Please check the correct answer. || 正解をまるで囲みなさい。 :: Please circle the right answer.
2001	江戸	えど	noun	Edo (shogunate capital; former name of Tokyo); Yedo	外国人の一団が江戸、つまり東京に到着した。 :: A group of foreigners arrived in Edo, i.e. Tokyo. || 昔、人々は江戸から京都まで歩いた。 :: In former days people walked from Edo to Kyoto.
2002	相互	そうご	noun	mutual; reciprocal	我々は相互理解の種をまかねばならない。 :: We must sow the seeds of mutual understanding. || 議論は相互の尊敬の念に基づいている。 :: Discussion is based upon mutual respect.
2003	神様	かみさま	noun	God; god; deity	神様は彼の願いを聞いているかもしれない。 :: God may be listening to his wish. || 危険が過ぎると神様は忘れられる。 :: The danger past and God forgotten.
2004	絶望	ぜつぼう	noun	despair; hopelessness	人生とは絶望である。 僕はこう考えている。 :: Life is despair, that's what I think. || 彼は希望にあふれたり、絶望したりした。 :: He fluctuated between hope and despair.
2005	芸人	げいにん	noun	(TV) comedian	彼は教師というよりは芸人です。 :: He is not so much a teacher as an entertainer. || 彼は芸人として成功した。 :: He made good as an entertainer.
2006	訪問	ほうもん	noun	call; visit	ヘレンは日曜日ごとに叔父さんを訪問する。 :: Helen visits her uncle every Sunday. || 彼らは明日おじさんを訪問するつもりです。 :: They are seeing their uncle tomorrow.
2007	走る	はしる	verb	to run	その列車は何と速く走っていることだろう。 :: How fast the train is running! || アメリカ人は速く走る車の好きな人が多い。 :: Many Americans like fast cars.
2008	野	の	noun	field; plain	私の趣味は野の花の写真を撮ることです。 :: My hobby is taking pictures of wild flowers. || それは虎を野に放つようなものだ。 :: It is like letting a tiger run loose.
2009	集合	しゅうごう	noun	meeting up; gathering; assembly	隊長は部下に直ちに集合するように命令した。 :: The captain ordered his men to gather at once. || 明日の夜９時に集合です。 :: We are to meet together at 9 o'clock tomorrow night.
2010	高度	こうど	noun	altitude; height; elevation	そのような高度経済成長が続くはずがない。 :: Such drastic economic growth cannot be sustained. || この学校は生徒達に高度な道徳水準を課する。 :: This school sets high moral standards for pupils.
2011	やる気	やるき	noun	will (to do something); drive; motivation	ほめることが学習者にやる気を起こさせる。 :: Praise stimulates students to work hard. || とてもそんな男を助けてやる気にはなれない。 :: I cannot bring myself to help such a man.
2012	キング	きんぐ	noun	king	キング先生の診察の予約をしたいのですが。 :: I'd like to make an appointment with Dr. King. || キング牧師は首を撃たれ、後方に倒れた。 :: Rev. King fell backwards, shot in the neck.
2013	チーズ	ちーず	noun	cheese	ジョージは朝にたくさんのチーズを食べた。 :: George had a lot of cheese for breakfast. || 私はチーズよりバターの方が好きなんです。 :: I like butter better than cheese.
2014	ナンバー	なんばー	noun	number	車のナンバーを書き留められなかった。 :: I was unable to write down the number of the car.
2015	ノート	のーと	noun	notebook; copy-book; exercise book	毎年私は学校用として新しいノートを買う。 :: Every year, I buy new notebooks for school. || そのノートは君のではなくて、彼のです。 :: The notebook is not yours. It's his.
2016	ヒーロー	ひーろー	noun	hero	私たちは彼を私たちのヒーローだと考えている。 :: We regard him as our hero. || 彼らは彼をヒーローだと思っている。 :: They consider him a hero.
2017	ファッション	ふぁっしょん	noun	fashion	彼の姉はファッションのことを考えすぎる。 :: His sister makes too much of fashion. || 今年のファッションは去年とはまったく違う。 :: This year's fashions are completely different to last year's.
2018	プロフィール	ぷろふぃーる	noun	profile	その新聞は新しい主筆のプロフィールを載せた。 :: The paper published a profile of its new editor. || 英語のコミュニティでお名前とコメントを拝見し、プロフィールを拝読しました。 :: I saw your name and posts in an English forum and took the liberty of reading your profile.
2019	ペット	ぺっと	noun	pet	たいていの英国人はペットがとても好きだ。 :: The British people in general are extremely fond of their pets. || 彼女は犬をペットに飼いたいと私に言った。 :: She told me that she wanted a pet dog.
2020	ポケット	ぽけっと	noun	pocket	彼はコインを１枚ポケットから取り出した。 :: He took a coin out of his pocket. || 彼は上着のポケットからカギを取り出した。 :: He took a key from his coat pocket.
2021	仙台	せんだい	noun	Sendai (city in Miyagi)	仙台駅で東京行きに乗り換えて下さい。 :: Change trains at Sendai Station for Tokyo. || 私でなく私の兄が仙台に住んでいる。 :: Not I but my brother lives in Sendai.
2022	休日	きゅうじつ	noun	holiday; day off	この写真を見るとあの休日の事を思い出す。 :: When I see this picture, I'm reminded of our holiday. || その店は休日の買い物客で混み合っていた。 :: The store was crowded with holiday shoppers.
2023	充電	じゅうでん	noun	charging (electrically)	車のバッテリーを充電しなければならない。 :: I have to charge the battery of my car. || この電池は充電されている。 :: This battery is charged.
2024	出現	しゅつげん	noun	appearance; emergence; advent	地球がいつ出現したのか誰にもわからない。 :: No one knows when the Earth came into being. || 最初の電気計算器は１９世紀末に出現した。 :: The first electric calculator came into existence toward the end of the 19th century.
2025	刀	かたな	noun	sword (esp. Japanese single-edged); katana	「刀の投擲の練習？」「すっぽ抜けただけです」 :: Practising sword throwing? "It just slipped out of my hands." || その刀は王子にふさわしい。 :: That sword is fit for a prince.
2026	前半	ぜんはん	noun	first half	前半彼らは押せ押せムードとなった。 :: They went on the offensive in the first half.
2027	創作	そうさく	noun	creation; production; creative work (novel, film, etc.)	この画家は美しい絵画を創作する。 :: This artist creates beautiful paintings. || なにがおころうとも音楽創作をとめることはできない。 :: Come what may, I won't stop making music.
2028	奇跡	きせき	noun	miracle; wonder; marvel	われわれの脱出は奇跡というほかなかった。 :: Our escape was nothing short of a miracle. || その事故で彼が死ななかったのは奇跡だ。 :: It's a miracle that he wasn't killed in the accident.
2029	平気	へいき	na-adjective	cool; calm; composed	彼が行ってしまおうといようと私は平気だ。 :: I don't care whether he leaves or stays. || １週間タバコをすわなくても平気ですか。 :: Can you do without smoking for a week?
2030	幼稚園	ようちえん	noun	kindergarten (in Japan, non-compulsory education from age 3 until primary school); preschool	しげみちゃんを幼稚園に迎えに行けないの。 :: I will not be able to pick up Shigemi at the kindergarten. || 幼稚園児たちは手をつないで公園の中を歩いていた。 :: The kindergarten children were walking hand in hand in the park.
2031	強力	きょうりょく	na-adjective	powerful; strong	ジャックは我がチームの強力な新メンバーだ。 :: Jack is a powerful acquisition for our team. || 当時ドイツは強力な軍隊を持っていた。 :: Germany then had a powerful army.
2032	心臓	しんぞう	noun	heart	彼は心臓がどきどき打っているのを感じた。 :: He felt his heart beating fast. || 彼女の父は心臓病で病人になってしまった。 :: Her father became an invalid as a result of a heart attack.
2033	新人	しんじん	noun	newcomer; new figure; new member	彼は、まだ新人なんだから大目に見てやれよ。 :: Go easy on him. He's still new around here. || 新人俳優がハムレット役をすると広告してあった。 :: A new actor was billed to appear as Hamlet.
2034	時々	ときどき	adverb	sometimes; occasionally; at times	時々、叔父は私を港に連れて行ってくれた。 :: Once in a while my uncle took me to the harbor. || 時々彼はまるで私の上司のように振る舞う。 :: Sometimes he acts as if he were my boss.
2035	期限	きげん	noun	term; period; time frame	このビザの有効期限はどれくらいですか。 :: How long is this visa good for? || 私の定期券は３月３１日で期限が切れる。 :: My season ticket expires on March 31.
2036	本体	ほんたい	noun	substance; true form; true character	なんであれ物事の本体を捕らえる事が肝心だ。 :: No matter what the problem is, it's essential to get at the heart of the matter.
2037	流行	りゅうこう	noun	fashion; trend; vogue	こういう危険があるのに登山は大流行です。 :: In spite of these dangers, mountaineering is very popular. || ルーシーが流行歌手と結婚するのは確かだ。 :: It is certain that Lucy will marry the pop singer.
2038	混乱	こんらん	noun	disorder; chaos; confusion	彼は会議を混乱させないように気をつけた。 :: He was careful not to disrupt the meeting. || その事故が交通の混乱の原因となった。 :: The accident caused traffic confusion.
2039	王国	おうこく	noun	kingdom; monarchy	彼はその王国から追放となった。 :: He was banished from the kingdom. || その王国は敵に侵入された。 :: The kingdom was invaded by the enemy.
2040	由	よし	noun	reason; significance; cause	彼がどこへ行ってしまったか知る由もない。 :: There is no way of knowing where he's gone. || それについては知る由もなかった。 :: She had no way to know about it.
2041	群	ぐん	noun	group; bunch; crowd	日本は自由国家群に受け入れられた。 :: Japan has been received into the family of free nations. || この時計会社の優れた技巧は群を抜いている。 :: The quality of craftsmanship in this clock company is unsurpassed.
2042	考え方	かんがえかた	noun	way of thinking; point of view; opinion	彼の教育についての考え方は間違っている。 :: He is mistaken in his ideas about education. || 彼の考え方にはユーモアというものがない。 :: Humor is absent in his way of thinking.
2043	自衛隊	じえいたい	noun	Japan Self-Defense Forces; JSDF	政府が自衛隊に沖縄への災害派遣を要請した。 :: The government asked the SDF for a disaster relief deployment to Okinawa. || ボーイング社は海上自衛隊用の飛行艇を開発しました。 :: Boeing developed a flying boat for the Maritime Self-Defense Force.
2044	見せる	みせる	verb	to show; to display	あなたがパリで撮った写真を見せて下さい。 :: Let me see the pictures you took in Paris. || あなたが買ったものを見せてくれませんか。 :: Will you show me what you bought?
2045	貴重	きちょう	na-adjective	precious; valuable	人間にとって水は空気と同じくらい貴重だ。 :: Water is as precious as air to man. || 何よりも貴重な唯一の資源は土地であった。 :: The one resource more precious than any other was land.
2046	費用	ひよう	noun	cost; expense	その船はかなりの費用をかけて建造された。 :: The ship was built at considerable expense. || それにはかなりの時間と費用がかかります。 :: It will require substantial time and financial resources.
2047	軍事	ぐんじ	noun	military affairs	軍事訓練とは兵士たちが受ける訓練である。 :: Military training is training given to soldiers. || 彼らは軍事予算を増大させようとした。 :: They intended to increase the military budget.
2048	雇用	こよう	noun	employment; hire	何人の従業員が雇用されていますか。 :: How many people are there on the payroll? || 雇用主は彼の協力に心から感謝した。 :: His employer was sincerely grateful for his cooperation.
2049	項目	こうもく	noun	item; heading; category	このリストの項目を全部チェックして下さい。 :: Please check all the items on this list. || これらの点は同じ項目にまとめて扱うことができる。 :: These points can be brought under the same heading.
2050	順	じゅん	noun	order; turn; sorting	生徒の名前をアルファベット順に分けよう。 :: Let's classify the names of the students alphabetically. || 名前はすべてアルファベット順で載っています。 :: All the names are listed in alphabetical order.
2051	あそこ	あそこ	pronoun	there; over there; that place	あそこで勉強している学生は私の友人です。 :: The students studying over there are my friends. || あそこで気取っている彼女を見てごらんよ。 :: Look at her putting on airs over there.
2052	きちんと	きちんと	adverb	properly; accurately; exactly	彼の部屋はいつもきちんと整頓されている。 :: His room is always in good order. || 彼は長い間きちんとした食事をしていない。 :: He has not eaten a decent meal in a long time.
2053	さっさと	さっさと	adverb	quickly; promptly; immediately	彼らは立腹してさっさと立ち去っていった。 :: They bundled off in anger. || 私の兄は宿題をさっさと済ませた。 :: My elder brother finished his homework very quickly.
2054	まとも	まとも	noun	the front	まともな仕事につかなければいけませんよ。 :: You've got to get a steady job. || 彼らはまともに私の顔を見られなかった。 :: They dared not look me in the face.
2055	キャリア	きゃりあ	noun	carrier	彼の職業上のキャリアは破綻していた。 :: His professional career was bankrupt.
2056	スマート	すまーと	na-adjective	smart (clothing, etc.); stylish	あんなドレスが着られたらいいんだけど。もっとスマートにならなくちゃ。 :: I'd love to be able to wear a dress like that. But I'll have to lose some weight first.
2057	セール	せーる	noun	sale	いま閉店前のセールをやっているとこがありますか。 :: Are there any stores with "going out of business" sales? || バーゲンセールを利用してお金を節約しよう。 :: Let's take advantage of the bargain sale and save money.
2058	ソース	そーす	noun	sauce	彼のシャツにはソースのしみがついていた。 :: His shirt was stained with sauce. || この料理にソースはどんな味ですか。 :: What sauce do you use for this dish?
2059	チャレンジ	ちゃれんじ	noun	taking on (a challenge); attempt; try	今度の新人は、チャレンジ精神旺盛でいいね。 :: I like the new guy. He's not afraid to take on challenging work. || テニスにチャレンジすれば？ :: Why don't you give tennis a try?
2060	ハード	はーど	na-adjective	hard; tough	バイクに乗るのとハードロックのコンサートが大好き。 :: I love biking and hard rock concerts. || 彼はハードワークによってとても疲れている。 :: He was very tired by hard work.
2061	バッグ	ばっぐ	noun	bag	このバッグはあなたのですか。彼のですか。 :: Is this bag yours or his? || 彼女はどうにか自分でバッグ全部を運んだ。 :: She managed to carry all the bags herself.
2062	ブック	ぶっく	noun	book	私、そのサイトにブックマークをつけてるよ。 :: I have a bookmark on that page. || 手伝ってもらった代わりに彼にテキストブックを３冊あげた。 :: I gave him three textbooks in exchange for his help.
2063	不要	ふよう	na-adjective	unnecessary; unneeded	小屋をきれいにして不要のものを捨てなさい。 :: Clean out the shed and throw away things you don't need. || 安かったので不要なものまで買う気になってしまった。 :: The cheap prices tempted me to buy things I didn't need.
2064	仕組み	しくみ	noun	structure; construction; arrangement	経済学は経済の仕組みを研究する学問である。 :: Economics is the study of economic mechanisms. || イギリスと日本とは、政治の仕組みにかなり共通点がある。 :: The political systems of Britain and Japan have a great deal in common.
2065	任務	にんむ	noun	duty; function; office	彼は特別な任務でヨーロッパに派遣された。 :: He was sent on a special mission to Europe. || 自分の任務を遂行しなければならない。 :: You must fulfill your duty.
2066	低下	ていか	noun	fall; decline; lowering	ここ数年、出生率は低下し続けるだろう。 :: The birthrate will continue to decline for years to come. || この国では出生率が急速に低下している。 :: The birthrate is rapidly declining in this country.
2067	住む	すむ	verb	to live (of humans); to reside; to inhabit	ここに住んでいる人が皆幸福とは限らない。 :: Not everyone who lives here is rich. || そこに住んでいる人々は私たちの友人です。 :: The people who live there are our friends.
2068	余計	よけい	na-adjective	extra; more; too much	私が黙っていたので彼女は余計に腹を立てた。 :: She got all the more angry because I kept silent. || 余計な努力の結果、彼の血圧は通常以上に上がった。 :: The extra effort raised his blood pressure above normal.
2069	入学	にゅうがく	noun	admission (to a school or university); entrance; enrolment	こういうわけで、彼はその大学に入学した。 :: This was why he entered the university. || 私は来年入学試験を受けなければならない。 :: I must sit for the entrance examination next year.
2070	出発	しゅっぱつ	noun	departure; leaving; setting off	いつ出発するのが君には都合がよいですか。 :: When will it suit you to start? || 一行は、彼が到着するとまもなく出発した。 :: The party started soon after his arrival.
2071	制服	せいふく	noun	uniform	彼は制服を着ている時が一番立派に見える。 :: He looks his best in his uniform. || 日本の企業はふつう従業員に制服を与える。 :: Japanese companies generally provide their employees with uniforms.
2072	危ない	あぶない	i-adjective	dangerous; risky; hazardous	その探偵はずいぶん危ない橋を渡ってきた。 :: The detective has a lot of adventures. || ナイフは下に置いて下さい。危ないから。 :: Put that knife down. You're making me nervous.
2073	原発	げんぱつ	noun	nuclear power plant; nuclear power generation	最近の原発事故に関して、大統領は特別に声明を出した。 :: The president made special remarks with reference accident in the nuclear reactor. || 村人たちは原発反対の陳情をした。 :: The villagers petitioned against the nuclear power plant.
2074	受付	うけつけ	noun	reception (desk); information desk; receptionist	次の予約の日を受付で決めてください。 :: Make another appointment at the front desk. || 受付で入院の手続きをしてください。 :: You have to fill out an application for admission to the hospital at the front desk.
2075	受験	じゅけん	noun	taking an examination (esp. for entrance to a school or university)	ジムは受験勉強のころは夜中まで勉強した。 :: Jim burned the midnight oil when he was preparing for the examination. || 私は受験勉強に専念するつもりです。 :: I will devote myself to studying for the entrance exams.
2076	各種	かくしゅ	noun	every kind; all sorts	その店は各種ワインをたくさん在庫している。 :: The store has a large stock of wines. || 海は各種の資源を与えてくれる。 :: The ocean affords various kinds of resources.
2077	図書館	としょかん	noun	library	ここから図書館までどれくらいありますか。 :: How far is it to the library from here? || その図書館は建てられてから８０年になる。 :: The library is eighty years old.
2078	嫁	よめ	noun	bride	どんな男にもそれ相当の嫁のきてがあるもの。 :: Every Jack must have his Jill. || 嫁にやらなくてはならない娘が３人いる。 :: I have three daughters to marry off.
2079	実績	じっせき	noun	achievements; actual results; accomplishments	彼は実業家として良い実績をあげている。 :: He has a good record as a businessman. || ジャーナリストとしての彼の経歴は優れた実績でいっぱいだった。 :: His career as a journalist was full of distinguished achievements.
2080	思考	しこう	noun	thought; consideration; thinking	この論文は私の思考に影響を及ぼすだろう。 :: This article will affect my thinking. || これは私に思考の整理の仕方を教えることになった。 :: This was to teach me to think methodically.
2081	惑星	わくせい	noun	planet	この章ではその惑星の謎に焦点をあてます。 :: This chapter will focus on the riddles of the planets. || 惑星の表面はほとんどが水から出来ている。 :: The surface of a planet is composed mostly of water.
2082	把握	はあく	noun	grasp (of the situation, meaning, etc.); understanding; control	彼女は担任のクラスをよく把握している。 :: She has good control over her class. || 彼の状況を把握する力には感心する。 :: We admire his hold on the situation.
2083	方式	ほうしき	noun	form; method; system	我が校は彼の授業方式を採用した。 :: Our school adopted his teaching methods. || あの大学はマークシート方式で入学試験を行っている。 :: That university conducts its entrance examinations using a computer scored answer sheet.
2084	書類	しょるい	noun	document; papers	これです。全部書類にして持ってきたのは。 :: Here it is, all in black and white. || 万一彼が来たら、この書類を渡して欲しい。 :: If by any chance he comes, I'd like you to give him this paper.
2085	概念	がいねん	noun	general idea; concept; notion	彼の福祉の概念はかなり観念的だ。 :: His notion of welfare is pretty abstract. || この章では幾何学の概念に焦点をあてます。 :: This chapter will focus on the concepts of geometry.
2086	気温	きおん	noun	(air) temperature	高く登れば登るほどますます気温は下がる。 :: The higher we climb, the colder it becomes. || この国は年間を通して気温の変化がない。 :: This country has an even temperature throughout the year.
2087	物理	ぶつり	noun	laws of nature; physical laws	彼は大学で物理学を専攻することに決めた。 :: He decided to specialize in physics at college. || 彼は物理の先生ですが数学も教えられます。 :: He's a teacher of physics, but can also teach math.
2088	現金	げんきん	noun	cash; ready money; money on hand	この円の現金を、ドルに両替してください。 :: I'd like to change yen to dollars. || お支払いは現金ですか？それとも小切手ですか？ :: Do you pay for it in cash or by check?
2089	睡眠	すいみん	noun	sleep	睡眠は健康に欠くことができないものです。 :: Sleep is essential to health. || 十分に睡眠を取りなさいといわれました。 :: He said I don't get enough sleep.
2090	競技	きょうぎ	noun	game; match; contest	あなたはその競技に参加するつもりですか。 :: Are you going to take part in the contest? || サッカーは胸がわくわくするような競技だ。 :: Soccer is an exciting game.
2091	艦隊	かんたい	noun	(naval) fleet; armada	わが連合艦隊は敵の防衛海域を突破した。 :: Our combined fleet broke through the enemy's defense zone.
2092	路線	ろせん	noun	route (bus, train, air, etc.); line	私の助言は新しい路線を採用することである。 :: My advice is to adopt a new line. || バスの路線図がほしいのですが。 :: I'd like a bus route map.
2093	酸	さん	noun	acid	その物質は酸で処理しなければならない。 :: The substance must be treated with acid. || 酸は金属を含む多くのものに作用する。 :: Acids act on many things including metals.
2094	重い	おもい	i-adjective	heavy; weighty	あの少年は試しに重いソファーを動かした。 :: The boy tried moving the heavy sofa. || その石は重すぎて私には持ち上げられない。 :: The stone is too heavy for me to lift.
2095	黒い	くろい	i-adjective	black	あの黒い雲をごらん。じきに雨が来そうだ。 :: Look at those black clouds. It is going to rain. || ナンシーはヘレンよりほんの少し色が黒い。 :: Nancy is a shade darker than Helen is.
2096	そいつ	そいつ	pronoun	that; that one; that thing	そいつはぼくの神経にさわる。 :: It gets on my nerves. || そいつは真っ赤なうそだ。 :: That's a blessed lie.
2097	わし	わし	noun	eagle (Accipitridae family)	わしのメガネはどこにいったんだ？ :: Where are my glasses? || お前はわしが手塩にかけた人間だ。 :: I brought you up under my personal care.
2098	ガラス	がらす	noun	glass; pane	その窓ガラスを割ったのはこの少年だった。 :: It was this boy that broke the windowpane. || 彼が窓ガラスを割った男だと思いますか。 :: Do you think he is the guy that broke the window?
2099	コンピュータ	こんぴゅーた	noun	computer	彼は、ペンを使って書くこともできないし、コンピュータのキーを打つこともできない。 :: He can't write with a pen or punch keys on a computer.
2100	ゴルフ	ごるふ	noun	golf	それが君の一番お気に入りのゴルフクラブ？ :: Is that your most favorite golf club? || 彼は今度の日曜日にゴルフをするでしょう。 :: He will play golf next Sunday.
2101	センス	せんす	noun	taste (in fashion, music, etc.); sense (e.g. of humour); flair	彼には素晴らしいユーモアのセンスがある。 :: He has a great sense of humour. || 君のユーモアのセンスが働き始めている。 :: Your sense of humor is beginning to exert itself.
2102	ドライバー	どらいばー	noun	driver (of a vehicle); motorist	このドライバーは小さすぎて役に立たない。 :: This screwdriver is too small to be any use. || ドライバーは交通規則を知っているべきだ。 :: Drivers should be aware of the traffic rules.
2103	ミサイル	みさいる	noun	missile	ミサイル攻撃で多くの人命が失われた。 :: The missile attack took a heavy toll of lives.
2104	ラブ	らぶ	noun	love	カラオケ、ゲーム、ビデオに冷蔵庫・・・今のラブホってなんでもあるのねー。 :: Karaoke, TV games, videos and a fridge ... love hotels nowadays really have everything.
2105	ルーム	るーむ	noun	room	サリーは弟にバスルームを掃除させた。 :: Sally made her brother clean the bathroom. || シングルルームを予約したいのですが。 :: I'd like to reserve a single room.
2106	レストラン	れすとらん	noun	restaurant (esp. Western-style)	あのレストランに行くのはもうやめようよ。 :: Let's not go to that restaurant again. || あのレストランはおいしい料理を出します。 :: They serve delicious food at that restaurant.
2107	介護	かいご	noun	nursing; care; caregiving	来年から日本では介護保険制度が始まるね。 :: The new national elder-care insurance system starts next year, right? || 彼らは手の空いた時間の一部を病人の介護にあてている。 :: They give part of their spare time to take care of the sick.
2108	住所	じゅうしょ	noun	address (of a home, business, etc.); residence; domicile	あなたは住所の変更を郵便局に通知したか。 :: Did you inform the post office of the change of your address? || ここに君の名前と住所を書けばよいのです。 :: All you have to do is to write your name and address here.
2109	依存	いぞん	noun	dependence; reliance	わが国は天然資源を諸外国に依存している。 :: We depend on foreign nations for our natural resources. || 子供はテレビに依存する様になるものだ。 :: A child will depend on the television.
2110	像	ぞう	noun	image; figure; statue	昔は門のところにライオンの像があったものだ。 :: There used to be a statue of a lion at the gate. || その石は刻まれて大きな像になった。 :: The stone was carved into a large statue.
2111	出来事	できごと	noun	occurrence; happening; incident	その出来事を考えまいとしても無理だった。 :: It was impossible for me not to think of incident. || ヘレンはその日の出来事をふり返ってみた。 :: Helen reviewed the day's happenings.
2112	単に	たんに	adverb	simply; merely; only	な～んて、単に外食に誘われただけです。 :: Kidding! I was simply invited to go out to dinner. || 彼は単に読むふりをしていたとわかった。 :: I could tell he was only pretending to read.
2113	回数	かいすう	noun	number of times; frequency; count	いつもより尿の回数が多いです。 :: I urinate more often than usual. || 最近遅刻の回数が増えている。 :: You've been late for school more often than before.
2114	回避	かいひ	noun	evasion; avoidance	成長しようと思えば、困難を回避してはいけない。 :: If one wants to grow, one must not avoid hardships. || 現実を回避するのはもうやめろ。 :: Stop hiding your head in the sand.
2115	天皇	てんのう	noun	Emperor of Japan	天皇は国家の象徴である。 :: The Emperor shall be the symbol of the State. || 天皇は亡くなった方々の霊に祈りを捧げた。 :: The Emperor prayed for the souls of the deceased.
2116	市長	しちょう	noun	mayor	市長はその問題についてある程度妥協した。 :: The mayor compromised on the subject to a certain extent. || 市長は市民にどう行動すべきかを指示した。 :: The mayor prescribed to the citizens how to act.
2117	店員	てんいん	noun	employee (of a store); shop assistant; clerk	店員はその仕事にあまり骨を折らなかった。 :: The clerk didn't take much trouble over the work. || あの店で美人の店員が僕に着いてくれた。 :: A beautiful salesgirl waited on me in the shop.
2118	弱	じゃく	noun	weakness; the weak; low (setting)	６月末に参加者を募ったら１週間弱で約５００席が予約でいっぱいになった。 :: When participants were sought at the end of June all, about 500, seats were reserved in under a week.
2119	思い出す	おもいだす	verb	to recall; to remember; to recollect	あなたを見ると必ずケンのことを思い出す。 :: I never see you without thinking of Ken. || この人込みを見ると東京の通りを思い出す。 :: This crowd reminds me of the streets of Tokyo.
2120	想定	そうてい	noun	hypothesis; supposition; assumption	この言葉は新しい生活様式を想定させる。 :: This word conjures up a new way of life. || 彼はその男が何か隠していると想定した。 :: He assumed that the man was hiding something from him.
2121	懐かしい	なつかしい	i-adjective	dear (old); fondly remembered; beloved	この歌は私に懐かしい昔を思い出させる。 :: This song reminds me of the good old days. || 高校時代を一緒に過ごしたころが懐かしいわね。 :: I miss the high school days we spent together.
2122	成果	せいか	noun	(good) result; outcome; fruits (of one's labors)	彼女は海外での研究から豊富な成果を得た。 :: She reaped a rich harvest from her study abroad. || 読書はより豊かな成果をもたらすでしょう。 :: Reading will bear you richer fruit.
2123	手法	しゅほう	noun	technique; method	彼女の手法は私たちよりはるかに進んでいる。 :: Her method is far in advance of ours. || 彼の手法は全く驚くべきものだった。 :: His technique was absolutely amazing.
2124	抜き	ぬき	noun	leaving out; omitting; skipping	アルコール抜きの飲物がありますか。 :: Do you have any soft drinks? || 全部食べないとデザート抜きですよ。 :: You can't have dessert until you finish your meal.
2125	披露	ひろう	noun	announcement; presentation; demonstration	彼は自分の腕前を披露した。 :: He boasted about his skills.
2126	方々	かたがた	noun	people; (all) persons; everyone	あの人たちが昨日あなたが会った方々ですか。 :: Are those the people you saw yesterday? || わからなかったら方々の人に聞いた方がいいよ。 :: If you don't know, you had better ask around.
2127	有料	ゆうりょう	adjective	fee-charging; paid; not free	この道路は有料です。 :: We must pay a toll to drive on this road. || 配達は有料ですか。 :: Do you charge for delivery?
2128	民主	みんしゅ	noun	democracy; popular sovereignty	民主主義に対する信頼をなくした者もいる。 :: Some have lost faith in democracy. || 民主主義では、国民は直接政府の役人を選ぶ。 :: In a democracy, the people elect their government officials directly.
2129	氷	こおり	noun	ice	湖は凍っていたので氷の上を歩いて渡った。 :: The lake was frozen, so we walked across the ice. || その船は漂っている氷によって壊された。 :: The boat was broken by the floating ice.
2130	油	あぶら	noun	oil	私たちは、油が水に浮くことを習った。 :: We learned that oil floats on water. || 水と油を混合させることはできない。 :: You can't mix oil with water.
2131	減少	げんしょう	noun	decrease; reduction; decline	劇場の観客数は夏にはたいてい減少する。 :: Theater attendance usually falls off in summer. || 新しい法律は組織犯罪を減少させるでしょう。 :: The new law should take a bite out of organized crime.
2132	渡し	わたし	noun	ferry (crossing); ferry(boat)	これは工場渡しの価格です。 :: These prices are ex works. || もう売り切れてしまったのですが、次回有効券をお渡しいたします。 :: It's out of stock, but I can give you a rain check.
2133	無線	むせん	noun	radio (communication)	パイロットは無線で空港と情報を交換する。 :: Pilots communicate with the airport by radio. || 電波の発見により、無線通信が可能になった。 :: The discovery of electric waves made radio possible.
2134	犠牲	ぎせい	noun	sacrifice	その戦争は多くの命を犠牲にして終わった。 :: The war was over at the price of many lives. || どんな犠牲を払っても平和を守るつもりだ。 :: We will keep the peace at all costs.
2135	狼	おおかみ	noun	wolf (Canis lupus)	ある日彼女は森で狼に出会った。 :: One day she met a wolf in the woods. || 狼の噂をするとその皮が見える。 :: Talk of the wolf and behold his skin.
2136	研究所	けんきゅうじょ	noun	research institute; (research) laboratory	彼は生物研究所に１０年近く従事している。 :: He has been engaged in the study of biology for nearly ten years. || いつかその研究所で働きたいものだ。 :: I wish to work in the laboratory some day.
2137	端末	たんまつ	noun	terminal; computer terminal	コンピューター端末はずっと一列に並んでいた。 :: The computer terminals were lined up in one long row.
2138	苦労	くろう	noun	trouble; hardship; difficulty	彼に伝言を英語で理解させるのに苦労した。 :: I had difficulty in making him understand the message in English. || 彼はその仲間から自由になるのに苦労した。 :: He had a hard time to disengage himself from the gang.
2139	請求	せいきゅう	noun	claim; demand; charge	この請求書の支払いは今日になっています。 :: Payment of this bill is due today. || そのかばんの代金として５ドル請求された。 :: They charged me five dollars for the bag.
2140	資産	しさん	noun	property; fortune; means	資産にはどんなものが含まれるのでしょうか。 :: What's included under assets? || 彼は資産のおかげでそのクラブの会員になれた。 :: His wealth got him into the club.
2141	輸入	ゆにゅう	noun	import; importation; introduction	安い輸入品で市場が供給過剰になるだろう。 :: Cheap imports will glut the market. || 特別の税が輸入された自動車に課せられた。 :: A special tax was imposed on imported cars.
2142	返事	へんじ	noun	reply; answer; response	ご返事をさし上げる前によく考えましょう。 :: I must think it over before answering you. || すぐ返事をしてもらいたいと思っています。 :: I hope you will answer me soon.
2143	送信	そうしん	noun	transmission; sending	どの記者も、自分の書いた記事をただちに送信した。 :: Every reporter sent his stories with the least possible delay.
2144	遠く	とおく	noun	far away; distant place; a (great) distance	あまり遠くに行かないうちに夕立にあった。 :: I had not gone very far when I was caught in a shower. || 彼は遠くに見えた明かりに向かって進んだ。 :: He made for the light he saw in the distance.
2145	部門	ぶもん	noun	division (of a larger group); branch; field	この会社は通信部門でよく知られている。 :: This corporation is well known for its communication equipment. || その本は図書館の歴史部門で見つかるよ。 :: You'll find that book in the historical section of the library.
2146	長期	ちょうき	adjective	long-term	医者は私に長期の休暇を取るように勧めた。 :: The doctor advised me to take a long holiday. || 試験がすんだら長期休暇をとるつもりだ。 :: When I can get through my exams, I will take a long vacation.
2147	電源	でんげん	noun	source of electricity; electrical power	携帯電話の電源を切るべきである。 :: You should turn off the mobile phone. || 回路を調べる前に、電源のスイッチを切りなさい。 :: You must switch off the power before checking the circuit.
2148	領域	りょういき	noun	territory; domain	世論は政治の領域で重要な役割を演ずる。 :: Public opinion plays a vital role in politics. || かかわってくる問題は経済学の領域をはるかに越えている。 :: The questions involved go far beyond economics.
2149	騎士	きし	noun	(medieval) knight	その騎士は勇敢と言うよりも向こう見ずだ。 :: The knight is not so much brave as reckless. || 騎士が王への忠誠を誓った。 :: The knight swore an oath of allegiance to the king.
2150	いただける	いただける	verb	to be able to receive; to be able to take; to be able to accept	あなたの銀行口座を教えていただけますか。 :: May we know your bank account? || きっとお気に召していただけると思います。 :: It should be pleasing.
2151	パス	ぱす	noun	passing (an examination, inspection, etc.)	彼は試験にパスするように大いに勉強する。 :: He works hard that he may pass the examination. || 彼が試験にパスしたのは不思議ではない。 :: It is no wonder that he passed the examination.
2152	パートナー	ぱーとなー	noun	(dance) partner	あなたと私は仕事のよきパートナーです。 :: You and I are good partners in business. || 彼は私のよきパートナーだ。 :: He is my good partner.
2153	ポール	ぽーる	noun	pole	ポールは歌手というよりはむしろ作曲家だ。 :: Paul is not so much a singer as a composer. || ついさっきポールが電話をしてきました。 :: Paul telephoned just now.
2154	メモ	めも	noun	note; memo; memorandum	彼女の言うことは必ずメモを取って下さい。 :: Be sure to take a note of what she says. || それじゃあこのメモを渡してください。緊急です。 :: Then, please give him this note. This is urgent.
2155	リード	りーど	noun	lead; leading; taking the lead	そのレースでは彼がリードしている。 :: He has the lead in the race. || 我々のチームが２点リードしている。 :: Our team is two points ahead.
2156	世間	せけん	noun	world; society; people	世間は彼をつまらない人物とみなしている。 :: People regard him as nothing. || 彼女がいかに世間を知らないか驚くほどだ。 :: It is surprising how little she knows of the world.
2157	主催	しゅさい	noun	sponsorship (i.e. conducting under one's auspices); promotion; organizing	パーティーは主催者のスピーチで終わった。 :: The party ended with a speech by the host. || スペインは１９９２年のオリンピックの主催国です。 :: Spain is the host country for the Olympics in 1992.
2158	先日	せんじつ	noun	the other day; a few days ago	先日あなたの好きそうな本を見つけました。 :: The other day I came across a book that you might like. || 先日私がなくしたペンは新しいペンだった。 :: The pen which I lost yesterday was a new one.
2159	勘違い	かんちがい	noun	misunderstanding; mistaken idea; wrong guess	彼はクラスで一番頭がいいと勘違いしている。 :: He has the illusion that he is the smartest in his class. || 彼女が会いにくるだろうと思ったのは彼の勘違いだった。 :: He was in error in assuming that she would come to see him.
2160	北朝鮮	きたちょうせん	noun	North Korea	それだけ北朝鮮は（中国も）狡猾なんです。 :: That's just how cunning North Korea is (and China, too). || 今日のトピックは「北朝鮮による日本人拉致問題」です。 :: Today's topic is "the problem of Japanese people abducted by North Korea".
2161	同時	どうじ	noun	same time	彼は同時通訳になる運命にあった。 :: He was destined to become a simultaneous interpreter. || 私が同時通訳を務めた。 :: I acted as a simultaneous interpreter.
2162	まれ	まれ	na-adjective	rare; seldom	そのような光景を目にするのは、まずまれだ。 :: Hardly ever have we seen such a night! || それはまれにしか起こらない事件だった。 :: It was an event that occurred only rarely.
2163	底	そこ	noun	bottom; sole	その場面は彼の記憶の底に留まっていた。 :: The scene was embedded in his memory. || その箱にそんなに詰めると底が抜けるよ。 :: If you stuff the box too full, the bottom will fall out.
2164	延長	えんちょう	noun	extension; elongation; prolongation	私はアメリカ滞在の期間を延長したい。 :: I'd like to prolong my stay in America. || 彼らは隣町まで鉄道を延長することを計画している。 :: They are planning to extend the railroad to the next town.
2165	復帰	ふっき	noun	return; reversion; comeback	まもなく彼女は舞台に復帰するだろう。 :: Before long she will come back to the stage. || 彼は今度の選挙で職に復帰するだろう。 :: He will get his job back at the next election.
2166	承認	しょうにん	noun	recognition; acknowledgement; acknowledgment	私の計画にご承認をいただければ幸いです。 :: I would appreciate it if you could agree to my plan. || 黙っていると事実上の承認とみなされます。 :: Being silent is regarded in effect as approval.
2167	散歩	さんぽ	noun	walk; stroll	あなたの散歩についていってもいいですか。 :: May I accompany you on your walk? || その映画を見に行くよりも散歩の方がいい。 :: I prefer going for a walk to seeing the movie.
2168	数学	すうがく	noun	mathematics	この子は複雑な数学の問題を簡単に解いた。 :: This child solved the complicated mathematics problem easily. || アメリカの学生は数学で遅れをとっている。 :: American students are falling behind in math.
2169	新幹線	しんかんせん	noun	Shinkansen; bullet train	６時の新幹線にまだ間に合うでしょうか。 :: Can we still catch the 6:00 Shinkansen? || 台風のために新幹線が一時間も遅れた。 :: The train was delayed for one hour on account of the typhoon.
2170	熱い	あつい	i-adjective	hot (to the touch)	そのコーヒーは私が飲めないほど熱かった。 :: The coffee was too hot for me to drink. || 熱い風呂が彼女をくつろいだ気分にさせた。 :: The hot bath relaxed her.
2171	爆弾	ばくだん	noun	bomb	この爆弾はたくさんの人を殺すことができる。 :: This bomb can kill many people. || この種の爆弾は全人類にとって重大な脅威だ。 :: This kind of bomb is a serious menace to mankind.
2172	狙い	ねらい	noun	aim (of a gun, bow, etc.)	彼は今までの所自分の狙いを何も言っていません。 :: He has so far been silent about his intention. || またアフィ狙いの記事か。 :: Another spam article hoping for click-throughs?
2173	真剣	しんけん	na-adjective	serious; earnest	わたしはその問題を真剣に考えなかった。 :: I didn't consider the subject seriously. || 彼は物事を真剣に考え過ぎる傾向にある。 :: He tends to consider things too much earnestly.
2174	移行	いこう	noun	transition; changeover; switchover	農場生活から都市の生活への移行は困難なことが多い。 :: The transition from farm life to city life is often difficult. || 英国は、１９７１年にその貨幣制度を１０進法に移行させた。 :: In 1971 the United Kingdom changed its currency to the decimal system.
2175	競争	きょうそう	noun	competition; contest; rivalry	企業はそのあとをねらって競争しています。 :: Corporations are competing to fill the vacuum. || 家族の中ではお互いに競争すべきではない。 :: Family members should not compete against each other.
2176	素直	すなお	na-adjective	obedient; meek; docile	素直に言うと、彼は信頼できない男だ。 :: Frankly speaking, he is untrustworthy. || どうしてあなたって素直じゃないの？ :: Why can't you take things just as they are?
2177	羽	はね	noun	feather; plume; down	そこに羽の生えたばかりの小鳥がありました。 :: There was a fledgling bird there. || 羽に深い傷を負った小鳥を見つけました。 :: I found a bird whose wing was severely damaged.
2178	自慢	じまん	noun	pride (in one's achievements, possessions, etc.); self-praise; boast	彼は医者にかかったことがないのが自慢だ。 :: He is proud of not having consulted a doctor. || 彼は父親が金持ちである事を自慢している。 :: He is proud of his father being rich.
2179	訴訟	そしょう	noun	lawsuit; suit; (legal) action	私は訴訟に変わるものがあればなんでもいい。 :: I would prefer any alternative to a lawsuit. || 裁判官は非常にすばやくその訴訟を片づけた。 :: The judge disposed of the case in short order.
2180	貢献	こうけん	noun	contribution (furthering a goal or cause); services (to a cause)	それらの人々は世界平和に大いに貢献した。 :: Those people contributed greatly to world peace. || 市長は市に対する彼女の貢献に感謝した。 :: The mayor acknowledged her services to the city.
2181	軸	じく	noun	axis; shaft; axle	彼は軸のような重要な役割を演じた。 :: He played an important part like an axis. || その小説は南北戦争を軸にしている。 :: The novel is centered on the Civil War.
2182	道具	どうぐ	noun	tool; implement; instrument	この道具はちゃんと使えばとても役に立つ。 :: If it is used properly, this tool will be a great help. || これらの道具は家を建てるのに使われる。 :: These tools are used for building a house.
2183	遠い	とおい	i-adjective	far; distant; far away	スミス教授と言えば、彼の助手は耳が遠い。 :: Talking of Professor Smith, his assistant is hard of hearing. || 太陽は月よりも地球から遠いところにある。 :: The sun is farther from the earth than the moon.
2184	遺伝子	いでんし	noun	gene	たくさんの人々が倫理の面から遺伝子治療に反対した。 :: A great many people were opposed to gene therapy in terms of ethics. || 遺伝子組み換え食品を食べるのは危険だと思いますか？ :: Do you think it's dangerous to eat genetically modified food?
2185	配布	はいふ	noun	distribution	その文書は全ての部長に配布された。 :: The document was distributed to all department heads. || 一部の病院は幼児用ミルクの無料見本を配布する。 :: Some hospitals hand out free samples of baby milk.
2186	金属	きんぞく	noun	metal	金は、あらゆる金属の中で最も貴重である。 :: Gold is more precious than any other metal. || 硬貨の価値は使われた金属の重さによって決まった。 :: The value of the coins depended on the weight of the metal used.
2187	戸	と	noun	door (esp. Japanese-style)	彼は戸を騒がしくノックする音に起こされた。 :: He was roused by a knocking at the door. || 彼は酔っぱらっていて裏戸を閉め忘れた。 :: He was too drunk to remember to shut the back door.
2188	開く	ひらく	verb	to open; to undo; to unseal	不思議なことに、ドアはひとりでに開いた。 :: Strange to say, the door opened of itself. || 委員会はもう一度会議を開きたくなかった。 :: The committee was not disposed to hold another meeting.
2189	防止	ぼうし	noun	prevention; check	森林火災の防止はすべての人が負う義務です。 :: The prevention of forest fires is everyone's responsibility. || 彼は、動物虐待防止会に入っています。 :: He belongs to the Society for the Prevention of Cruelty to Animals.
2190	飛行	ひこう	noun	flight; flying; aviation	宇宙飛行士はロケットに乗って月へ行った。 :: The astronauts went up to the moon in a rocket. || 彼は宇宙飛行士になることを夢に描いている。 :: He is dreaming of becoming an astronaut.
2191	飛行機	ひこうき	noun	airplane; aeroplane; plane	すべての乗客は、慌てて飛行機から離れた。 :: All the passengers left the plane in a hurry. || 今出発すれば飛行機に間に合うでしょうか。 :: Will we be in time for the plane if we leave now?
2192	コンサート	こんさーと	noun	concert	どのコンサートに行くことに決めましたか。 :: Which concert did you choose to attend? || アリスが昨日行ったのはコンサートだった。 :: It was to the concert that Alice went yesterday.
2193	ゴール	ごーる	noun	goal (in soccer, hockey, etc.); basket (in basketball)	君は人生におけるゴールを見失ってはいけない。 :: You must not lose sight of your goal in life. || 彼女は一歩一歩ゴールへ進んで行った。 :: She made her way to the goal step by step.
2194	ツール	つーる	noun	tool	生産性をあげるため新たなツールを探してます。 :: We'll employ a new tool to increase productivity. || パスツールはバクテリアの実験をした。 :: Pasteur experimented with bacteria.
2195	パート	ぱーと	noun	part	ごめんね。明日は朝からパートがあるのよ。 :: Sorry, I have a part-time job starting tomorrow morning. || その試験は２つのパートに分かれていた。 :: The exam was divided into two parts.
2196	フィギュア	ふぃぎゅあ	noun	figure; form; shape	彼女は国内でフィギュアスケートの第一人者だと認められている。 :: She is recognized as the best figure-skater in the country.
2197	ホームページ	ほーむぺーじ	noun	home page (of a website or browser); homepage	私は自分のホームページを作ることが趣味です。 :: I'm interested in creating my own web pages. || あの会社もついにホームページを立ち上げたらしい。 :: That company just put up a web page.
2198	マスク	ますく	noun	(face) mask	医師は鼻と口に白のマスクをしていた。 :: The doctors wore white masks over their mouths and noses.
2199	メニュー	めにゅー	noun	menu	もう一度メニューを見せていただけますか。 :: Can I have the menu again, please? || 朝食のメニューの中から注文してもいいですか。 :: Can I order from the breakfast menu?
2200	ラン	らん	noun	run	私は温室でランを栽培している。 :: I grow orchids in my greenhouse.
2201	上がり	あがり	noun	rise; increase; ascent	物価の上がり下がりが金融危機を引き起こした。 :: The rise and fall of prices caused a financial crisis. || 道はなだらかな上がりになっていた。 :: The road climbed gradually.
2202	了解	りょうかい	noun	comprehension; consent; understanding	彼はゆっくりうなずいて了解の意を示した。 :: He nodded slowly in comprehension. || 明日会合があるということは了解済みだ。 :: It is accepted that we'll have a meeting tomorrow.
2203	予測	よそく	noun	prediction; estimation	何が起こるか予測することはできない。 :: There is no predicting what may happen. || 地震を予測することは本当に可能なのだろうか。 :: Is it really possible to predict an earthquake?
2204	付近	ふきん	noun	neighborhood; neighbourhood; vicinity	人々が浜辺付近で遊んでいる。 :: People are playing near the beach. || 今私の家の付近に住宅が続々建っている。 :: In my neighborhood, houses are now being built one after another.
2205	作者	さくしゃ	noun	creator (of a work); author; writer	作者は恋人に対する情熱を表現している。 :: The author expresses his passion for his love. || この小説の作者はだれだと思いますか。 :: Who do you think is the writer of this novel?
2206	充実	じゅうじつ	noun	fullness; completeness; perfection	大いに充実した学生生活を送りたい。 :: I want to have a full and enriching student-life. || ここ品物は高いけど、その分アフターサービスが充実してるから。 :: Prices are high here but that's because the after-sale service is really good.
2207	先行	せんこう	noun	going ahead; going first	稲光は雷の音に先行する。 :: The flash of lightning precedes the sound of thunder.
2208	冒険	ぼうけん	noun	adventure; venture	その物語は珍しい冒険を中心としている。 :: The story revolves around a mysterious adventure. || 何の冒険もしないなら、何も得られない。 :: Nothing ventured, nothing gained.
2209	冗談	じょうだん	noun	joke; jest; funny story	スミス先生はいつも冗談から講義を始める。 :: Mr Smith always begins his lectures with a joke. || 冗談はさておき、君は何をするつもりなの。 :: Joking aside, what do you mean to do?
2210	出場	しゅつじょう	noun	participation (in a tournament, match, race, etc.); entry; taking part (in)	ボブは今度のテニス競技会に出場予定だ。 :: Bob is down for the coming tennis competition. || ２０チームがトーナメントに出場した。 :: Twenty teams entered the tournament.
2211	前提	ぜんてい	noun	condition; assumption; prerequisite	その前提が妥当かどうかよく考えるべきだ。 :: You ought to think over whether the premise is valid or not. || 私たちは結婚を前提として交際しています。 :: We are dating with a view to marriage.
2212	匿名	とくめい	noun	anonymity; using an assumed name	彼は匿名で赤十字に多額のお金を寄付した。 :: He anonymously donated a large sum of money to the Red Cross.
2213	告白	こくはく	noun	confession (to a crime, wrongdoing, etc.); admission	牧師は彼女のキリスト信仰の告白を聞いた。 :: The minister listened to her profession of Christianity. || 「すごくあなたが気になるの」と彼女は告白した。 :: I care very deeply for you, she confessed.
2214	国立	こくりつ	adjective	national; founded and run by the central government	この国立公園には景色のいい所がたくさんある。 :: This national park is full of beautiful scenery. || 老人のための国立の病院がもっとあってしかるべきだ。 :: There should be more national hospitals for old people.
2215	だいたい	だいたい	adverb	generally; on the whole; mostly	だいたいどのくらいの時間がかかりますか。 :: About how long will it take? || 劇はだいたいにおいてとてもうまくいった。 :: The play went very well on the whole.
2216	対戦	たいせん	noun	fighting (against); taking on (an opponent); facing	私の祖父は第二次世界対戦で戦死しました。 :: My grandfather was killed in World War II. || 山田君との対戦成績は５分５分だ。 :: The win-loss record between Yamada and me is fifty-fifty.
2217	寿司	すし	noun	sushi; range of dishes made with vinegared rice combined with fish, vegetables, egg, etc.	かなり多くのアメリカ人が寿司を好む。 :: Quite a few Americans like sushi. || あなたは昨日寿司を食べましたね。 :: You ate sushi yesterday, didn't you?
2218	従来	じゅうらい	noun	up to now; so far	彼の発明品は従来の装置よりも優れている。 :: His invention is superior to conventional equipment. || 彼は従来の習慣と違ったことをした。 :: He departed from the old custom.
2219	怪我	けが	noun	injury; wound	彼は事故にあったが、怪我一つしなかった。 :: He came through the accident without harm. || 兄の膝は怪我で手術が必要かもしれない。 :: My brother may have to be operated on for the knee injury.
2220	明治	めいじ	noun	Meiji era (1868.9.8-1912.7.30)	その物語の舞台は明治末期の日本である。 :: The setting of the story is Japan in the late Meiji period. || 私たちの学校は明治２０年に開校した。 :: Our school was founded in the 20th year of Meiji.
2221	材料	ざいりょう	noun	materials; ingredients	その小説家は本を書くために材料を集めた。 :: The novelist gathered materials for his work. || 彼は報告書の材料を集めるのに忙しかった。 :: He was busy collecting stuff for his report.
2222	棒	ぼう	noun	pole; rod; stick	そのサルは棒を使ってバナナを取った。 :: The monkey took a banana by means of the stick. || 棒を投げて犬がそれを取ってくるのを見なさい。 :: Throw a stick and watch the dog fetch it.
2223	権力	けんりょく	noun	(political) power; authority; influence	その男は権力を得るために多額の金を使った。 :: The man used much money to gain power. || 彼の人生は社会的に権力を追求する人生だった。 :: His was a life pursuing social status and power.
2224	機種	きしゅ	noun	model (of machine, device)	この新しい機種を買う前に一度試してみたい。 :: I'd like to try out this new model before I buy it. || 古い機種に比べてこちらの方がずっと使いやすい。 :: As compared with the old model, this is far easier to handle.
2225	次回	じかい	noun	next time (occasion)	次回はもっとうまくやるようにしなさい。 :: Try and do better next time. || 次回はもっと早く来ていただけませんか。 :: Would you mind coming earlier next time?
2226	正規	せいき	adjective	regular; normal; formal	正規表現で空白はどのように表されるのでしょうか？ :: How is whitespace represented in regular expressions?
2227	毎週	まいしゅう	noun	every week	彼は、毎週彼女に忘れずに手紙を書きます。 :: He remembers to write to her every week. || 私たちは毎週土曜日にフットボールをする。 :: We play football every Saturday.
2228	比較的	ひかくてき	adverb	comparatively; relatively	このホテルはこの町にしては比較的高い。 :: This hotel is relatively expensive for this town. || アメリカのお年寄りは比較的裕福である。 :: American senior citizens are comparatively well-off.
2229	民族	みんぞく	noun	people; race; nation	少数民族たちは多くの困難に直面している。 :: Minorities are confronted with many hardships. || アジアの民族は協力し合わなければならない。 :: People of Asia must work together.
2230	激しい	はげしい	i-adjective	violent; furious; tempestuous	さらに悪いことに、激しく雷が鳴り始めた。 :: To make matters worse, it began to thunder fiercely. || やむどころか、嵐はいっそう激しくなった。 :: Far from stopping, the storm became much more intense.
2231	珍しい	めずらしい	i-adjective	rare; uncommon; unusual	その珍しい切手はどこでみつけたのですか。 :: Where did you come across the rare stamps? || この珍しい本をどうやって手に入れたの？ :: How did you come by those rare books?
2232	票	ひょう	noun	vote; ballot	彼の取れるのはよくて千票でしょう。 :: At best he'll get 1,000 votes. || 彼は双方の候補者から票を奪った。 :: He attracted votes away from both candidates.
2233	立つ	たつ	verb	to stand (up); to rise; to get to one's feet	この理論は科学的な基礎の上に立っていた。 :: This theory was founded on a scientific basis. || そのような話は君には何の役にも立たない。 :: That kind of talk will get you nowhere.
2234	総理	そうり	noun	prime minister (as the head of a cabinet government); premier	彼は総理大臣になりたいという野心を抱いた。 :: He aspired to the position of Prime Minister. || 総理大臣は、明日、声明を発表する予定です。 :: The prime minister is to make a statement tomorrow.
2235	考慮	こうりょ	noun	consideration; taking into account	彼は自分の年齢を考慮に入れるべきだった。 :: He ought to have made allowances for his age. || 彼女の頑固な性格を考慮に入れるべきだよ。 :: You should reckon with her obstinate character.
2236	茶	ちゃ	noun	tea	イギリス人はそのころ茶の貿易を始めた。 :: The English entered into the tea trade at that time. || その猫の一方は黒で、もう一方は茶だ。 :: One of the cats is black, the other is brown.
2237	解釈	かいしゃく	noun	interpretation; explanation; reading	黙っているのは承諾したものと解釈します。 :: We interpret your silence as consent. || あなたの沈黙を同意のしるしと解釈した。 :: I interpreted your silence as consent.
2238	印	しるし	noun	mark; sign	これは私たちから感謝の印のプレゼントです。 :: Here is a present for you in token of our appreciation. || 彼女は感謝の印としてその申し出をした。 :: She made that offer by way of thanks.
2239	警備	けいび	noun	defense; defence; guard	あの警備員は何でも規則通りにする傾向がある。 :: That guard tends to do everything by the book. || １人の警備員が脚を組んで座っていた。 :: A watchman sat with his legs crossed.
2240	辺り	あたり	noun	(in the) neighbourhood; neighborhood; vicinity	以前は、この辺りに大きな池があったんです。 :: There used to be a big pond around here. || 夜この辺りを歩くのは大きな危険が伴う。 :: There is a lot of danger in walking around here at night.
2241	違法	いほう	na-adjective	illegal; illicit; unlawful	彼は自分の違法行為を恥じていない。 :: He is not ashamed of his misconduct. || 著者の許可なしに本をコピーすることは違法です。 :: It is illegal to copy from books without the author's permission.
2242	風俗	ふうぞく	noun	manners; customs	風俗習慣は国によって大きな違いがある。 :: Manners and customs vary greatly from country to country. || この本はアメリカの風俗習慣についての本です。 :: This book is on the manners and customs of America.
2243	香り	かおり	noun	aroma; fragrance; scent	このワインはあのワインよりも香りがいい。 :: This wine is superior to that one in scent. || バラの香りがその部屋いっぱいに漂っていた。 :: The perfume of roses filled the room.
2244	あんた	あんた	pronoun	you	あんたは忍耐というものを知っているのか。 :: What know you of patience? || あんたの時計は２分遅れていると思う。 :: I am afraid your watch is two minutes slow.
2245	うるさい	うるさい	i-adjective	noisy; loud	その子供は彼にうるさく質問して困らせた。 :: The child bothered him with questions. || もう私、帰らなきゃ。父親がうるさいから。 :: I'd better get going. My father is really strict.
2246	もっとも	もっとも	conjunction	but then; although; though	それは、私がこれまでとったもっとも芸術的な写真です。 :: It is the most artistic picture I have ever taken. || もっとも優秀な学生がクラスを代表して感謝の意をあらわした。 :: The brightest student expressed gratitude on behalf of his classmates.
2247	クロス	くろす	noun	cross	彼女はテーブルの上にクロスを広げた。 :: She spread a cloth over the table. || 二本の道はそこでクロスしている。 :: The two roads cross there.
2248	コイン	こいん	noun	coin	彼はコインを１枚ポケットから取り出した。 :: He took a coin out of his pocket. || 私は彼女にこれらの古いコインをもらった。 :: I got these old coins from her.
2249	コレクション	これくしょん	noun	collection (of art, stamps, etc.); collecting	彼は私に切手のコレクションを見せてくれた。 :: He showed me his stamp collection. || 私のコレクションは彼のものと比較すれば取るに足らない。 :: As compared with his, my collection is nothing.
2250	ジム	じむ	noun	gym; gymnasium	ジムがその日、家にいたことは確かである。 :: It is certain that Jim stayed at home that day. || ジムは受験勉強のころは夜中まで勉強した。 :: Jim burned the midnight oil when he was preparing for the examination.
2251	ジャパン	じゃぱん	noun	Japan	彼らは３年連続してジャパン・カップに優勝した。 :: They won the Japan Cup three years in succession. || ＡＢＣジャパンの経営チームにようこそ。 :: Welcome to the management team at ABC Japan.
2252	テーブル	てーぶる	noun	table	あそこのテーブルをお願いしたいのですが。 :: I asked for a table over there. || あのテーブルの上にある本を取って下さい。 :: Take the book which is lying on that table.
2253	ドレス	どれす	noun	dress	「何かご用は？」「ドレスを探しています」 :: May I help you? "Yes, I'm looking for a dress." || このドレスはあなたのものほど高価でない。 :: This dress is cheaper than yours.
2254	バン	ばん	noun	bun (hairstyle)	二台のバンが激突してめり込んだ。 :: The two vans telescoped together.
2255	パーツ	ぱーつ	noun	part; component	弊社は機械パーツの輸入を行っています。 :: We specialize in the import of machinery parts. || 台座に心棒を立てて、各パーツをずらしながら重ねていきます。 :: You stand the axis on the base and then proceed to stack up each part, staggering their position.
2256	メキシコ	めきしこ	noun	Mexico	メキシコではスペイン語が話されています。 :: Spanish is spoken in Mexico. || メキシコの人口は日本の人口の半分です。 :: Mexico has half as many people as Japan.
2257	ワールド	わーるど	noun	world	私は貴社のモデル１２３を「テクノワールド」誌の１９９７年１月号で拝見しました。 :: I noticed your Model 123 in the January 1997 issue of Techno-World Magazine. || アトランタ・ブレーブスは、ワールドシリーズで優勝できると思いますか。 :: Do you think the Braves will take the series?
2258	休憩	きゅうけい	noun	rest; break; recess	私は宿題を全部終えたので少し休憩したい。 :: I want to rest a little because all the homework is finished. || ちょっとお茶でも飲んで休憩しませんか。 :: What do you say to having a coffee break?
2259	作用	さよう	noun	action; operation; process	そこで他人との相互作用が大切になる。 :: Then interaction with others becomes important. || 酸は金属を含む多くのものに作用する。 :: Acids act on many things including metals.
2260	供給	きょうきゅう	noun	supply; provision; service	安い輸入品で市場が供給過剰になるだろう。 :: Cheap imports will glut the market. || 彼等は、戦争の被災者達に食料を供給した。 :: They supplied the war victims with food.
2261	俳優	はいゆう	noun	actor; actress; player	ボクサーと俳優が我々のほうへやってくる。 :: A boxer and an actor are coming toward us. || 俳優たちは昔の時代の衣装を着けて現れた。 :: The actors appeared in historical costumes.
2262	公表	こうひょう	noun	official announcement; proclamation	市長は調査の結果を公表すると宣言した。 :: The mayor declared that he would announce the result of the investigation. || 結果が公表され次第、私は君にそれを知らせた。 :: I told you the result as soon as it was made public.
2263	判明	はんめい	noun	becoming clear; coming to light; being ascertained	彼の推測は結局正しいことが判明した。 :: His guess turned out to be right. || 新発見は科学に有益なものであるのが判明した。 :: The new discovery proved useful to science.
2264	動作	どうさ	noun	movement (of the body); action; motion	過去の動作については過去形を用います。 :: Past tense is used in connection with actions in the past. || 私はあなたの動作からヒントを得ることにします。 :: I'll take my cue from you.
2265	勢力	せいりょく	noun	influence; power; might	それ以来我々の勢力範囲は拡大してきた。 :: Our sphere of influence has expanded so much since then. || 彼は勢力範囲を広げようとした。 :: He tried to enlarge his sphere of influence.
2266	半年	はんとし	noun	half a year; six months	あと半年したら、彼女は外国へ行ってしまう。 :: She'll be gone abroad in another six months. || 学生時代、イギリスに半年留学しました。 :: I studied in England for six months when I was a student.
2267	地上	ちじょう	noun	above ground; on the ground; earth's surface	地上のすべての生物は互いに依存し合っている。 :: All living things on earth depend one another. || 太陽がなければ私たちは地上で生きていけない。 :: Without the sun, we couldn't live on the earth.
2268	塾	じゅく	noun	cram school; private tutoring school; juku	あの子を無理に塾に通わせるのは反対だね。 :: I'm against us forcing the child to go to cram school. || 彼は塾で勉強している。 :: He studies at a cram school.
2269	大半	たいはん	noun	majority; more than half; most (of)	人の生活様式の大半はお金によって決まる。 :: One's lifestyle is largely determined by money. || 彼の仕事の大半が都市部に集中している。 :: The bulk of his work is in the urban area.
2270	大幅	おおはば	na-adjective	big; large; drastic	この政策の結果、物価が大幅に上昇した。 :: Prices rose drastically as a result of this policy. || この政策で物価は大幅に値上がりした。 :: This policy resulted in a great rise in prices.
2271	女王	じょおう	noun	queen; female monarch; female sovereign	女王は寛大にも我々を招待してくださった。 :: The queen was gracious enough to invite us. || 女王は来週、議会で演説するつもりでいる。 :: The queen is going to address parliament next week.
2272	対立	たいりつ	noun	confrontation; opposition; antagonism	健全な民主主義には対立した二等が不可欠だ。 :: Two rival parties are essential to good democratic government. || 彼は対立を引き起こそうと、わざとしつこくした。 :: He deliberately kept on provoking a confrontation.
2273	市内	しない	noun	in the city; within the city	こちらが私に市内を案内してくれた少年です。 :: This is the boy who showed me around the city. || 市内での車の使用を規制する計画がある。 :: There is a plan to restrict the use of cars in the city center.
2274	廃止	はいし	noun	abolition; discontinuance; discontinuation	この慣習は、ずっと前から廃止されている。 :: This practice has long since been done away with. || 新しい法律は、その長年の慣習を廃止した。 :: The new law has done away with the long-standing custom.
2275	引用	いんよう	noun	quotation; citation; reference	彼はしばしばシェイクスピアから引用する。 :: He often quotes from Shakespeare. || 彼は有名な諺をいくつか聖書から引用した。 :: He quoted some famous proverbs from the Bible.
2276	待つ	まつ	verb	to wait	あの人は私が１週間待ちつづけている人だ。 :: That's the man I've been waiting for for a week. || あまり長く待たなくてすむといいんだけど。 :: I hope we don't have to wait for too long.
2277	息	いき	noun	breath; breathing	この一週間息つく暇もないほど忙しかった。 :: I've been so busy this past week that I've hardly had time to relax. || その山の頂上からの眺めに私は息をのんだ。 :: The view from the top of the mountain took my breath away.
2278	意図	いと	noun	intention; aim; design	結果はさておき、あなたの意図はよかった。 :: Apart from the result, your intention was good. || これはいったい何を意図しているのか。 :: What's this in aid of?
2279	晩	ばん	noun	evening; night	その晩私達はすばらしいディナーを食べた。 :: We had a splendid dinner that evening. || 彼はいつも朝から晩まで働いてばかりいる。 :: He is always working from morning till night.
2280	暑い	あつい	i-adjective	hot; warm; sultry	とても暑くて、それ以上我慢できなかった。 :: It was hot. I couldn't stand it any longer. || 明日暑ければ、私達は泳ぎに行くつもりだ。 :: Since it'll be hot tomorrow, we'll go swimming.
2281	格好	かっこう	noun	shape; form; figure	その帽子は変わった格好のために目立った。 :: The hat stood out because of its strange shape. || 彼の演技は格好の批判の対象だった。 :: His performance was fair game for criticism.
2282	欄	らん	noun	section (e.g. in a newspaper); column; page	一番最初に見るのはスポーツ欄だよ。 :: I always read the sports page first. || 注はページの下欄についている。 :: The notes are at the bottom of the page.
2283	歩く	あるく	verb	to walk	あなたは歩いて学校へ通っているのですか。 :: Do you go to school on foot? || あなたは目を閉じて歩くことができますか。 :: Can you walk with your eyes closed?
2284	民主党	みんしゅとう	noun	Democratic Party	彼女は民主党に所属しています。 :: She belongs to the Democratic Party. || 民主党は共和党に勝つと思いますか。 :: Do you think the Democratic Party will get the better of the Republican Party?
2285	洗濯	せんたく	noun	washing; laundry	この上着は洗濯が簡単だという長所がある。 :: This jacket has the virtue of being easy to wash. || その赤ん坊が寝ている間に私は洗濯をした。 :: I did the washing while the baby was sleeping.
2286	漢字	かんじ	noun	kanji; Chinese character	４級の漢字をどれだけ覚えていますか。 :: How many grade four kanji have you memorised? || 彼女はこんな難しい漢字も読めます。 :: She can read even this difficult a kanji.
2287	田舎	いなか	noun	rural area; countryside; the sticks	我々は田舎へ行く途中、小さな村を通った。 :: We came by a tiny village on our way to the country. || 気分転換に田舎にドライブに行かないかい。 :: Why don't we drive out to the country for a change of pace?
2288	症状	しょうじょう	noun	symptoms; condition (of a patient)	これらの症状の原因はまだ分かっていない。 :: What accounts for these symptoms hasn't been discovered yet. || あなたくらいの年齢の人によくある症状です。 :: People your age often have this problem.
2289	皮	かわ	noun	skin; hide; pelt	このなしの皮をむくナイフを貸して下さい。 :: Lend me a knife with which to peel this pear. || 本物の皮を使う方が結局は安くつくだろう。 :: It'll be cheaper in the long run to use real leather.
2290	直前	ちょくぜん	noun	just before; just prior to	私が電話したとき、ボブは出かける直前だった。 :: Bob was on the point of leaving when I rang him up. || 試合の直前にはいつもあがっています。 :: I always get nervous just before a match.
2291	英国	えいこく	noun	United Kingdom; Britain; Great Britain	たいていの英国人はペットがとても好きだ。 :: The British people in general are extremely fond of their pets. || ジョンは英国史を隅から隅まで知っている。 :: John knows English history from A to Z.
2292	視点	してん	noun	point of view; viewpoint; angle	私たちはその問題を子供の視点から考慮すべきである。 :: We should consider the problem from a child's point of view. || これは十分根拠のある視点だ。 :: This is a valid point of view.
2293	観察	かんさつ	noun	observation; survey; watching	注意深く観察すれば違いがわかるでしょう。 :: A careful observation will show you the difference. || ボブは昆虫の観察に楽しみを感じている。 :: Bob derives pleasure from observing insects.
2294	通販	つうはん	noun	online shopping; e-commerce; mail order	通販で理想的な枕が買えます。 :: An ideal pillow is available from a mail-order house.
2295	閉鎖	へいさ	noun	closing; closure	彼らはその学校の閉鎖について討論した。 :: They debated closing the school. || たぶん工場は来週閉鎖されるだろう。 :: Possibly the factory will be closed down next week.
2296	需要	じゅよう	noun	demand; need	現在における果物の供給は需要に及ばない。 :: Present supplies of fruit are short of requirements. || 供給がまもなく需要に追いつくでしょう。 :: Supply will soon overtake demand.
2297	めちゃくちゃ	めちゃくちゃ	na-adjective	absurd; unreasonable; nonsensical	君は何もかもめちゃくちゃにしてしまった。 :: You have put everything out of order. || その地震は何もかもめちゃくちゃにした。 :: The earthquake smashed everything.
2298	アウト	あうと	noun	out (of a ball; in tennis, etc.); outside the line	何時にチェックアウトしなければならないの？ :: When should we check out? || 明日の朝チェックアウトしたいのですが。 :: I'd like to check out tomorrow morning.
2299	ウイルス	ういるす	noun	virus	ガンはある種のウイルスと関係があるかもしれない。 :: Cancer may be related to viruses of some kind. || 私のウイルス対策用ソフトウエアは不良品でした。 :: Apparently my anti-virus software is not up to snuff.
2300	サンプル	さんぷる	noun	sample; example; specimen	サンプルが必要でしたらご連絡下さい。 :: If you would like to have a sample, please let us know. || サンプルは世界２００の医療機関から収集された。 :: The samples were collected from two hundred medical institutions all over the world.
2301	スタジオ	すたじお	noun	studio	夜にスタジオでは電気をつけない。 :: I don't switch on the light in my studio at night. || スタジオに入れません。 :: We cannot go into the studio.
2302	タクシー	たくしー	noun	taxi	タクシーで行くくらいなら歩いた方がよい。 :: I would rather walk than go by taxi. || タクシーにのるくらいならむしろ歩きたい。 :: I would as soon walk as take a taxi.
2303	一致	いっち	noun	agreement; accord; correspondence	事故についての彼の説明は君のと一致する。 :: His account of the accident accords with yours. || 彼らは早く出発することで意見が一致した。 :: They agreed to start early.
2304	不正	ふせい	noun	injustice; unfairness; wrongdoing	そのような不正行為には軽蔑しか感じない。 :: I feel nothing but contempt for such dishonest behavior. || 不正を働くと逮捕される危険がある。 :: If you cheat, you run the chance of getting arrested.
2305	仲良く	なかよく	adverb	on good terms (with); on friendly terms (with); (getting along) well	たとえ彼が私を嫌いでも彼と仲良くしよう。 :: I will be friendly to him even if he doesn't like me. || 彼はすべての友達と仲良くやってるようだ。 :: He seems to live in harmony with all his friends.
2306	出力	しゅつりょく	noun	output (electrical, signal, etc.)	ディスクと出力紙をかばんに詰めて下さい。 :: Please pack the disks and hard copies into the briefcase.
2307	収集	しゅうしゅう	noun	collecting; accumulating; gathering	データを収集するため、次の実験を行った。 :: They conducted the following experiment to collect the data. || 私の弟は切手収集を大いに楽しみにしている。 :: My brother takes great delight in his stamp collection.
2308	多様	たよう	na-adjective	diverse; various	我々の保険の範囲は多様な損害に及びます。 :: Our insurance policy covers various kinds of damages. || 彼の才能は大変素晴らしくそして多様であった。 :: His abilities were very great and various.
2309	姉妹	しまい	noun	sisters	私は姉妹の両方を知っているわけではない。 :: I don't know both of the sisters. || 私は彼女を彼女の姉妹だと思っていました。 :: I took her for her sister.
2310	岩	いわ	noun	rock; boulder	その岩を踏んではいけない。落ちそうだ。 :: Don't step on that rock. It's going to fall. || その岩には手足をかける所がまったくなかった。 :: There were no holds for hand or foot on the rock.
2311	弁当	べんとう	noun	bento; Japanese box lunch	その女子のクラスはみんな弁当を持ってきた。 :: Everyone in the girls' class brought their own lunch. || 学校にお弁当を持ってきてもいいですよ。 :: You may bring your own lunch to school.
2312	形成	けいせい	noun	formation; molding; making (up)	先生は子どもの心を形成するのを助ける。 :: Teachers help to form the minds of children. || 真の歴史を形成するのは大衆である。 :: The true makers of history are the masses.
2313	微妙	びみょう	na-adjective	subtle; delicate; fine	その二つの事の間には微妙な違いがある。 :: There are subtle differences between the two things. || 私には問題の微妙な点が理解できない。 :: I cannot appreciate the subtleties of the subject.
2314	才	さい	noun	ability; gift; talent	少年は十二才で音楽学校を退学させられた。 :: The boy was expelled from music school when he was 12. || 彼女はもう若くない。少なくとも３０才だ。 :: She's no spring chicken. She's at least thirty.
2315	族	ぞく	noun	tribe (taxonomic rank)	南アメリカにインカ族と呼ばれる人々がいる。 :: There are people called Incas in South America. || インカ族の家には家具がない。 :: There is no furniture in the houses of the Incas.
2316	暗殺	あんさつ	noun	assassination	暗殺が世界の歴史を変えたことはない。 :: Assassination has never changed the history of the world. || 彼は自分を暗殺しようという陰謀を知らなかった。 :: He was ignorant of the plot to assassinate him.
2317	朝鮮	ちょうせん	noun	Korea	日本語は朝鮮語と共通点がある。 :: Japanese has something in common with Korean. || 朝鮮は国際原子力委員会の査察を受け入れた。 :: Korea allowed an inspection by the IAEA.
2318	楽しむ	たのしむ	verb	to enjoy; to take pleasure in; to have a good time	ベスが農場で楽しまなかったとは驚きです。 :: I'm surprised that Beth didn't enjoy her time at the farm. || 彼は冗談を言って一晩中私達を楽しませた。 :: He entertained us with jokes all evening.
2319	武装	ぶそう	noun	arms; armament; taking up arms	その兵士たちは武装していた。 :: The soldiers were equipped with weapons. || 彼らはみな武装している。 :: They are all in arms.
2320	池	いけ	noun	pond	この前の夏にこの池は水がなくなりました。 :: The pond dried up last summer. || 子供はその池に近づかないようにすべきだ。 :: Children should be kept away from the pond.
2321	済む	すむ	verb	to finish; to end; to be completed	これでこれ以上の義務を負わなくて済む。 :: That absolves me from further responsibility. || あなたが済んだらその新聞を僕に読ませて下さい。 :: Let me read the paper when you have finished with it.
2322	立派	りっぱ	na-adjective	splendid; fine; handsome	君が寄付するお金は立派に使われるだろう。 :: The money you give them will be put to good use. || 彼は制服を着ている時が一番立派に見える。 :: He looks his best in his uniform.
2323	競馬	けいば	noun	horse racing	彼は競馬のために馬を訓練している。 :: He is training a horse for a race. || 彼は競馬で時間をむだに過ごした。 :: He wasted his time on gambling at the horse races.
2324	缶	かん	noun	can; tin	ナイフを取り出して、彼は缶を開けようとした。 :: Taking out a knife, he tried to open the can. || ビールをもう１缶いただけますか。 :: Could I get one more beer, please?
2325	脱出	だっしゅつ	noun	escape; getting away (from); getting out (of)	われわれの脱出は奇跡というほかなかった。 :: Our escape was nothing short of a miracle. || その脱出は全く奇跡に他ならなかった。 :: The escape was nothing less than a miracle.
2326	自民党	じみんとう	noun	Liberal Democratic Party; LDP	小泉が与党自民党の新総裁に選出された。 :: Mr Koizumi was elected the new president of Japan's ruling Liberal Democratic Party. || 自民党が小泉人気の尻馬に乗った。 :: The LDP rode on the wave of Koizumi's popularity.
2327	英雄	えいゆう	noun	hero; heroine; great person	現代の英雄はロックスターが代表している。 :: Modern heroes are represented by rock stars. || すべての人が英雄になれるわけではない。 :: Every man cannot be a hero.
2328	衛星	えいせい	noun	(natural) satellite; moon	東京はたくさんの衛星都市に囲まれている。 :: Tokyo is surrounded by many satellite cities. || 人工衛星が軌道に向けて打ち上げられた。 :: The artificial satellite was launched into orbit.
2329	補助	ほじょ	noun	assistance; support; help	その飛行機は補助ロケットを使って離陸した。 :: The airplane used a rocket motor to assist with takeoff. || 授業料の補助金が交付された。 :: I got a grant for my tuition.
2330	要	かなめ	noun	pivot	「要さんって、何時にあがれます？」「終わりまでだから八時までかかるわ」 :: Kaname, when can you leave? "It's till closing so it takes till eight."
2331	要請	ようせい	noun	appeal; call for something; request	彼はクラブの会長になるように要請された。 :: He was invited to be the chairman of the club. || 彼は私の要請については何も言わなかった。 :: He said nothing as to my request.
2332	設立	せつりつ	noun	establishment; founding	その機関は１９６０年代後半に設立された。 :: The institution was established in the late 1960s. || 彼は会社を設立した時、まだ１０代だった。 :: He was still in his teens when he founded a company.
2333	財産	ざいさん	noun	property; fortune; assets	その国の財産は石油から生み出されている。 :: That country's wealth comes from its oil. || その嵐は彼女の財産に大きな損害を与えた。 :: The storm did great damage to her property.
2334	連合	れんごう	noun	union; combination; alliance	これら三つの国が連合して一つの国になった。 :: These three countries were united into one. || 党が連合して、新しい政府となった。 :: A combination of parties formed the new government.
2335	連邦	れんぽう	noun	federation (of states); confederation; commonwealth	連邦予算はかろうじて議会の承認を得た。 :: The federal budget was narrowly approved by Congress. || アメリカ人は連邦税と州税の両方を払っている。 :: Americans pay both federal taxes and state taxes.
2336	釣り	つり	noun	fishing; angling	天気なので釣りに行きたいような気がする。 :: It's fine day and I feel like going fishing. || ほとんど毎日彼は川に行って釣りをしている。 :: Almost every day he goes to the river and fishes.
2337	もしか	もしか	adverb	if; in case; supposing	もしかしたら彼は気が変わるかもしれない。 :: He might change his mind. || もしかすると彼は明日来るかもしれない。 :: He might come tomorrow.
2338	アイデア	あいであ	noun	idea	そんなアイデアをどうやって思い付いたの？ :: How did you hit upon such an idea? || 彼は新しいアイデアをたくさん持っています。 :: He is full of new ideas.
2339	オール	おーる	noun	all	ジェーンはオールＡをとるだろう。 :: Jane will get straight A's. || このボートは６本オールだ。 :: This boat has six oars.
2340	キリスト	きりすと	noun	Christ	牧師は彼女のキリスト信仰の告白を聞いた。 :: The minister listened to her profession of Christianity. || キリストは人類のために一度死なれた。 :: Christ died once for all humans.
2341	クリック	くりっく	noun	(mouse) click	画像をクリックすると次ページへ移ります！ :: Click the picture to go to the next page! || ムーリエルが貼ったリンクはもう二度とクリックするもんか。 :: I shall never follow links posted by Muiriel again.
2342	クール	くーる	na-adjective	cool (temperature, color, etc.)	彼は離婚してからも相変わらずクールだ。 :: He is as cool as ever after his divorce. || 彼女のクールな視線に、俺はドキッとした。 :: Her cool gaze made my heart skip a beat.
2343	コート	こーと	noun	coat	コートのボタンが一つ取れてしまっている。 :: One of the buttons has come off my coat. || 何人かがテニスコートでテニスをしていた。 :: Some were playing tennis on the tennis court.
2344	セクシー	せくしー	na-adjective	sexy	道の向う側にセクシーな女の子が歩いている。 :: There goes a hot little number across the street. || 彼はとてもセクシーだ。 :: He's very sexy.
2345	ブーム	ぶーむ	noun	boom; craze; fad	日本の漫画は大規模なブームを起こした。 :: Japanese comics have boomed on a large scale. || 小型車のブームは終わろうとしている。 :: The small car boom is ending.
2346	マス	ます	noun	mass	彼らは川でマスを釣った。 :: They fished the stream for trout. || この川にはマスが多い。 :: This river abounds in trout.
2347	ラスト	らすと	noun	end; conclusion; last one	ラスト・オーダーは締め切らせていただきました。 :: Last call!
2348	不良	ふりょう	adjective	bad; poor; inferior	不良たちは彼を殴り倒して財布を奪った。 :: The delinquents knocked him down and stole his wallet. || 彼らが顧客に売った株は、不良株でした。 :: The stock they sold buyers was a lemon.
2349	中古	ちゅうこ	adjective	used; second-hand; old	ジョンが中古車を買ったのは先週であった。 :: It was last week that John bought a second-hand car. || トムは彼にその中古車を買わないよう忠告した。 :: Tom advised him not to buy the secondhand car.
2350	乳首	ちくび	noun	nipple; teat	乳首から分泌液が出ます。 :: I have a discharge from my nipple.
2351	五輪	ごりん	noun	Olympic Games; Olympics	五輪旗の右端の輪っかって何色だったっけか？ :: What color is the far right ring on the Olympic flag? || 肥大化、過度の商業化などの問題も抱えて、五輪は新世紀に向かう。 :: Despite the problems of excessive commercialization, etc. the Olympics will go forward into the new century.
2352	体調	たいちょう	noun	physical condition; state of health; shape	あの日帰ったのは体調が悪かったからです。 :: It is because the physical condition was bad that it returned that day. || よく眠った後で体調は最もよい状態だった。 :: I was at my best after a good sleep.
2353	先週	せんしゅう	noun	last week; the week before	ジョンが中古車を買ったのは先週であった。 :: It was last week that John bought a second-hand car. || 先週の月曜日から、ずっと雨が降っている。 :: It has been raining since last Monday.
2354	刺激	しげき	noun	stimulus; stimulation; irritation (esp. of the body, e.g. skin, eyes)	我々は彼の感情を刺激しないかと心配した。 :: We were afraid that we might hurt his feelings. || 辛くて刺激の多いものは食べないように。 :: You shouldn't eat anything spicy.
2355	創造	そうぞう	noun	creation	今の仕事には、創造力が必要とされている。 :: The work I'm doing now requires originality. || その場所は創造力豊かな若い人であふれていた。 :: The place was alive with creative young people.
2356	化粧	けしょう	noun	make-up; makeup; cosmetics	彼女がお化粧をしたとたんに彼が到着した。 :: Scarcely had she put on her makeup before he arrived. || 彼女は訪問客が到着する前に化粧をした。 :: She made herself up before her visitor arrived.
2357	吸収	きゅうしゅう	noun	absorption; suction; attraction	小企業は大企業にしばしば、吸収される。 :: Small businesses are often absorbed by a major company. || 生徒たちは教師の与える知識をすべて吸収した。 :: The pupils absorbed all the knowledge the teacher gave them.
2358	天然	てんねん	noun	nature; spontaneity	わが国は天然資源を諸外国に依存している。 :: We depend on foreign nations for our natural resources. || 天然資源に富む国は世界にたくさんはない。 :: There are not many countries in the world that abound in natural resources.
2359	実質	じっしつ	noun	substance; essence	私たちの提案は実質にほとんど同じだった。 :: Our suggestions were, in effect, almost the same. || これは実質的にはそれよりも高くはない。 :: This is in effect less expensive than that.
2360	屋根	やね	noun	roof	あの屋根の上にいる猫を見てごらんなさい。 :: Look at that cat on the roof. || あの屋根の見える建物は何という名前ですか。 :: What is the name of the building whose roof you can see?
2361	才能	さいのう	noun	talent; ability	大衆は何年間も彼の優れた才能を無視した。 :: The public neglected his genius for many years. || 彼は他人を楽しくさせる才能を持っている。 :: He has a faculty for making other people happy.
2362	改革	かいかく	noun	reform; reformation; reorganization	その声明では改革が必要だといっていた。 :: The statement imported that changes were necessary. || 全体として国民は政治改革に賛成である。 :: The nation as a whole is in favor of political reform.
2363	構築	こうちく	noun	construction; building; putting up	我々は他人との関係を構築し、維持していく。 :: We build and maintain relationships with others. || 抜本的に事業の再構築を行ったおかげで、当社の黒字は３倍に膨らんだ。 :: Thank to a fundamental restructuring, our surplus has swelled threefold.
2364	正体	しょうたい	noun	true character; true form; true colors	猫かぶりしてもお前の正体は分かっているよ。 :: You are a wolf in sheep's clothing. || 私は彼の正体を見破ることは出来ませんでした。 :: I could not find him out.
2365	港	みなと	noun	harbour; harbor; port	時々、叔父は私を港に連れて行ってくれた。 :: Once in a while my uncle took me to the harbor. || 港から貴社まではどれくらいかかりますか。 :: How long does it take to get to your office from the port?
2366	生まれる	うまれる	verb	to be born	あなたは、彼が生まれた町をご存知ですか。 :: Do you remember the town where he was born? || これがあの有名な小説家が生まれた家です。 :: This is the house where the famous novelist was born.
2367	相変わらず	あいかわらず	adverb	as usual; as always; as before	君は相変わらず同じような電話しくれない。 :: You're giving me the same old line. || 彼は年を取ってきたが相変わらず健康だ。 :: He is getting old, but he is as healthy as ever.
2368	突破	とっぱ	noun	breaking through; breakthrough; penetration	敵の防御は強力だったが我々は突破しようと試みた。 :: Though the enemy's defenses were strong, we tried to break through. || 我が軍は敵の防御を突破した。 :: Our army broke through the enemy defenses.
2369	つながり	つながり	noun	connection; link; relationship	オランダ語はドイツ語と密接なつながりがある。 :: Dutch is closely related to German. || ２つの間には重要なつながりがある。 :: There's a vital link between the two.
2370	若干	じゃっかん	adjective	some; few; a number of	彼は話を和らげるために若干の冗談を必要とする。 :: He needs a few jokes to lighten up his talk. || 公園のつつじの世話をする庭師が若干名いる。 :: Several gardeners look after the azaleas in the park.
2371	訴え	うったえ	noun	lawsuit; complaint	彼は僕の訴えを聞こうとしなかった。 :: He was deaf to my pleas. || この訴えを退けたくはない。 :: I do not want to reject this claim.
2372	貸し	かし	noun	loan; lending; hire	このペンが必要でしたらお貸しいたします。 :: If you want this pen, I will lend it to you. || お金が必要なら、いくらかお貸ししましょう。 :: If you need money, I'll lend you some.
2373	通知	つうち	noun	notice; notification; report	あなたは住所の変更を郵便局に通知したか。 :: Did you inform the post office of the change of your address? || こちらの手紙を受け取ったという通知が来た。 :: We received an acknowledgement of our letter.
2374	関わる	かかわる	verb	to be involved (in); to get involved (in); to concern oneself (with)	欠点があるにも関わらず、彼は人気がある。 :: Despite all his faults he is popular. || 真実を述べるのは私の名誉に関わる問題だ。 :: It's a point of honor with me to tell the truth.
2375	お菓子	おかし	noun	confections; sweets; candy	どうぞお菓子をご自由におあがりください。 :: Please help yourself to the cakes. || ジムに少しお菓子を分けてやったらどう？ :: Why don't you share your cookies with Jim?
2376	どんなに	どんなに	adverb	how; how much; to what extent	どんなに安く見積もっても３万円はかかる。 :: It will cost thirty thousand yen at the lowest estimate. || どんなに粗末でも、我が家は我が家である。 :: Be it ever so humble, home is home.
2377	まくる	まくる	verb	to turn up; to roll up (e.g. sleeves)	少年はゴールに向かって走りまくった。 :: The boy ran and ran toward the goal. || 牙もないくせに吠えまくる犬とは違うんだ。 :: I'm not a toothless barking dog.
2378	カップル	かっぷる	noun	couple	彼らはなんてすてきなカップルなんだろう。 :: What a nice couple they are! || あのカップルはほとんど毎日酔っ払っている。 :: That couple gets soused nearly every night.
2379	ジャケット	じゃけっと	noun	jacket	このジャケットはわたしに合っているかしら？ :: Is this jacket right for me? || このネクタイとあのジャケットはよく似合う。 :: This tie and that jacket go well together.
2380	タン	たん	noun	tongue (beef, pork, etc.)	角のガソリンスタンドで満タンにしたんだ。 :: I had my car filled up at the service station at the corner. || 次の給油所で満タンにする必要がある。 :: We need to fill up at the next gas station.
2381	テニス	てにす	noun	tennis	あなたは毎日どれぐらいテニスをしますか。 :: How long do you play tennis every day? || スーは私たちの学校で一番テニスが上手だ。 :: Sue is the best tennis player in our school.
2382	パー	ぱー	noun	paper (in rock-paper-scissors)	「じゃんけんね」「ぐー」「ちょ・・パー」「後出しかよ！」 :: Rock-paper-scissors, OK? "Rock." "Sciss... paper." "You cheated!" || グーがチョキに、チョキがパーに、パーはグーに勝つ。 :: Rock breaks scissors. Scissors cut paper. Paper smothers rock.
2383	ベル	べる	noun	bell	ベル氏が今晩、演説することになっている。 :: Mr. Bell is due to make a speech tonight. || 先生が授業を終えるとすぐにベルが鳴った。 :: Our teacher had hardly finished the class when the bell rang.
2384	メイド	めいど	noun	maid	メイドはテーブルにナイフとフォークを並べた。 :: The maid arranged the knives and forks on the table. || メイドは客を一人一人大声でとりついた。 :: The maid announced each guest.
2385	主人	しゅじん	noun	head (of a household); proprietor (of a store); proprietress	先生主人のことですが良く眠れないんです。 :: It's about my husband, doctor; he sleeps badly. || 彼女はご主人に比べてとても若く見えます。 :: She looks very young as against her husband.
2386	代理	だいり	noun	representation; agency; proxy	一番近い旅行代理店はどこにありますか。 :: Where's the nearest travel agency? || 彼女の代理で英語の先生などとてもできない。 :: I can't take the place of her as an English teacher.
2387	保管	ほかん	noun	charge; custody; safekeeping	この金庫は貴重品を保管するためのものです。 :: This safe is for keeping valuables. || その書類に関しては私が保管しています。 :: As for the papers, I have custody of them.
2388	判決	はんけつ	noun	judicial decision; judgement; judgment	まだ誰もその犯罪で有罪判決を受けていない。 :: No one has been convicted of the crime yet. || 法廷は遺言状が有効であるとの判決を下した。 :: The court adjudged that the will was valid.
2389	古代	こだい	noun	ancient times; distant past; antiquity	古代人は世界が平らであると思っていた。 :: The ancients conceived of the world as flat. || ローマには古代建築物がたくさんある。 :: Rome has a lot of ancient buildings.
2390	外交	がいこう	noun	diplomacy	政府は外交政策を変更せざるをえなかった。 :: The government had to alter its foreign policy. || 日本は外交政策の変更を迫られてきている。 :: Japan has been urged to alter her diplomatic policies.
2391	奈良	なら	noun	Nara (city, prefecture)	奈良は生涯に一度は訪れる価値のある故郷だ。 :: Nara is an old city worth visiting at least once in your life. || 彼は奈良へ行ってそこで知らせを聞いた。 :: He went to, where he heard the news.
2392	拡散	かくさん	noun	spreading; disseminating; scattering	エイズウイルスの拡散は恐るべき速さで進んでいる。 :: The speed of the spread of AIDS is horrifyingly fast. || 科学者たちはエイズ・ウイルスの拡散をくい止めようと戦っています。 :: Scientists are fighting to stem the spread of the AIDS virus.
2393	新品	しんぴん	noun	brand-new article; new item	時計が故障してしまったので、新品が欲しい。 :: My watch is broken, so I want a new one. || 私がこの前なくした時計は新品だった。 :: The watch I lost the other day was new.
2394	東北	とうほく	noun	north-east	台風は東北地方を横断するかもしれない。 :: The typhoon may cross the Tohoku district. || 彼女はもう一度東北に行きたい気がしました。 :: She felt like going to Tohoku again.
2395	極めて	きわめて	adverb	exceedingly; extremely; decisively	これは小さくて極めて美しい絵画だ。 :: This is an exquisite little painting. || 彼の英語には、誤りがあるにしても極めて少ない。 :: There are few, if any, mistakes in his English.
2396	決勝	けっしょう	noun	decision of a contest	決勝戦はそれほど興奮するものではなかった。 :: The final match was not so exciting. || 君のチームには決勝戦で勝つチャンスはないよ。 :: Your team doesn't have a prayer to win the championship game.
2397	浮気	うわき	noun	extramarital sex; affair; fooling around	彼女は浮気な女で本当に誰でも相手にする。 :: She is a loose woman and will honestly go with anyone. || 彼は浮気の事で攻撃の的になっている。 :: He is under fire for his affair.
2398	温度	おんど	noun	temperature	温度の急激な変化に順応するのは困難である。 :: It is difficult to adapt oneself to sudden changes of temperature. || そのとき温度計は３０度を示していた。 :: The thermometer reads 30 degrees.
2399	現役	げんえき	noun	active duty; active service	現役から引退した人は足が遠のくものだ。 :: People rarely come to see you once you are retired. || 現役を引退した後、テレサは孤児の世話に一身をささげた。 :: After retirement, Teresa devoted herself to caring for orphans.
2400	管	かん	noun	pipe; tube	その爆発で真空管は粉々になった。 :: The tube was shattered by the explosion. || 管から水が吹き出した。 :: Water shot from the pipe.
2401	経過	けいか	noun	passage (of time); elapsing; lapse	プロジェクトの経過は下記の通りです。 :: The status of the project is as follows. || 時間というものは早く経過するものだ。 :: Time runs on.
2402	統計	とうけい	noun	statistics	その航空専門家は統計を詳細に分析した。 :: The aviation expert analyzed the statistics in detail. || 統計によれば世界の人口は増加している。 :: Statistics show that the population of the world is increasing.
2403	認める	みとめる	verb	to recognize; to recognise; to observe	ビルは私の言ったことを事実として認めた。 :: Bill accepted my statement as true. || 少年は花瓶を割ってしまったことを認めた。 :: The boy admitted having broken the vase.
2404	説得	せっとく	noun	persuasion	ジムを説得して仲間に加わらせようとした。 :: We tried to persuade Jim to join us. || 彼の理論だった説得力にはかなわなかった。 :: We could not resist the force of his logic.
2405	講師	こうし	noun	speaker; lecturer	講師はジョークを言って演説を終えた。 :: The lecturer would end up his speech with a joke. || 講師は公害問題について講演した。 :: The lecturer spoke on pollution problems.
2406	軽い	かるい	i-adjective	light (i.e. not heavy); feeling light (i.e. offering little resistance, moving easily)	あなたはお昼に軽い食事で済ませて下さい。 :: Can you do with a light meal for lunch? || コーヒーを一杯飲んだら頭痛が軽くなった。 :: A cup of coffee relieved me of my headache.
2407	近年	きんねん	noun	recent years	アジア諸国からの輸入品は近年増大している。 :: The imports from Asian countries have expanded recently. || 近年、化学は驚くべき進歩を遂げてきた。 :: Chemistry has made notable progress in recent years.
2408	部下	ぶか	noun	subordinate person	どの上司にもお気に入りの部下がいるものだ。 :: Every boss has his or her favorite employee. || 将軍は部下とともにその陰謀に加わった。 :: The general participated in the plot with his men.
2409	部長	ぶちょう	noun	head (chief, director) of a section or department	部長が不在のときはブラウン氏が業務を管理する。 :: Mr. Brown is in charge of the business in the absence of the manager. || 社長は新しい部長を任命した。 :: The president appointed a new manager.
2410	重視	じゅうし	noun	regarding as important; attaching importance to; taking a serious view of	ほとんどの専門家が彼の理論を重視している。 :: Most experts think a lot of his theory. || 人生においてお金を重視する人もいる。 :: Some people place a lot more emphasis on the importance of money in life.
2411	金持ち	かねもち	noun	rich person; wealthy person	あの金持ち一家と親戚だと彼は言っている。 :: He says he's related to that rich family. || サムはお金持ちになるのを待ち続けている。 :: Sam keeps waiting for his ship to come in.
2412	騒動	そうどう	noun	riot; rebellion; turmoil	大都市では騒動が起こる可能性が大変大きい。 :: Big cities have too high a potential for riots. || 国民の怒りが噴出して騒動が繰り返された。 :: The anger of the people exploded, leading to a series of riots.
2413	うどん	うどん	noun	udon; thick Japanese wheat noodles	そばはそば粉から、うどんやきしめんは普通の小麦粉からできてるの。 :: Soba is made of buckwheat flour, and udon and kishimen are made of plain wheat flour.
2414	ついで	ついで	noun	opportunity; occasion; chance	君が飲むついでに、僕の分も入れてくれないかな。 :: Would you mind making an extra cup of coffee whenever you decide to have some? || 買い物ついでにでもお寄りください。 :: Please drop by when you go out for shopping sometimes.
2415	シート	しーと	noun	sheet	シートを自分に合うように調整してください。 :: Please adjust the seat to fit you. || シート・ベルトを締めて席を離れないでください。 :: Remain in your seats with your seat belts fastened.
2416	ペン	ぺん	noun	pen	あなたの誕生日プレゼントにペンを買った。 :: I bought a pen for your birthday present. || このペンが必要でしたらお貸しいたします。 :: If you want this pen, I will lend it to you.
2417	ホモ	ほも	noun	homozygote	ここだけの話だが、彼はホモらしい。 :: Between ourselves, he seems to be a homosexual. || それと俺がホモだとしたら、罪になるわけ？ :: And if I were gay, would that be a crime?
2418	マッチ	まっち	noun	match (for lighting a fire)	娘がマッチで指をやけどしてしまいました。 :: Our daughter burned her finger with a match. || そのラジオはマッチ箱の大きさしかない。 :: That radio is no bigger than a matchbox.
2419	マルチ	まるち	noun	multi-post	私のロボットの名前はマルチです。 :: My robot's name is Multi. || マルチするなアホ。 :: Don't multi-post, idiot.
2420	ミッション	みっしょん	noun	mission; delegation	明日は朝イチで大事なミッションがあるのだ。こんなことしてる場合じゃない。 :: Tomorrow, I've got an important mission first thing in the morning. I shouldn't be wasting my time with this.
2421	メガネ	めがね	noun	glasses; eyeglasses; spectacles	私はメガネをなくしたことに気づきました。 :: I noticed that I had lost my glasses. || 私はどこにメガネを置いたのだろう。 :: I wonder where I put my glasses.
2422	付き合い	つきあい	noun	association; socializing; socialising	彼は町の人みんなと付き合いがあった。 :: He was acquainted with everybody in town. || 付き合いがいやなわけではないが疲れているのだ。 :: I don't mean to be antisocial, but I'm tired.
2423	会見	かいけん	noun	interview; audience; meeting	彼は我々の記者会見の申し出を拒否した。 :: He refused our offer to arrange a press conference. || 講義を終えてから、彼は数人の学生と会見した。 :: After he had given a lecture, he had an interview with some students.
2424	体育	たいいく	noun	physical education; PE; gym (class)	体育祭も終わったし、次は中間テストかあ。 :: Well sports day is over too, next the midterms ... || その学校は最新の体育器具を備えている。 :: That school is equipped with the latest gymnastics apparatus.
2425	切る	きる	verb	to cut; to cut through; to perform (surgery)	ロープをナイフで切って彼は自由になった。 :: He cut himself free with his knife. || 僕が何も言えないうちに彼は電話を切った。 :: He hung up before I could say anything.
2426	勝つ	かつ	verb	to win; to gain victory	うちのチームが勝つ見込みはかなり大きい。 :: The chances are very good that our team will win. || 彼がレースに勝ったと言うのは本当ですか。 :: Is it true that he won the race?
2427	または	または	conjunction	or; either ... or ...	彼は野球またはフットボールのどちらかが好きだ。 :: He likes either baseball or football. || 彼らは英語かフランス語かまたはその両方を話す。 :: They speak English or French or both.
2428	受信	じゅしん	noun	receiving (a message, letter, email, etc.); reception (radio, TV, etc.)	受信異常があったのだと思います。 :: There might have been an error during transmission. || この地区では三局受信できます。 :: We can get three stations in this area.
2429	各地	かくち	noun	each place; every place; various places	毎年、世界各地に異常な天気が起きています。 :: Every year brings stranger weather to many areas of the world. || 台風のために各地に被害が発生した。 :: The typhoon caused damage in many areas.
2430	工作	こうさく	noun	handicraft	彼は工作に熟練している。 :: He is skilled in handicraft. || 彼は工作がうまい。 :: He has skill in handwork.
2431	広い	ひろい	i-adjective	spacious; vast; wide	今日では車の値段は広い範囲に渡っている。 :: Cars are now available in a wide range of prices. || 彼女はもっと広いマンションを探している。 :: She is looking for a large apartment.
2432	待機	たいき	noun	standing by; awaiting an opportunity; being on alert	秘書はいつも声の届くところに待機しています。 :: The secretary is within call all the time. || その実験を記録しようと、大勢の科学者が待機した。 :: A group of scientists stood by, ready to record the experiment.
2433	必須	ひっす	adjective	indispensable; essential; requisite	この用紙に必須事項を記入してください。 :: Please fill out this form. || 名古屋の夏を涼しく過ごすには扇風機が必須だ。 :: In Nagoya summers a fan is essential to help stay cool.
2434	戦後	せんご	noun	postwar period; period after Second World War	これが戦後移民に関する中心的問題である。 :: This is the central problem of postwar immigration. || 戦後は帽子をかぶる人が少なくなっている。 :: Fewer people have come to wear hats after the war.
2435	探偵	たんてい	noun	detective; investigator; sleuth	その探偵はずいぶん危ない橋を渡ってきた。 :: The detective has a lot of adventures. || 彼は探偵小説を読むのに夢中になっている。 :: He is absorbed in reading detective novels.
2436	接触	せっしょく	noun	touch; contact; touching	彼はいろいろな人種の人と接触している。 :: He is in touch with all kinds of people. || 最近、学校時代の旧友と接触がありましたか。 :: Have you been in contact with one of your old school friends recently?
2437	支払い	しはらい	noun	payment	この請求書の支払いは今日になっています。 :: Payment of this bill is due today. || この小切手で支払いを認めてくれますか。 :: Will you honor this check?
2438	日曜	にちよう	noun	Sunday	日曜の午後はたいてい買い物に出かけます。 :: I usually go shopping on Sunday afternoon. || 日曜の朝から何年もたったような気がする。 :: It seems like years since Sunday morning.
2439	柄	がら	noun	pattern; design	商売柄いつもネクタイを締めなければならない。 :: I always have to wear a tie because of my job. || 職業柄彼は数人の外国人と近づきになっている。 :: His job has brought him in contact with some foreigners.
2440	格	かく	noun	status; position; rank	将軍の堂々とした格幅は誰でも威圧される。 :: The general's massive presence awes everyone.
2441	椅子	いす	noun	chair; seat; stool	あなたが座れる快適な椅子がここにあります。 :: Here's a comfortable chair you can sit in. || この椅子はプラスチックからできている。 :: This chair is made of plastic.
2442	検証	けんしょう	noun	verification; confirmation; substantiation	公正を正確にするため、データの再検証が必要である。 :: Reexamination of the data is required to make the formula accurate. || 科学者はその理論は実験によって検証されるべきだと主張した。 :: The scientist maintained that the theory should be tested through experiments.
2443	正式	せいしき	na-adjective	formal; official; regular	我々には文学の正式な指導が必要だ。 :: We need some formal instruction in literature. || 彼は息子を正式の相続人と認めた。 :: He recognized his son as lawful heir.
2444	汚い	きたない	i-adjective	dirty; filthy; foul	その汚い少年は変装した王子だとわかった。 :: The dirty boy turned out to be a prince in disguise. || この汚いゴミをすぐに捨てなければならない。 :: We must get rid of this foul garbage right away.
2445	さすが	さすが	adverb	as one would expect; just as you'd expect (from); just like (someone)	彼はさすが大学に行っただけのことはある。 :: He did not go to college for nothing. || 本当の事を言ったとはさすがに勇気がある。 :: You were courageous to tell the truth.
2446	爪	つめ	noun	nail (e.g. fingernail, toenail); claw; talon	その鋭いかぎ爪を開いては閉じ、開いては閉じ始めた。 :: Its sharp claws began to open and close, open and close. || 彼は爪を噛む癖をやっと直した。 :: He managed to cure himself of his habit of nibbling his nails.
2447	発揮	はっき	noun	show (of power, ability, etc.); exhibition; demonstration	小説を書く時、私達は想像力を発揮する。 :: When we write a novel, we exercise our imagination. || その競技で彼は持てる能力のすべてを発揮した。 :: In the contest he fully displayed what ability he had.
2448	真似	まね	noun	imitating; copying; mimicry	わたしたちはみな、時折ばかな真似をする。 :: We all make fools of ourselves at times. || 子供は両親よりもむしろ友達の真似をする。 :: Children imitate their friends rather than their parents.
2449	稼ぎ	かせぎ	noun	earnings	彼のわずかな稼ぎで暮らしていくのは困難だった。 :: It was difficult to live on his meager earnings. || 彼は時間稼ぎをしているだけだよ。 :: He is just killing time.
2450	翼	つばさ	noun	wing	私に空を飛ぶ翼があったらいいのになあ。 :: I wish I had wings to fly. || もし翼があれば、月まで飛んで行けるだろうか。 :: If we had wings, could we fly to the moon?
2451	背	せ	noun	back	あなたは私たちみんなの中で一番背が高い。 :: You are the tallest of us all. || どちらかといえば彼の方が私より背が高い。 :: He is, if anything, a little taller than I.
2452	至る	いたる	verb	to arrive at (e.g. a decision); to reach (a stage); to attain	どんな言葉も彼を説得するには至らなかった。 :: No words availed to persuade him. || 今のところ、全体の意見の一致には至っていない。 :: At present, consensus has yet to be reached.
2453	表記	ひょうき	noun	expression in writing; written representation; notation	日本語の難しい点は文字を使った表記の仕方です。 :: What is difficult about Japanese is how characters are used in its writing system. || インカ族は大きい文明を築いたけれども、彼らには表記法がなかった。 :: Though the Incas built up a great civilization, they had no system of writing.
2454	表面	ひょうめん	noun	surface; face	地球表面の４分の３は水でおおわれている。 :: Three-fourths of the earth's surface is covered with water. || 惑星の表面はほとんどが水から出来ている。 :: The surface of a planet is composed mostly of water.
2455	謝罪	しゃざい	noun	apology	私たちの謝罪をどうかお受け下さい。 :: Please accept our heartfelt apologies. || 君は彼女に謝罪すべきだと思うよ。 :: I think that you ought to apologize to her.
2456	輸送	ゆそう	noun	transport; transportation; transit	公共の交通輸送機関は正確に動いています。 :: The public transportation system runs like clockwork. || 彼の発見は輸送における革命をもたらした。 :: His discovery gave rise to a revolution in transport.
2457	逆転	ぎゃくてん	noun	reversal (of a situation); turnaround; turnabout	形勢は逆転した。 :: Now the shoe is on the other foot. || 松井、起死回生の逆転満塁サヨナラホームラン！ :: Matsui pulled the Giants back from the brink with a grand slam that gave them a come-from-behind victory.
2458	金額	きんがく	noun	amount of money; sum	あなたが使った金額は全部でいくらですか。 :: What is the total amount of money you spent? || 彼女は私に途方もない金額を要求してきた。 :: She asked me for an unreasonable sum of money.
2459	鍋	なべ	noun	pan; pot; saucepan	その鍋に触らないで。すごく熱いから。 :: Don't touch that pan! It's very hot. || 私は大きな鍋でスープを作ります。 :: I cook soup in a big pot.
2460	長崎	ながさき	noun	Nagasaki (city, prefecture)	長崎にプロサッカーチームをつくりましょう！ :: Let's put together a pro-soccer team for Nagasaki! || 長崎へもう一度いくと３回行ったことになる。 :: I will have been to Nagasaki three times if I go there again.
2461	階段	かいだん	noun	stairs; stairway; staircase	もう一歩で君は階段から落ちていただろう。 :: Another step, and you would have fallen down the stairs. || 気を付けないと凍った階段で滑って転ぶよ。 :: If you're not careful, you might slip and fall on the icy steps.
2462	いかが	いかが	adverb	how; in what way; how about	こんにちは、今日のご機嫌はいかがですか。 :: Good day. How are you today? || もしよかったら、一緒にお昼いかがですか。 :: I'd like to invite you to lunch, if you're not busy.
2463	いじめ	いじめ	noun	bullying; teasing	彼は弱いものいじめが好きなのです。 :: He just loves to bully people. || あのいじめっ子を、やっつけておいで。 :: Go and beat up that bully.
2464	お父さん	おとうさん	noun	father; dad; papa	あなたのお父さんて、よさそうな方ですね。 :: Your father seems very nice. || あなたのお父さんのことは存じております。 :: I am acquainted with your father.
2465	それほど	それほど	adverb	to that degree; to that extent; that much	今日の政治状況はそれほど安定していない。 :: The current political situation is not very stable. || 兄に比べれば、彼はそれほど聡明ではない。 :: Compared with his brother, he is not so intelligent.
2466	スイッチ	すいっち	noun	switch	僕は暗闇の中でスイッチを手探りでさがした。 :: I felt for the switch in the dark. || 彼は暗闇で電灯のスイッチを手探りで探した。 :: He was feeling for the light switch in the dark.
2467	ダイヤ	だいや	noun	(railway) schedule; timetable	このダイヤの指輪は私にはぜいたくすぎる。 :: This diamond ring is too extravagant for me. || これは本物のダイヤではないかもしれない。 :: This may not be a real diamond.
2468	ダブル	だぶる	noun	double	シングルになさいますか、ダブルにしますか。 :: Would you like a single or a double? || ダブルのバスつきの部屋がいいです。 :: I'd like a double with a bath.
2469	テープ	てーぷ	noun	tape	テープには日が当たらないようにして下さい。 :: Don't expose the tapes to the sun. || 君はそのコンサートをテープにとったか。 :: Did you tape that concert?
2470	パフォーマンス	ぱふぉーまんす	noun	performance (e.g. music, dance, drama)	あれ？何だろ？パフォーマンスでもやってるのか？ :: Hello, what's that? Somebody doing street theatre or something? || そのパフォーマンスは冴えないものでしたよ。 :: The performance was low-keyed.
2471	ラボ	らぼ	noun	lab	この山を登ればラボに着きます。 :: If you climb up this mountain, you'll reach the lab.
2472	乙	おつ	noun	(the) second (party, rank, etc.); B (grade); the latter	甲の食物は乙の毒。 :: One man's meat is another man's poison. || 甲の損は乙の得。 :: One man's gain is another man's loss.
2473	亀	かめ	noun	tortoise; turtle	遠くからは、その小さな島は亀のように見えた。 :: The small island looked like a tortoise from a distance.
2474	予告	よこく	noun	(advance) notice; preliminary announcement; warning	価格は予告なく変更されることがあります。 :: Prices are subject to change without notice. || 利用条件を予告なしに変更することがあります。 :: Terms of use may be changed without notice.
2475	人材	じんざい	noun	capable person; talented person	彼は会社にとって重要な人材だ。 :: He is a valuable acquisition to our company. || 購買部にとって重要な人材になられると思います。 :: She will be an asset to the Purchasing Department.
2476	今月	こんげつ	noun	this month	彼は今月初めまで私たちのもとにいました。 :: He stayed with us until the beginning of this month. || 彼女は今月赤ちゃんが生まれる予定です。 :: She is going to have a baby this month.
2477	体力	たいりょく	noun	physical strength; power; stamina	もっと食べないと体力が付きませんよ。 :: Eat more, or you won't gain strength. || その老婦人は病後かなり体力が弱っている。 :: The old lady has been rather feeble since her illness.
2478	兵士	へいし	noun	soldier	その兵士は傷ついて地面に横たわっていた。 :: The soldier lay injured on the ground. || その兵士は自分の傷をものともしなかった。 :: The soldier carried on as if his wound was nothing.
2479	再開	さいかい	noun	reopening; resumption; restarting	会議をお茶休憩の後再開する予定である。 :: We'll resume the meeting after tea. || 嵐の後すぐ、そのラジオ局は放送を再開した。 :: The radio station came back on the air shortly after the storm.
2480	冷静	れいせい	noun	calmness; composure; coolness	そうした危険にもかかわらず彼は冷静だった。 :: He kept calm in the face of the danger. || そのケースは冷静に対処する必要がある。 :: The occasion demands a cool head.
2481	割引	わりびき	noun	discount; reduction; rebate	私たちは割引率についての意見が一致した。 :: We have agreed on the rate of discount. || 彼の話は割引して聞いたほうがいい。 :: You should discount his story.
2482	劇	げき	noun	drama; play	シェイクスピアはきわめて偉大な劇作家だ。 :: Shakespeare is as great a dramatist as ever lived. || シェークスピアに匹敵する劇作家はいない。 :: No dramatist can compare with Shakespeare.
2483	加	か	noun	addition	私は高生加によく会う。 :: I see much of Takaoka.
2484	司法	しほう	noun	administration of justice; judicature	独裁者は司法権を自分のものとした。 :: The dictator arrogated judicial powers to himself. || 彼は司法試験に合格し、法律事務所を創設した。 :: He passed the law examination and set up a law office.
2485	呼吸	こきゅう	noun	breathing; respiration	英語の発音の呼吸がなかなか飲み込めない。 :: I still can't get the knack of English pronunciation. || それは私たちが呼吸する空気のようなものです。 :: It is like the air we breathe.
2486	圧力	あつりょく	noun	pressure	彼は決して政治家の圧力に屈しないだろう。 :: He will never yield to the pressure of a politician. || 数人の政治家が委員会に強い圧力をかけた。 :: Several politicians exerted strong pressure on the committee.
2487	外れ	はずれ	noun	end; verge; extremity	結果はかなり期待外れだった。 :: The result was rather disappointing. || 新任の先生はそのクラスの生徒にとっては期待外れでした。 :: The new teacher was a disappointment to the class.
2488	妙	みょう	na-adjective	strange; weird; odd	今日は朝から妙に故郷の事ばかり思い出す。 :: All day, I have been strangely preoccupied with thoughts of my hometown. || 妙なことには、私は昨日同じ夢を２回みた。 :: Strange to say, I dreamed the same dream twice last night.
2489	実感	じっかん	noun	real feeling; actual feeling	オーストラリアへ行って初めて、日本はなんと小さい国かと実感した。 :: I didn't realize till I visited Australia how small Japan really is. || 動けるようになると健康の有難さを実感しますよね。 :: It's when you become able to move that the real value of health hits home.
2490	庭	にわ	noun	garden; yard; courtyard	この庭の美しさは自然より人工のおかげだ。 :: This beautiful garden owes more to art than to nature. || 犬を私の庭に入れないようにできないかね。 :: Can't you keep your dog from coming into my garden?
2491	引く	ひく	verb	to pull; to tug; to lead (e.g. a horse)	あなたの引いたカードは赤のマークですね。 :: The card you drew was a red, wasn't it? || あなたの興味を引くような本を読みなさい。 :: Read such books as interest you.
2492	成人	せいじん	noun	adult; grown-up	君はもう成人したから投票する権利がある。 :: Now you've come of age, you have the right to vote. || 彼女はアメリカで生まれ、日本で成人した。 :: She was born in America and grew up in Japan.
2493	日曜日	にちようび	noun	Sunday	この手紙で彼は日曜日に着くといっている。 :: This letter says that he will arrive on Monday. || ヘレンは日曜日ごとに叔父さんを訪問する。 :: Helen visits her uncle every Sunday.
2494	来週	らいしゅう	noun	next week	女王は来週、議会で演説するつもりでいる。 :: The queen is going to address parliament next week. || 彼は来週ニューヨークへ向かって出発する。 :: He leaves for New York next week.
2495	消滅	しょうめつ	noun	extinction; extinguishment; disappearance	もし太陽が消滅したら、生物は皆死ぬだろう。 :: If the sun were to go out, all living things would die. || 古い伝統が消滅しつつある。 :: Old traditions are crumbling away.
2496	滞在	たいざい	noun	stay; sojourn	問題の人物は目下アメリカに滞在中である。 :: The person in question is now staying in America. || 好きなだけ長く私たちの家に滞在しなさい。 :: You may stay at my house as long as you like.
2497	狩り	かり	noun	hunting; hunt; shooting	彼らは狩りで獲物をたくさん捕らえた。 :: They had a good hunt. || 私は父と狩りに行くことを楽しみにしています。 :: I'm looking forward to going hunting with my father.
2498	矢	や	noun	arrow	７歳の時、すでに自ら弓と矢を作った。 :: By the age of seven, he had already made his own bow and arrows. || 彼はその兵士をねらって矢を放った。 :: He shot an arrow at the soldier.
2499	箇所	かしょ	noun	place; point; part	これはその分析を始めるのに良い箇所だ。 :: This is a good place to start the analysis. || 契約には曖昧な箇所があってはならない。 :: No ambiguities are allowed in a contract.
2500	紫	むらさき	noun	purple; violet	その色はピンクというより紫だ。 :: The color is purple rather than pink. || 紫のじゅうたんはこの赤いカーテンと調和しないだろう。 :: A purple carpet will not go with this red curtain.
2501	美女	びじょ	noun	beautiful woman	実はね、この地域で一番の美女と結婚する事になったんだ？ :: I am getting married to the most beautiful girl in town. || 気の弱い男が美女を得たためしがない。 :: Faint heart never won fair lady.
2502	膝	ひざ	noun	knee	昨年のスカートは膝のすぐしたまでだった。 :: Skirts last year reached just below the knees. || しかし君はあまり膝を曲げたくないでしょう。 :: But you don't want to bend the knees too much.
2503	表紙	ひょうし	noun	cover (of a book, magazine, etc.); binding	父は表紙の取れた古い辞書を使っています。 :: My father uses an old dictionary whose cover has come off. || 彼は手を伸ばして小さな皮表紙の本をとった。 :: He reached out and took down a small leather bound book.
2504	論文	ろんぶん	noun	thesis; essay; treatise	この論文は私の思考に影響を及ぼすだろう。 :: This article will affect my thinking. || 彼の論文の方が私の論文よりも優れている。 :: His paper is superior to mine.
2505	議会	ぎかい	noun	congress; parliament; diet	女王は来週、議会で演説するつもりでいる。 :: The queen is going to address parliament next week. || 連邦予算はかろうじて議会の承認を得た。 :: The federal budget was narrowly approved by Congress.
2506	起こす	おこす	verb	to raise; to raise up; to set up	ある団体が雨林を保護する運動を起こした。 :: A group started a campaign to preserve rain forests. || それが本当なら彼は事故を起こしていない。 :: If that is true, then he is not responsible for the accident.
2507	退職	たいしょく	noun	retirement; resignation	彼は３０年勤めた後、その会社を退職した。 :: He retired from the company after 30 years' service. || 彼が退職したとき同僚は彼にプレゼントした。 :: His colleagues gave him a present when he retired.
2508	通貨	つうか	noun	currency	当局は自国の通貨を何とかして安定させた。 :: The authorities managed to stabilize the currency. || ドルは現地通貨に交換しなければなりません。 :: You must convert dollars into the local currency.
2509	通過	つうか	noun	passing through (a tunnel, station, town, etc.); passing by (e.g. of a typhoon); transit	通過した車が私のコートに水をはねかけた。 :: A passing car splashed my coat with water. || 私の家はトラックが通過する時いつも揺れる。 :: My house always shakes when a truck goes by.
2510	適切	てきせつ	na-adjective	appropriate; suitable; fitting	適切な語がないかとあらゆる辞書を調べた。 :: I searched all the dictionaries to find a suitable word. || その問題に関する彼の意見はたいへん適切だ。 :: His remarks on the subjects are much to the point.
2511	録画	ろくが	noun	(video) recording	私はラグビーの試合を録画した。 :: I recorded a rugby game on videotape.
2512	驚く	おどろく	verb	to be surprised; to be taken aback; to be amazed	あなたが彼らの結婚を知らないとは驚いた。 :: I am surprised that you should not know of their marriage. || そのニュースはわれわれを大いに驚かせた。 :: The news surprised us much.
2513	たとえ	たとえ	adverb	even if; no matter (what); if	たとえそんな人はいるとしてもごく少ない。 :: There are few, if any, such men. || たとえ君が止めても、私は決心を変えない。 :: Even if you stop me, I won't change my mind.
2514	なんとなく	なんとなく	adverb	somehow; for some reason (or other); without knowing why	私はなんとなく彼の家を見つけた。 :: Somehow or other I found his house. || 彼はなんとなく僕に恨みをもっているようだ。 :: I don't know why, but he seems to have it in for me.
2515	はるか	はるか	na-adjective	far away; far off; far	ジョンはメアリーよりもはるかに背が高い。 :: John is much taller than Mary. || 私は水泳よりスキーの方がはるかに好きだ。 :: I like skiing much better than swimming.
2516	ガール	がーる	noun	girl	ボールボーイとボールガールはみな地元の学校の生徒だ。 :: The ballboys and ballgirls all come from local schools. || 彼は、自分のお気に入りのコーラス・ガールが、ほかの男と結婚した時、敗北を認めた。 :: He threw in the towel in defeat when his favorite chorus girl married another man.
2517	コール	こーる	noun	(telephone) call; ring (of a telephone)	帰る前に必ず「帰るコール」を入れてね。 :: Be sure to call home before you leave the office. || ７時にモーニングコールをお願いできますか。 :: Could you give me a wake-up call at seven?
2518	ナイト	ないと	noun	knight	彼は国への貢献を認められてナイト爵位を与えられた。 :: He was awarded a knighthood in acknowledgement of his services to the nation. || 僕は首をひねる。このポーンではなくて、こっちのナイトを・・・。 :: I tilt my head. Not the pawn, but the knight?
2519	ヒロイン	ひろいん	noun	heroine; female protagonist	その小説はヒロインの死で終わっている。 :: The novel ends with the heroine's death. || 彼女は私よりも上手にヒロインを演じた。 :: She played the heroine better than I.
2520	丁寧	ていねい	na-adjective	polite; courteous; civil	彼女はいつ私に会っても丁寧におじぎする。 :: Whenever she sees me, she greets me politely. || 日本人は友人と付き合う時はとても丁寧だ。 :: The Japanese are most polite when dealing with friends.
2521	上映	じょうえい	noun	screening (a movie); showing	二回目の上映がまもなく始まります。 :: The second showing will start soon. || 今週はよい映画が上映されてますか。 :: Are there any good films on this week?
2522	下着	したぎ	noun	underwear; undergarment; underclothes	私は新しい下着が気に入っている。 :: I'm pleased with my new underwear. || 下着は着けたままでいいですよ。 :: You can wear your undershirt.
2523	人事	じんじ	noun	human affairs; mundane matters; things human	先ごろあなたの人事記録に誤りを発見しました。 :: We recently discovered an error in your personnel record. || もしもし、人事課ですか？ :: Hello, is this the personnel department?
2524	侵入	しんにゅう	noun	invasion; incursion; raid	どんな目的で君はその家に侵入したのですか。 :: For what purpose did you break into the house? || 私たちが留守の間に泥棒が家に侵入した。 :: The thief broke into the house while we were away.
2525	信仰	しんこう	noun	(religious) faith; belief; creed	牧師は彼女のキリスト信仰の告白を聞いた。 :: The minister listened to her profession of Christianity. || その古い信仰がまだ広く行われている。 :: The old belief is still widely current.
2526	前日	ぜんじつ	noun	previous day; day before; eve	彼は私に前日そこで彼女に会ったと言った。 :: He told me that he had seen her there the day before. || 私はその前日にカメラをなくしてしまった。 :: I had lost a camera in the previous day.
2527	史上	しじょう	adjective	in history; ever; historical	その年の鉄鋼生産は史上最高だった。 :: Steel production of the year was the highest on record. || 日本の貿易黒字は史上最高を記録しました。 :: Japan's trade surplus soared to a record high.
2528	大学生	だいがくせい	noun	university student; college student	私は多くの大学生と知り合うようになった。 :: I came to know many university students. || 俺は大学生ではないが大学生より頭いい。 :: I'm not a university student, but I'm brighter than them.
2529	実用	じつよう	noun	practical use; utility	そのような技術は多くの実用が可能であろう。 :: Such skills could be put to many practical uses. || その方法は高くつきすぎて実用的でなかった。 :: The method was too expensive to be practical.
2530	寂しい	さびしい	i-adjective	lonely; lonesome; solitary	あなたが行ってしまったら寂しくなります。 :: I'll miss you when you're gone. || 君がいなくなったら、本当に寂しくなるな。 :: We shall all miss you when you go away.
2531	対抗	たいこう	noun	opposition; rivalry; competition	わがチームは大学対抗のトーナメントで優勝した。 :: Our team won in the intercollegiate tournament. || 彼の馬は着々と対抗馬に追いついた。 :: His horse gained steadily on his rivals.
2532	届く	とどく	verb	to reach; to touch; to get to	あなたのご注文なさった商品が届きました。 :: Your order is ready. || 彼女は今や私の手の届かないところにいる。 :: Now she is out of my reach.
2533	岐阜	ぎふ	noun	Gifu (city, prefecture)	私たちは岐阜に行った。 :: We went to Gifu.
2534	川崎	かわさき	noun	Kawasaki (city)	川崎には工場が多い。 :: There are a lot of factories in Kawasaki.
2535	常識	じょうしき	noun	common sense; good sense; common knowledge	常識を欠いた知識はほとんど役に立たない。 :: Knowledge without common sense counts for little. || 私は日本人学生の「一般常識」に感銘した。 :: I was impressed by the general knowledge of Japanese students.
2536	扱う	あつかう	verb	to deal with (a person); to treat; to handle	あなたは昔私をこんなふうに扱わなかった。 :: You never used to treat me like this. || この本は第二次大戦までしか扱っていない。 :: This book only goes down to World War II.
2537	挿入	そうにゅう	noun	insertion; interposition; interpolation	その作家の文体は挿入語句が多い。 :: The writer has a parenthetic style.
2538	損	そん	noun	loss; damage; harm	たとえどちらを選んでも、損はしないよ。 :: Whichever you choose, you cannot lose. || 高級な品物を買う事は、結局は損にならない。 :: It pays in the long run to buy goods of high quality.
2539	桁	けた	noun	column; beam; girder	医者なら６桁の収入は珍しくない。 :: A six-figure income is not uncommon for physicians. || この２桁は省くべきだ。 :: You should leave out these two lines.
2540	歌う	うたう	verb	to sing	ビートルズの歌を１曲歌ってくれませんか。 :: Will you sing me a Beatles' song? || 太った女性が歌うまでオペラは終わらない。 :: The opera ain't over till the fat lady sings.
2541	汚れ	よごれ	noun	dirt; filth; stain	彼女は汚れの無い心の持ち主です。 :: She has a clean heart. || クレンザーでオーブンの汚れが落ちた。 :: The cleanser removed the dirt from the oven.
2542	流れる	ながれる	verb	to stream; to flow (liquid, time, etc.); to run (ink)	当時はきれいな水がこの川にも流れていた。 :: Pure water was washed away to this river as well at that time. || 総選挙がありそうだと言う噂が流れていた。 :: A general election was in the air.
2543	現れる	あらわれる	verb	to appear; to come in sight; to become visible	何時間も君が現れるのを待っていたんだぞ。 :: We've been waiting for hours for you to show up. || 俳優たちは昔の時代の衣装を着けて現れた。 :: The actors appeared in historical costumes.
2544	発達	はったつ	noun	development; growth	精神は肉体とともに発達させるべきである。 :: The mind should be developed along with the body. || 身体は精神と共に発達しなければならない。 :: The body must be developed along with the mind.
2545	節	せつ	noun	occasion; time	この１節を読み、日本語に翻訳せよ。 :: Read this passage and translate it into Japanese. || 最後の２節を省略して歌いましょうか。 :: We'll sing that song, omitting the last two verses.
2546	組合	くみあい	noun	association; union; guild	彼らは私に、会社の組合に入るよう頼んだ。 :: They asked me to join the union of the company. || 労働組合は２４時間ストを本日中止した。 :: The workers union called off their 24-hour strike today.
2547	経由	けいゆ	noun	going through; going via; going by way of	彼はボストンを経由してここにやって来た。 :: He came here by way of Boston. || その船は何カ国かを経由して到着します。 :: The ship will arrive by way of several countries.
2548	結論	けつろん	noun	conclusion (of an argument, discussion, study, etc.)	あなたはそれからどんな結論を下しますか。 :: What do you conclude from that? || どのようにしてこの結論に達したのですか。 :: How did you arrive at this conclusion?
2549	翌日	よくじつ	noun	next day	特別講義は悪天候のため翌日に延期された。 :: The special lecture was put off until the next day due to the bad weather. || 私は彼に翌日そこへ行くかどうかと聞いた。 :: I asked him if he would go there the next day.
2550	舌	した	noun	tongue	多くの医者は診察の時にまず舌を調べる。 :: Many doctors look at your tongue first when they begin an examination. || 幼い少女は彼に向かって舌をつき出した。 :: The little girl stuck out her tongue at him.
2551	芸能人	げいのうじん	noun	entertainer; performer; celebrity	今日お気に入りの芸能人が出てるミュージカルを見に行った。彼は、今年の一押しだね。 :: I went to a musical with my favorite actor today. He's the one must-see for this year.
2552	見つける	みつける	verb	to find; to discover; to come across	その本は見つけた場所に戻しておきなさい。 :: Put the book back in the same place where you found it. || その語の意味は自分で辞書で見つけなさい。 :: Find out the meaning of the word for yourself.
2553	誤解	ごかい	noun	misunderstanding	この問題はお互いの誤解から生じたものだ。 :: This problem arose from a mutual misunderstanding. || あなたを誤解してしまってごめんなさい。 :: I'm sorry I misunderstood you.
2554	豆	まめ	noun	legume (esp. edible legumes or their seeds, e.g. beans, peas, pulses); bean; pea	右の鼻に豆が入ってしまいました。 :: There's a pea in my right nostril. || ブラジルは世界に良質のコーヒー豆を供給しています。 :: Brazil supplies the world with coffee beans of quality.
2555	資本	しほん	noun	funds; capital	資本、土地、労働は生産の三大要素である。 :: Capital, land and labor are the three key factors of production. || その会社の資本金は５０万ポンドである。 :: The company has a capital of 500,000 pounds.
2556	逃げる	にげる	verb	to run away; to flee; to get away (e.g. from danger)	まるで、沈む船から逃げるネズミみたいね。 :: It's just like rats leaving a sinking ship. || その犬は私の姿を見るやいなや逃げて行った。 :: Scarcely had the dog seen me before it ran away.
2557	通じ	つうじ	noun	(bowel) movement; evacuation; defecation	お通じがよくなりますよ。 :: It moves the bowels.
2558	通る	とおる	verb	to go by; to go past; to go along	あなたは歩いて学校へ通っているのですか。 :: Do you go to school on foot? || ある日、たまたま私は彼の家の前を通った。 :: One day, it happened that I passed his house.
2559	週刊	しゅうかん	noun	weekly publication	少年はそこに座って週刊誌を読んでいた。 :: The boy sat there reading a weekly magazine. || この週刊誌は毎週１回発行される。 :: This weekly comes out once a week.
2560	過程	かてい	noun	process; course; mechanism	討議の過程でそのことには触れられなかった。 :: It wasn't mentioned during the discussion. || 彼は最後の決心をする過程にあった。 :: He was in the process of making a final decision.
2561	部品	ぶひん	noun	parts; accessories; components	この車の予備の部品を買うことができない。 :: I cannot buy spare parts for this car. || 彼は予備の部品を次々と調べていった。 :: He examined the spare parts one after another.
2562	録音	ろくおん	noun	(audio) recording	そのテープレコーダーは彼の声を録音した。 :: The tape recorder has recorded his voice. || 彼の演説を録音しておかねばならない。 :: You must record his speech.
2563	開放	かいほう	noun	opening (a door, window, etc.); leaving open	この庭園は一般に開放されています。 :: This garden is open to the public. || 婦人に開放されている職業は多い。 :: There are many careers open to women.
2564	雲	くも	noun	cloud	あの暗い雲がおそらく雨をもたらすだろう。 :: Those dark clouds will probably bring rain. || あの黒い雲をごらん。じきに雨が来そうだ。 :: Look at those black clouds. It is going to rain.
2565	電波	でんぱ	noun	radio wave; reception; signal	電波の発見により、無線通信が可能になった。 :: The discovery of electric waves made radio possible. || 彼の携帯電話は他の電話を妨害する電波を出した。 :: His mobile phone produced radio emissions that interfered with other phones.
2566	青い	あおい	i-adjective	blue; azure	彼女が青い顔色をしていたのが気になった。 :: It worried me that she looked pale. || 彼女はその悪い知らせを聞いて青くなった。 :: She blanched at the bad news.
2567	魔女	まじょ	noun	witch	その怪しい女性は、魔女と考えられた。 :: The strange-looking woman was thought to be a witch. || 悪い魔女は呪文をかけてその男を虫に変えてしまった。 :: The wicked witch cast a spell on the man and turned him into a bug.
2568	どうにか	どうにか	adverb	in some way or other; one way or another; somehow	あの時私はどうにか英語で話が通じていた。 :: At the time I managed to make myself understood in English. || どうにかしてわたしを助けてくれませんか。 :: Can you possibly help me?
2569	やめる	やめる	verb	to stop (an activity); to cease; to discontinue	あなたの弟にいたずらするのをやめなさい。 :: Stop playing tricks on your brother. || あのレストランに行くのはもうやめようよ。 :: Let's not go to that restaurant again.
2570	アンケート	あんけーと	noun	questionnaire; survey; poll	アンケート用紙が適当に配られた。 :: The questionnaire form was distributed properly. || このアンケート、項目が多すぎて記入する気になれないよ。 :: I don't feel like filling out this questionnaire. There are too many items.
2571	オレンジ	おれんじ	noun	orange (fruit, colour)	お客様もオレンジジュースになさいますか。 :: What about you? Will you have orange juice, too? || そのオレンジは甘くもすっぱくもなかった。 :: The orange didn't taste either sweet or sour.
2572	シェア	しぇあ	noun	sharing; share (on social media)	私達の市場シェアは２０％です。 :: We have a 20% share of the market. || これは、市場シェアを拡大するすばらしいチャンスです。 :: This is a great opportunity to increase our market share.
2573	シャワー	しゃわー	noun	shower	シャワーが止まりません。調べてください。 :: I can't turn the shower off. Could you check it for me? || シャワーとトイレつきの部屋はありますか。 :: Do you have any rooms with a shower and toilet?
2574	パッケージ	ぱっけーじ	noun	package	そのパッケージは全部でいくらですか。 :: How much is the whole package?
2575	マイナス	まいなす	noun	minus; subtraction; taking away	俺のマイナスドライバーどこにやった！！ :: Where've you stuck my flat-head screwdriver?! || 彼とつきあうのは君にとってマイナスだ。 :: I don't think your seeing him is good for you.
2576	レポート	れぽーと	noun	report; paper	この間違い以外、これは良いレポートです。 :: This is a good report, except for this mistake. || 彼のレポートに目を通しているところです。 :: I'm looking over his report.
2577	ロス	ろす	noun	loss; waste (e.g. of time)	君はロスを取り戻さなければならない。 :: You must make up for the loss. || 彼女はダンスの勉強にロスへ行った。 :: She went to Los Angeles for the purpose of studying dancing.
2578	主演	しゅえん	noun	starring (in a film, play, etc.); playing the leading part	私は昨日チャーリーチャップリン主演の古い映画を見た。 :: I saw an old film featuring Charlie Chaplin yesterday. || 主演は誰ですか。 :: Who plays the lead?
2579	主要	しゅよう	na-adjective	chief; main; principal	君が英語を勉強する主要な目的は何ですか。 :: What is the main purpose of your studying English? || 首相は彼らを内閣の主要ポストに任命した。 :: The Prime Minister appointed them to key Cabinet posts.
2580	付属	ふぞく	noun	being attached (to); being affiliated (to); belonging (to)	その会社には会社の付属病院が３つある。 :: The company has three hospitals of its own. || カメラを付属品付きで買った。 :: I bought a camera with its accessories.
2581	借金	しゃっきん	noun	debt; loan; liabilities	借金をきれいに返済してもらいましょうか。 :: It's time to pay up all your debts and close out your loan. || 彼の借金の合計は１０００ドル以上になる。 :: His debts amount to over $1000.
2582	偶然	ぐうぜん	noun	coincidence; chance; accident	まったく偶然に、私は空港で旧友に会った。 :: Quite by chance, I met my old friend at the airport. || 家を出たとたん、通りで偶然彼女に会った。 :: As soon as I left home, I came across her in the street.
2583	印刷	いんさつ	noun	printing	この機械は１分間に６０ページ印刷できる。 :: This machine can print sixty pages a minute. || この切手には誰の肖像が印刷してありますか。 :: Whose image is on this stamp?
2584	土曜日	どようび	noun	Saturday	土曜日に昼食を持ってくるのを忘れるなよ。 :: Don't forget to bring your lunch on Saturday. || 次の土曜日の午後は空けておいてください。 :: Please leave next Saturday afternoon free.
2585	堂	どう	noun	temple; shrine; chapel	彼の踊りは堂に入ってる。 :: His dance is excellent. || 成歩堂先生の事務所が「エネルギー分野における世界有数の法律事務所」である。 :: Mr. Naruhodo's law firm is "The World's Leading Energy Law Firm".
2586	墓	はか	noun	grave; gravesite; tomb	あのお墓には誰が入っているのだろう。 :: I wonder who's buried in that tomb. || その少年は死んだ自分の犬のために墓を掘った。 :: The boy dug a grave for his dog that had died.
2587	夕方	ゆうがた	noun	early evening (usu. from 3pm to 6pm); dusk	その事故はこの前の土曜日の夕方に起こった。 :: The accident took place on the evening of last Sunday. || 今日の夕方には、別の約束があるのです。 :: I've got another commitment this evening.
2588	夫人	ふじん	noun	wife; Mrs; Madam	ウッド夫人はたいへん料理が上手でした。 :: Mrs. Wood was a very good cook. || スミス夫人には二番目の子供が生まれた。 :: Mrs. Smith gave birth to her second child.
2589	奥さん	おくさん	noun	wife; your wife; his wife	トムだけでなく奥さんからもお金を借りた。 :: I borrowed money not only from Tom, but from his wife, too. || 君が奥さんに腹を立てたのはよくなかった。 :: It was bad of you to get angry at your wife.
2590	尊敬	そんけい	noun	respect; esteem; reverence	すべての学生が担任の先生を尊敬している。 :: All the students respect their home room teacher. || たとえ学問はあっても、彼は尊敬できない。 :: Even though he is learned, I can't respect him.
2591	形態	けいたい	noun	form; shape; figure	言語を知識の一形態と考える人もいる。 :: Some consider language as a form of knowledge. || 民主主義は政治形態の一つである。 :: Democracy is one form of government.
2592	我が	わが	adjective	my; our; one's own	あの人がいないと我が社は回っていかない。 :: Without him our company would cease to function. || 彼は我が社を代表してその会議に出席した。 :: He represented our company at the conference.
2593	指名	しめい	noun	naming; nominating; designating	彼は指名に応じて話そうと立ち上がった。 :: He rose to speak in answer to his name. || 彼らはホワイト氏を支配人に指名した。 :: They appointed Mr White as manager.
2594	方面	ほうめん	noun	direction; district; area	兄はあなたと同じ方面の仕事をしています。 :: My brother is in the same line of business as you are. || 台風は発達しながら九州方面に向かっています。 :: The typhoon is gaining strength as it heads for Kyushu.
2595	権限	けんげん	noun	power; authority; jurisdiction	あなたに許可を与える権限はありません。 :: I don't have the authority to give you the green light. || 何の権限で私に出て行けと言うのだ。 :: Who are you to tell me to get out?
2596	毎月	まいつき	adverb	every month; each month; monthly	父の工場は毎月３万台の車を生産している。 :: My father's factory turns out 30,000 cars each month. || 私は毎月借金の返済をしなければならない。 :: I must return a debt every month.
2597	汁	しる	noun	juice; sap	奴が一人でうまい汁を吸いやがった。 :: That guy took the best for himself. || 彼女は御茶にレモンの汁をたらした。 :: She dropped lemon juice into her tea.
2598	海賊	かいぞく	noun	pirate	海賊達には降参する以外に道はなかった。 :: The pirates had no choice but to surrender. || 海賊たちは７つの海を航海した。 :: The pirates sailed the seven seas.
2599	消す	けす	verb	to erase; to rub out; to rub off	あなたが去る前には火を確実に消しなさい。 :: Be sure to put out the fire before you leave. || ラジオを消してくれないと気が狂いそうだ。 :: Unless you turn the radio off, I will go mad.
2600	演技	えんぎ	noun	acting; performance	僕はそのグループの演技にうっとりしたよ。 :: I was enchanted by the performance of the group. || 確かに彼女は歌はうまいが、演技はだめだ。 :: She sings well, to be sure, but she can't act.
2601	無限	むげん	noun	infinity; infinitude; eternity	天然資源は無限に存在するわけではない。 :: Natural resources are not limitless. || 彼はおもしろい笑い話を無限に知っている。 :: He has an endless store of good jokes.
2602	理事	りじ	noun	director; trustee	理事会を開催しなければならない。 :: We must hold a meeting of the council of directors. || 彼らは彼を理事に任命した。 :: They appointed him as a director.
2603	疑い	うたがい	noun	doubt; question; uncertainty	その件については彼に疑いを立てるべきだ。 :: You should sound him out about the matter. || 彼女の行為が彼の心に疑いを引き起こした。 :: Her conduct gave rise to suspicions in his mind.
2604	眺め	ながめ	noun	scene; view; prospect	その山の頂上からの眺めに私は息をのんだ。 :: The view from the top of the mountain took my breath away. || 彼らはその丘から素晴らしい眺めに感心した。 :: They admired the scenic view from the hill.
2605	確信	かくしん	noun	conviction; belief; confidence	彼は自分が必ず試合に勝つと確信している。 :: He is certain of winning the game. || 彼女はすぐに帰ってくると確信しています。 :: I'm sure that she will come back soon.
2606	裁判所	さいばんしょ	noun	court; courthouse	裁判所はその弁護士に証拠の提出を求めた。 :: The court called on the lawyer to give evidence. || 裁判所は彼女に罰金を支払うように命じた。 :: The court decreed that she should pay the fine.
2607	裸	はだか	noun	nakedness; nudity	彼女はその子を裸にして、お風呂に入れた。 :: She stripped the child and put him in the bath. || 君は、このホテル内で裸になってはいけないよ。 :: You can't go naked in this hotel.
2608	親友	しんゆう	noun	close friend; bosom friend; buddy	彼は、昔も今も、またこれからも私の親友だ。 :: He was, is, and will be, my best friend. || 私の親友はいつもよい忠告をしてくれる。 :: My best friend always gives me good advice.
2609	該当	がいとう	noun	corresponding to; being applicable to; being relevant to	この条件に該当する人は誰もいない。 :: There is nobody who fulfils these conditions.
2610	読者	どくしゃ	noun	reader	読書から楽しみを引き出すのは読者次第です。 :: It's the reader that determines whether they extract pleasure from reading. || こういう本は若い読者向きではない。 :: These books are not fit for young readers.
2611	講座	こうざ	noun	course (e.g. of lectures)	私は毎朝英語のテレビ講座を見ることにしている。 :: Every morning I make it a rule to watch the English course on TV. || この講座は正確な発音を習得するための手助けになります。 :: This course will help you master correct pronunciation.
2612	資源	しげん	noun	resources	わが国は天然資源を諸外国に依存している。 :: We depend on foreign nations for our natural resources. || 何よりも貴重な唯一の資源は土地であった。 :: The one resource more precious than any other was land.
2613	賛成	さんせい	noun	approval; agreement; support	この事に関してはあなたの意見に賛成です。 :: In this regard, I agree with you. || 一定の条件付きで、彼の提案に賛成します。 :: I support his proposal with certain qualifications.
2614	跡	あと	noun	trace; tracks; mark	ぬれた花瓶がテーブルの上に跡を残した。 :: The wet vase left a mark on the table. || 彼らはその車が残していった跡を追った。 :: They followed the tracks the car had left.
2615	通し	とおし	noun	continuing from beginning to end; continuous run; consecutive run	彼らはその間ずっとしゃべり通しだった。 :: They kept talking all the time. || 汽車は込んでいて、私はずっと立ち通しだった。 :: The train was so crowded that I was kept standing all the way.
2616	面接	めんせつ	noun	interview (e.g. for a job)	彼はその仕事で私が面接した最初の人だった。 :: He was the first man I interviewed for the job. || 面接はうまく運んだので彼は就職できた。 :: The interview went off so well that he got the job.
2617	お祝い	おいわい	noun	congratulation; congratulations; celebration	私は彼に入学に合格したお祝いを言った。 :: I congratulated him on passing the entrance exam. || ケイトはまず誕生日のお祝いをすることはない。 :: Kate hardly ever celebrates her birthday.
2618	なくなる	なくなる	verb	to be lost (e.g. luggage); to be missing	お湯が沸騰してどんどんなくなっているよ。 :: The water is boiling away. || この前の夏にこの池は水がなくなりました。 :: The pond dried up last summer.
2619	アパート	あぱーと	noun	apartment building; apartment block; apartment house	私のアパートは駅から歩いて５分以内です。 :: My apartment is located within five minutes' walk of the station. || このアパートに住むのは、もう耐えられない。 :: I can not bear living in this apartment any longer.
2620	アピール	あぴーる	noun	appeal (e.g. for peace); plea; request	学生達は扇動者のアピールに動かされた。 :: The students were animated by the agitator's appeal.
2621	アフリカ	あふりか	noun	Africa	アフリカでは多くの人々がその嵐で死んだ。 :: Many people in Africa were killed as a result of the storm. || 彼はアフリカへ探検旅行に行くのが好きだ。 :: He likes to go on explorations to Africa.
2622	エピソード	えぴそーど	noun	episode; anecdote; vignette	私はスターウォーズエピソード１を見ていません。 :: I didn't watch Star Wars episode 1. || その痛ましいエピソードは私には痛切に感じられた。 :: The touching episode came home to me.
2623	ケーブル	けーぶる	noun	cable	こんなケーブル線ですら、６０００円もした。 :: Even this cable cost me 6000 yen. || 海底ケーブルが両国の間に引かれた。 :: A submarine cable was laid between the two countries.
2624	シンプル	しんぷる	na-adjective	simple; plain	私は彼女のドレスのシンプルなところが好きだ。 :: I like the simplicity of her dress.
2625	ジャック	じゃっく	noun	jack; knave	ジャックはクラスで一番背の高い少年です。 :: Jack is the tallest boy in his class. || ジャックはスペイン語も話すかもしれない。 :: Jack may speak Spanish, too.
2626	チャット	ちゃっと	noun	chat	チャットルームで知り合った人をパブで探したが、それっぽい人はいなかった。 :: I searched at the pub for the person I had met online, but there was nobody who looked like that.
2627	チョコ	ちょこ	noun	chocolate	私はジムのためにチョコを買った。 :: I bought the chocolate for Jim. || 彼女はチョコも大好きだよ。 :: She loves chocolate, too.
2628	デブ	でぶ	adjective	fat; chubby	デブっている彼女は、猿を抱きかかえていた。 :: The fat woman was holding a monkey. || 秀、食べすぎだよ。デブるぞ。 :: Shu, you're eating too much. You'll get fat!
2629	デモ	でも	noun	demonstration; protest	人はデモと聞くと学生を連想したものです。 :: People used to associate demonstrations with students. || 彼らは授業料値上げに反対してデモをした。 :: They demonstrated against the raising of the tuition fees.
2630	バッテリー	ばってりー	noun	battery	バッテリーは別料金になっております。 :: The batteries are extra. || 翌日、またバッテリーが上がってる。 :: The next day the battery was flat again.
2631	パイロット	ぱいろっと	noun	pilot	大人になったらパイロットになりたいんだ。 :: I want to be a pilot when I grow up. || 当然のことながら私は上手なパイロットだ。 :: I take it for granted that I'm such a great pilot.
2632	ビッグ	びっぐ	na-adjective	big	私は彼にそのビッグニュースを知らせた。 :: I told him the big news. || これがビッグベンと呼ばれる鐘です。 :: This is the bell called Big Ben.
2633	フレンド	ふれんど	noun	friend	ダイヤモンドは女の子のベストフレンドです。 :: Diamonds are a girl's best friends.
2634	ボード	ぼーど	noun	board	ボードに掲示を張ってください。 :: Stick a notice on the board. || 僕はボードの上の駒を一つ前に進めた。 :: I moved a chess piece on the board one forward.
2635	マンション	まんしょん	noun	condominium (usu. mid or high-rise); apartment building; apartment house	彼がマンションを買ったのはご存じですか。 :: Did you know that he bought a condominium? || 彼女はもっと広いマンションを探している。 :: She is looking for a large apartment.
2636	久々	ひさびさ	na-adjective	(in a) long time; long time (ago); while (ago)	彼女はうちの部署に来た久々の大型新人です。 :: This is the first time in a while that someone we had such high hopes for came to our department. || 久々に聞いたこの曲。なつかしい。 :: Hearing this song after so long really brings back the old times.
2637	争い	あらそい	noun	fight; dispute; feud	お互いに言い争いをする家族は嫌いです。 :: I don't like families that quarrel amongst themselves. || 出来るだけ争いを避けなくてはならない。 :: We have to avoid a conflict as far as possible.
2638	事項	じこう	noun	matter; item; facts	この書類に必要事項を書き込んで下さい。 :: Please fill out this form. || 彼はその連絡事項を電話で伝えてくれた。 :: He sent me the message by telephone.
2639	兄さん	にいさん	noun	older brother; elder brother	彼のお兄さんは有名なサッカーの選手です。 :: His brother is a famous soccer player. || 彼女はお兄さんと同じ位の速さで泳げます。 :: She can swim as fast as her brother.
2640	入院	にゅういん	noun	hospitalization; hospitalisation	その子は病気で日曜から入院しています。 :: That child is sick and has been in the hospital since last Sunday. || ジムはすぐに入院させなければならない。 :: Jim must be hospitalized at once.
2641	単なる	たんなる	adjective	mere; simple; sheer	彼の性格には単なる正直以上のものがある。 :: There is more in his character than simple honesty. || その事故は単なる過失から起こった。 :: The accident arose from a simple mistake.
2642	妖怪	ようかい	noun	ghost; apparition; phantom	一匹の妖怪がヨーロッパを徘徊している。共産主義という妖怪が。 :: A spectre is haunting Europe — the spectre of communism.
2643	宝	たから	noun	treasure	あそこには宝が隠されているといううわさだ。 :: It's rumoured there are treasures hidden there. || 宝がどこに隠されているかは今なお謎である。 :: Where the treasure is hidden is still a mystery.
2644	尾	お	noun	tail (of an animal); cauda	私には彼の凍った息が白く尾を引くのが見えた。 :: I saw the white trail of his frozen breath. || 赤ん坊は猫の尾でおもしろく遊んでた。 :: The baby was amusing itself with the cat's tail.
2645	布団	ふとん	noun	futon; Japanese bedding consisting of a mattress and a duvet	朝になると布団を片づけます。 :: In the morning, we put away our futons. || 布団は私たちの寝具です。 :: Futons are our bedding.
2646	年金	ねんきん	noun	annuity; pension	会社は生活するために十分な年金を与えた。 :: The company gave him a large enough pension to live on. || 彼女は年金で生計を立てなければならない。 :: She has to live on the pension.
2647	幸い	さいわい	noun	happiness; blessedness; luck	なるべく早くご返事いただければ幸いです。 :: I would appreciate a reply as soon as possible. || 幸いにも作物は台風の被害を受けなかった。 :: Happily the crops were not harmed by the typhoon.
2648	弁	べん	noun	speech; tongue; talk	彼女はあまりしゃべらないが、いったん口を開くと弁が立つ。 :: She doesn't talk much, but once she does speak she is eloquent.
2649	拠点	きょてん	noun	base (of operations); site; location	リストラされた彼は心機一転、自宅を拠点にＳＯＨＯビジネスを始めた。 :: After getting downsized he started off on a clean slate and started a business working out of a home office.
2650	拡張	かくちょう	noun	expansion; extension; enlargement	彼は商売を拡張しようと計画している。 :: He is planning to develop his business. || 業務を拡張して食料品を少し売ることに決めた。 :: We decided to branch out into selling some foodstuffs.
2651	措置	そち	noun	measure; step; action	適切なときに適切な措置を講ずるべきです。 :: You should take the appropriate measures at the appropriate time. || 政府はインフレに対するために強硬な措置をとった。 :: The government adopted strong measures to fight inflation.
2652	未満	みまん	noun	less than; under; below	応募者は３０歳未満でなければならない。 :: Applicants must be under thirty years old. || 輸入車は８％未満しか占めていない。 :: Imported cars account for less than eight percent.
2653	死刑	しけい	noun	death penalty; capital punishment	アメリカの多くの州で死刑は廃止されてきた。 :: The death penalty had been done away with in many states in the USA. || 人を死刑にするのは正しいことではない。 :: It is not right to put a man to death for punishment.
2654	残業	ざんぎょう	noun	overtime (work)	わたしは、彼女の残業を免除してやった。 :: I exempted her from working overtime. || 来週は毎日残業しなければならないでしょう。 :: I'll have to work overtime every day next week.
2655	泉	いずみ	noun	spring; fountain	その男は知識の泉ともいうべき人だった。 :: The man was a fountain of knowledge. || 彼はその泉の水を飲んだ。 :: He drank from the spring.
2656	由来	ゆらい	noun	origin; source; history	このパレードは古い儀式に由来している。 :: This parade descends from an ancient rite. || この言葉はギリシャ語に由来している。 :: This word comes from Greek.
2657	相性	あいしょう	noun	affinity; compatibility; chemistry (between people)	あいつとはどうも相性が合わないんだ。 :: I don't get along with that guy. || 私は彼女とは相性が良くなかった。 :: I didn't get along with her.
2658	稼ぐ	かせぐ	verb	to earn (income); to make (money)	彼は生活するのに十分な金を稼いでいない。 :: He doesn't earn enough money to live on. || 私は自分の生活費を稼がなくてはならない。 :: I've got to earn my own living.
2659	純粋	じゅんすい	na-adjective	pure; true; genuine	近頃では、結婚の動機は必ずしも純粋とは限らない。 :: These days, the motives for marriage are not necessarily pure. || その子は純粋な心を持っていた。 :: The child had a pure heart.
2660	自治	じち	noun	self-government; autonomy	その教師は学生自治委員会の決定を支持した。 :: The teacher affirmed the decision of the student council.
2661	観測	かんそく	noun	observation; survey; measurement	来年６月２２日に観測される皆既日食。 :: The total solar eclipse can be observed next year on June 22nd. || ジャンスキーが観測したのは銀河系の中心核からの波長14.6mの電波であった。 :: What Jansky had observed was the 14.6m wavelength radio wave from the Milky Way's core.
2662	評判	ひょうばん	noun	reputation; (public) estimation; popularity	このレストラン、評判通りのおいしさだね。 :: This restaurant lives up to all the rave reviews it got. || そのスキャンダルが彼の評判を落とした。 :: The scandal detracted from his reputation.
2663	誘導	ゆうどう	noun	guidance; leading; induction	ジェット機は管制塔からの誘導で着陸した。 :: The jet plane landed following the instructions of the control tower. || 水先案内人は船を港に誘導する。 :: A pilot guides the ship toward the port.
2664	課	か	noun	lesson	その大学には学生のための就職課がある。 :: The college has a placement bureau for students. || 先生は新しい課を詳しく生徒に説明した。 :: The teacher explained the new lesson at length to the students.
2665	警戒	けいかい	noun	vigilance; caution; alertness	兵士たちは警戒しながら国境へ向かった。 :: The soldiers proceeded to the frontier with caution. || 兵士達は警戒しながら国境に向かって進んだ。 :: The soldiers headed for the frontier with caution.
2666	走行	そうこう	noun	running (of a car, bus, etc.); traveling; travelling	走行マイルで料金が加算されますか。 :: Is there a mileage charge? || 走行中の箱乗りはご遠慮下さい！ :: Please don't lean out of the window when we're moving.
2667	返信	へんしん	noun	reply (e.g. email, fax, letter); answer	これを受け取ったらすぐに返信してください。 :: Please send me a reply as soon as you receive this mail. || 参加できない場合には、返信をください。 :: If you cannot join us, please reply.
2668	集まる	あつまる	verb	to gather; to collect; to assemble	彼らは集まって、酒を飲むのが好きである。 :: They like to get together and drink. || 我々は夕食後に簡単な会合のため集まった。 :: We got together for short meeting after dinner.
2669	青春	せいしゅん	noun	youth; adolescence; springtime of life	君の青春が終わったと思うのももっともだ。 :: You may have good reason to think that your youth is over. || 自分の失われた青春を考えても無駄である。 :: It's no use thinking about one's lost youth.
2670	非難	ひなん	noun	criticism; blame; censure	彼らは彼がその自転車を盗んだと非難した。 :: They accused him of stealing the bicycle. || 彼らは約束を破ったといって私を非難した。 :: They accused me of having broken my promise.
2671	風邪	かぜ	noun	(common) cold; influenza; flu	あの寒い夜に風邪を引いたのかもしれない。 :: I may have caught cold on that cold night. || この薬であなたの風邪はよくなるでしょう。 :: This medicine will cure you of your cold.
2672	おっさん	おっさん	noun	Buddhist priest	おい、おっさん！何やってんだよ！ :: Hey, pops! What are you doing! || 僕にはどこにでもいるおっさんとしか見えないけどなあ。 :: To me he's no different from a million other dull middle aged men.
2673	たまに	たまに	adverb	occasionally; once in a while; now and then	いつもと変えてたまに外で食事しよう。 :: Let's occasionally change where we go to eat out. || 彼は若い頃たまに夜遅くまで勉強したものだった。 :: He would sometimes study late at night when young.
2674	アイス	あいす	noun	ice	私は、アイスコーヒーが好きではないし、彼女もそうだ。 :: I don't like iced coffee, and she doesn't either. || 「ご注文は？」「オレンジジュース」「アイス付きで？」「そう」「まいど」 :: Your order? "Orange juice." "With ice?" "Yes." "Thanks for your business."
2675	インチ	いんち	noun	inch	うちの息子は去年身長が５インチ伸びた。 :: My son grew 5 inches last year. || １インチを与えると１ヤードを取ろうとする。 :: Give him an inch and he will take a yard.
2676	コミュニケーション	こみゅにけーしょん	noun	communication	言葉はコミュニケーションのひとつの手段である。 :: Language is a means of communication. || 言語のおかげで他人とのコミュニケーションがとれる。 :: Languages enable us to communicate with other people.
2677	スタンド	すたんど	noun	stands; bleachers	次のスタンドまでどのくらいありますか。 :: How far is the next gas station? || ここで電気スタンドは売っていますか。 :: Do you sell desk lamps here?
2678	マップ	まっぷ	noun	map	ロードマップをください。 :: May I have a road map, please?
2679	メリット	めりっと	noun	advantage; benefit; merit	会議ではその計画のメリットを指摘しました。 :: At the meeting I pointed out the plan's merit. || 禁煙するのが早ければ早いほど、そのメリットは大きくなる。 :: The sooner you give up smoking, the greater the benefits.
2680	不幸	ふこう	noun	unhappiness; sorrow; misfortune	不幸な過去は忘れるようにしたほうがよい。 :: You should try to forget your unhappy past. || 彼女は自分の不幸な運命にため息をついた。 :: She sighed over her unhappy fate.
2681	体操	たいそう	noun	gymnastics; physical exercises	朝食前にいつも体操をします。 :: I always take some exercise before breakfast. || 健康のために体操する。 :: I take exercise for health.
2682	医学	いがく	noun	medicine; medical science	彼女は医学を学ぶためにアメリカに渡った。 :: She went to America with a view to studying medicine. || 息子は医学の勉強にアメリカに行きました。 :: My son has gone to America to study medicine.
2683	原則	げんそく	noun	principle; general rule	ずっと昔からこの原則は認められてきた。 :: Years ago this principle was widely recognized. || 文法の基本原則はそれほど難しくはない。 :: The basic principles of grammar are not so difficult.
2684	合意	ごうい	noun	(coming to an) agreement; consent; mutual understanding	我々は２時間の討議の後に合意に達した。 :: We arrived at an agreement after two hours' discussion. || 戦争は停止されるべきだと全員合意した。 :: They were unanimous that the war should be brought to a halt.
2685	哲学	てつがく	noun	philosophy	まず私の注意をひいたのは、哲学だった。 :: The first subject that attracted my attention was philosophy. || ギリシャの哲学者達は民主主義を高く評価した。 :: Greek philosophers placed value on democracy.
2686	孫	まご	noun	grandchild	孫たちは私に大きな喜びを与えてくれる。 :: My grandchildren give me such a delight. || 彼らが孫にどんなに夢中か知っているでしょ。 :: You know how crazy they are over their little bundle of joy.
2687	容易	ようい	na-adjective	easy; simple; plain	どんな難しいことでも慣れれば容易になる。 :: There nothing so difficult but it becomes easy by practice. || 喧嘩を止めようとしたが容易ではなかった。 :: I tried to stop their quarrel, but that was not easy.
2688	よせ	よせ	noun	yose; end game; last stage of a game	わずかな額のことで言い争うのはよせ。 :: Don't haggle over a small sum of money. || いい年してそんな馬鹿なまねはよせ。 :: At your age you should know better.
2689	帽子	ぼうし	noun	hat; cap	あなたは間違えて私の帽子を被ったようだ。 :: It appears to me that you put on my hat by mistake. || その少女は大きな赤い帽子をかぶっていた。 :: The girl had a large red hat on.
2690	成分	せいぶん	noun	ingredient; component; composition	この飲料に含まれている成分には有害なものがある。とりわけ妊娠中の人に。 :: Some of the ingredients in this beverage are harmful, especially if you are pregnant. || 子宮内の羊水は、海水とほぼ同じ成分だそうです。 :: They say amniotic fluid has roughly the same composition as sea water.
2691	払う	はらう	verb	to pay (e.g. money, bill)	あなたは昼食代を払わなくてもいいですよ。 :: You need not pay for your lunch. || お金を払ってもらえればその仕事をします。 :: I will do that work on condition that I get paid for it.
2692	排除	はいじょ	noun	exclusion; removal; elimination	我々はあらゆる障害を排除して進まなければならない。 :: We must go forward getting the better of all obstacles. || 暴力は排除しなければならない。 :: We must do away with violence.
2693	改造	かいぞう	noun	remodeling; remodelling; reconstruction	車庫を仕事場として使えるように改造した。 :: I adapted the garage for use as a workshop. || 父は車庫を書斎に改造した。 :: My father converted a garage into a study.
2694	政党	せいとう	noun	political party	その団体はどの政党とも関係がありません。 :: The organization is not connected with any political parties. || いかなる政党も本質的に保守的である。 :: Any political party is conservative in itself.
2695	教える	おしえる	verb	to teach; to instruct	あなたの国について私に何か教えて下さい。 :: Tell me something about your country. || あなたの銀行口座を教えていただけますか。 :: May we know your bank account?
2696	書店	しょてん	noun	bookshop; bookstore	彼はある書店で１冊の英語の本を買った。 :: He bought an English book at a bookstore. || この本は駅前の書店で買ったんだ。 :: I bought this book at the bookstore in front of the station.
2697	林	はやし	noun	wood; woods; forest	林商店が日本におけるわが社の唯一の代理店である。 :: Messrs. Hayashi & Co. is our sole agent in Japan. || 京葉鉄鋼の林様よりご紹介いただきました。 :: Your name was given to us by Mr. Hayashi of Keiyo Steel Corporation.
2698	流出	りゅうしゅつ	noun	outflow; effluence; efflux	私が石油をいくらか流出させてしまった。 :: I ran off some of the oil. || 個人情報の流出があちこちで起こって問題になった。 :: The buying and selling of peoples' personal information is becoming a big issue.
2699	消える	きえる	verb	to disappear; to vanish; to go out of sight	少年はタクシーが霧の中へ消えたと言った。 :: The boy said that the taxi vanished into the fog. || 彼は嫌な思い出が消えることを願っている。 :: He wishes to erase bad memories.
2700	深刻	しんこく	na-adjective	serious; severe; grave	あまり深刻に考えるな。ゲームなんだから。 :: Don't be so serious. It's only a game. || 人口の増加は深刻な社会問題を生んでいる。 :: Population growth has given rise to serious social problems.
2701	癖	くせ	noun	habit (usu. a bad one); tendency	君はその悪い癖をなくさなければならない。 :: You must get rid of that bad habit. || いったん悪い癖がつくと、なおすのは難しい。 :: Once a bad habit is formed, it is hard to get rid of it.
2702	真ん中	まんなか	noun	middle; centre; center	私は人ごみの真ん中に古い知人を見かけた。 :: I caught sight of an old acquaintance in the middle of the crowd. || 橋は真ん中で開くような具合に作られている。 :: The bridge is designed to open in the middle.
2703	統合	とうごう	noun	integration; unification; unity	これらの諸州は統合して１つの国になった。 :: These states were united into one nation. || 彼の作品はいくつかのアイデアの統合体である。 :: His work is a synthesis of several ideas.
2704	薄い	うすい	i-adjective	thin (of an object)	高く登るにつれて、空気はますます薄くなる。 :: As we go up higher, the air becomes thinner. || この氷は薄すぎて君の体を支えきれないだろう。 :: This ice is too thin to bear your weight.
2705	豊か	ゆたか	na-adjective	abundant; plentiful; rich	彼らは貧しいかもしれないが、心は豊かだ。 :: They may be poor, but rich in spirit. || 旅は私たちの心を大いに豊かにするだろう。 :: Traveling will immensely enrich our minds.
2706	豪華	ごうか	na-adjective	extravagant; lavish; opulent	なんて豪華なコートを着ているのだろう。 :: What a gorgeous coat you're wearing! || そのホテルは言葉で表現できないほど豪華だった。 :: The hotel was luxurious beyond description.
2707	通勤	つうきん	noun	commuting to work	彼は車を売ったので、電車で通勤している。 :: He has sold his car, so he goes to the office by train. || 彼は横浜から東京へ電車で通勤している。 :: He commutes from Yokohama to Tokyo by train.
2708	通報	つうほう	noun	report; notification; tip	すぐ警察に通報してください。 :: You should notify the police at once. || 物取りなので、物を盗ったら帰ります。通報したら刺します。 :: I'm a thief, I'll go back when I've taken the stuff. Report me and I'll stab you.
2709	遊ぶ	あそぶ	verb	to play (games, sports); to enjoy oneself; to have a good time	あの子もおもちゃで遊ぶ年は過ぎるころだ。 :: He will soon be past playing with toys. || トニー君はその時どこで遊んでいましたか。 :: Where was Tony playing then?
2710	関与	かんよ	noun	participation; taking part in; participating in	彼がそれに関与していないのは賢明だった。 :: He was wise not to participate in it. || 彼女はその殺人事件に関与しているようだ。 :: She seems to be involved in that murder case.
2711	電池	でんち	noun	battery; cell	電池が弱ってきているのでうまく動かない。 :: It doesn't work so well because the batteries are running down. || このコンピューターは電池で作動する。 :: This computer runs on batteries.
2712	いよいよ	いよいよ	adverb	more and more; all the more; increasingly	いよいよ今週を限りに、しばらくのお休みです。 :: I've finally got some vacation coming as of the end of this week. || いよいよという時に言葉が出ない。 :: Words fail right when you need them.
2713	たっぷり	たっぷり	adverb	plentifully; amply; abundantly	彼はその仕事に対したっぷり報酬をもらった。 :: He was given ample payment for the work. || 彼はまず朝食をたっぷりとることから始めた。 :: He started off with a good breakfast.
2714	ところで	ところで	conjunction	by the way; incidentally; well	ところで、何時にそこへ行くつもりですか。 :: By the way, what time will you go there? || ところで、君に貸したお金はどうなったの。 :: By the way, what happened to the money I lent you?
2715	どうやら	どうやら	adverb	possibly; apparently; (seem) likely	どうやらおっしゃるとおりだと思います。 :: I almost think you're right. || どうやら彼は長い間病気をしていたようです。 :: He seems to have been ill for a long time.
2716	のち	のち	noun	later; afterwards	法案は激しい論争ののち議会を通過した。 :: The bill was passed after a hard fight in the House. || そして何年ものちに再び男の子は、戻ってきた。 :: And after a long time the boy came back again.
2717	オーバー	おーばー	noun	overcoat	オーバーのクリーニング代はいくらですか。 :: What is the charge for cleaning overcoats? || あなたはオーバーなしですますつもりですか。 :: Do you mean to do without an overcoat?
2718	カール	かーる	noun	curl (of hair); ringlet	ベンは１００メートル競争をカールと走った。 :: Ben ran a 100-meter race with Carl. || カールはとても嬉しそうだった。 :: Carl looked very happy.
2719	サーバー	さーばー	noun	server	サーバーがダウンしてて、メールチェックできない。 :: I can't check my mail. The server is down. || サーバーが落ちていた。 :: The server was down.
2720	ショット	しょっと	noun	shot	こんなすごいショットは今まで見た事がないよ。 :: I've never seen a shot like that. || ショットはとても速いものもある。 :: Some people have very fast serves.
2721	スカート	すかーと	noun	skirt	あれは私が昨日買ったのと同じスカートだ。 :: That is the same skirt as I bought yesterday. || 叔母が私に新しいスカートを作ってくれた。 :: My aunt made me a new skirt.
2722	タウン	たうん	noun	town	チャイナタウンにはどうやっていきますか。 :: How do I get to Chinatown? || ダウンタウンで会おう。君の都合はいいかい。 :: We could meet downtown. Would that be convenient for you?
2723	タレント	たれんと	noun	(TV or radio) entertainer; television personality; radio personality	あなたの一番好きなテレビタレントはだれ？ :: Who is your favorite TV star? || 彼の妹は人気のテレビタレントだよ。 :: His sister is a popular TV personality.
2724	ピザ	ぴざ	noun	pizza	このピザ、そう捨てたものでもないよ。 :: Hey, this pizza isn't bad. Not bad at all. || 私の仕事はバイクでピザを配達することだった。 :: My work was to deliver pizza by motorcycle.
2725	マイル	まいる	noun	mile	その村はこの町の北２０マイルの所にある。 :: The village lies 20 miles north of this town. || 日光は東京の北約７５マイルの地点にある。 :: Nikko is situated about seventy five miles north of Tokyo.
2726	ローマ	ろーま	noun	Rome	ローマではローマ人がするようにしなさい。 :: When in Rome, do as the Romans do. || 彼らはローマで楽しい時を過ごしたようだ。 :: They seem to have had a good time in Rome.
2727	上下	じょうげ	noun	top and bottom; high and low; above and below	私は体重７０キロ、数キロの上下はあるが。 :: I weigh 70 kilos, give or take a few kilos. || 地震では地面は上下、そして横に揺れる。 :: In an earthquake, the ground can shake up and down, or back and forth.
2728	下記	かき	noun	the following	各目的地までの往復料金は下記の通りです。 :: Round-trip fares to each destination are as follows. || 会議では下記を話し合うつもりです。 :: I'd like to discuss the following at the meeting.
2729	仕掛け	しかけ	noun	device; contrivance; mechanism	この仕掛けはスイッチで動く。 :: This device is actuated by a switch.
2730	判定	はんてい	noun	judgement; judgment; decision	審判はそのボールをファウルと判定した。 :: The umpire called the ball foul. || 彼は数学が得意なのだが最高の判定を取ったことがない。 :: He has not taken the highest level evaluation, but he is good at mathematics.
2731	割合	わりあい	noun	rate; ratio; percentage	針は中心を一時間に１０回転の割合で回る。 :: The hand on its axis turns at 10 revolutions per hour. || 彼は１分間に２００語の割合でしゃべっている。 :: He chatters at the rate of two hundred words a minute.
2732	加入	かにゅう	noun	joining (a club, organization, etc.); becoming a member; entry	議長はその団体に１０年間加入しています。 :: The chairperson has been associated with the organization for ten years. || まさかの時のために彼は保険に加入した。 :: He insured himself for a rainy day.
2733	喉	のど	noun	throat	喉が渇いています。何か冷たい飲物を下さい。 :: I am thirsty. Please give me something cold to drink. || この時計、喉から手が出るほど欲しかったんだ。 :: I wanted this watch so badly I could taste it.
2734	外出	がいしゅつ	noun	going out; outing; leaving (one's home, office, etc.)	この雨の中を外出などできるものじゃない。 :: Going out in this rain is out of the question. || ひどい嵐のために、彼は外出できなかった。 :: He could not go out because of a bad storm.
2735	容量	ようりょう	noun	capacity; volume	タンクの容量は５０ガロンだ。 :: The tank has a capacity of fifty-gallons. || 大容量のＲＡＭが搭載されていると、メモリ不足を示すエラーメッセージが表示される。 :: If a very large amount of memory is installed, an 'insufficient memory' error message is displayed.
2736	帰宅	きたく	noun	returning home; going home; coming home	母は私が帰宅することばかりを思っていた。 :: Mother thought of nothing but my coming home. || 私が帰宅したとき、ケンは読書をしていた。 :: Ken was reading when I came home.
2737	徐々に	じょじょに	adverb	gradually; steadily; slowly	彼らの友情は徐々に愛情に変わっていった。 :: By degrees their friendship grew into love. || 徐々に、彼と彼女の友情は愛情に変わった。 :: By degrees the friendship between him and her grew into love.
2738	成績	せいせき	noun	results; record; grades	もっといい成績を得るように努力しなさい。 :: You should exert yourself to get better results. || 学校の成績が悪いと仕事を探す時に不利だ。 :: A poor school record will count against you when you look for a job.
2739	拘束	こうそく	noun	restriction; restraint; binding	この決定は諸君全部を拘束するものではない。 :: This decision is not binding on all of you. || 悪名高い反乱兵はついに捕らえられ、拘置所に身柄を拘束された。 :: The notorious rebel was ultimately captured and confined to jail.
2740	故障	こしょう	noun	fault; trouble; breakdown	その機械はどこか故障しているに違いない。 :: There must be something wrong with the machine. || 車が故障したので、歩かねばならなかった。 :: The car broke down, so we had to walk.
2741	昨年	さくねん	noun	last year	昨年のスカートは膝のすぐしたまでだった。 :: Skirts last year reached just below the knees. || 昨年私の兄は毎日学校に遅刻していました。 :: Last year, my brother was late for school every day.
2742	朝日	あさひ	noun	morning sun	明日早く起きれば、朝日がみられますよ。 :: If you get up early tomorrow, you can see the rising sun. || 家のこちら側は朝日をとらえる。 :: This side of the house catches the morning sun.
2743	楽器	がっき	noun	musical instrument	あなたは楽器を演奏しますよね。 :: You play a musical instrument, don't you? || その会社は広範な種類の楽器を製造している。 :: The company manufactures a wide variety of musical instruments.
2744	湯	ゆ	noun	hot water	なんか・・・女湯から悲鳴が聞こえてくるんだけど。 :: Say ... I can hear screams coming from the women's bath. || 沸騰している湯に塩を入れなさい。 :: Put some salt into the boiling water.
2745	研修	けんしゅう	noun	training (esp. in-service); induction course	研修によって、従業員の非常事態への対応を迅速化できる。 :: Training conditions workers to react quickly to an emergency. || 研修会は午後4時開始予定です。 :: The training session is scheduled to begin at 4 p.m.
2746	行方	ゆくえ	noun	(one's) whereabouts	その行方不明だった子は２日後に見つかった。 :: The lost child was found after two days. || 我々は行方不明の子を求めて森の中を探した。 :: We searched the woods for the missing child.
2747	言い方	いいかた	noun	way of saying (something); way of putting it; wording	彼はその子の率直なものの言い方が好きだった。 :: He liked the boy's frank way of speaking. || そんな言い方をするとあなたの値が下がりますよ。 :: You're making yourself appear cheap.
2748	郵便	ゆうびん	noun	mail service; postal service; mail	あなたは住所の変更を郵便局に通知したか。 :: Did you inform the post office of the change of your address? || この小包を郵便局へ持って行ってください。 :: Please take this parcel to the post office.
2749	重量	じゅうりょう	noun	weight	このバッグは４キロの重量オーバーです。 :: This bag is 4 kilograms overweight. || 重い金庫の重量で床がぬけ落ちた。 :: The floor gave in under the weight of the heavy safe.
2750	阪神	はんしん	noun	Osaka-Kobe	私たちは阪神の大ファンです。 :: We are great Tigers fans. || 阪神大震災では地面が長時間に渡って揺れた。 :: In the Hanshin earthquake, the ground shook for a long time.
2751	除く	のぞく	verb	to remove; to get rid of; to take away	これは少し誤りがあるのを除けばよい本だ。 :: This is a good book except for a few mistakes. || 一人を除いて全員が彼の計画に賛成した。 :: All except one agreed to his plan.
2752	風景	ふうけい	noun	scenery; scene; landscape	その地域は風景と野生動物で注目に値する。 :: The area is notable for its scenery and wildlife. || とても美しい風景がいくつかありました。 :: I saw some very beautiful scenes.
2753	首都	しゅと	noun	(national) capital (city); metropolis	彼はフランスの首都パリへ行った。 :: He went to Paris, which is the capital of France. || 京都はかつて日本の首都でした。 :: Kyoto was an old capital of Japan.
2754	しょうが	しょうが	noun	ginger (Zingiber officinale)	空席があるのに立っていてもしょうがない。 :: There is no sense in standing when there are seats available. || 過ぎ去ったことを嘆いてもしょうがない。 :: It is no use crying over spilt milk.
2755	すっかり	すっかり	adverb	all; completely; totally	この大木で光がすっかりさえぎられている。 :: The light is completely blocked out by the big tree. || この町は１０年前とはすっかり様子が違う。 :: This town is quite different from what it was ten years ago.
2756	まずい	まずい	i-adjective	bad(-tasting); unpalatable; unsavoury	彼の会社での立場はまずくなりつつある。 :: He is losing ground in his company. || あ！まずい！ガソリンが切れてきた。 :: Oh, no! We're running out of gas.
2757	もしかして	もしかして	adverb	perhaps; possibly; maybe	もしかしてあなたのタイプ貸してもらえるかしら。 :: Is there any chance of my borrowing your typewriter? || ああ、もしかして名前を呼ばれるのが恥ずかしいって？ :: Ah, could it be you're embarrassed to be called by your first name?
2758	シナリオ	しなりお	noun	script; screenplay	映画のシナリオみたいですね。 :: That's something like a movie scenario.
2759	タオル	たおる	noun	towel	きれいなタオルは引き出しにありますよ。 :: The clean towels are in the drawer. || バスタオルがぬれていて、役に立たなかった。 :: My bath towel was wet, so it was of no use.
2760	タンク	たんく	noun	tank (of fluid); cistern; vat	ガソリンがなくなったので、予備タンクに頼った。 :: I fell back on the reserve tank when the gas ran out. || タンクの中には、あったとしてもごくわずかな水しかない。 :: There's little water in the tank, if any.
2761	ボーナス	ぼーなす	noun	bonus	ボーナス全部を買い物と旅行に使ってしまった。 :: I blew my whole bonus on shopping and travel. || ボーナスがいつもより少なかったのでがっかりした。 :: I was disappointed to see that my bonus was a bit less than I was expecting.
2762	マナー	まなー	noun	manners; etiquette; polite behaviour	誰が彼らにテーブルマナーを教えたんですか。 :: Who taught them table manners? || テーブルマナーは国によって異なる。 :: Table manners vary from one country to another.
2763	ユダヤ	ゆだや	noun	Judea (southern Palestine)	彼は自分がユダヤ人であることを幸せに思った。 :: He was happy being a Jew. || イサクはユダヤ人の指導者であった。 :: Isaac was a leader of the Jewish people.
2764	ラップ	らっぷ	noun	plastic wrap; cling film; cling wrap	私はお姉ちゃんの夕飯をラップに包んでしまわないと。 :: I have to wrap my sister's dinner in cling film.
2765	ロング	ろんぐ	na-adjective	long	あなたはロング先生に英語を習ったのですね。 :: You learned English from Miss Long, didn't you? || その頃、ロングスカートが流行していた。 :: Long skirts were in fashion in those days.
2766	不動産	ふどうさん	noun	real estate	その不動産屋はその夫婦に嘘をついた。 :: The real estate man told lies to the couple. || 不動産が高すぎるという意見に賛成だ。 :: I agree with the opinion that real estate is overpriced.
2767	中華	ちゅうか	noun	China	中華料理はフランス料理と同様に美味しい。 :: Chinese food is no less delicious than French. || 彼は私に中華料理が好きかどうかたずねた。 :: He asked if I liked Chinese food.
2768	中間	ちゅうかん	noun	middle; midway; halfway	体育祭も終わったし、次は中間テストかあ。 :: Well sports day is over too, next the midterms ... || 走者は中間標識のところに達していた。 :: The runner had reached the halfway mark.
2769	事例	じれい	noun	example; precedent; case	私たちはその事例にこの規則を適用できる。 :: We can apply this rule to that case. || この種の事例は統計的処理が適応できる。 :: This kind of case is amenable to statistical treatment.
2770	今更	いまさら	adverb	now (when it is already much too late); at this stage	ここまで計画したのに、今更やめるって言わないでよ。 :: Don't tell me you're going to back out after all the plans we've made. || 今更後悔しても無駄だ。 :: It's no use regretting it now.
2771	今朝	けさ	noun	this morning	お父さんは今朝からずっと車を洗っている。 :: My father has been washing his car since this morning. || ラジオで、今朝、ニュースを聞きましたか。 :: Did you hear the news on the radio this morning?
2772	個別	こべつ	adjective	individual; separate; personal	あらゆる事態を個別に分析する必要がある。 :: Every situation requires individual analysis. || 税金のために彼は銀行口座を個別にしておきたかった。 :: He wished to keep the bank accounts separate for tax purposes.
2773	単語	たんご	noun	word; vocabulary	その事典は約５０万語の単語を収めている。 :: The dictionary contains about half a million words. || まず、君は単語力をつけないといけません。 :: First you have to build up your vocabulary.
2774	名称	めいしょう	noun	name; title	この会の名称はＥ．Ｓ．Ｓ．とする。 :: This association shall be called the E.S.S.
2775	執行	しっこう	noun	execution; carrying out; performance	口は体の死刑執行人であり医者である。 :: The mouth is the executioner and the doctor of the body. || 群集が警察の職務執行の妨げになった。 :: The crowd obstructed the police in the discharge of their duties.
2776	外科	げか	noun	surgery (branch of medicine)	彼は外科医である上に著名な作家であった。 :: Besides being a surgeon, he was a famous writer. || 兄は全く不器用なのに、彼は優秀な外科医だ。 :: His brother is all thumbs, but he is a skillful surgeon.
2777	好評	こうひょう	noun	favorable reception; good reputation; popularity	彼は好評を得るだけの価値がある。 :: He deserves a good reputation. || その映画は大好評です。 :: The film is going over big with audiences.
2778	学会	がっかい	noun	learned society; scientific society; academy	盛田教授は化学学会で司会を務めた。 :: Professor Morita presided at a meeting of the Chemical Society.
2779	誠に	まことに	adverb	really; truly; very	遅れまして、誠に申し訳ありません。 :: I'm awfully sorry that I was late. || ご親切誠にありがとうございます。 :: Thank you for your kindness.
2780	実力	じつりょく	noun	(real) ability; true strength; merit	彼はどう見ても実力者だった。 :: He was to all appearances a strong man. || やつらに実力の差を見せ付けてやった。 :: I showed them the difference of ability.
2781	小型	こがた	adjective	small-sized; small-scale; miniature	その少年は父親を小型にしたようだ。 :: The boy is his father in miniature. || この前の日曜日に小型トラックで家に帰ったのを覚えている。 :: I remember riding home on a pickup truck last Sunday.
2782	引き続き	ひきつづき	adverb	continuously; continually; without a break	その事件の展開について引き続きお知らせ下さい。 :: Please keep me informed of the development of the case. || 引き続きのご支援を感謝いたします。 :: We appreciate your continued support.
2783	忘れる	わすれる	verb	to forget; to leave carelessly; to be forgetful of	あなたが宿題を忘れた事は、不注意である。 :: It was careless of you to forget your homework. || あなたのご親切を私はけっして忘れません。 :: I shall never forget your kindness.
2784	恥	はじ	noun	shame; embarrassment; disgrace	ぼくは恥より死の方がましだと思っている。 :: I think death is preferable to shame. || 彼らは賄賂をもらうのを恥と思っていない。 :: They are not above taking bribes.
2785	本社	ほんしゃ	noun	head office; main office; headquarters	同社の本社はロサンゼルスにあります。 :: The corporate headquarters is in Los Angeles. || 彼女は先月本社から支社へ転勤させられた。 :: She was transferred from the head office to a branch office last month.
2786	根	ね	noun	root (of a plant)	そのうわさは根も葉もないことが分かった。 :: The rumor turned out to be groundless. || 彼は気難しそうに見えるが根はやさしい。 :: He looks bad-tempered, but he is kind at heart.
2787	機体	きたい	noun	fuselage; airframe	機体が揺れ始めて乗客は不安になった。 :: Passengers became nervous when the plane began to vibrate. || 人間は複雑な有機体だ。 :: Man is a complex organism.
2788	機構	きこう	noun	mechanism; machinery	どこか機構が悪いに違いない。 :: Something must be wrong with the machinery. || ＷＨＯとは世界保健機構を表す。 :: WHO stands for World Health Organization.
2789	正常	せいじょう	na-adjective	normal; regular	政府は事態を正常に戻す努力をしている。 :: The government is trying to bring things back to normal. || まもなく景気は正常なレベルまで回復するだろう。 :: It will not be long before business returns to normal.
2790	正当	せいとう	na-adjective	just; justifiable; right	彼は自分の行為を正当化しようとしている。 :: He is trying to justify his act. || あなたは自分の行為を正当化できますか。 :: Can you justify your action?
2791	汚染	おせん	noun	pollution; contamination	その都市は大気汚染がひどいことで有名だ。 :: The city is notorious for its polluted air. || この川は工場の廃棄物で汚染されている。 :: This river is polluted with factory waste.
2792	泣き	なき	noun	weeping; lamenting	見つけた人がもらう人、なくした人は泣きをみる。 :: Finders keepers, losers weepers. || 彼はものも言わず泣きもしないで、黙って出ていった。 :: He neither spoke nor wept, but went out in silence.
2793	湖	みずうみ	noun	lake	湖は凍っていたので氷の上を歩いて渡った。 :: The lake was frozen, so we walked across the ice. || 湖までかけていって飛び込んだものでした。 :: We would run down to the lake and jump in.
2794	知事	ちじ	noun	prefectural governor	彼は当選して知事になるつもりだと言った。 :: He said that he would be elected and that he would become governor. || 知事はその点についてある程度妥協した。 :: The governor compromised on the subject to a certain degree.
2795	移住	いじゅう	noun	migration; move; emigration	初期の人類は世界のあらゆる所に移住した。 :: Early man migrated to all parts of the world. || 彼女の一家はブラジルへ移住して行った。 :: Her family moved to Brazil.
2796	網	あみ	noun	net; netting	日本全国に鉄道が網の目のようにできている。 :: A network of railroads spreads all over Japan. || 網にかかったものは何でも魚だ。 :: All's fish that comes to the net.
2797	美術	びじゅつ	noun	art; fine arts	彼は現代美術についての面白い放送をした。 :: He gave an interesting broadcast about modern art. || 彼は法律をやめて美術をやることにしました。 :: He decided to abandon law for art.
2798	走り	はしり	noun	running	彼は走りに走ったが犬に追いつけなかった。 :: He ran and ran, but could not catch up with his dog. || 私達はバスに間に合うように走りに走った。 :: We ran and ran so as to catch the bus.
2799	長年	ながねん	noun	many years; a long time	新しい法律は、その長年の慣習を廃止した。 :: The new law has done away with the long-standing custom. || 私の父は長年、外国貿易に従事しています。 :: My father has been engaged in foreign trade for many years.
2800	香港	ほんこん	noun	Hong Kong	私たちの香港旅行を取り消してくれませんか。 :: Would you please call off our trip to Hong Kong? || 香港オフィスの皆さんは、お元気ですか？ :: How's everyone at the Hong Kong office?
2801	アドバイス	あどばいす	noun	advice	あなたのアドバイスなしではいられません。 :: I cannot do without your advice. || どの科目を選ぶべきかアドバイスください。 :: Please advise me which subject I should choose.
2802	ショート	しょーと	na-adjective	short	ショートスカートはすでに時代遅れである。 :: Short skirts have already gone out. || 怪我をしたためにショートの選手は出場できなくなった。 :: An injury put the shortstop out of action.
2803	スープ	すーぷ	noun	(Western) soup	スープを飲む際に音を立ててはいけません。 :: Don't make noise when you eat soup. || 彼女は私たちに野菜スープを作ってくれた。 :: She cooked vegetable soup for us.
2804	デッキ	でっき	noun	deck (of a ship)	彼女は長い髪を風になびかせてデッキに立っていた。 :: She stood on the deck with her long hair waving in the wind. || そして、この遊具には滑り台のデッキに上がる方法がもう一つあります。 :: And there is one more method of climbing up to the slide deck.
2805	ハンター	はんたー	noun	hunter	ハンターは鳥をねらって撃った。 :: The hunter shot at the bird. || ハンターは猟銃をその鳥の群れに向けた。 :: The hunter aimed a shotgun at the flock of birds.
2806	パイ	ぱい	noun	pie; tart	彼はパイを頼んだ、私も同じものを注文した。 :: He asked for pie, and I ordered the same. || １５種類以上のパイをご用意しています。 :: There are over 15 different kinds of pies.
2807	フォロー	ふぉろー	noun	follow	みんな、俺も全力でフォローする。このイベントかならず成功させるぞ。 :: Guys, I'll do my utmost to back you up. We'll make this event a success no matter what! || 「まあ、見た目は変なヤツだが……中身はもっと変だ」「フォローになってないです」 :: Well he looks odd on the surface ... but he's even odder on the inside. "You're really not helping me there."
2808	マイク	まいく	noun	mike; mic; microphone	ドアが突然マイクによってあけられました。 :: The door was suddenly opened by Mike. || マイクはシカゴに住んでいる友達がいます。 :: Mike has a friend who lives in Chicago.
2809	ランチ	らんち	noun	lunch	ハイキングの日にランチを持ってきなさい。 :: Bring a lunch for our day of hiking. || 運んできてくれたランチは噂に違わず旨かった。 :: The lunch she brought to me was as delicious as rumoured.
2810	保守	ほしゅ	noun	maintenance	いかなる政党も本質的に保守的である。 :: Any political party is conservative in itself. || イギリス人は保守的だと言われている。 :: The English are said to be conservative.
2811	出席	しゅっせき	noun	attendance; presence; appearance	すべての学生が出席したわけではなかった。 :: Not all the students were present. || その会は特に出席がよいわけではなかった。 :: The meeting was not particularly well attended.
2812	分類	ぶんるい	noun	classification; categorization; sorting	全ての書物は二種類に分類できると言ってよい。 :: All books may be divided into two classes. || 本は良い物と悪い物とに分類できる。 :: One can classify books into good ones and bad ones.
2813	加減	かげん	noun	degree; extent; amount	上司は僕の仕事振りがいい加減だと決め付けた。 :: My boss took me to task for the poor quality of my work. || あいつの馬鹿さ加減には、もう、あきれちゃうよ。 :: It constantly appalls me how stupid he can be.
2814	口座	こうざ	noun	account (e.g. bank)	あなたの銀行口座を教えていただけますか。 :: May we know your bank account? || 彼は口座の中の一定額を子供用に用いた。 :: He had some money in an account that he'd set aside for his kids.
2815	同盟	どうめい	noun	alliance; union; league	ドイツはかつてイタリアと同盟国であった。 :: Germany was once allied with Italy. || ドイツはイタリアと同盟を結んだ。 :: Germany made an alliance with Italy.
2816	大戦	たいせん	noun	great war; great battle	この本は第二次大戦までしか扱っていない。 :: This book only goes down to World War II. || たくさんの人が第二次世界大戦で戦死した。 :: A lot of people were killed in World War II.
2817	天国	てんごく	noun	paradise; heaven; Kingdom of Heaven	どうすれば天国に行けるのでしょうか。 :: How can I get to heaven? || 彼のみたまが天国で安らかなることを。 :: May his soul rest in Heaven.
2818	嫉妬	しっと	noun	jealousy; envy	彼女は彼が他の女の子に話し掛けると嫉妬した。 :: She was jealous when he talked to another girl. || 私は彼女の嫉妬には我慢ができない。 :: I can't stand her jealousy.
2819	寺	てら	noun	temple (Buddhist)	私は京都の古い寺に深い愛着を感じる。 :: I am deeply attached to old temples in Kyoto. || 誰でもその寺へ行く道を教えてくれる。 :: Any person whatever can tell the way to the temple.
2820	怪しい	あやしい	i-adjective	suspicious; dubious; questionable	「彼は成功するだろうか」「どうも怪しい」 :: Will he succeed? "I fear not." || 駅に着かないうちに空模様が怪しくなってきた。 :: The sky had become threatening before I got to the station.
2821	推測	すいそく	noun	guess; conjecture	答えがわからなければ、推測してみなさい。 :: If you don't know the answers, guess. || いずれにしてもあなたの推測は間違っている。 :: In any case, you are wrong in your conjecture.
2822	損害	そんがい	noun	damage; injury; loss	その嵐は彼女の財産に大きな損害を与えた。 :: The storm did great damage to her property. || その爆発はそのビルに多大の損害を与えた。 :: The explosion did a lot of damage to the building.
2823	時刻	じこく	noun	time; (the) hour	ロンドン行きの列車を時刻表で調べなさい。 :: Look up the trains to London in the timetable. || 彼らの到着する正確な時刻を教えて下さい。 :: Please tell me the precise time of their arrival.
2824	机	つくえ	noun	desk	「あなたの本はどこですか」「机の上です」 :: Where are your books? "They are on the desk." || あなたのかばんは私の机の上にありますよ。 :: Your bag is on my desk.
2825	根拠	こんきょ	noun	basis; grounds; foundation	その結論はしっかりした根拠に基づいている。 :: The conclusion rests on a solid basis. || これらの主張には科学的な根拠がない。 :: There is no scientific basis for these claims.
2826	消化	しょうか	noun	digestion (of food)	食べ過ぎると、消化不良に苦しむことになる。 :: When we eat too much, we suffer from indigestion. || 食べているもので嫌いなものはよく消化しません。 :: Foods you eat which you don't like will not digest well.
2827	無人	むじん	adjective	unmanned; uninhabited; unattended	こういう野菜の無人販売所は、都会では見かけないよね。 :: You don't see this kind of vegetable vending machine in the city.
2828	班	はん	noun	group; party; team	マークは建設班の中では働き者だった。 :: Mark was a work horse on his construction crew. || サマーキャンプでは、彼女が私の班の責任者になった。 :: At the summer camp, she was in charge of the group I belonged to.
2829	理	り	noun	reason; principle; logic	その計画は理にかなっていると我々全員一致した。 :: We all agreed that the plan made sense. || 彼の言葉は理にかなっているようだ。 :: His words sound reasonable.
2830	畑	はたけ	noun	field (for growing wheat, fruit, vegetables, etc.); cultivated land; vegetable plot	そこに農場や畑を作ることができるだろうか。 :: We will be able to build farms and create fields there. || そして畑の中にたくさんの道路が次々とできました。 :: More roads were made, and the countryside was divided into lots.
2831	着用	ちゃくよう	noun	wearing (e.g. a uniform, seat belt, helmet); having on	従業員は制服を着用しなければならない。 :: Employees are required to wear uniforms. || 車を運転する人はシートベルトを着用すべきだ。 :: Drivers should wear seat belts.
2832	究極	きゅうきょく	adjective	ultimate; final; last	人類の究極的運命はどうなるであろうか。 :: What is man's ultimate destiny? || 教育の究極の目標とは何だろうか。 :: What is the ultimate purpose of education?
2833	舞	まい	noun	dancing; dance	ダンサーの優美な舞は観衆を魅了した。 :: The dancer's graceful action charmed the audience. || 舞が家出を敢行する、直前のことだろう。 :: That was probably just before Mai took the drastic step of leaving home.
2834	農業	のうぎょう	noun	agriculture; farming	その国の経済は、農業に依存している。 :: The country's economy depends on agriculture. || 僕は決して農業が嫌いな訳じゃない。 :: By no means do I dislike farming.
2835	返す	かえす	verb	to return (something); to restore; to put back	その本を読み終えたら図書館に返しなさい。 :: If you have finished reading the book, return it to the library. || たぶん彼は私の本を返すのを忘れるだろう。 :: He will probably forget to return my book.
2836	過ごす	すごす	verb	to spend (time); to pass; to lead (a life)	彼はそのレストランで楽しい時を過ごした。 :: He had a good time in the restaurant. || 彼らはローマで楽しい時を過ごしたようだ。 :: They seem to have had a good time in Rome.
2837	配慮	はいりょ	noun	consideration; concern; attention	化学物質に敏感な人々への配慮がない。 :: No consideration is paid to people who are sensitive to chemicals. || 看護婦は患者の快適さに配慮しなくてはいけない。 :: The nurses must see to the comfort of their patients.
2838	防ぐ	ふせぐ	verb	to defend against; to protect against	私たちはその少年が窓を破るのを防いだ。 :: We restrained the boy from breaking the window. || 何としても戦争は防がねばならない。 :: We must prevent war at any cost.
2839	駅前	えきまえ	noun	in front of a station	タクシーが駅前で一列になっていた。 :: Taxis stood in a rank in front of the station. || 駅前には多くの自転車が違法に止められています。 :: A lot of bicycles are illegally parked in front of the station.
2840	およそ	およそ	adverb	about; roughly; approximately	あのホテルはおよそ５０年前に創立された。 :: That hotel was established about 50 years ago. || 旅はおよそ５時間くらいかかるでしょう。 :: The trip will take some five hours.
2841	それなら	それなら	conjunction	if that's the case ...; if so ...; that being the case ...	それなら、喜んでお金を貸してあげるよ。 :: Well, I'll be happy to loan you the money. || それならそうと言ってくれればいいのに。 :: You should've said so earlier.
2842	よろしい	よろしい	i-adjective	good; OK; all right	「入ってよろしいですか」「はい、どうぞ」 :: May I come in? "Yes, certainly." || あなたに１つ質問しても、よろしいですか。 :: May I ask you a question?
2843	アルコール	あるこーる	noun	alcohol	アルコールで彼の体はとても悪くなっている。 :: Alcohol has done great mischief to his body. || アルコールの入ってない飲み物はありますか。 :: Do you have any non-alcoholic drinks?
2844	キーボード	きーぼーど	noun	keyboard	今、キーボードがダブって見えるぐらい酔ってます。 :: I'm so drunk now that I'm seeing two keyboards. || 俺、指が太いから、小さなキーボードじゃだめなんだよ。 :: I have chubby fingers, so I can't use a small keyboard.
2845	ゲイ	げい	noun	gay person (esp. male)	ゲイのクラブを推薦してください。 :: Where can I find a good gay club? || このクラブはゲイ、それともストレートですか。 :: Is the club gay or straight?
2846	シン	しん	adjective	thin	シンと静まった部室。響くのは、クロッキー帳に擦れる鉛筆の音だけ。 :: The club room returned to quiet. All that could be heard was the sound of pencil on sketchpad.
2847	スカイ	すかい	noun	sky	ブルースカイスポーツ店は毎週木曜日がお休みです。 :: Blue Sky Sport is closed every Thursday. || スカイダイビングに挑戦したいんです。 :: I'd like to try out skydiving.
2848	スルー	するー	noun	ignoring; looking the other way; letting pass	くそっ、スルーしやがった。 :: Dammit, she completely ignored me.
2849	セル	せる	noun	cell	コールセルフライはパリに本拠を置く航空会社です。 :: Corsairfly is an airline based in Paris.
2850	ソフトウェア	そふとうぇあ	noun	software	売り上げ全体から見れば、ソフトウェアのは重要でない。 :: Relative to overall sales, that of software is insignificant. || 「ソフトウェア開発」は「モノ作り」ではない。 :: Software development isn't "manufacture".
2851	タワー	たわー	noun	tower	東京タワーがどこにあるか知っていますか。 :: Do you know where Tokyo Tower is? || 東京タワーへ行く道を教えて頂けませんか。 :: Could you tell me the way to Tokyo Tower?
2852	プラン	ぷらん	noun	plan; scheme	このプランはみんなに満足がいくものです。 :: This plan is acceptable to all. || 彼らがそのプランに賛成するとは思えない。 :: They don't seem to approve of the plan.
2853	ベルト	べると	noun	belt (worn around the waist)	彼女は腰に革のベルトをしている。 :: She is wearing a leather belt around her waist. || 忘れずに安全ベルトを閉めなさい。 :: Don't forget to fasten your safety belts.
2854	ポスター	ぽすたー	noun	poster	彼は立ち止まってポスターをのぞき込んだ。 :: He paused to look at the poster. || 彼は壁一面にポスターをべたべた張った。 :: He plastered the wall with posters.
2855	ミルク	みるく	noun	milk	このミルクは少し古くなってしまいました。 :: The milk's a bit off. || その赤ん坊はミルクを求めて大声で泣いた。 :: The baby cried for milk.
2856	交代	こうたい	noun	change; alternation; rotation	そこへ行く途中私たちは交代で運転した。 :: We took turns driving our car on our way there. || フレッドとジョージは、交代で運転した。 :: Fred and George took turns with the driving.
2857	信じる	しんじる	verb	to believe; to believe in; to place trust in	あなたは死後の命があることを信じますか。 :: Do you believe that there is life after death? || ここが彼が死んだ場所だと信じられている。 :: This is believed to be the place where he died.
2858	個性	こせい	noun	individuality; personality; quirk	あの人ははっきりした個性を持った人だ。 :: He is a man of striking individuality. || 今度の上司？個性的どころか、ありがちなタイプね。 :: The new supervisor? He's not very original - pretty much like the rest.
2859	区別	くべつ	noun	distinction; differentiation; discrimination	それらはよく似ていて私には区別できない。 :: They are so much alike that I don't know which is which. || 彼は善悪を区別出来ないほど馬鹿ではない。 :: He is not so stupid as to be unable to tell right from wrong.
2860	反映	はんえい	noun	reflection (of light)	社会の価値観はその伝統の中に反映されている。 :: A society's values are reflected in its traditions. || 時間をおかないと追加・削除が反映されない。 :: Additions and deletions are not shown immediately.
2861	反発	はんぱつ	noun	opposition; rebellion; revolt	若者達は本来、親の考えに対して反発するものだ。 :: It is quite natural for young people to rebel against their parents. || 収賄スキャンダルは海外で激しい反発を生みました。 :: The bribery scandal created a backlash overseas.
2862	向き	むき	noun	direction; orientation; aspect	このテキストは初心者向きにできている。 :: This text is aimed at beginners. || 彼はこの仕事を始めてから暮らし向きがよい。 :: He has been well off since he started this job.
2863	告知	こくち	noun	notice; notification; announcement	彼の死亡告知が新聞に出た。 :: An announcement of his death appeared in the newspapers.
2864	回り	まわり	noun	rotation	女房の手は店員さんより一回り小さい。 :: My wife's hands are slightly smaller than the shop assistant's. || 彼らは農場の回りにフェンスを立てた。 :: They built a fence around the farm.
2865	地位	ちい	noun	(social) position; status; standing	あなたは会社での地位に満足していますか。 :: Are you content with your position in the company? || ベスはこんな責任のある地位には向かない。 :: Beth is unqualified for such a responsible post.
2866	宝石	ほうせき	noun	gem; jewel; precious stone	こういった類の宝石はほとんど価値がない。 :: These kinds of jewelry are of little value. || 彼が宝石箱を開けると彼女は目を見張った。 :: She was all eyes as he opened the jewelry box.
2867	実践	じっせん	noun	practice; putting into practice; implementation	理論を実践と結び付けることが重要である。 :: It is important to combine theory with practice. || 実践的見地からすれば彼の計画は実行しにくい。 :: From a practical point of view, his plan is not easy to carry out.
2868	履歴	りれき	noun	personal history; background; career	彼の履歴についてはほとんど知られていない。 :: We know little of his personal history. || 応募者は彼らの履歴書を提出するように求められた。 :: Applicants were requested to submit their resumes.
2869	復興	ふっこう	noun	revival; reconstruction; restoration	日本の戦後の復興は有名な話である。 :: Japan is a famous come-back story after World War II. || それはさらにいっそうの活力で復興した。 :: It revived with even greater vigor.
2870	所持	しょじ	noun	possession; having (on one's person); carrying (with one)	彼らはその男から所持品全てを奪い取った。 :: They robbed the man of all his belongings. || 今の私の所持金では必要額に達しません。 :: The money I have now falls short of what I need.
2871	手続き	てつづき	noun	procedure; process; proceedings	ビザを入手する手続きはどうしたらいいですか。 :: What is the procedure for getting a visa? || 受付で入院の手続きをしてください。 :: You have to fill out an application for admission to the hospital at the front desk.
2872	文庫	ぶんこ	noun	library; book collection	それらの書物で立派な文庫ができるだろう。 :: Those books will make a fine library.
2873	日時	にちじ	noun	date and time (of a meeting, departure, etc.)	日時は指定されたが、場所は指定されていない。 :: The date has been appointed but the place has not. || その日時はコーチに都合がよかった。 :: The time and date suited our coach.
2874	栄養	えいよう	noun	nutrition; nourishment	過労やら栄養不足やらで彼は重病になった。 :: What with overwork and lack of nourishment, he became very ill. || 睡眠と栄養は健康に絶対不可欠である。 :: Sleep and good food are indispensable to good health.
2875	死体	したい	noun	dead body; corpse; cadaver	死体は見分けがつかないほど焼けていた。 :: The body had burned beyond recognition. || 死体を冷蔵庫に入れて２日くらいです。 :: It's been about two days since I put the body in the refrigerator.
2876	無効	むこう	adjective	invalid; void; ineffective	その遺言は法廷で無効と宣告された。 :: The will was declared void by the court. || 無理矢理サインさせられたのなら、その契約は無効ですよ。 :: The contract, if you were forced to sign it, is invalid.
2877	狭い	せまい	i-adjective	narrow; confined; small	この通りは狭いからトラックは通れないよ。 :: This road is too narrow for trucks to pass. || 今の家は狭すぎるので、引っ越す事にした。 :: Our current house is too small, so we decided to move.
2878	用語	ようご	noun	term; terminology	「被告人」という言葉は法律用語である。 :: The accused is a legal term. || これらの専門用語はギリシャ語に由来している。 :: These technical terms derive from Greek.
2879	看板	かんばん	noun	signboard; sign; billboard	あなたの前にある看板をご覧なさい。 :: Look at the sign just ahead of you. || ここへ看板を立てよう。 :: Let's set up a sign here.
2880	編成	へんせい	noun	composition; formation; organization	営業活動を強化するために再編成する必要があります。 :: We need to reorganize it in order to strengthen our business activities. || この列車は七両編成です。 :: This train is made up of seven cars.
2881	肉体	にくたい	noun	the body; the flesh; the outer man	効率的な機械が肉体労働に取って代わった。 :: Efficient machinery replaced manual labor. || 移民達は肉体的、精神的苦痛に耐えてきた。 :: The emigrants have endured physical and mental pain.
2882	藤	ふじ	noun	wisteria (esp. Japanese wisteria, Wisteria floribunda); wistaria	藤さんがあとに４人の子を残して死にました。 :: Mr. Fuji died, leaving 4 children behind him.
2883	虎	とら	noun	tiger (Panthera tigris)	私は虎を狙って発砲したが、撃ち損なった。 :: I aimed at the tiger and fired, but missed him. || 野生の虎はアフリカでは見られません。 :: No wild tigers are to be found in Africa.
2884	衝突	しょうとつ	noun	collision; crash; impact	警察がその衝突事故の原因を調査している。 :: The police are investigating the cause of the crash. || 運転手が不注意だったので車は衝突した。 :: The car crashed because the driver was careless.
2885	親子	おやこ	noun	parent and child	核家族は親子のよりよい会話を可能にする。 :: The nuclear family makes better communication possible between parents and children. || 狐の親子が走っていたのに気がつきましたか。 :: Did you notice that a fox family were running?
2886	論理	ろんり	noun	logic	それは論理が要求することに従っている。 :: It conforms to the requirements of logic. || とりわけ、論理学には正確な定義が要求される。 :: Above all, logic requires precise definitions.
2887	転換	てんかん	noun	conversion; diversion; changeover	気分転換に田舎にドライブに行かないかい。 :: Why don't we drive out to the country for a change of pace? || ときどき、私は気分転換にテニスをする。 :: Every now and then, I play tennis for recreation.
2888	金曜日	きんようび	noun	Friday	次の金曜日にもう一度彼女に会うでしょう。 :: I will be seeing her again next Friday. || 私は普段金曜日に市場に買い物に行きます。 :: I usually go to market on Friday.
2889	集まり	あつまり	noun	gathering; meeting; assembly	このパーティーは親しい人の集まりです。 :: This party is an intimate gathering. || アメリカ大使がその集まりに招待された。 :: The American Ambassador was invited to the gathering.
2890	飛ぶ	とぶ	verb	to fly; to soar	コンピューターが飛ぶように売れています。 :: Computers are really selling like hotcakes. || たくさんの鳥が南へ飛んでいくのを見ました。 :: I saw a lot of birds flying toward the south.
2891	玄人	くろうと	noun	expert; professional; master	カラオケでの彼の歌、玄人はだしだね。 :: His karaoke voice would put a professional to shame. || あの人の歌は玄人はだしです。 :: His singing outdoes a professional.
2892	おもちゃ	おもちゃ	noun	toy	あの子もおもちゃで遊ぶ年は過ぎるころだ。 :: He will soon be past playing with toys. || その子はおもちゃを欲しがってないていた。 :: She was crying for a toy.
2893	かわいそう	かわいそう	na-adjective	poor; pitiable; pathetic	かわいそうに、その少年は車にはねられた。 :: The poor boy was knocked down by a car. || かわいそうにその少女は死にかかっていた。 :: The poor girl was on the point of death.
2894	そっくり	そっくり	adverb	all; altogether; entirely	彼は父親にそっくりだと誰もが言っている。 :: Everyone says that he is the very image of his father. || 私が見たのはそれにそっくりの家だった。 :: It's a house just like that I have seen.
2895	オーストラリア	おーすとらりあ	noun	Australia	オーストラリアで話される言葉は英語です。 :: The language spoken in Australia is English. || アジアはオーストラリアよりはるかに大きい。 :: Asia is much larger than Australia.
2896	カナダ	かなだ	noun	Canada	あなたはどのくらいカナダにいたのですか。 :: How long did you stay in Canada? || この前の冬、私はカナダへスキーに行った。 :: I went skiing in Canada last winter.
2897	カリフォルニア	かりふぉるにあ	noun	California	とうとう我々はカリフォルニアに着いた。 :: At last, we reached California. || カリフォルニアは日本と同じくらいの広さだ。 :: California is about as large as Japan.
2898	ギリシャ	ぎりしゃ	noun	Greece	彼はギリシャ文学に精通しているようだ。 :: He seems to be at home in Greek literature. || この言葉はギリシャ語に由来している。 :: This word comes from Greek.
2899	ジュース	じゅーす	noun	juice	お客様もオレンジジュースになさいますか。 :: What about you? Will you have orange juice, too? || ええ、オレンジジュースをお願いします。 :: Yes, orange juice, please.
2900	スクール	すくーる	noun	school	ビジネススクールに行きたいのです。 :: I would like to go to a business school. || 人物画を描けるスクールを探しています。 :: I'm looking for a school where I can paint portraits.
2901	タイヤ	たいや	noun	tire; tyre	このタイヤには空気が十分入っていない。 :: This tire doesn't have enough air in it. || このタイヤは空気を入れる必要がある。 :: This tire needs some air.
2902	ボランティア	ぼらんてぃあ	noun	volunteer	彼女はボランティア活動をする決心をした。 :: She resolved to work as a volunteer. || ボランティアの仕事に従事する者もいる。 :: There are people who engage in volunteer work.
2903	マスコミ	ますこみ	noun	mass communication; mass media	イメージはマスコミの情報に形成される。 :: An image is formed by the information in the media. || 選挙の結果に及ぼすマスコミの影響力は大きい。 :: The media has a lot of influence on the outcome of an election.
2904	中世	ちゅうせい	noun	Middle Ages (in Japan esp. the Kamakura and Muromachi periods); medieval times; mediaeval times	何の思想が中世英人に一番影響したと思うか。 :: What thought do you think had the biggest impact on the English in the Middle Ages? || 私はその中世の音楽に深い感銘を受けた。 :: I was deeply impressed with the medieval music.
2905	予感	よかん	noun	presentiment; premonition; hunch	彼らが仲良くやっていけない予感がする。 :: I feel in my bones that they will never get along well together. || 彼の予感があたった。 :: His predictions have come true.
2906	入場	にゅうじょう	noun	entrance; entering; admission	博物館へは入場できません。現在修理中です。 :: You cannot enter the museum. It is currently under repair. || 私はその試合の入場券を２枚持っている。 :: I have two passes to the game.
2907	利	り	noun	advantage; benefit; profit	よくも私にそんな口を利けるものだな。 :: How dare you speak like that to me? || 君は漁夫の利を占めようとしているのか。 :: Are you trying to fish in troubled waters?
2908	反省	はんせい	noun	reflection; reconsideration; introspection	彼女は重大な過ちを後悔した、反省した。 :: She showed her regret over the serious mistake. || 彼女は自分がしたことを反省した。 :: She reflected on what she had done.
2909	合成	ごうせい	noun	composition; synthesis; compounding	汚れに強い合成皮革を使用した２人掛けのソファです。 :: This is a two-seater sofa using stain-resistant artificial leather.
2910	売り上げ	うりあげ	noun	amount sold; sales; proceeds	南部の売り上げは４７パーセント増加した。 :: In the southern region, sales were up 47 percent. || 売り上げが増えるにつれて収益も上がる。 :: In proportion as the sales increase, the profit will rise.
2911	売却	ばいきゃく	noun	selling off; disposal by sale; sale	一体全体、どうして建てたばかりの家を売却してしまったんだい。 :: Why on earth did you sell your newly built house? || 同社は赤字の子会社のいくつかを売却することにした。 :: The company has decided to sell some of its money-losing units.
2912	宿	やど	noun	lodging; inn; hotel	困ったことに今晩泊まる宿がありません。 :: The trouble is that we have nowhere to stay tonight. || 夜がふけて疲れていたので、私は宿に泊まった。 :: As it was late at night and I was very tired, I put up at an inn.
2913	快適	かいてき	na-adjective	pleasant; agreeable; comfortable	私達が泊まったホテルはとても快適だった。 :: The hotel at which we stayed was very comfortable. || あなたが座れる快適な椅子がここにあります。 :: Here's a comfortable chair you can sit in.
2914	愛する	あいする	verb	to love	彼には欠点はあるがやはり彼を私は愛する。 :: I do not love him the less for his faults. || 彼は無作法だが、それでも私は彼を愛する。 :: He is rude, but I love him all the same.
2915	手間	てま	noun	time; labour; labor	これは主婦の手間を省く便利な器具です。 :: This is a great time-saving gadget for the housewife. || 洗濯機のおかげで主婦はずいぶん手間が省ける。 :: Washing machines spare housewives a lot of trouble.
2916	抗議	こうぎ	noun	protest; objection	学生たちは政府の決定に対して抗議している。 :: Students have been protesting against the government's decision. || 市民は新しい計画に抗議してデモをした。 :: The citizens demonstrated to protest against the new project.
2917	上げ	あげ	noun	tuck (e.g. in a dress)	子供達は凧上げをしていた。 :: The children were flying kites. || 彼は凧上げがうまい。 :: He's good at flying kites.
2918	援助	えんじょ	noun	assistance; aid; support	あなたの援助は私たちにとって絶対必要だ。 :: Your assistance is indispensable for us. || あなたの財政上の援助をあてにしています。 :: We are counting on you for financial help.
2919	撤退	てったい	noun	evacuation; withdrawal; revocation	敗北した軍はその国から撤退した。 :: The defeated army retreated from the country. || ソ連軍はアフガニスタンからの撤退を開始した。 :: The Soviet troops started to withdraw from Afghanistan.
2920	放棄	ほうき	noun	abandonment; renouncement; renunciation	その計画は資金不足のためについに放棄された。 :: The plan was given up at length because funds ran short. || 多くの障害にも関わらず、彼は放棄しなかった。 :: He refused to quit despite many obstacles.
2921	文明	ぶんめい	noun	civilization; civilisation; culture	それは暴力に対する文明の勝利であった。 :: It was the triumph of civilization over force. || すべての文明国は戦争に反対している。 :: All civilized countries are against war.
2922	最適	さいてき	na-adjective	most suitable; optimum; optimal	この土地は家を建てるのには最適である。 :: This site is ideal for our house. || 確かに彼はその仕事に最適の人物だ。 :: He is, without question, the best man for the job.
2923	欧州	おうしゅう	noun	Europe	欧州宇宙機関が人工衛星を軌道に乗せました。 :: The ESA put a satellite into orbit. || 欧州通貨はドルに対して弱くなった。 :: European currencies weakened against the dollar.
2924	止める	とめる	verb	to stop; to turn off	あなたはいつタバコを止めるつもりですか。 :: When are you going to quit smoking? || たとえ君が止めても、私は決心を変えない。 :: Even if you stop me, I won't change my mind.
2925	求人	きゅうじん	noun	recruiting; job offer; job vacancy	私はその求人広告に応募したいと思います。 :: I think that I want to apply for the job in the advertisement. || 彼女は新聞に家事手伝いの求人広告を出した。 :: She put an advertisement for a domestic help in the paper.
2926	留学	りゅうがく	noun	studying abroad	そういうわけで、彼は海外留学しなかった。 :: That's why he did not go overseas to study. || 彼女の願いはいつか外国に留学することだ。 :: Her wish is to study abroad someday.
2927	白人	はくじん	noun	white person; Caucasian	市の黒人と白人の争いはますますひどくなった。 :: The conflict between blacks and whites in the city became worse. || １９世紀は白人文明の時代だった。 :: The nineteenth century was the age of the white man's civilization.
2928	繰り返す	くりかえす	verb	to repeat; to do over again	「いいえ」とイギリス人は繰り返しました。 :: No, repeated the Englishman. || この本は何回も繰り返して読む価値がある。 :: This book is worth reading over and over again.
2929	習慣	しゅうかん	noun	habit	あなたはその地方の習慣を良く知るべきだ。 :: You should acquaint yourself with the local customs. || その変わった習慣はその地方特有のものだ。 :: The odd custom is peculiar to the region.
2930	菌	きん	noun	fungus	その食品の中からコレラ菌が検出された。 :: Cholera germs were found in the food. || シロオニタケは毒菌だけど、存在感があって好きだなあ。 :: Shiroonitake is a poisonous mushroom but it has real presence, and I like it.
2931	衣	ころも	noun	clothes; garment	衣ばかりで和尚はできぬ。 :: The robes do not make the monk. || 彼女に望むのは、歯に衣着せないで本音を言って欲しいということだ。 :: I wish she wouldn't pussyfoot about it and just say what she means.
2932	解析	かいせき	noun	analysis; analytical study	ヒートアイランド現象の実体解析と対策のあり方について。 :: An analysis of the nature of the heat island phenomenon and countermeasures.
2933	証言	しょうげん	noun	testimony; (verbal) evidence	彼らを証言台に立たせることはできるのか。 :: Can you put them on the witness stand? || あした裁判所で証言しなければならない。 :: I have to give a testimony in the courtroom tomorrow.
2934	試み	こころみ	noun	attempt; trial; experiment	その男の禁煙のための３度目の試みは失敗した。 :: The man's third attempt to stop smoking failed. || 彼は私たちに試みにフランス語で話しかけてきた。 :: He tried speaking French to us.
2935	象徴	しょうちょう	noun	symbol (of something abstract); emblem; (symbolic) representation	ハトは平和の象徴として知られている。 :: The dove is a famous symbol for peace. || ライオンは勇気の象徴として用いられることが多い。 :: The lion is often used as a symbol of courage.
2936	踊り	おどり	noun	dance	彼女の踊りはとても生き生きしていた。 :: Her dance was as fresh as a daisy. || 私のガールフレンドは踊りがうまい。 :: My girlfriend is a good dancer.
2937	進出	しんしゅつ	noun	advance (into a new market, industry, etc.); expansion (into); launch (into)	その会社は中国への進出を目指している。 :: The company aims to branch out into China. || 軍隊は川のところまで進出した。 :: The army has advanced to the river.
2938	過激	かげき	na-adjective	extreme (measure, idea, etc.); radical; violent (language)	彼は政治の面では過激な意見を持っている。 :: He holds an extreme opinion in politics. || 一部の黒人はより過激な解決策を求める。 :: Some Blacks seek more radical solutions.
2939	違和感	いわかん	noun	uncomfortable feeling; feeling out of place; sense of discomfort	感覚的にそれに違和感を感じるが、一体それが何なのかわからなかった。 :: Even though I felt that there was something strange, I just didn't know what it was. || これまで我が社にそうしたシステムがなかったけど、別に違和感はないよ。 :: Our company has never had that kind of system, and it's never made us feel uncomfortable.
2940	酸素	さんそ	noun	oxygen (O)	この物質は主に水素と酸素から出来ている。 :: This substance is mostly composed of hydrogen and oxygen. || 我々は酸素が不足するとあくびをする。 :: We yawn when we are short of oxygen.
2941	こっそり	こっそり	adverb	stealthily; secretly; in secret	彼はそのことを私にこっそり話してくれた。 :: He told me about it in private. || 彼は僕に彼女の写真をこっそり見せてくれた。 :: He secretly showed me her photograph.
2942	さよなら	さよなら	interjection	goodbye; so long; farewell	彼はさよならとも言わずに部屋を出て行った。 :: He left the room without so much as saying good-bye to me. || さよならを言わなければなりません。 :: I must say good-bye to you.
2943	だけど	だけど	conjunction	but; however; although	たぶんね。だけど、今すぐにやめなさいだって。 :: Maybe, but he wants me to stop cold turkey. || だけど、東京は空気が悪いし、人が多すぎて落ち着かない。 :: However the air's bad in Tokyo, and there are too many people so I can't settle down.
2944	でかい	でかい	i-adjective	huge; big; enormous	彼女は徐々に態度がでかくなった。 :: She is getting better by degrees. || 彼は勇敢でかいかつな少年だ。 :: He is a brave and cheerful boy.
2945	ばあちゃん	ばあちゃん	noun	granny; grandma; gran	うちのおばあちゃんは一人で暮らしている。 :: My grandmother lives by herself. || 彼女はおばあちゃんをたいそう大事にする。 :: She is very attentive to her grandmother.
2946	スタンプ	すたんぷ	noun	stamp	この商品管理伝票をこのタイムスタンプに差し込むと日付と時刻が打刻されます。 :: Place this merchandise slip into the time stamp, and the date and time will be impressed.
2947	チップ	ちっぷ	noun	tip; gratuity	チップという面倒なことでいつも落ち着かない。 :: This tipping business always makes us uneasy. || 彼は感謝のしるしにチップを与えた。 :: He gave a tip as a sign of gratitude.
2948	ハワイ	はわい	noun	Hawaii; Hawai'i	たくさんの若者が今年の夏ハワイへ行った。 :: A lot of young people went to Hawaii this summer. || 彼はハワイでお金を使い果たしてしまった。 :: His money melted away in Hawaii.
2949	フロント	ふろんと	noun	front (aspect, weather, war-front, etc.)	貴重品はフロントにお預けください。 :: Please check your valuables at the front desk. || フロントガラスをふきますか。 :: Should I clean your windshield?
2950	ミラー	みらー	noun	mirror	サイドミラーがまっすぐになっていない。 :: My side mirror is out of alignment. || ミラーさんとかいう人がご面会です。 :: A Mr. Miller wants to see you.
2951	ライバル	らいばる	noun	rival; competitor; competition	なぜ、ライバルの同業者にまでも公開しているのか。 :: Why do you make it open even to rivals in the same trade? || 彼は自分のライバルをひどくこきおろした。 :: He criticized his rival severely.
2952	リズム	りずむ	noun	rhythm	あの歌のゆっくりしたリズムが好きです。 :: I like the slow rhythm of that song. || サンバはブラジルのリズムですね。 :: Samba is a Brazilian rhythm, isn't it?
2953	レンタル	れんたる	noun	rental	ハーツ社とエイビィス社はカーレンタルの業界でしのぎを削っている。 :: Hertz and Avis are head to head competitors in the car rental business.
2954	上級	じょうきゅう	noun	upper level; upper grade; high rank	上級管理職は部下の教育に多くの時間を費やす。 :: Senior executives spend a lot of time training their subordinates. || 被告は上級裁判所に控訴するだろう。 :: The defendant will appeal to a higher court.
2955	人権	じんけん	noun	human rights; civil liberties	誰もあなたの人権を奪うことはできない。 :: No one can deprive of your human rights. || ある学者が人権についてすばらしい演説を行った。 :: A scholar made an excellent speech about human rights.
2956	北部	ほくぶ	noun	northern part; the north (of a region)	イタリアは北部でスイスに接している。 :: Italy is bounded on the north by Switzerland. || カナダは合衆国の北部に接している。 :: Canada borders the northern part of the United States.
2957	取締役	とりしまりやく	noun	company director; board member	その取締役は自分の地位を自慢した。 :: The director boasted of his status. || 会社の取締役の何人かは会議のために出張中である。 :: Some of the company's executives are out of town for a conference.
2958	召喚	しょうかん	noun	summons; subpoena; citation	彼は証言をするために召喚された。 :: He was called to give evidence. || 魔女集会で悪魔を召喚する。 :: Her coven conjures the demons.
2959	問い合わせ	といあわせ	noun	inquiry; query; enquiry	その本は届いたかと彼から問い合わせの手紙が来た。 :: He sent me a letter asking if the book had reached me. || 事故についての問い合わせが殺到している。 :: There's been a flood of inquiries about the accident.
2960	地下鉄	ちかてつ	noun	subway; metro; underground (railway)	ここから一番近い地下鉄の駅はどこですか。 :: Where is the nearest subway station? || 地下鉄へ行く道を教えていただけませんか。 :: Could you tell me how to get to the subway station?
2961	塔	とう	noun	tower; steeple; spire	その塔を建てるのに長い年月が費やされた。 :: Many years have been spent in building the tower. || その塔の高さは１００メートル以上ある。 :: The height of the tower is above 100 meters.
2962	大した	たいした	adjective	considerable; great; important	富はただそれだけでは大したものではない。 :: Wealth, as such, does not matter much. || どの大学を卒業したかは大した問題ではない。 :: It matters very little what college you graduated from.
2963	女子高	じょしこう	noun	girls' high school	その髪型は女子高生の間ではやっている。 :: The hairstyle has caught on with the girl students. || 最近の女子高生は、携帯でメールしているらしい。 :: Lately high school girls are using their cell phones to exchange e-mail.
2964	妨害	ぼうがい	noun	obstruction; hindrance; blocking	彼は君の仕事を妨害する意図など持っていない。 :: He has no intention to interfere with your business. || 奴隷の反乱によって妨害された中間航路。 :: Slave revolts interfered with the Middle Passage.
2965	旨	むね	noun	principle; aim; main purpose	彼女から結婚できませんという旨の手紙が届いた。 :: I received a letter from her to the effect that she couldn't accept my marriage proposal. || 養鶏業は遅かれ早かれ破産するだろうという旨の手紙を彼は私によこした。 :: He sent me a letter to the effect that his poultry farm would go bankrupt sooner or later.
2966	幹部	かんぶ	noun	management; (executive) staff; leaders	党幹部らは、党組織の欠陥問題に取り組んでいます。 :: Party leaders are grappling with flaws in the party system. || 彼はその問題について幹部の何人かと協議した。 :: He consulted with some of the staff on the matter.
2967	戦車	せんしゃ	noun	tank (military vehicle)	彼らは戦車と銃器でその国を侵略した。 :: They invaded the country with tanks and guns. || 戦車や飛行機は軍隊を打ち破ることはできようが、国民を征服することはできない。 :: Tanks and planes may defeat the troops but they cannot conquer the people.
2968	投入	とうにゅう	noun	throwing in; inserting; depositing (e.g. a ballot)	敵は新兵力を投入した。 :: The enemy flung fresh troops into the battle. || 警部、もっと警官を投入できるようになるまでは、事態を表に出さないようにしたまえ。 :: Inspector, try to keep a lid on the situation until we can get more police down there.
2969	指輪	ゆびわ	noun	(finger) ring	このダイヤの指輪は私にはぜいたくすぎる。 :: This diamond ring is too extravagant for me. || この指輪は大きすぎて私の指に合わない。 :: This ring is too big to wear on my finger.
2970	提示	ていじ	noun	presentation (of a passport, ID, etc.); showing; production (e.g. of documents)	下記に対して価格を提示してください。 :: I'd like a quote for the following. || 同社の経営陣は組合に５％の賃上げを提示した。 :: The management of a company offered a 5% pay increase to the union.
2971	早速	さっそく	adverb	at once; immediately; without delay	彼女はベストセラーの小説を早速読んだ。 :: She lost no time in reading a best-selling novel. || 早速本題に入るけど、飲み会の件なんだ。今週の金曜日あいてるかな。 :: Anyway, to get to what I wanted to ask you...it's about the party. Are you free Friday?
2972	株式	かぶしき	noun	share (in a company); stock	株式市場は今日は驚くべき動きはなかった。 :: The stock market was surprisingly quiet today. || 株式投資は必ずしも利益を生むとは限らない。 :: Stock investments do not always yield profit.
2973	次々	つぎつぎ	adverb	in succession; one by one	会員達は不思議な経験について次々に語った。 :: The members told us about the strange experience in turns. || 彼女は店にあるすべての物を次々に見た。 :: Her eyes traveled over all the things in the shop.
2974	残す	のこす	verb	to leave (behind)	その老人は妻に莫大な財産を残して死んだ。 :: The old man left a large fortune to his wife. || 子供は暗闇に一人残されるのを恐れていた。 :: The child was afraid of being left alone in the dark.
2975	測定	そくてい	noun	measurement	測定においては正確さは欠かせないものである。 :: Precision in measurement is a necessity. || 速度を測定する方法はいくつかある。 :: There are several ways to measure speed.
2976	略	りゃく	noun	abbreviation; omission	ユネスコが何の略か知っていますか。 :: Do you know what UNESCO stands for? || ＡＩは人工知能の略です。 :: AI stands for artificial intelligence.
2977	糸	いと	noun	thread; yarn; string	この事件はだれかが糸を引いているに違いない。 :: Somebody must be at the bottom of this affair. || 赤い糸と白い糸、どっちがいいですか。 :: Which is best, white thread or red thread?
2978	細かい	こまかい	i-adjective	small	彼女は手紙を読んだあとで、それを細かく破った。 :: After she had read the letter, she tore it to pieces. || 肉を食べる前に細かく切るべきです。 :: You should cut up your meat before you eat it.
2979	花火	はなび	noun	fireworks	この動物たちは花火の音にびっくりした。 :: These animals were startled by the noise of the fireworks. || 昨夜花火工場で、爆発事故が起こった。 :: Last night an explosion took place at a fireworks factory.
2980	衛生	えいせい	noun	hygiene; sanitation; cleanliness	難民キャンプの衛生状態はひどいものだった。 :: Sanitary conditions in the refugee camps were terrible. || 衛生用品売り場はどこですか。 :: Where is the sanitary section?
2981	認証	にんしょう	noun	certification; attestation; authentication	管理人によってアカウントの認証が行われたあと、あなたに確認のメールが送られます。 :: You will receive a confirmation email after your account has been activated by an administrator. || 定款が完成したら公証役場に行って、作成した定款の認証を受ける必要があります。 :: When the articles of incorporation are complete it is essential to go to the notary public's office to undertake certification of the articles drawn up.
2982	透明	とうめい	na-adjective	transparent; clear	この透明な液体には毒が含まれている。 :: This transparent liquid contains poison. || この透明な液体は毒のようなものを含んでいる。 :: This transparent liquid contains a kind of poison.
2983	避ける	さける	verb	to avoid (physical contact with)	あなたはいやな経験を避けるかもしれない。 :: You might avoid an unpleasant experience. || 信号無視を犯すのは避けたほうがよいです。 :: We're better off not running traffic lights.
2984	開幕	かいまく	noun	raising the curtain	オープン戦が終わり、いよいよ開幕だ。 :: The exhibition games are over and the regular season finally begins.
2985	顧客	こきゃく	noun	customer; client; patron	彼らが顧客に売った株は、不良株でした。 :: The stock they sold buyers was a lemon. || その弁護士には金持ちの顧客が多い。 :: The lawyer has a lot of wealthy clients.
2986	いかに	いかに	adverb	how; in what way	彼女がいかに世間を知らないか驚くほどだ。 :: It is surprising how little she knows of the world. || 何を話すかは、いかに話すかより重要である。 :: What you're talking about is more important than how you say it.
2987	アルバイト	あるばいと	noun	part-time job; side job	彼らの時間の多くがアルバイトに使われる。 :: A lot of their time is spent on part-time jobs. || 母は私がアルバイトをすることに反対なの。 :: My mother objected to my working part time.
2988	エース	えーす	noun	ace	僕の所にエースが４枚来ている。 :: I have been dealt four aces. || エースレンタカーはどこにありますか。 :: Where's the office for Ace rental car?
2989	コンセプト	こんせぷと	noun	concept; general idea; notion	エメットのコンセプトをもっともよく表現しているデザインに特に焦点を当てたい。 :: I would like to focus attention on the particular design that best represents Emmet's concept.
2990	スパイ	すぱい	noun	spy; spying	ホワイトはスパイだとして警察に告発された。 :: White was denounced to the police as a spy. || 私たちの中にスパイがいると彼は信じている。 :: He believes that there is a spy among us.
2991	チョコレート	ちょこれーと	noun	chocolate	私は小さいころチョコレートが好きだった。 :: I used to like chocolate when I was small. || このチョコレートはとっても甘くておいしい。 :: This chocolate is very sweet and tasty.
2992	トレーニング	とれーにんぐ	noun	training (for a skill, job, sport, etc.); practice	私は懸命にトレーニングして試合に備えた。 :: I prepared for the game by training hard. || 厳しいトレーニングに、彼は音を上げた。 :: He gave up under the severe training he faced.
2993	フィルム	ふぃるむ	noun	film	私のカメラは簡単にフィルムを入れられる。 :: My camera loads easily. || このカメラにはフィルムが入っていないんだ。 :: This camera is not loaded with film.
2994	不倫	ふりん	noun	adultery; impropriety; (an) affair	隣の人が若い女の人と不倫しているらしいよ。 :: Did you hear that our neighbor was fooling around with a younger woman?
2995	作曲	さっきょく	noun	composition (of music); setting; writing music	ポールは歌手というよりはむしろ作曲家だ。 :: Paul is not so much a singer as a composer. || その作曲家は新しい曲に取り組んでいる。 :: The composer is wrestling with the new music.
2996	倉庫	そうこ	noun	storehouse; warehouse; godown	倉庫には家具が一つの他には何もなかった。 :: The warehouse was empty except for a piece of furniture. || 彼は倉庫の警備員として仕事をしている。 :: He is working as a security guard at a warehouse.
2997	冷たい	つめたい	i-adjective	cold (to the touch); chilly; icy	冷たい風が彼のコートを通して身にしみた。 :: The cold wind cut through his coat. || 冷たい風でその旅人の体はすっかり冷えた。 :: The cold wind chilled the traveler.
2998	出産	しゅっさん	noun	childbirth; (giving) birth; delivery	先月うちの二十歳になる娘が女の子を出産した。 :: Last month our twenty-year-old daughter gave birth to a baby girl. || 私は彼に、男子出産のお祝いを述べた。 :: I congratulated him on the birth of his son.
2999	刃	は	noun	edge (of a knife or sword); blade	このナイフは刃が鋭く、よく切れる。 :: This knife has a fine edge and cuts well. || 私のナイフの刃は、とても鋭い。 :: My knife has such a fine edge.
3000	分離	ぶんり	noun	separation; partition; detachment	マヨネーズの油は分離することがある。 :: The oil in mayonnaise sometimes separates from the other ingredients. || 砂から金を分離採集する方法をお見せしましょう。 :: I'll show you how to separate gold from sand.
3001	博物館	はくぶつかん	noun	museum	その博物館は訪れてみるだけの価値はある。 :: It is worthwhile visiting that museum. || それが私がその博物館に行った最初だった。 :: It was the first time that I visited the museum.
3002	国境	こっきょう	noun	border (between countries); national border	フランスはイタリアと国境を接している。 :: France borders Italy. || 兵士たちは警戒しながら国境へ向かった。 :: The soldiers proceeded to the frontier with caution.
3003	土曜	どよう	noun	Saturday	来週の土曜にパーティーを開くつもりです。 :: We're having a party next Saturday. || それが土曜だったか日曜だったか忘れました。 :: I've forgotten whether it was Saturday or Sunday.
3004	夏休み	なつやすみ	noun	summer vacation; summer holiday	夏休みに備えてどれくらいお金をためたの。 :: How much money was saved in preparation for the summer vacation? || 夏休みに彼の農場に行くのが楽しみでした。 :: I delighted in going to his farm during the summer vacation.
3005	居酒屋	いざかや	noun	izakaya; tavern, bar, etc. that also serves various dishes and snacks	彼はその居酒屋によく出かける。 :: He would often go to that tavern. || カナダのお客様に居酒屋料理をサーブしています。 :: I serve pub food to Canadian customers.
3006	工業	こうぎょう	noun	(manufacturing) industry	工業よりも金融に関心のある学生のほうが多い。 :: More students are interested in finance than in industry. || その国はさらに工業化が進んでいる。 :: The country is well on the way to industrialization.
3007	幸福	こうふく	noun	happiness; well-being; joy	「私は幸福だわ」と彼女は心の中で思った。 :: I am happy, she said to herself. || あらゆる事情が助け合って彼を幸福にした。 :: Everything concurred to make him happy.
3008	性欲	せいよく	noun	sexual desire; sex drive; lust	気になる男性の性欲を刺激するにはどうすればよいのでしょうか？ :: What should I do to arouse desire in the man I'm interested in? || 性欲がありません。 :: I have no sexual desire.
3009	捨てる	すてる	verb	to throw away; to cast away; to dump	彼は家族を捨てて、外国へ行ってしまった。 :: He deserted his family and went abroad. || 私は自分の職業を捨てるほど馬鹿ではない。 :: I am not so foolish as to quarrel with my bread and butter.
3010	新鮮	しんせん	na-adjective	fresh	これらの卵が全部新鮮というわけではない。 :: All these eggs are not fresh. || 彼は新鮮な空気を入れるために窓を開けた。 :: He opened the window to let in some fresh air.
3011	明るい	あかるい	i-adjective	light; bright; well-lit	出席者のうちで彼女は一番明るく陽気だった。 :: She was the brightest and gayest of all present. || 娘が帰って来たので彼の生活が明るくなった。 :: The return of his daughter brightened his life.
3012	晴れ	はれ	noun	clear weather; fine weather	もし明日晴れなら、私たちは野球をします。 :: If it is fine tomorrow, we will play baseball. || 今年の夏は晴れの日がほとんどなかった。 :: We had few sunny days this summer.
3013	暗い	くらい	i-adjective	dark; gloomy; murky	あの暗い雲がおそらく雨をもたらすだろう。 :: Those dark clouds will probably bring rain. || 君は暗くならないうちに家に帰るべきです。 :: You should return home before it gets dark.
3014	暴走	ぼうそう	noun	acting rashly; running wildly; behaving recklessly	何年か前、彼女は暴走族の連中と付き合っていた。 :: Years ago, she used to hang around with a bunch of bikers. || 彼等はいわゆる暴走族です。 :: They are what we call hot rodders.
3015	月曜日	げつようび	noun	Monday	あなたは月曜日にいくつ授業がありますか。 :: How many classes do you have on Mondays? || この仕事は月曜日までに終えねばならない。 :: This work has to be finished by Monday.
3016	東方	とうほう	noun	eastern direction	日本は中国の東方にある。 :: Japan is to the east of China.
3017	死者	ししゃ	noun	dead person; (the) deceased; (the) dead	その事故では乗客には死者はなかった。 :: No passengers were killed in the accident. || 生存者の数は死者の数より少なかった。 :: The number of the living was smaller than that of the dead.
3018	生き物	いきもの	noun	living thing; living creature; animal	人間はいわば感情に左右される生き物である。 :: Human beings are emotional creatures, so to speak. || 太陽がなければ、あらゆる生き物は死ぬだろう。 :: If it were not for the sun, every living thing would die.
3019	田	た	noun	rice field	田森は、１９４５年すなわち第二次世界大戦が終わった年に生まれた。 :: Tamori was born in 1945, that is, when World War II ended.
3020	疑惑	ぎわく	noun	doubt; misgivings; distrust	疑惑を持たない信念は死んだ信念である。 :: Faith which does not doubt is dead faith. || 善を悪に変えるのは、「疑惑」である。 :: It is "doubt" that turns good into bad.
3021	発想	はっそう	noun	idea; conception	その人達は大胆な発想をすべきだ。 :: They should have bold ideas. || トランプでインチキをするという良い発想を偶然思い付いた。 :: I hit on the terrific idea of cheating at cards by chance.
3022	発明	はつめい	noun	invention	その種の機械はまだ発明されていなかった。 :: That kind of machine is yet to be invented. || 利口なその少年は自分の発明品で賞を得た。 :: The ingenious boy won a prize for his invention.
3023	発覚	はっかく	noun	detection (of a plot, fraud, etc.); discovery; coming to light	スキャンダルが発覚したとき、その下院議員の支持者たちは激怒しました。 :: When the scandal broke, the Congressman's constituents were seething.
3024	皮膚	ひふ	noun	skin	綺麗だってことは皮膚の深さ分のことだけだ。 :: Beauty is but skin deep. || この薬を飲めばあなたの皮膚病は治るでしょう。 :: This medicine will cure you of your skin disease.
3025	瞳	ひとみ	noun	pupil (of the eye)	彼女の濃いブルーの瞳がとても印象的だった。 :: Her eyes, a deep blue, were quite impressive. || あなたの瞳に、吸い込まれそう！ :: I feel like I'm being drawn into your eyes.
3026	突入	とつにゅう	noun	rushing into; breaking into; storming	我々は戦争の新しい段階に突入しつつある。 :: We are entering a new phase in the war. || 鉱山労働者が賃上げを要求してストに突入した。 :: The miners went on strike for a wage increase.
3027	聞こえる	きこえる	verb	to be heard; to be audible; to reach one's ears	ごめんなさい、でもよく聞こえないんです。 :: I'm sorry, but I can't hear you well. || その歌は私には聞き慣れたものに聞こえる。 :: That song sounds familiar to me.
3028	脂肪	しぼう	noun	fat; grease; blubber	脂肪分は減らしたほうがいいですね。 :: You had better cut out the fat. || どの辺に脂肪がついているの？ :: Where is the fat located?
3029	落とす	おとす	verb	to drop; to lose; to let fall	そのビンを落とさないように注意しなさい。 :: Take care not to drop the bottle. || コップを落とさないように気を付けなさい。 :: Take care not to drop that glass.
3030	表明	ひょうめい	noun	declaration; indication; representation	市長は新計画に不満を表明した。 :: The mayor manifested his discontent with the new plan. || この手紙で彼は辞意を表明している。 :: This letter purports to be his resignation.
3031	被災	ひさい	noun	suffering (from a disaster); being hit (by an earthquake, typhoon, etc.); falling victim (to)	市は地震の被災者に食料と毛布を支給した。 :: The city supplied the earthquake victims with food and blankets. || 彼等は、戦争の被災者達に食料を供給した。 :: They supplied the war victims with food.
3032	調べる	しらべる	verb	to examine; to look up; to investigate	これらの数字が合っているか調べて下さい。 :: Will you please check these figures? || シャワーが止まりません。調べてください。 :: I can't turn the shower off. Could you check it for me?
3033	豊富	ほうふ	na-adjective	abundant; plentiful; rich	彼女は海外での研究から豊富な成果を得た。 :: She reaped a rich harvest from her study abroad. || ビタミンが豊富にある野菜を食べた方がいい。 :: You should eat some vegetables rich in vitamins.
3034	量産	りょうさん	noun	mass production	その作家は７０歳だが、２０年前と変わらず作品を量産している。 :: The author is seventy, but he's no less productive than he was twenty years ago.
3035	金曜	きんよう	noun	Friday	その博物館は月曜から金曜まで開いています。 :: The museum is open from Monday to Friday. || 彼らは普通月曜から金曜まで学校に行きます。 :: They usually go to school from Monday to Friday.
3036	食う	くう	verb	to eat	あなたの家を思う熱心が、わたしを食い尽くす。 :: Zeal for your house will consume me. || そのいたずらっ娘は何食わぬ顔をした。 :: The naughty girl assumed an air of innocence.
3037	黄色	きいろ	noun	yellow; amber	彼のシャツは灰色でネクタイは黄色だった。 :: His shirt was gray and his tie was yellow. || この花は黄色だが、ほかの花はみな青い。 :: This flower is yellow, but all the others are blue.
3038	それでは	それでは	conjunction	well, ...; right, ...; now, ...	それでは、あなたは来ないということですか。 :: Does that mean you won't come? || それではこのカードに記入してください。 :: Then you just have to fill out this card.
3039	ぴったり	ぴったり	adverb	tightly; closely	彼女は父親にぴったりとしがみついていた。 :: She was clinging to her father. || この紙なら君の目的にぴったりであるはずだ。 :: This paper should be adequate for your purpose.
3040	ゆり	ゆり	noun	lily (Lilium spp.)	ゆりかごの中で眠っている赤ん坊を見なさい。 :: Look at the baby sleeping in the cradle. || ゆりかごの中の赤ん坊はとてもかわいい。 :: The baby in the cradle is very pretty.
3041	カラオケ	からおけ	noun	karaoke	「カラオケに行かない？」「ごめん。後でね」 :: Wanna go karaoke? "Sorry, later." || 誰がカラオケ・バーを発明したのですか。 :: Who invented karaoke bars?
3042	ゲート	げーと	noun	gate (for entry, boarding, etc.)	どのゲートから乗り換えられるのでしょう？ :: What gate is my connection? || どのゲートから乗ればよいのでしょうか。 :: What gate do I board at?
3043	ショッピング	しょっぴんぐ	noun	shopping	ショッピングセンターは一マイル先です。 :: The shopping center is a mile further down the road. || ショッピングバッグに入れていただけますか。 :: Could you put it in a shopping bag for me?
3044	ジン	じん	noun	gin	このジンをトニック水で割ろう。 :: Let's qualify this gin with tonic water. || ジン・トニックをください。 :: I'd like a gin and tonic.
3045	スコア	すこあ	noun	score (in a game)	あなたのスコアはどのくらいですか。 :: What's your score? || ゴルフではスコアが少ないほど良い。 :: The lower a golf score is, the better.
3046	スポット	すぽっと	noun	spot; dot; mark	その犬は家族にスポットと呼ばれている。 :: The dog is called Spot by the family. || ビル、スポットの散歩に行ってくれたかしら。 :: Bill, did you take Spot for a walk yet?
3047	トレンド	とれんど	noun	trend	ここでの問題は、社会のトレンドを概観できるような枠組みを創出することである。 :: The question here is one of creating the framework with which we can outline the social trend.
3048	ブラジル	ぶらじる	noun	Brazil	かずは彼女に５月にブラジルへ行くと言った。 :: Kazu told her that he would go to Brazil in May. || ブラジルではどんな言葉を使うのだろう？ :: I wonder what language they speak in Brazil.
3049	ブレーキ	ぶれーき	noun	brake	彼女はブレーキをかけ、そして車は、止まった。 :: She put on the brakes and the car stopped. || 自転車のブレーキを調整してもらった。 :: I had the brakes of my bicycle adjusted.
3050	ホット	ほっと	na-adjective	hot	かぜの治療には蜂蜜入りのホットレモンがよく効く。 :: Hot lemon with honey is a good remedy for colds. || 私はホットコーヒーに氷を入れるのが好きです。大抵熱すぎるので。 :: I like to put an ice cube into my coffee, because it's usually too hot.
3051	ワシントン	わしんとん	noun	Washington, D.C. (United States)	ニューヨークはワシントンから列車でいける。 :: New York is accessible by train from Washington. || ジョージ・ワシントンは１７３２年に生まれた。 :: George Washington was born in 1732.
3052	中学校	ちゅうがっこう	noun	junior high school; middle school; lower secondary school	この歌を聞くと私の中学校時代を思い出します。 :: This song reminds me of my junior high school days. || 日本では小学校と中学校に通うことは義務となっている。 :: In Japan, attendance at elementary and junior high school is compulsory.
3053	中毒	ちゅうどく	noun	poisoning	アメリカの犯罪者の多くは麻薬中毒である。 :: Many criminals in America are addicted to drugs. || 仕事中毒者は休日を時間の無駄とみなす。 :: Workaholics view holidays as a waste of time.
3054	入荷	にゅうか	noun	arrival of goods; goods received	新しく入荷したドレスはパリからのものです。 :: The new line of dresses is from Paris. || 品物は昨日入荷しました。 :: The goods arrived yesterday.
3055	分解	ぶんかい	noun	disassembly; dismantling; disaggregating	時計を分解するのは組み立てるより簡単だ。 :: Taking a watch apart is easier than putting it together. || 私はラジオを修理するために分解した。 :: I took the radio apart to repair it.
3056	効く	きく	verb	to be effective; to take effect; to be good (for)	この薬はインフルエンザには全く効かない。 :: This medicine is no protection against influenza. || 必ずしも苦い薬が行く効くとは限らない。 :: Bitter medicine will not necessarily do you good.
3057	動	どう	noun	motion	私たちはスペリオル湖まで景色のよい自動車動をドライブした。 :: We went for a scenic drive as far as Lake Superior.
3058	協議	きょうぎ	noun	conference; consultation; discussion	私たちはその問題を彼らと協議した。 :: We consulted them about the problem. || 貿易赤字について慎重に協議しなければならない。 :: We must deliberate seriously on trade deficit.
3059	博多	はかた	noun	Hakata (old but still commonly used name for Fukuoka)	私たちは祖母を見舞いに博多へ行きました。 :: We went to Hakata to visit my grandmother. || 何時に私たちの列車は博多につきますか。 :: What time is our train arriving at Hakata?
3060	問い	とい	noun	question; query	あなたは最初の問いに答えさえすればよい。 :: You have only to answer the first question. || 彼は１０分で全部の問いの答えを出した。 :: He answered all the questions in ten minutes.
3061	寄付	きふ	noun	contribution; donation	この組織は百パーセント寄付に頼っている。 :: This organization relies entirely on voluntary donations. || 君が寄付するお金は立派に使われるだろう。 :: The money you give them will be put to good use.
3062	強調	きょうちょう	noun	emphasis; stress; highlighting	彼は一生懸命に働く事の重要性を強調した。 :: He emphasized the importance of working hard. || 患者は数日しかもたないと医者は強調した。 :: The doctor emphasized that the patient had only a few days.
3063	志	こころざし	noun	will; resolution; intention	何事をするにも志が大切。 :: The will is as good as the deed. || でも、仲間たちは志はあっても、資金調達やマネジメントには無知でした。 :: However, although our companions were willing, they knew nothing about management or getting money.
3064	応用	おうよう	noun	(practical) application; putting to practical use	彼女は授業で学んだことをその実験に応用した。 :: She applied what she had learned in class to the experiment. || 科学は不注意に応用されると危険なことがある。 :: Science can be dangerous when applied carelessly.
3065	思わず	おもわず	adverb	unconsciously; involuntarily; instinctively	君が間違っていると思わずにはいられない。 :: I can't help but think you're making a mistake. || 彼の髪型を見て思わず吹き出してしまった。 :: I could not help laughing at his haircut.
3066	意志	いし	noun	will; volition; intention	相手は自分の意志で選びたいと思っている。 :: They want to choose their mates by their own will. || そうする意志のあることを明らかにした。 :: He made it clear that he intended to do so.
3067	戦場	せんじょう	noun	battlefield; battleground	彼は戦場で何度も死をうまく逃れた。 :: He cheated death many times on the battlefield. || 彼は戦場での働きによって勇気のあるところを示した。 :: He demonstrated his courage by his actions in battle.
3068	控え	ひかえ	noun	reserve; spare; backup	書斎の隣に控えの間がある。 :: There is an anteroom adjoining the library.
3069	描写	びょうしゃ	noun	depiction; description; portrayal	その光景は描写できないほど美しかった。 :: The beauty of the scene was beyond description. || 彼はそこで起きたことを正確に描写した。 :: He accurately described what happened there.
3070	救急	きゅうきゅう	noun	first-aid; emergency (aid)	事故があるとすぐに救急医療隊が到着する。 :: Medical help arrives promptly after an accident. || 救急診察を受けるにはどこへ行けばいいですか。 :: Where should I go to be admitted into the emergency room?
3071	教科書	きょうかしょ	noun	textbook; coursebook; schoolbook	この教科書は外国人学生向けのものである。 :: This textbook is intended for foreign students. || 教科書を閉じて私の言うことを聞きなさい。 :: Listen to me with your textbooks closed.
3072	案件	あんけん	noun	matter (to discuss); item (on the agenda); issue	この案件をどう処理するか、彼に下駄を預けるよ。 :: I'm just going to leave it up to him to figure out how to clean up this mess. || 十把一からげにしないで、もう少し個別案件をきちんと検討してくださいよ。 :: Don't lump all these issues together. You need to give every single one careful consideration.
3073	永久	えいきゅう	noun	eternity; permanence; perpetuity	ジェーンは永久に日本を離れたのですか。 :: Has Jane left Japan for good? || 人は永久に生きつづけることはできない。 :: Man cannot live forever.
3074	法則	ほうそく	noun	law; rule	あらゆるものは自然の法則を受けている。 :: Everything is subject to the laws of nature. || その科学者は自然の法則を発見しようとした。 :: The scientist tried to discover Nature's laws.
3075	独特	どくとく	noun	peculiarity; uniqueness; characteristic	そういう習慣は英国人独特のものである。 :: Such a custom is characteristic of the British. || その画家は独特なスタイルをもっている。 :: The artist has an individualistic style of painting.
3076	療法	りょうほう	noun	(method of) treatment; therapy; remedy	私は食事療法をするような人間ではない。 :: I am not one of those who go in for dieting. || 近年作業療法の需要は急速に高まった。 :: Demand for occupational therapy has surged in recent years.
3077	砂糖	さとう	noun	sugar	つぼには砂糖がほとんど残っていなかった。 :: There was little sugar left in the pot. || ケーキを作るために砂糖がいくらか必要だ。 :: I need some sugar to make a cake.
3078	答える	こたえる	verb	to answer; to reply	「いいえ、いました」とその学生は答えた。 :: Yes, I was, said the student. || いつもあらゆる問題に答える事ができたわ。 :: She was always able to answer all the questions.
3079	美術館	びじゅつかん	noun	art museum; art gallery	彼は日曜日にはよく美術館にいったものだ。 :: He used to go to the museum on Sunday. || 君がその美術館を訪ねたのはいつだったのか。 :: When was it that you visited the museum?
3080	職人	しょくにん	noun	craftsman; artisan; tradesman	その家は職人の手でペンキを塗られている。 :: The house is being painted by a professional. || 私はその職人がとても腕がよいと分かった。 :: I found the workman very good.
3081	胃	い	noun	stomach	君がなぜ胃が痛いかははっきりしている。 :: It is obvious why you have a stomach-ache. || 飲みすぎると胃の病気になるかもしれません。 :: Too much alcohol may result in gastric disease.
3082	自覚	じかく	noun	self-consciousness; self-awareness	自分の欠点を自覚できる人はほとんどいない。 :: Few people can realize their faults. || あなたは自分の責任を自覚しなければならない。 :: You should awake to your responsibilities.
3083	要因	よういん	noun	main cause; primary factor	これら二つの要因は互いに無関係である。 :: These two factors are independent of each other. || 勤勉さが彼の素晴らしい昇進の主要因だった。 :: Diligence was the principal factor in his remarkable promotion.
3084	言い訳	いいわけ	noun	excuse	そんな言い訳は、認めるわけにはいきません。 :: I cannot accept an excuse like that. || ジェーンは自分の言い訳が正しいと主張した。 :: Jane insisted that she was right.
3085	記述	きじゅつ	noun	description; account	彼は何が起こったのか正確に記述した。 :: He described exactly what happened. || あの男は新聞の記述と一致する。 :: The man answers to the description in the newspaper.
3086	軍隊	ぐんたい	noun	armed forces; military; troops	その軍隊は川を渡ってゆっくりと前進した。 :: The army slowly advanced across the river. || 軍隊に入って一ヶ月してから戦争が終わった。 :: I had been in the army for a month when the war ended.
3087	集める	あつめる	verb	to collect; to assemble; to gather	このテレビ番組がいま人気を集めています。 :: This TV show is catching on now. || その小説家は本を書くために材料を集めた。 :: The novelist gathered materials for his work.
3088	餌	えさ	noun	(animal) feed; fodder; pet food	私たちは一日に三回、犬に餌を与えている。 :: We feed our dog three times a day. || 一日に何回犬に餌をやればいいのですか？ :: How many times a day should I feed my dog?
3089	鶏	にわとり	noun	chicken (Gallus gallus domesticus); domestic chicken	牛は我々にミルクをくれ、鶏は卵をくれる。 :: Cows give us milk and chickens give us eggs. || 私たちの鶏は昨日たくさんの卵を産んだ。 :: Our hens laid a lot of eggs yesterday.
3090	あえて	あえて	adverb	purposely (of something needless, unexpected or seemingly counterproductive, etc.); daringly (doing something); deliberately	あなたがあえて一人で行きたいならどうぞ。 :: If you insist on going alone, please do so. || 私たちはあなたにまたあえてうれしいです。 :: We are happy to see you again.
3091	おしゃれ	おしゃれ	na-adjective	stylish; fashionable; trendy	今日のあなたはとってもおしゃれ。 :: You're very stylish today. || コンパクト型にはおしゃれなデザインが多いですね。 :: There are many smart designs among the compact models, aren't there?
3092	おや	おや	interjection	oh!; oh?; my!	おや、彼女はうれしくて泣いているの？ :: Oh my! Is she weeping for joy? || おや、床屋へ行ってきたのだね。 :: Oh, you've been to the barbershop.
3093	きつい	きつい	i-adjective	tough; hard; severe	きつい生活が彼の健康にこたえてきている。 :: His hard life is telling on his health. || 彼女顔に似合わず、言うことがきついよね。 :: Her harsh manner of speaking doesn't suit her pretty face.
3094	そしたら	そしたら	conjunction	then; and (then); in that case	そしたら横転したの手伝ってやっからよ。 :: Then I'll help you overturn the wagon. || ステーキを全部食べてしまいなさい、そしたらキャンディーを食べていいよ。 :: Eat up the steak and then you can have a candy.
3095	そちら	そちら	pronoun	that way; that direction	そちら様のお電話番号をいただけますか。 :: May I please have your telephone number? || 必ずそちらから電話をかけ直して下さい。 :: Don't fail to call me back.
3096	オーク	おーく	noun	oak	オークはどんな種類の木ですか。 :: What kind of tree is an oak? || このテーブルは良質のオーク材でできている。 :: This table is made of good oak.
3097	ジェット	じぇっと	noun	jet	宙返りするジェットコースターに乗ったら、気持ち悪くなっちゃった。 :: I got sick riding the roller coaster with the loop-the-loop.
3098	トランプ	とらんぷ	noun	(Western) playing cards	トランプをすることはそれ自体に害はない。 :: Playing cards is not in itself harmful. || 彼らはトランプをしないかと誘ってくれた。 :: They invited me to play cards.
3099	ペア	ぺあ	noun	pair; set of two	私はテニスで彼とペアを組んだ。 :: I was partnered with him in tennis. || 今の二人、見た？あのペアルックはちょっとセンスないよね。 :: Did you see that couple in matching outfits just now? How tasteless!
3100	ホラー	ほらー	noun	horror	そのホラー映画は二度と見る気にならなかった。 :: I couldn't bring myself to see the horror movie again. || 彼女はホラー映画を見るのを楽しみにしている。 :: She takes pleasure in seeing horror films.
3101	ポート	ぽーと	noun	port; harbor	ガルフポート中で話題のお店です。 :: It's the place that has all of Gulfport talking. || こういう風に合体すれば、１４ポートのＵＳＢハブになります。 :: If you combine them in this way, you get a 14 port USB hub.
3102	メス	めす	noun	scalpel; surgical knife	あの犬はオスかメスか。 :: Is that dog male or female?
3103	ライオン	らいおん	noun	lion (Panthera leo)	今までにライオンを見たことがありますか。 :: Have you ever seen a lion? || ライオンはその大きな口を開けて吠えた。 :: The lion opened its huge mouth and roared.
3104	中島	なかじま	noun	island in a pond or river	中島さんは英語に加えて、ドイツ語も流暢に話せる。 :: In addition to English, Mr. Nakajima can speak German fluently.
3105	仮面	かめん	noun	mask	男は帽子、眼鏡、仮面を脱ぎ始めた。 :: The man began to take off his hat, glasses and mask. || 彼は正体を見破られないように仮面をつけていた。 :: He wore a mask so that no one could recognize him.
3106	会計	かいけい	noun	accounting; finance; account	会計係は会計が不足しているのがわかった。 :: The treasurer was short in his accounts. || 会計はお帰りのレジでおねがいします。 :: Pay the cashier on the way out.
3107	伴う	ともなう	verb	to accompany; to go hand in hand with; to be consequent upon	実行の伴わない理論は何の役にもたたない。 :: Theory without practice will be no use. || 夜この辺りを歩くのは大きな危険が伴う。 :: There is a lot of danger in walking around here at night.
3108	保持	ほじ	noun	retention; maintenance; preservation	コンピューターを使えば情報を保持することができる。 :: If you use a computer, you can retain information. || 彼はまだヘビー級の選手権を保持している。 :: He still holds the heavyweight title.
3109	共和	きょうわ	noun	republicanism	その植民地は独立を宣言し、共和国となった。 :: The colony declared independence and became a republic. || その共和国の大統領は人民によって選出される。 :: The president of the republic is chosen by the people.
3110	初代	しょだい	noun	first generation; founder	ジョージワシントンはアメリカの初代大統領でした。 :: George Washington was the first President of the United States of America. || それはアメリカの初代大統領にちなんで名づけられた。 :: It was named after the first American president.
3111	到達	とうたつ	noun	reaching; attaining; arrival	いままで誰もその山頂に到達できていない。 :: No one has been able to reach the top of the mountain. || どうしてそんな結論に到達したのですか。 :: How did you arrive at such a conclusion?
3112	単独	たんどく	adjective	sole; single; solo	そういうことは単独でやるべきではない。 :: You should not do that kind of thing by yourself. || 単独でその崖を登るのは大胆な行為だ。 :: Climbing the cliff alone is a bold deed.
3113	双子	ふたご	noun	twins; twin	ジェーンと彼女の双子の妹を区別できますか。 :: Can you tell Jane from her twin sister? || 彼の双子の妹たちを区別することができない。 :: I can't tell his twin sisters apart.
3114	反乱	はんらん	noun	insurrection; mutiny; rebellion	大衆は独裁者に反抗して反乱を起こした。 :: The masses rose against the dictator. || 民衆は国王に対して反乱を起こした。 :: People rose in revolt against the king.
3115	唐	とう	noun	Tang dynasty (of China; 618-907); T'ang dynasty	この鶏の唐揚げをそのままにしておくのですか。 :: Are you going to let this fried chicken go begging?
3116	商業	しょうぎょう	noun	commerce; trade; business	商業テレビは広告の効果的な手段である。 :: Commercial television is an effective medium for advertising. || 輸出は国境を越えた商業活動のひとつである。 :: Exporting is a commercial activity which transcends borders.
3117	増やす	ふやす	verb	to increase; to add to; to augment	それらは人生の楽しみを増やしてくれた。 :: They added to the enjoyment of my life. || 政府は発展途上国に対する財政援助を増やした。 :: The government has increased its financial aid to the developing nations.
3118	孤独	こどく	noun	solitude; loneliness; isolation	その時ほど孤独を感じたことはなかった。 :: I had never felt more alone than at that time. || 私はとても孤独なので誰か話し相手が欲しい。 :: I feel so lonely that I want someone to talk with.
3119	なお	なお	adverb	still; yet	そして私はここにいて今なお生きています。 :: And here I am, still alive. || 彼の行けない理由がなおはっきりしない。 :: His reason for not going is still unclear.
3120	布	ぬの	noun	cloth; fabric; material	彼女はきれいな布をテーブルの上に広げた。 :: She spread a beautiful cloth on a table. || 彼女はドレスを作る布を６ヤード買った。 :: She bought six yards of cloth for a dress.
3121	廃棄	はいき	noun	disposal; abandonment; scrapping	その本はすべて廃棄せよと彼らは要求した。 :: They have demanded that all copies of the book be destroyed. || 工場の廃棄物が私達の川を汚すことがある。 :: Factory waste sometimes pollutes our rivers.
3122	引っ越し	ひっこし	noun	moving (dwelling, office, etc.); changing residence	彼女は当地に来て以来６回引っ越しをした。 :: She has moved house six times since she came here. || 引っ越しのとき手伝っていただけますか。 :: Could you help me when I move?
3123	念	ねん	noun	sense; idea; thought	彼は神の絵に対して深い尊敬の念を示した。 :: He showed great reverence towards the pictures of the god. || 議論は相互の尊敬の念に基づいている。 :: Discussion is based upon mutual respect.
3124	愛情	あいじょう	noun	love; affection	彼らの友情は徐々に愛情に変わっていった。 :: By degrees their friendship grew into love. || 彼女はできる限りの愛情を子供達に注いだ。 :: She poured her passion into her kids as much as she could.
3125	所得	しょとく	noun	income; earnings	私達は収入に応じて所得税を払う。 :: We pay an income tax at varying rates according to the size of income. || 実に高額の所得には特別税が課せられている。 :: A special tax is imposed on very high incomes.
3126	接近	せっきん	noun	getting closer; drawing nearer; approaching	台風が九州に接近していると発表された。 :: It was announced that a typhoon was approaching Kyushu. || 飛行機はニューヨークに接近している。 :: The plane is approaching New York.
3127	日程	にってい	noun	schedule; program; programme	あす雨の場合は別の日程を組まなくちゃ。 :: In case it rains tomorrow, we should make another arrangement. || 私たちは日程を考慮に入れるべきだった。 :: We should have taken the schedule into consideration.
3128	日経	にっけい	noun	Nikkei (newspaper, share index)	日経指数は大引け間際に大きく跳ね上がりました。 :: The Nikkei index jumped dramatically just before closing.
3129	月曜	げつよう	noun	Monday	彼は会合を月曜まで延期しようと提案した。 :: He suggested that the meeting be put off till Monday. || 手紙では来週の月曜に着くといっている。 :: This letter says that he will arrive on Monday.
3130	有利	ゆうり	na-adjective	advantageous; favourable; better	これはあれより有利な点がたくさんある。 :: This one has a lot of advantages over that one. || コンピューターが使えるのは有利である。 :: It is an advantage to be able to use a computer.
3131	欲求	よっきゅう	noun	desire; want; will	君はその仕事に欲求不満を感じている。 :: You are frustrated with your work. || 人は欲求不満に対してほとんど同じように反応する。 :: People react to the frustration in much the same way.
3132	海岸	かいがん	noun	seashore; coast; seaside	さらに１０分歩くと私達は海岸に着いた。 :: Another ten minutes' walk brought us to the shore. || ディナーのあとで、私は海岸を散歩する。 :: After dinner, I walk on the beach.
3133	つくづく	つくづく	adverb	deeply; keenly; severely	彼は、自分の不幸をつくづく考えた。 :: He brooded over his misfortunes. || 時がたつのは何と早いことかと彼はつくづく考えた。 :: He reflected on how quickly time passes.
3134	生存	せいぞん	noun	existence; being; life	動物は、空気と水がなくては生存できない。 :: Animals cannot exist without air and water. || いかなる動物も、植物なしでは生存できない。 :: No animal can exist without plants.
3135	生涯	しょうがい	noun	life; lifetime; career	彼はあらゆる生涯にもかかわらず成功した。 :: He succeeded in spite of all the lifetimes. || すべての人の生涯を高く評価するべきである。 :: You should set a high value on every man's life.
3136	用途	ようと	noun	use; service; purpose	その発見はいろいろな用途に応用できる。 :: We can apply the discovery to various uses.
3137	着る	きる	verb	to wear (from the shoulders down); to put on	みんながそれぞれ一番似合う服を着てきた。 :: Everybody arrived dressed in their smartest clothes. || 今日はどのシャツを着て学校へ行くつもり？ :: What shirt will you wear to school today?
3138	知的	ちてき	na-adjective	intellectual	チェスはとても知的なゲームです。 :: Chess is a highly intellectual game. || 他の惑星に知的生命体はいるか？ :: Is there intelligent life on other planets?
3139	祝い	いわい	noun	congratulation; congratulations; celebration	父は誕生日の祝いに時計をくれた。 :: My father gave me a watch for my birthday. || 私は彼の卒業祝いに電報を打った。 :: I wired him a message of congratulation on his graduation.
3140	脅威	きょうい	noun	threat; menace	彼が核兵器は平和への脅威であると論じた。 :: He argued that nuclear weapons were a threat to peace. || この種の爆弾は全人類にとって重大な脅威だ。 :: This kind of bomb is a serious menace to mankind.
3141	襲撃	しゅうげき	noun	(surprise) attack; assault; raid	我々はその襲撃に対して準備ができていなかった。 :: We were not prepared for the assault. || 彼は襲撃者を格闘して地面に倒した。 :: He wrestled his attacker to the ground.
3142	見つかる	みつかる	verb	to be found; to be discovered	その生徒はカンニングの現場を見つかった。 :: The student was caught in the act of cheating. || 左へ曲がれば、喫茶店が見つかるでしょう。 :: Turning to the left, you will find a coffee shop.
3143	見解	けんかい	noun	opinion; point of view	私たちの間には見解の相違があるようです。 :: There seems to be a difference in outlook between us. || その件についての我々の見解は一致している。 :: Our views on the matter are in accord.
3144	おやじ	おやじ	noun	one's father; one's old man; dad	うちでは父のことを「おやじさん」と言います。 :: We call our father Oyajisan. || 彼はおやじにそっくりだ。 :: He's a carbon copy of his father.
3145	負ける	まける	verb	to lose; to be defeated; to be beaten	彼はまるで子供だったので、誘惑に負けた。 :: Because he was just like a child, he yielded to temptation. || 彼女は水泳では学校ではだれにも負けない。 :: She is second to none in swimming in her school.
3146	財政	ざいせい	noun	public finance	あなたの財政上の援助をあてにしています。 :: We are counting on you for financial help. || 我々は財政的援助を彼に頼ることが出来る。 :: We can count on him for financial help.
3147	買収	ばいしゅう	noun	acquisition (esp. corporate); buy-out; takeover	役人達の中には買収された人があるかもしれない。 :: Some officials may have been corrupted. || どんな人でも買収できるものだ。 :: Every man has his price.
3148	輸出	ゆしゅつ	noun	export; exportation	その会社は輸出によって多額の利益を得た。 :: The firm has made large profits from exports. || 日本は多くの自動車を外国へ輸出している。 :: Japan exports a great number of cars to foreign countries.
3149	醤油	しょうゆ	noun	soy sauce; soya sauce; shoyu	同社は醤油その他の食品を生産する。 :: The company produces soy sauce and other food products.
3150	銀座	ぎんざ	noun	Ginza (district in Tokyo)	その不動産屋は銀座で気前よく金を使った。 :: The real estate broker was lavish in his spending in Ginza. || ニューヨークの五番街は銀座と比較される。 :: New York's Fifth Avenue is comparable to Ginza.
3151	集会	しゅうかい	noun	meeting; assembly; gathering	彼は集会で演説しなければならなかった。 :: He had to address the meeting. || 学生の３分の２がその集会に出ました。 :: Two-thirds of the students came to the meeting.
3152	離脱	りだつ	noun	withdrawal; secession; separation	国民党は、簡潔に言うと、政治が崩壊する前に政府を離脱する必要があった。 :: The People's party, to put it briefly, needed to leave the government before the government fell.
3153	雷	かみなり	noun	lightning; thunder; thunderbolt	さらに悪いことに、激しく雷が鳴り始めた。 :: To make matters worse, it began to thunder fiercely. || 稲妻が光ったかと思うと雷がなった。 :: After the lightning, came the thunder.
3154	ほんの	ほんの	adjective	mere; only; just	ナンシーはヘレンよりほんの少し色が黒い。 :: Nancy is a shade darker than Helen is. || 彼は１秒のほんの何分の１かでそれをした。 :: He did it in only a fraction of a second.
3155	イエス	いえす	noun	Jesus (Christ)	そして、その日彼らはイエスと一緒にいた。 :: And spent that day with Him. || イエスは、彼らに答えて言われた・・・。 :: Jesus answered them.
3156	イラク	いらく	noun	Iraq	アメリカ軍はイラクでの戦闘任務を完了することを発表した。 :: American forces announced the completion of their mission in Iraq. || アメリカは発表するたびに、イラク軍のゲリラ抵抗を「テロ」と呼んでおります。 :: In reports in America, guerrilla resistance by the Iraq military is called terrorism.
3157	グラス	ぐらす	noun	glass (drinking vessel)	テーブルの縁にグラスを置かないで下さい。 :: Don't put the glass near the edge of the table. || グラスの底に少しワインが残っている。 :: There is a little wine left in the bottom of the glass.
3158	シフト	しふと	noun	shift; move	マニュアルシフトで運転できますか。 :: Can you operate a manual transmission? || 由紀子ちゃんは、明日以降、火木金のシフトで出勤してくれればいいから。 :: It's OK if Yukiko can do the Tuesday, Thursday and Friday shifts from tomorrow.
3159	チェーン	ちぇーん	noun	chain (bicycle, measuring, tire, etc.)	彼女はドアにチェーンをかけてから、ちょっと開けた。 :: She put the chain on the door and opened it a crack.
3160	チキン	ちきん	noun	chicken	それじゃ、僕はチキンをもらいましょう。 :: Well then, I'll have chicken. || 他の店のチキンはどれも似たようなもの。 :: Other restaurants serve chicken without anything that makes it stand out.
3161	テキスト	てきすと	noun	text	このテキストは易しい英語で書かれている。 :: This textbook is written in simple English. || このテキストにはたくさんの注がついている。 :: This textbook has a lot of notes.
3162	テン	てん	noun	10; ten	さて、頭の中に大ブリテンの地図を描いていただきたいと思います。 :: Now, I would like you to imagine a map of Great Britain. || 何でそんな安っぽいペテンにひっかかるんだ。 :: Why do people get fooled by such cheap schemes?
3163	トマト	とまと	noun	tomato (Solanum lycopersicum)	トマトは果物ですか、それとも野菜ですか。 :: Is a tomato a fruit or a vegetable? || 去年トマトを作ったがとてもおいしかった。 :: I grew tomatoes last year and they were very good.
3164	トンネル	とんねる	noun	tunnel	私たちの列車は長いトンネルを通り抜けた。 :: Our train went through a long tunnel. || その企業はトンネル会社を設立しました。 :: The corporation set up a dummy company.
3165	パーク	ぱーく	noun	park (public, amusement, etc.)	セントラルパークはどちらへ行くのですか。 :: Which way is Central Park? || パーク通りにどうやって行くのか教えていただけますか。 :: Could you tell me how to get to Park Street?
3166	フィールド	ふぃーるど	noun	field	ホワイト氏はスプリングフィールドのあるホテルの支配人でした。 :: Mr White was the manager of a hotel in Springfield. || 「なにかのユニフォーム？」「そ！あたし、フィールドホッケーやってるから」 :: Is that some sort of uniform? "Oh right, it's because I play field hockey."
3167	ペース	ぺーす	noun	pace	彼は都会のペースにまだ慣れきっていない。 :: He's never quite adjusted to the pace of the city. || 自分のペースでやってください。 :: You can take your time.
3168	ポーズ	ぽーず	noun	pose	カップルは写真のためにポーズをとった。 :: The couple posed for the photograph.
3169	リス	りす	noun	fracture	ドリスはみんなの気持ちを考えてあげる。 :: Doris is considerate of everybody's feelings. || リスは動きがすばやい。 :: Squirrels are quick of movement.
3170	一族	いちぞく	noun	family; relatives; dependents	これらは一家族あるいは一族を表すものである。 :: These figures are signs of a family or clan. || 猛り狂う海の嵐のように一族が激しく走る。 :: Clans run wild like a storm in a raging sea.
3171	代行	だいこう	noun	acting as agent; acting on (someone's) behalf; executing business for	君の代行者を見つけよう。 :: I'll find someone to fill in for you. || 彼が理事長の代行をしている。 :: He is acting for the chief director.
3172	例外	れいがい	noun	exception	どのチームも例外なく打ち負かされた。 :: Every team, without exception, was defeated. || 例外は作るべきではないと思います。 :: I insist that exceptions not be made.
3173	僕ら	ぼくら	pronoun	we; us	何か僕らが話し合うべきことがあるはずだ。 :: There should be something for us to talk about. || 僕らがもう一度やるべきだという点では君に賛成。 :: I agree with you that we should try again.
3174	十分	じゅうぶん	na-adjective	enough; sufficient; plenty	あなたの給料は家族を養うのに十分ですか。 :: Is your salary adequate to support your family? || お金が十分あったら、それを買えたのだが。 :: If I had had enough money, I could have bought it.
3175	入社	にゅうしゃ	noun	joining a company; getting a job with a company; starting work at a company	彼は高校卒業直後に入社した。 :: He joined the company right after he got through high school. || あの男鳴り物入りで入社したけど、実力のほど看板に偽りなしだったね。 :: He came on board this company with a lot of fanfare and he turns out to have the skill and talent to live up to it.
3176	全面	ぜんめん	noun	whole surface; entire	私は全面的に君に同意しているわけではない。 :: I don't wholly agree with you. || だれもが全面的な改革を要求している。 :: Everybody is calling for sweeping reforms.
3177	冷蔵庫	れいぞうこ	noun	refrigerator; fridge	冷蔵庫にはほとんど食べ物がありません。 :: There is little food in the refrigerator. || 冷蔵庫にはバターがあまり残っていない。 :: There isn't much butter left in the refrigerator.
3178	出典	しゅってん	noun	source (e.g. quotation); authority	私はこれらの引用句の出典をどうしても知る必要がある。 :: I must know where these quotations originate.
3179	出勤	しゅっきん	noun	going to work; leaving for work; attendance (at work)	朝食前に出勤するなんていかにも彼らしい。 :: It is characteristic of him to go to work before breakfast. || 彼は雨の日以外は毎日徒歩で出勤します。 :: He goes to work on foot every day except on rainy days.
3180	取れる	とれる	verb	to come off (of a button, handle, lid, etc.)	コートのボタンが一つ取れてしまっている。 :: One of the buttons has come off my coat. || 落ちなければ今年中に運転免許が取れます。 :: If I don't fail, I will get my driving license before New Year.
3181	商店	しょうてん	noun	shop; store; firm	その商店街は私達の家から簡単に行ける。 :: The shopping district is easily accessible from our house. || トニーは工場や商店のことを考えました。 :: Tony thought about the factory and the shops.
3182	喜ぶ	よろこぶ	verb	to be delighted; to be glad; to be pleased	「いっしょにきませんか」「ええ、喜んで」 :: Won't you come with us? "I'd be glad to." || あなたのためなら私は何でも喜んでします。 :: I am quite willing to do anything for you.
3183	在庫	ざいこ	noun	stock; inventory	この型のセーターはすべて今在庫切れです。 :: All sweaters of this type are out of stock now. || 店はその雑誌の在庫を売り尽くしました。 :: The shop had sold out its stock of that magazine.
3184	女神	めがみ	noun	goddess	幸運の女神は冒険好きの人の味方だ。 :: Lady Luck favors the adventuresome. || 自由の女神はアメリカの象徴である。 :: The Statue of Liberty is a symbol of America.
3185	家電	かでん	noun	household (electrical) appliances; home appliances; consumer electronics	ｉＭａｃは、家電製品みたいな感覚で買われてるんだろうね。 :: People are buying iMacs the same way they buy household appliances.
3186	年収	ねんしゅう	noun	annual income	彼は少なくとも年収２０００万円は稼いでる。 :: He pulls down at least twenty million yen a year. || 年収は１５００万円に近いと思う。 :: My annual income approximates fifteen million yen, I suppose.
3187	広場	ひろば	noun	public square; square; plaza	彼の最新の作品がその広場に展示されている。 :: His latest works are on display at the square. || そのにぎやかな広場で恐ろしいことが起こった。 :: Something horrible happened in the busy square.
3188	性質	せいしつ	noun	nature (of a person); disposition; temperament	彼は何かをやり出すとそれに凝る性質です。 :: When he begins to do anything, he devotes himself to it. || 残酷ということは彼の性質にはないことだ。 :: Cruelty is quite alien to his nature.
3189	放射線	ほうしゃせん	noun	radiation	その幼児は放射線にさらされていた。 :: The infant has been exposed to radioactive rays. || 実は、その住民たちは放射線にずっとさらされてきた。 :: In fact, the inhabitants have been exposed to radioactive rays.
3190	数値	すうち	noun	numerical value	この表の数値は千単位で示されている。 :: The figures in this table are shown in thousands. || インフレを考慮した数値です。 :: It's an inflation-adjusted figure.
3191	文学	ぶんがく	noun	literature	彼は彼の時代の有名な文学者の一人だった。 :: He was one of the famous men of letters in his era. || 彼女は文学研究の目的でイタリアへ行った。 :: She went to Italy in order to study literature.
3192	昼間	ひるま	noun	daytime; during the day; time from sunrise until sunset	昼間は太陽が、夜は月が光を与えてくれる。 :: The sun gives light by day, and the moon by night. || 昼間でも連絡がつく電話番号をご記入下さい。 :: Please enter a telephone number where you can be contacted during the day, too.
3193	暗号	あんごう	noun	code; password; cipher	ファイルを暗号化しないでください。 :: Please don't encrypt your file. || 暗号技術も、かなり信頼のおけるものに進んでいます。 :: Encryption technology has advanced to the point where it's pretty reliable.
3194	最中	さいちゅう	noun	(in) the middle of; (in) the midst of; (in) the course of	コンサートの最中に喋るのは無作法である。 :: To talk during a concert is rude. || 彼らは話をしている最中に電話を切られた。 :: They were cut off in the middle of their telephone conversation.
3195	火災	かさい	noun	conflagration; fire	今日の新聞によれば、その市で火災があった。 :: According to today's paper, there was a fire in the city. || 森林火災の防止はすべての人が負う義務です。 :: The prevention of forest fires is everyone's responsibility.
3196	照明	しょうめい	noun	illumination; lighting	我々は明るさを抑えた照明の中でダンスをした。 :: We danced in the subdued lighting. || 人のいない部屋の照明をこまめに消す。 :: Take care to turn off lights in rooms when nobody's in them.
3197	独占	どくせん	noun	monopoly; monopolization; exclusivity	彼女は父親の愛情を独占したいと思った。 :: She wanted to have her father's love to herself. || 何人たりとも公共の利益を独占すべきではない。 :: Let no one appropriate a common benefit.
3198	目撃	もくげき	noun	witnessing; observing; sighting	彼はその事故のたった一人の目撃者だった。 :: He was the only witness of the accident. || 彼らはこの事件を目撃したことを報告した。 :: They reported seeing the incident.
3199	署名	しょめい	noun	signature; autograph	これは彼の手紙だが、署名がされていない。 :: This is his letter, but it is not signed. || これは彼がその書類に署名したペンです。 :: This is the pen that he signed the document with.
3200	見直し	みなおし	noun	review; reconsideration; revision	選挙区の見直しの試みは、反対の壁にぶちあたりました。 :: Attempts to redraw voting districts have hit a wall of opposition.
3201	言及	げんきゅう	noun	reference; allusion	彼女は試験の結果について言及しましたか。 :: Did she mention the results of the exam? || 彼は演説の中で自分の過去の経験に言及した。 :: He referred to his past experience in his speech.
3202	調教	ちょうきょう	noun	training (animals); breaking (animals)	突然そのライオンは調教師に襲いかかった。 :: Suddenly the lion came at his trainer.
3203	警告	けいこく	noun	warning; caution; admonition	他の人々は彼女の警告に注意を払わなかった。 :: The others paid no attention to her warning. || 君は彼の警告にもっと注意を払うべきだ。 :: You should pay more attention to his warnings.
3204	警官	けいかん	noun	police officer; policeman; constable	その泥棒はまるで警官のような変装をした。 :: The thief disguised himself as a policeman. || その警官は泥棒の言うことを信じなかった。 :: The policeman didn't believe the thief.
3205	議長	ぎちょう	noun	chair; chairman; chairperson	だれも彼を議長に選ぶのに反対しなかった。 :: Nobody argued against choosing him as chairman. || 彼が、委員会の議長であるブラウン氏です。 :: He is Mr Brown, chairman of the committee.
3206	過剰	かじょう	noun	excess; surplus; superabundance	安い輸入品で市場が供給過剰になるだろう。 :: Cheap imports will glut the market. || 現在最も深刻な問題は人口過剰の問題である。 :: The most severe problem at present is that of over-population.
3207	遭遇	そうぐう	noun	encounter; running into; meeting with (e.g. an accident)	私たちは多くの困難に遭遇した。 :: We encountered many difficulties.
3208	頻繁	ひんぱん	na-adjective	frequent; incessant	そこでは台風が秋に頻繁に起こっている。 :: Typhoons are frequent there in fall. || 彼は不注意な過ちをおかす、しかも頻繁にだ。 :: He makes careless mistakes, and does so frequently.
3209	黄金	おうごん	noun	gold (Au)	女王のクラウンは黄金でできています。 :: The Queen's crown was made of gold. || 退職後の年月が黄金の年月と呼ばれるのも不思議ではない。 :: No wonder the retirement years are often referred to as the golden years.
3210	おまけ	おまけ	noun	something thrown in (with a purchase); something extra; free gift	その日は寒く、おまけに雨まで降ってきた。 :: It was cold that day, and moreover it began to rain. || その辞書は役に立つし、おまけに高くない。 :: The dictionary is useful and, what is more, not expensive.
3211	のり	のり	noun	nori; laver; edible seaweed, usu. Porphyra yezoensis or P. tenera, usu. dried and pressed into sheets	こののりはプラスチックには付かない。 :: This glue does not adhere to plastic. || 洗濯のりでののりづけの仕方を教えてください。 :: Please tell me how to use laundry starch to starch things.
3212	もしも	もしも	adverb	if; in case; supposing	彼にもしものことがあったら教えて下さい。 :: If anything happens to him, let me know. || もしもその機械が壊れたら、君が悪いんだよ。 :: If the machine is damaged, you are responsible.
3213	オーナー	おーなー	noun	owner (esp. of a business)	オーナーの人達は彼を支配人に任命した。 :: The owners appointed him manager. || 労働者達はオーナーと話をさせろと要求した。 :: The workers demanded that they talk with the owner.
3214	センチ	せんち	noun	centimeter; centimetre	兄は本当に背が高く、１８０センチほどあります。 :: My elder brother is really tall, about 1.8m. || 今年のスカートは膝上数センチだ。 :: Skirts this year reach a few centimeters above the knees.
3215	ソング	そんぐ	noun	song	あなたはポップソングが好きではないのですね？ :: You don't like pop songs, do you?
3216	トルコ	とるこ	noun	Turkey; Türkiye	彼女はトルコ人の彼がいる。 :: She's got a Turkish boyfriend. || かつてサルタンが今日のトルコを統治していた。 :: Once the Sultan ruled over what today is Turkey.
3217	パネル	ぱねる	noun	panel	私は、ポーチに敷く木製のデッキパネルを購入したいと思います。 :: I would like to purchase a wooden deck panel that can be laid on the porch.
3218	ビーチ	びーち	noun	beach	雨が理由で、私達はビーチへ行けませんでした。 :: Because of rain, we couldn't go to the beach. || 今日はビーチでのんびりしよう。 :: Let's take it easy at the beach today.
3219	マウス	まうす	noun	mouse (esp. a laboratory mouse)	ちなみにホイールマウスのホイールにも対応しているんだ。 :: By the way, it also works with the wheel of a wheel mouse. || クリック：マウスの「左側」のボタンを素早く「一回」プチッと押す事です。 :: Click: Quickly pushing the mouse's left hand side button once.
3220	マラソン	まらそん	noun	marathon	たくさんの人々がそのマラソンに参加した。 :: Lots of people took part in the marathon. || 私たちはそのマラソンに参加するつもりだ。 :: We will take part in the marathon.
3221	レコード	れこーど	noun	(phonograph) record	ダンス音楽のレコードをかけてくれないか。 :: Will you play some dance records? || 彼女はよく何時間もレコードを聞いている。 :: She will often listen to records for hours.
3222	ローズ	ろーず	noun	rose	ローズはしゃぼん玉を吹いていた。 :: Rose was blowing bubbles.
3223	ワード	わーど	noun	word	今度の秘書は１分間に７０ワードもタイプが打てる。 :: The new secretary types about 70 words per minute.
3224	いったん	いったん	adverb	once	いったん知り合えば、とても親切な人です。 :: Once you get to know her, she is very friendly. || いったん酔っぱらうと彼は行儀がよくない。 :: He doesn't behave himself once he's drunk.
3225	不能	ふのう	na-adjective	impossible; incapable (of doing); unable (to do)	不能になりました。 :: I've become impotent. || 女ってどうして連れションしたがるの？物凄く理解不能。 :: Women - why do they want to go to toilet in groups? I don't get it at all.
3226	予備	よび	noun	reserve; spare	この車の予備の部品を買うことができない。 :: I cannot buy spare parts for this car. || ところで、予備の電池はあるの？ :: By the way, do you have any spare batteries?
3227	予防	よぼう	noun	prevention; protection (against); precaution	病気を予防することはできますか。 :: Are we able to prevent disease? || 迅速な行動をとれば、将来起こる問題の予防になる。 :: Prompt action prevents trouble in the future.
3228	保育園	ほいくえん	noun	nursery school; day nursery; day care center	一番下の子は毎日午前中を保育園ですごしました。 :: The youngest child spent every morning at a nursery. || しげみちゃんを保育園に迎えに行ってもらえる？ :: Could you please pick Shigemi up for me at the day-care center?
3229	再度	さいど	adverb	a second time; again; once more	何回も失敗したが、彼は再度やってみようとした。 :: Having failed several times, he tried to do it again. || 返事がなかったので、私は彼女に再度手紙を書いた。 :: Since I didn't receive a reply, I wrote to her again.
3230	処刑	しょけい	noun	execution	彼らは王がすぐに処刑されるように要求した。 :: They demanded the king be put to death at once. || 多くの国々が処刑を廃止した。 :: Many countries have abolished capital punishment.
3231	刑務所	けいむしょ	noun	prison; jail; gaol	彼は塀を乗り越えて刑務所から脱走した。 :: He escaped from prison by climbing over a wall. || 警察はおまえを刑務所に入れるだろうな。 :: The police will put you in prison.
3232	削減	さくげん	noun	cut; reduction; curtailment	予算を検討し、コストを削減することにした。 :: I reviewed the budget, and decided to cut costs. || 財政赤字の削減が政府の大きな関心事である。 :: Reducing the budget deficit is a major concern of the government.
3233	勤め	つとめ	noun	service; duty; business	きみのお父さんは銀行にお勤めですね？ :: Your father works for a bank, doesn't he? || 家事をするより勤めに出たほうが楽だ。 :: It's easier for me to have a job than to do housework.
3234	回線	かいせん	noun	circuit; line	この回線の細さじゃ、動画は見られないよ。 :: This connection is too slow for me to watch movies.
3235	国籍	こくせき	noun	nationality; citizenship	国籍に関係なくすべての人に資格がある。 :: Everyone is eligible regardless of nationality. || あの会社は、人種や宗教、国籍に関係なく人を雇う。 :: That company hires people without regard to race, religion, or nationality.
3236	地味	じみ	na-adjective	plain; simple; subdued	彼女は地味な色を好む。 :: She favors quiet colors. || 僕的にはもっと地味ってか渋い服が欲しいんですけどね。 :: For my tastes, I'd prefer plainer, or rather, more tasteful clothing.
3237	官僚	かんりょう	noun	bureaucrat; government official; bureaucracy	彼の辞職で官僚の席に空きができた。 :: His resignation left a vacancy in the cabinet. || 官僚達は大企業との強固な関係を維持している。 :: The bureaucrats maintain solid ties with the gigantic corporations.
3238	対決	たいけつ	noun	confrontation; showdown	経営側と労働者側との対決があるでしょう。 :: There is going to be a show-down between management and labor. || 失敗の際の危険を考慮しながら、彼は相手との対決を要求した。 :: Calculating the risk which is involved in the event of failure, he demanded a show-down with the other party.
3239	後輩	こうはい	noun	junior (at work, school, etc.); younger people; younger student	俺も後輩にアドバイスする歳になったか。 :: I guess I've reached the age where I have to dispense advice to my underlings. || 彼は私より３年後輩です。 :: He is my junior by three years.
3240	得点	とくてん	noun	scoring; score; points made	彼が得点を挙げると群集は大声を上げた。 :: The crowd yelled when he scored a goal. || 彼の英語のテストの得点は全く申し分がない。 :: His score on the English test is quite satisfactory.
3241	徹底	てってい	noun	thoroughness; completeness; consistency	あなたは徹底した人間嫌いですね。 :: You're a complete misanthrope. || 彼は徹底した利己主義者だ。 :: He is a thorough-going egoist.
3242	悩む	なやむ	verb	to be worried; to be troubled	君はまだ僕の言ったことで悩んでいるのか。 :: Are you still smarting over my remarks? || 彼女はああでもないこうでもないと悩んだ。 :: She was at a loss for what to do.
3243	慎重	しんちょう	na-adjective	careful; cautious; prudent	夫と比べると、彼女はあまり慎重ではない。 :: Compared with her husband, she is not so careful. || 彼はその決定について慎重さが欠けていた。 :: He was incautious in regard to the decision.
3244	懸念	けねん	noun	worry; fear; anxiety	多くの産業人が経済について懸念を表明している。 :: Many industrialists have expressed their concern about the economy. || 彼女は自分の演技が批判されることを懸念していた。 :: She was apprehensive about receiving criticism of her performance.
3245	投手	とうしゅ	noun	pitcher	みんながのもを偉大な投手だと考えてる。 :: Everyone considers Nomo a great pitcher. || 彼が最優秀投手だという自慢は本当だ。 :: His boast that he is the best pitcher is true.
3246	拳	こぶし	noun	fist	握った拳はストレスを示すこともある。 :: A closed fist can indicate stress. || おまえも決して戦う拳を忘れるな。 :: Never lose your fighting fists.
3247	操縦	そうじゅう	noun	steering; piloting; flying	ジェット機では不注意な操縦は許されない。 :: A jet airliner does not admit of careless handling. || 新しい車の調子がいま一つです。操縦がきかない。 :: I had trouble with the new car. It was difficult to steer.
3248	放射	ほうしゃ	noun	radiation; emission	ドップラー効果はまた、一般に光と放射エネルギーにおいても見られる。 :: The Doppler effect is also observed with light and with radiant energy in general.
3249	新型	しんがた	noun	new type; new style; new model	その新型車は何度か厳しいテストを受けた。 :: The new model car was put through several tests. || 彼は自分の車を新型自動車と比較してみた。 :: He compared his car to the new model.
3250	旗	はた	noun	flag	人々は王女を歓迎するために旗をふった。 :: They waved flags to welcome the princess. || 大統領を歓迎するために通りは旗で飾られた。 :: The street was flagged to welcome the president.
3251	本番	ほんばん	noun	performance (as opposed to practice); going before an audience or on-air; take	咳止めシロップ。本番前に一口飲まないと落ち着かない！ :: Cough syrup. If I don't drink a mouthful before going on stage I can't settle down!
3252	梅	うめ	noun	Japanese apricot (Prunus mume); Japanese plum; ume	私たちは梅の花で有名な水戸公園を見に行った。 :: We visited Mito Park, which is famous for its plum blossoms. || 梅の花は3月に咲く。 :: Plum blossoms come out in March.
3253	欲	よく	noun	greed; craving; desire	金銭欲は私達全てに共通のものだと思う。 :: I think the love of money is common to us all. || 欲の深い男はその報酬には決して満足しなかった。 :: The greedy man was by no means satisfied with the reward.
3254	水道	すいどう	noun	water supply; water service; waterworks	たいていの日本人は水道の水を飲みます。 :: Most Japanese drink water from the tap. || 彼が料金を払わなかったので水道を止められた。 :: They shut his water off because he didn't pay the bill.
3255	決断	けつだん	noun	decision; determination	彼はその家を支配し、すべての決断をする。 :: He dominates his family and makes all the decisions. || 彼の忠告に従って、私はそれを決断した。 :: According to his advice, I decided it.
3256	熊	くま	noun	bear (any mammal of family Ursidae)	万一熊にであったら、死んだふりをしなさい。 :: If you should meet a bear, pretend to be dead. || こうして彼は大きな熊を殺したのです。 :: This is how he killed the big bear.
3257	移転	いてん	noun	moving; relocation; change of address	新しいビルへの移転にわくわくしてます。 :: We are excited about the move to the new building. || ご移転の際はお知らせ下さい。 :: If you change your address, please let me know.
3258	自主	じしゅ	noun	independence; autonomy; self-reliance	山火事の後なので今年の花火大会は自主的に中止を決定しました。 :: After the bushfires, we have independently decided to call off this year's fireworks display. || 靖国神社参拝に関しては閣僚の自主的な判断に任せられている。 :: The question of worshipping at the Yasukuni Shrine is left to the independent judgement of Cabinet ministers.
3259	自社	じしゃ	noun	one's company; company one works for	商業用旅客機の場合は、企業が自社製品を売ろうと競争する。 :: In the case of commercial airplanes, private companies compete to sell their product. || 会議場内で自社の製品の展示場を設けたいとお考えでしたら、早急にご連絡下さい。 :: Please let me know immediately if you would like to set up an area of the conference room for your products.
3260	要望	ようぼう	noun	demand for; request	私は彼の要望に応じるわけにはいかない。 :: I cannot comply with his request. || この本はあなたの要望にぴったりです。 :: This book is suitable for your needs.
3261	許す	ゆるす	verb	to permit; to allow; to approve	ジェット機では不注意な操縦は許されない。 :: A jet airliner does not admit of careless handling. || 君がそうすることを許すわけにはいかない。 :: I can't allow you to do that.
3262	講演	こうえん	noun	lecture; address; speech	彼らは講演者の話にじっと耳を傾けていた。 :: They were listening to the lecture attentively. || 彼女は社会福祉についての講演に出席した。 :: She attended the lecture on social welfare.
3263	電動	でんどう	adjective	electrically powered; electric	彼は電動タイプライターが欲しかったが、友人は彼を説き伏せてワープロを買わせた。 :: He wanted to buy an electric typewriter but his friend talked him into buying a word processor.
3264	飲み物	のみもの	noun	drink; beverage	女はほかに飲み物を何も持っていなかった。 :: She had nothing else to drink. || 私は冷たい飲み物がほしくてたまりません。 :: I'm dying for a cold drink.
3265	飲食	いんしょく	noun	food and drink; eating and drinking	好きなだけ飲食していただいて結構です。 :: You can eat and drink as much as you want. || とりわけ、飲食物には気をつけなさい。 :: Above all, be careful about what you eat and drink.
3266	いただく	いただく	verb	to receive; to get; to accept	一つお願いを聞いていただきたいのですが。 :: Would you do me a favor? || 援助していただいて本当に感謝しています。 :: I am very grateful to you for your help.
3267	かく	かく	verb	to scratch	ここにあなたの名前をかいてくれませんか。 :: Would you please write your name here? || マユコは本を読み、メグは絵をかいていた。 :: Mayuko was reading and Meg was painting.
3268	ひたすら	ひたすら	adverb	intently; single-mindedly; devotedly	彼はひたすら成功を望んで懸命に働く。 :: He works hard because he is anxious to succeed. || 先ずは憧れの作家の文章の呼吸をつかむためにひたすら筆写、丸写しをする。 :: First, in order to get a feel for your favourite author's work, transcribe and copy in full.
3269	オプション	おぷしょん	noun	option; choice	エアコンはオプションの付属品です。 :: An air conditioner is available as an optional extra. || オプションとして４速自動変速機も選べる。 :: 4-speed automatic transmission is available as an option.
3270	クイズ	くいず	noun	quiz	その少年はそのクイズを解くのに骨を折った。 :: The boy took great pains to solve the quiz. || 少年はクイズを解くのにかなり苦労した。 :: The boy took great pains to solve the quiz.
3271	クラシック	くらしっく	noun	classical music	学生時代は、クラシック音楽に夢中でした。 :: I was keen on classical music in my school days. || 私はクラシック音楽がとても好きなんです。 :: I like classical music very much.
3272	サラダ	さらだ	noun	salad	冷蔵庫の中にトマトサラダを入れなさい。 :: Put the tomato salad in the refrigerator. || サラダを自由に取って食べてください。 :: Help yourself to the salad.
3273	タッチ	たっち	noun	touch; touching	このタッチは彼女独自のものだ。 :: This touch is original with her. || 一塁手は、走ってきた打者にタッチしアウトを取った。 :: The first baseman tagged the runner out.
3274	チリ	ちり	noun	Chile	今日の新聞によれば、昨日チリで大地震があったそうだ。 :: According to today's paper, there was a big earthquake in Chile yesterday.
3275	デザイナー	でざいなー	noun	designer	そんなデザイナーの名前聞いたことない。 :: I didn't quite catch the name of that designer. || 彼女の希望はデザイナーになることだ。 :: She hopes to become a designer.
3276	パスワード	ぱすわーど	noun	password	人のパスワードを乱用する「なりすまし」行為が問題になっている。 :: Now that people can steal passwords, illegal impersonation is becoming a serious problem.
3277	パンチ	ぱんち	noun	punch (with the fist)	あごにパンチを受けて私はひざをついた。 :: The punch on the jaw brought me to my knees. || 彼は相手からあごに強烈なパンチを受けた。 :: He received a tremendous punch on the jaw from his opponent.
3278	ファースト	ふぁーすと	noun	first base; first baseman	ファーストクラスでお願いします。 :: I'd like to travel first-class. || ファーストがうちのチームのアキレスけんだ。 :: The first baseman is the Achilles heel of our team.
3279	フィリピン	ふぃりぴん	noun	Philippines	彼は昨年の今ごろフィリピンを旅行していました。 :: He was traveling in the Philippines this time of last year. || 「オーストラリアからですか」とフィリピン人はたずねました。 :: Are you from Australia? asked the Filipino.
3280	フード	ふーど	noun	hood	時間があまりないので、ファーストフード店に立ち寄るつもりです。 :: I don't have much time, so I'm going to drop in at a fast-food restaurant. || 会社は７月に製造されたすべてのベビーフードを回収した。 :: The company recalled all the baby food made in July.
3281	マジック	まじっく	noun	magic	赤と黒のマジックかサインペン持ってない？ :: I need red and black markers or felt-tip pens. Do you have any? || この指輪は、使用者に大いなる力を与えるマジックアイテムだ。 :: This ring is a magic item that gives great power to its user.
3282	ルー	るー	noun	roux	なぜルーンって呼ばれてるの？ :: Why is it called "loon"? || カレーのルーは非常に滋養に富んでいる。 :: Curry sauce is very nourishing.
3283	丘	おか	noun	hill; height; knoll	その老婦人はゆっくりと丘を歩いて登った。 :: The old lady walked slowly up the hill. || 私たちは丘のふもとにある池の方へ進んだ。 :: We made for a pond at the foot of the hill.
3284	乾燥	かんそう	noun	dryness; aridity; drying (e.g. clothes)	その男はある乾燥した国で水が飲めずに死んだ。 :: The man died of thirst in a dry country. || 当地は夏がひどく湿気が多いが、逆に冬は乾燥する。 :: It gets very humid at home in summer; in winter, on the other hand, it gets very dry.
3285	仏	ほとけ	noun	Buddha; Shakyamuni	もう神も仏もない。 :: Now there is neither God nor Buddha.
3286	仮想	かそう	noun	imagination; supposition; virtual	小中学生なんて、まだまだ善悪の見分けも、現実と仮想の見分けもつかない。 :: Elementary and primary school children don't yet know good from evil or reality from fiction.
3287	兄ちゃん	にいちゃん	noun	(one's) older brother	兄ちゃん、こっち生中二つー。 :: Kiddo! Two medium-size drafts here. || はい、お兄ちゃん、半分こ。 :: Here, bro, halfsies.
3288	共感	きょうかん	noun	sympathy; empathy; response	あなたの考え方には共感できます。 :: I really agree with what you're saying. || 自分が生きている世界との共感がなければ、作家であることは無益である。 :: It is no use being a writer if one is not in sympathy with the world in which one is living.
3289	分間	ふんかん	counter	minutes (period of)	この機械は１分間に６０ページ印刷できる。 :: This machine can print sixty pages a minute. || 私達は彼を１０分間待たねばならなかった。 :: We had to wait for him for ten minutes.
3290	動かす	うごかす	verb	to move; to shift; to stir	あの少年は試しに重いソファーを動かした。 :: The boy tried moving the heavy sofa. || ここからあそこへこの石を動かして下さい。 :: Please move this stone from here to there.
3291	各国	かっこく	noun	each country; every country; various countries	この研究は各国の移民政策を比較するものである。 :: This study compares the immigration policies of various nations. || 各国にはそれぞれの習慣がある。 :: Each country has its own customs.
3292	同社	どうしゃ	noun	the same company; the said firm	同社の昨年の対インド輸出は１億ドルに達した。 :: The company's exports to India amounted to $100 million last year. || 同社の本社はロサンゼルスにあります。 :: The corporate headquarters is in Los Angeles.
3293	地点	ちてん	noun	spot; point; place	日光は東京の北約７５マイルの地点にある。 :: Nikko is situated about seventy five miles north of Tokyo. || この地点では海は狭くなって海峡となっている。 :: At this point the sea narrows into a strait.
3294	奥様	おくさま	noun	wife; your wife; his wife	奥様にもよろしくおっしゃってください。 :: Please say hello to your wife for me. || 奥様にどうかよろしくお伝えください。 :: Send my greetings to your wife.
3295	定着	ていちゃく	noun	sticking (in one place, position, etc.); settling; fixing	この習慣は日本人の間にすっかり定着した。 :: This custom has become firmly established among the Japanese.
3296	当局	とうきょく	noun	authorities; relevant authorities; authorities concerned	当局は自国の通貨を何とかして安定させた。 :: The authorities managed to stabilize the currency. || 警察当局はその犯罪が重大であると考えた。 :: The police considered the crime to be serious.
3297	復讐	ふくしゅう	noun	revenge	彼らは復讐として隣人の家に火をつけた。 :: They set fire to their neighbour's house in revenge. || 彼女はなんとかして復讐しようと焦っていた。 :: She wanted desperately to get her vengeance.
3298	月末	げつまつ	noun	end of the month	月末にはお金がほとんどなくなります。 :: I have so little money at the end of the month. || サムは月末に金を払うと約束した。 :: Sam has promised to pay the money at the end of the month.
3299	望む	のぞむ	verb	to desire; to want; to wish for	健康でなければ成功を望むことは出来ない。 :: Without health we cannot hope for success. || 彼は成功を望んだが実際は成功しなかった。 :: He had hoped to succeed, but in reality, he had not.
3300	校長	こうちょう	noun	principal; head teacher; headmaster	校長先生は勝った人達に賞を贈るでしょう。 :: The headmaster will present the winners with their prize. || 私たちの学校の校長先生はアメリカ人です。 :: The principal of our school is an American.
3301	桃	もも	noun	peach (Prunus persica)	私は葡萄や桃のような果物が好きだ。 :: I like such fruits as grapes and peaches. || 好きなだけ桃を取りなさい。 :: Take as many peaches as you like.
3302	検出	けんしゅつ	noun	detection; sense (e.g. sensor)	その食品の中からコレラ菌が検出された。 :: Cholera germs were found in the food.
3303	機動	きどう	noun	maneuver (usu. of military force); manoeuvre	機動隊が現場に到着した。 :: The riot police arrived on the scene.
3304	法的	ほうてき	na-adjective	legal	日本では、法的には２０歳で成人になる。 :: In Japan, people become legally of age at twenty. || 弁護士は依頼人に法的手段を取るように勧めた。 :: The lawyer recommended that his client take legal action.
3305	狙う	ねらう	verb	to aim at (with a weapon, etc.)	その選手はボールを狙ってバットを振った。 :: The player swung the bat at a ball. || 私は虎を狙って発砲したが、撃ち損なった。 :: I aimed at the tiger and fired, but missed him.
3306	生理	せいり	noun	physiology	子供や赤ちゃんは生理的に苦手なの。 :: I'm instinctively bad with children and infants. || 生理用ナプキンはどこにありますか。 :: Where are the sanitary napkins?
3307	税金	ぜいきん	noun	tax; duty	この品の税金分はむこうでお支払い下さい。 :: Please pay the tax on the items over there. || 私は税金についてあなたの意見に賛成です。 :: I agree with your opinion about taxes.
3308	糖	とう	noun	sugar	今まで、一度、糖が出たことがありますが、今回は蛋白のみでした。 :: Until now sugar had been detected in my urine once, however this time there is only albumin.
3309	罠	わな	noun	trap (for catching animals); snare	「罠に気をつけてっ！」と彼女は高い声で叫んだ。 :: Watch out for the trap! she screamed. || 彼はまんまと罠に引っかかった。 :: He was fairly caught in the trap.
3310	被告	ひこく	noun	defendant; the accused	「被告人」という言葉は法律用語である。 :: The accused is a legal term. || 被告人は自分の行為を正当化しようと努めた。 :: The accused tried to justify his actions.
3311	読書	どくしょ	noun	reading (books)	図書館で読書している人は１人もいません。 :: There is no one reading in the library. || 彼は私に読書する時間がないと言いました。 :: He told me that he had no time to read books.
3312	調理	ちょうり	noun	cooking; food preparation	ガスで調理しますか、あるいは電気ですか。 :: Do you cook by gas or electricity? || 卵はどのように調理いたしましょうか。 :: How do you like your eggs done?
3313	遠慮	えんりょ	noun	reserve; constraint; restraint	エレベーターの中でのタバコはご遠慮下さい。 :: You may not smoke in an elevator. || サインが消えるまでおタバコはご遠慮下さい。 :: Please refrain from smoking until the sign is turned off.
3314	鈴	すず	noun	bell (often globular)	だれがその猫に鈴をつけられるか。 :: Who can put a bell on the cat? || 問題は誰が猫に鈴をつけるかだ。 :: The question is: Who will bell the cat.
3315	鑑賞	かんしょう	noun	appreciation (of art, music, poetry, etc.)	彼は文学を正しく鑑賞できるようになった。 :: He learned to appreciate literature. || トムには近代絵画の鑑賞能力がある。 :: Tom appreciates modern art.
3316	面積	めんせき	noun	area (measurement); square measure; size (of land)	この都市の面積はどれくらいか。 :: What is the area of this city? || この床の面積は６００平方メートルある。 :: The area of this floor is 600 square meters.
3317	食料	しょくりょう	noun	food	市は地震の被災者に食料と毛布を支給した。 :: The city supplied the earthquake victims with food and blankets. || 彼等は、戦争の被災者達に食料を供給した。 :: They supplied the war victims with food.
3318	ところが	ところが	conjunction	even so; however; still	ところが実はどうすることもできないのです。 :: As it is, I can do nothing. || ところが地球の磁場はごく弱いものです。 :: But the earth's magnetic field is very weak.
3319	なるべく	なるべく	adverb	as (much) as possible; as (much) as one can; wherever practicable	なるべく早くご返事いただければ幸いです。 :: I would appreciate a reply as soon as possible. || 大至急お願い、なるべく早くお願いします。 :: I need it ASAP.
3320	エア	えあ	noun	air	彼はエアホステスと結婚した。 :: He married an air hostess.
3321	ガイド	がいど	noun	guide; tour guide; conductor	この国の旅行ガイドを見せてくれませんか。 :: Please show me some of the travel guides for this country. || ガイドが私たちをホテルまで案内してくれた。 :: The guide led us to the hotel.
3322	キッチン	きっちん	noun	kitchen	この２日間皿洗いする時間もないよ。キッチンの流しに山積みしているよ。 :: I haven't had time to do the dishes for two days; they are in a pile in the kitchen sink.
3323	ゴム	ごむ	noun	gum; rubber	このフライドエッグは、ゴムのような味がする。 :: This fried egg tastes like a sheet of rubber. || マヤ族の人々はボールをゴムで作っていました。 :: The Mayas made their balls out of rubber.
3324	ジャー	じゃー	noun	container for keeping food or drink warm; (wide-mouthed) thermos; (rice) warmer	このふたはあのジャーのふただ。 :: This lid belongs with that jar. || シンバルがジャーンと鳴った。 :: The cymbals clashed.
3325	スキー	すきー	noun	skiing	この前の冬、私はカナダへスキーに行った。 :: I went skiing in Canada last winter. || 私はよく冬にスキーに出かけたものだった。 :: I used to go skiing in winter.
3326	ステーション	すてーしょん	noun	station	そのスペースシャトルは、宇宙ステーションに行くために設計された。 :: The space shuttles were designed to go to a space station.
3327	スポンサー	すぽんさー	noun	sponsor	ホームステイをするにはスポンサーの面接を受けなくてはならない。 :: In order to qualify for the homestay you must have an interview with the sponsors.
3328	パーカー	ぱーかー	noun	hooded sweatshirt; hoodie; hoody	パーカー夫人はにこにこしながら彼を迎えた。 :: Mrs. Parker greeted him with a smile. || パーカーさんは箸で食べてみました。 :: Mr Parker tried eating with chopsticks.
3329	プライベート	ぷらいべーと	na-adjective	private	彼はプライベートには誰も立ち入らせなかった。 :: He wouldn't let anybody interfere with his private affairs. || 防音設備が施されプライベートを重視したゲストルームです。 :: It's a guest room equipped with soundproofing with an emphasis on privacy.
3330	プロレス	ぷろれす	noun	professional wrestling	私はプロレスが好きです。 :: I like pro wrestling.
3331	ポップ	ぽっぷ	na-adjective	pop; popular; fashionable	あなたはポップソングが好きではないのですね？ :: You don't like pop songs, do you? || 私はポップ・ミュージックはそろそろ卒業しようと思っているの。 :: I feel I'm growing out of pop music.
3332	不快	ふかい	noun	displeasure; discomfort; unpleasantness	その腐った肉はひどく不快な匂いがした。 :: The spoiled meat had a nasty smell. || 彼の計画はいささか不快の目でみられる。 :: His plans were regarded with some disfavor.
3333	二度と	にどと	adverb	never again	あなたは二度と私に会いに来てはならない。 :: You must not come to meet me again. || 夫婦は別れた後、二度と会う事はなかった。 :: The couple separated, never to see each other again.
3334	人種	じんしゅ	noun	race (of people)	人種問題はしばしば社会不安のもとになる。 :: Racial problems are often the cause of social unrest. || あなたの人種、年齢、宗教は問いません。 :: I don't care about your race or age or religion.
3335	体質	たいしつ	noun	constitution (physical); physical make-up; predisposition (to disease)	湿気の多い気候が彼の体質に合わなかった。 :: The wet climate did not agree with his constitution. || 私のおいは卵に対してアレルギー体質だ。 :: My nephew is allergic to eggs.
3336	倒す	たおす	verb	to throw down; to bring down; to blow down	不良たちは彼を殴り倒して財布を奪った。 :: The delinquents knocked him down and stole his wallet. || 倒した座席の背を少し戻していただけますか。 :: Could you put your seat back up a little?
3337	側面	そくめん	noun	side; flank; profile	さらにまた、その話にはもうひとつの側面がある。 :: Again, there is another side to the story. || 宗教的側面では、その決定は信者たちに深刻な分裂をもたらした。 :: On the religious side, the decision caused serious dissension among followers.
3338	占い	うらない	noun	fortune-telling; divination	トランプ占いをしてあげましょう。 :: Let me tell you your fortune with cards. || 昨日の易者の占いなんか気にすることないよ。 :: What that fortuneteller said yesterday is nothing to be concerned about.
3339	厚生	こうせい	noun	welfare; public welfare; social welfare	社会保険庁や厚生労働省への不信感は募る一方である。 :: Distrust of the Social Insurance Agency and the Ministry of Health, Labour and Welfare just keeps getting stronger.
3340	呪い	のろい	noun	curse; spell; malediction	その家族には呪いがかけられているようだった。 :: The family seemed to be under a curse. || 呪いはひな鳥のようにねぐらに戻ってくる。 :: Curses, like chickens, come home to roost.
3341	国連	こくれん	noun	United Nations; UN	その国は国連に援助してくれるよう訴えた。 :: The country appealed to the United Nations for help. || 国連は難民に食糧を与えるため努力した。 :: The UN endeavored to supply refugees with food.
3342	塗装	とそう	noun	coating; painting	彼らのボートは塗装する必要がある。 :: Their boat needs painting. || 明日には部屋の塗装が行われます。 :: The room will be painted tomorrow.
3343	大佐	たいさ	noun	colonel; (navy) captain	彼は２年前に、大佐の階級に昇進した。 :: He was raised to the rank of colonel two years ago. || 彼は陸軍大佐の位を持っている。 :: He holds the rank of colonel.
3344	大陸	たいりく	noun	continent	彼らは徒歩でその広大な大陸を横断した。 :: They crossed the vast continent on foot. || 鉄のカーテンがヨーロッパ大陸におりた。 :: An iron curtain has descended across the Continent.
3345	宅	たく	noun	house; home	あなたのお宅は大丈夫でしたか。心配です。 :: I'm worried whether your house was involved or not. || 明日私はブラウンさんのお宅を訪問します。 :: I'll call at Mr Brown's house tomorrow.
3346	審議	しんぎ	noun	deliberation; discussion; consideration	その問題は次の会合で審議されるであろう。 :: The problem will be on the carpet at the next meeting. || 事件を審議したのはどの裁判官ですか。 :: Which judge heard the case?
3347	役員	やくいん	noun	director; executive	その会議は十二人の役員で成り立っている。 :: The committee consists of twelve members. || 彼は役員の地位をねらっている。 :: He is aiming for the directorship.
3348	性別	せいべつ	noun	(distinction of) sex; gender	性別で人を分け隔てすべきでない。 :: You should not discriminate against people because of their sex. || 国籍や性別または職業などで人を差別してはいけない。 :: Don't discriminate against people based on nationality, gender, or occupation.
3349	悲しみ	かなしみ	noun	sadness; sorrow; grief	彼は妻が死んだとき大きな悲しみを感じた。 :: He felt great sorrow when his wife died. || 彼女の死は国民に深い悲しみをもたらした。 :: Her death brought deep sorrow to the nation.
3350	撮る	とる	verb	to take (a photograph)	あなたがパリで撮った写真を見せて下さい。 :: Let me see the pictures you took in Paris. || この建物の中で写真を撮ってもいいですか？ :: Is it all right to take pictures in this building?
3351	本質	ほんしつ	noun	essence; true nature; substance	それらは程度の差で本質的には違いはない。 :: They are different in degree but not in kind. || 人間の歴史は本質的には思想の歴史である。 :: Human history is in essence a history of ideas.
3352	柱	はしら	noun	pillar; post	この橋は１０本の柱で支えられている。 :: The bridge is supported by 10 posts. || この橋を支えるには重い柱が必要だ。 :: Heavy posts are needed to sustain this bridge.
3353	根本	こんぽん	noun	root; source; origin	この事の根本には何かあるに違いない。 :: There must be something at the bottom of all this. || 想像力は、すべての文明の根本である。 :: Imagination is the root of all civilization.
3354	栽培	さいばい	noun	cultivation	私の叔母は庭にトマトを栽培しています。 :: My aunt grows tomatoes in her garden. || その土地は野菜栽培に向いていますか。 :: Does the soil suit vegetables?
3355	比べる	くらべる	verb	to compare; to make a comparison (between)	この作品は君の前のに比べて進歩している。 :: This work is an improvement on your last. || 兄に比べれば、彼はそれほど聡明ではない。 :: Compared with his brother, he is not so intelligent.
3356	気味	きみ	noun	sensation; feeling	彼が最終列車に乗り遅れたのはいい気味だ。 :: It serves him right that he missed the last train. || 私が失敗したとき、彼は「いい気味だ」と言った。 :: When I failed, he said, "It serves you right".
3357	濃い	こい	i-adjective	deep (colour); dark	お茶が濃すぎるので水を少し加えて下さい。 :: The tea is too strong. Add some water. || 濃い霧のために飛行機は離陸できなかった。 :: The thick fog prevented the plane from taking off.
3358	生成	せいせい	noun	creation; generation; formation	毎日大量の二酸化炭素が生成されている。 :: Massive amounts of carbon dioxide are generated every day. || AとBを反応させるとCが生成されます。 :: C is formed by reacting A with B.
3359	発音	はつおん	noun	pronunciation	英語の発音の呼吸がなかなか飲み込めない。 :: I still can't get the knack of English pronunciation. || この単語の発音の仕方を知っていますか。 :: Do you know how to pronounce this word?
3360	相続	そうぞく	noun	succession	私の６０歳の叔母は莫大な財産を相続した。 :: My sixty-year-old aunt inherited the huge estate. || 財産は相続人たちの間で平等に分けられた。 :: The property was divided equally among the heirs.
3361	盾	たて	noun	shield; buckler; escutcheon	盾の両面を見よ。 :: Look on both sides of the shield.
3362	竹	たけ	noun	bamboo (any grass of subfamily Bambusoideae)	厳密に言えば、竹は草の一種である。 :: Strictly speaking, bamboo is a kind of grass. || 私たちは竹かごの作り方を教わった。 :: We received instructions on how to make a bamboo basket.
3363	結成	けっせい	noun	formation; combination	ボート競技に参加する為に新チームが結成された。 :: A new team was formed in order to take part in the boat race. || 彼らは、アメリカ退職者協会という独自の全国組織を結成している。 :: They have formed their own nationwide association, the American Association of Retired Persons.
3364	緩和	かんわ	noun	relief; mitigation; alleviation	大統領の演説は世界の緊張緩和を意図したものだった。 :: The President's speech was calculated to ease world tensions. || 景気を支えるために金融緩和が必要と考えられている。 :: Credit relaxation is considered necessary to shore up business.
3365	つながる	つながる	verb	to be connected (to); to be joined together; to be linked	その村と我々の町は橋でつながっています。 :: The village is connected with our town by a bridge. || 不注意が大事故につながる事がある。 :: Carelessness can lead to a serious accident.
3366	罰	ばち	noun	(divine) punishment; curse; retribution	彼らは罪に対する罰を受けるべきだ。 :: They should face a penalty for their crimes. || うそをついたので彼は罰を受けた。 :: Because he lied, he was punished.
3367	脇	わき	noun	armpit; under one's arm; side	彼は彼女を脇へ呼んでそのことを知らせた。 :: He took her aside and told her the news. || 彼女は編み物を脇に置いて立ち上がった。 :: She put her knitting aside and stood up.
3368	芸	げい	noun	art; craft; accomplishment	僕はサーカスで見事な動物の芸を見た。 :: I saw a marvelous animal act at the circus. || 彼女の芸の才能が現れたのは３０過ぎのことだった。 :: She was over thirty when her artistic talent emerged.
3369	若手	わかて	noun	young person	彼は党の活動的な若手のひとりである。 :: He is one of the up and coming young men of the party. || その歌手は若手にとても人気がある。 :: That singer is very popular with young people.
3370	虐殺	ぎゃくさつ	noun	slaughter; massacre	将軍は捕虜全員の虐殺を命じた。 :: The general ordered the massacre of all war prisoners. || 捕虜を虐殺したのは残忍な行為だ。 :: The slaughter of the prisoners was a barbarous act.
3371	観客	かんきゃく	noun	spectator; audience	劇場の観客数は夏にはたいてい減少する。 :: Theater attendance usually falls off in summer. || 観客たちは彼女の優雅な演技に感動した。 :: The spectators were moved by her graceful performance.
3372	触れる	ふれる	verb	to touch; to feel	幼い子どもを優れた音楽に触れさせるべきだ。 :: Young children should be exposed to good music. || 彼がそれに手を触れたとたんに爆発した。 :: The moment he touched it, it blew up.
3373	通う	かよう	verb	to go to and from (a place); to go back and forth between; to run between (e.g. bus, train, etc.)	学校に通っていた時、ウサギの世話をした。 :: I cared for the rabbits when I was at school. || 彼は私が通っている同じ学校に通っている。 :: He attends the same school that I do.
3374	選手権	せんしゅけん	noun	championship; title (of champion)	その選手は選手権大会で連続して３度優勝した。 :: The player won the championship three times in a row. || 高校野球チームは選手権大会で競いあった。 :: High school baseball teams competed with one another at the tournament.
3375	開き	ひらき	noun	opening; gap	君は職務怠慢の申し開きをしなければならない。 :: You must account for your neglect of duty.
3376	隊長	たいちょう	noun	commanding officer	隊長は部下に行進を続けるようにと命じた。 :: The captain commanded the men to march on. || 隊長以下の者がこの建物に住む。 :: Men of the rank of captain and below live in this building.
3377	青年	せいねん	noun	youth; young man	多くの青年が同じ過ちを犯しがちである。 :: Many young men tend to commit the same errors. || 私が助手に雇った青年はとてもよく働く。 :: The young man whom I employed as my assistant works very hard.
3378	頭痛	ずつう	noun	headache	ひどい頭痛に悩まされていると彼は言った。 :: He said he was suffering from a bad headache. || コーヒーを一杯飲んだら頭痛が軽くなった。 :: A cup of coffee relieved me of my headache.
3379	いいえ	いいえ	interjection	no	「いいえ、いました」とその学生は答えた。 :: Yes, I was, said the student. || 「いいえ」とイギリス人は繰り返しました。 :: No, repeated the Englishman.
3380	ともかく	ともかく	adverb	anyhow; anyway; somehow or other	ともかく約束を破るのはよくありません。 :: In any case, it's wrong to break a promise. || 雨が止んだらともかく私は出かけられる。 :: At any rate, I can go out when it stops raining.
3381	サウンド	さうんど	noun	sound	ヘヴィなサウンドが求められている。 :: Heavy sound is being looked for. || 本日の映画は「サウンド・オブ・ミュージック」でございます。 :: Today's movie is The Sound of Music.
3382	ジャズ	じゃず	noun	jazz	彼女はジャズが好きだが、私もまたそうだ。 :: She likes jazz, and so do I. || 私は彼がジャズが好きなことを知っている。 :: I know he likes jazz music.
3383	スケジュール	すけじゅーる	noun	schedule; program; calendar	いずれにしてもスケジュールは変更できない。 :: At any rate, we can't change the schedule. || この飛行機はスケジュール通りですか。 :: Is this plane on schedule?
3384	ソ連	それん	noun	Soviet Union; USSR	ソ連はわが国に対して強い態度をとった。 :: The Soviet Union took a hostile attitude toward us. || ニュースはソ連崩壊のものばかりだった。 :: The news was all about the collapse of the Soviet Union.
3385	ティー	てぃー	noun	tea	これらのティーカップは対になっている。 :: These teacups make a pair. || クリスティーの推理小説は断然面白い。 :: Christi's mysteries are most decidedly interesting.
3386	ハーフ	はーふ	noun	half	私達はその船をハーフムーンと名付けた。 :: We named the boat the Half Moon. || どの学校であっても、体操着は、スパッツやハーフパンツばかりだ。 :: In schools everywhere sports-wear is all spats and shorts.
3387	バナナ	ばなな	noun	banana	かごの中のバナナの半分は腐っていた。 :: Half of the bananas in the basket were rotten. || そのサルは棒を使ってバナナを取った。 :: The monkey took a banana by means of the stick.
3388	フランク	ふらんく	na-adjective	frank; candid	フランクは夕方のデートを楽しみに待っていた。 :: Frank was waiting with pleasure for the date in the evening. || フランクは大学で社会学を専攻した。 :: Frank majored in sociology at university.
3389	ミリ	みり	noun	millimetre; millimeter	目の前で繰り広げられるやり取りは、俺が入り込む隙なんて一ミリもない。 :: The exchange unfolding in front of my eyes had not a single millimetre of a gap in which for me to slip.
3390	ライター	らいたー	noun	lighter	お客様、テーブルにライターをお忘れですよ。 :: Sir, you have left your lighter on the table. || ライターをどこかに置き忘れて見つからない。 :: I put my lighter down somewhere and now I can't find it.
3391	ワンピース	わんぴーす	noun	dress	このワンピースは、君の雰囲気にぴったりだね。 :: This dress is YOU. || このワンピースはいくらですか。 :: How much is this dress?
3392	ワーク	わーく	noun	work	この仕事はデスクワークとは全然違います。 :: It's nothing like desk work. || 彼はハードワークによってとても疲れている。 :: He was very tired by hard work.
3393	不可	ふか	adjective	wrong; bad; improper	それは可でもなく不可でもなしというところだ。 :: It is neither good nor bad. || 結果は可もなく不可もなしと言ったところです。 :: The result is neither good nor bad.
3394	不安定	ふあんてい	na-adjective	instability; insecurity; crankiness	この歯が不安定です。 :: This tooth is wobbly. || 日本人からが、アメリカ人は不安定で、自由奔放に見える。 :: Americans appear unsettled and uncontrolled to Japanese.
3395	並ぶ	ならぶ	verb	to line up; to stand in a line	実行は理論と並んでいかなければならない。 :: Practice must go hand in hand with theory. || 席を確保するには列に並びさえすればいい。 :: All you have to do to secure a seat is to wait in line.
3396	人格	じんかく	noun	personality; character; individuality	こういった言葉使いは彼の人格に合わない。 :: Such language doesn't harmonize with his character. || 彼が人格者であることは否定できない。 :: That he is a man of character cannot be denied.
3397	傘	かさ	noun	umbrella; parasol	タクシーに傘を忘れるとは不注意だったね。 :: It was careless of you to leave your umbrella in the taxi. || 私は間違って彼の傘を持ってきてしまった。 :: I have brought his umbrella by mistake.
3398	処女	しょじょ	noun	virgin (usu. female); maiden	ホワイト教授は去年処女作を出版した。 :: Professor White published his first book last year. || 彼は処女作で作家としての名を成した。 :: He made his mark as a writer with his very first novel.
3399	出口	でぐち	noun	exit; way out	演奏会が終わると人々は近くの出口へ急いだ。 :: After the concert, the crowd made for the nearest door. || 火事の時にはこの出口を使ってください。 :: Please use this exit when there is a fire.
3400	分割	ぶんかつ	noun	partition; division; separation	政治はこの３つを分割したいみたいね。 :: It seems that the government wants to separate these three. || よい投資方法としては月払いの分割がある。 :: A good method for investing is a monthly allotment.
3401	初日	しょにち	noun	first day; opening day	展覧された絵のかなり多くが開会初日に売れた。 :: A good many of the pictures on exhibition were sold on the opening day. || 大学での初日はかなり退屈だった。 :: My first day in the university was rather boring.
3402	加速	かそく	noun	acceleration; speeding up	その政策は、インフレを加速させるだけだ。 :: The policy will only accelerate inflation. || 彼は車を加速し、私に追いついた。 :: He accelerated his car and overtook me.
3403	勘弁	かんべん	noun	pardon; forgiveness; forbearance	それだけは勘弁してください。 :: I would do anything but that. || ちょっと勘弁して下さい。 :: Give me a break, will you?
3404	同期	どうき	noun	same period; corresponding period	同期の人間の売上があがってきたから、俺もウカウカしてられないな。 :: When one of my coworkers starts racking up good sales figures I can't let down my guard.
3405	品質	ひんしつ	noun	quality (of a product or a service)	貴社の品質管理のやり方には感心しました。 :: I'm very impressed with your quality control. || この機械はあれより品質の点ですぐれている。 :: This machine is superior in quality to that one.
3406	回路	かいろ	noun	circuit	保護回路を飛ばしてしまおう。 :: Let's bypass the protection circuit. || 回路を調べる前に、電源のスイッチを切りなさい。 :: You must switch off the power before checking the circuit.
3407	土産	みやげ	noun	local specialty or souvenir bought as a gift while travelling	彼女は来るたびにお土産を持って来てくれる。 :: Whenever she comes, she brings us presents. || 彼女へのお土産には何が一番いいと思う？ :: What souvenir do you think she would like most?
3408	夜中	よなか	noun	middle of the night; dead of night	その晩と次の日とその夜中ずっと地下室で過ごしたのよ。 :: We spent all of that night, the next day, and the next night in the cellar. || 町の灯りはとても明るくとてもちかくなっていて通りの灯かりは夜中輝いています。 :: Now the lights of the city were bright and very close, and the streetlights shone all night.
3409	妖精	ようせい	noun	fairy; sprite; elf	妖精は王子を猫に変えた。 :: The fairy changed the prince into a cat. || 彼女は妖精の役を演じた。 :: She acted the part of a fairy.
3410	屋敷	やしき	noun	residence; estate; grounds	この古い屋敷には幽霊が出るそうだ。 :: They say this old house is haunted. || 彼はいなかの屋敷に住んでいる。 :: He lives on his country estate.
3411	情熱	じょうねつ	noun	passion; enthusiasm; zeal	この恋人同士は情熱的な文通を続けた。 :: This pair of lovers were carrying on an ardent correspondence. || どこへ行こうとも情熱は失わない。 :: Wherever I go, I won't lose my passion.
3412	押す	おす	verb	to push; to thrust; to shove	あなたはそのボタンを押しさえすれば良い。 :: You have only to push the button. || 火事の場合はこのボタンを押してください。 :: In case of fire, press this button.
3413	損失	そんしつ	noun	loss (of assets, profit, etc.)	彼女が損失を補うようわれわれは要求した。 :: We demanded that she should make up for the loss. || 生物学者は、損失は深刻だと主張している。 :: Biologists assert the losses are severe.
3414	摂取	せっしゅ	noun	intake (e.g. of salt); ingestion	その中毒者は麻薬の過剰摂取で死んだ。 :: The addict died from a drug overdose. || 十分な栄養摂取は幼児の発育にとって極めて重要です。 :: Good nutrition is vital for an infant's growth.
3415	朝食	ちょうしょく	noun	breakfast	多くの日本の若者が朝食にパンを食べます。 :: Many young people in Japan eat bread for breakfast. || 朝食を十分に食べるのは非常に賢明である。 :: Eating a good breakfast is very wise.
3416	水素	すいそ	noun	hydrogen (H)	この物質は主に水素と酸素から出来ている。 :: This substance is mostly composed of hydrogen and oxygen. || 水素はそれ自体としては自然界に存在しない。 :: Hydrogen does not exist as such in nature.
3417	決意	けつい	noun	decision; determination; resolution	今後もっと一生懸命勉強すると決意した。 :: I've made up my mind to study harder from now on. || 彼は彼女に２度と会わない決意であった。 :: He was determined never to meet her again.
3418	泣く	なく	verb	to cry; to shed tears; to weep	その赤ん坊はミルクを求めて大声で泣いた。 :: The baby cried for milk. || ひとりの女の子がそこに立って泣いていた。 :: A girl stood there crying.
3419	泥	どろ	noun	mud; (wet) dirt	その知らせは彼の誠実さに泥を塗る事になろう。 :: That news will besmirch his reputation for honesty. || 彼の靴に泥がぴったりくっついていた。 :: The mud clung to his shoes.
3420	砂	すな	noun	sand; grit; fine gravel	そのビンは砂のようにみえるので一杯だった。 :: The bottle was filled with what looked like sand. || 目が届く限り、砂以外の何物もなかった。 :: As far as the eye could see, there was nothing but sand.
3421	移民	いみん	noun	immigration; emigration	これが戦後移民に関する中心的問題である。 :: This is the central problem of postwar immigration. || 移民達は肉体的、精神的苦痛に耐えてきた。 :: The emigrants have endured physical and mental pain.
3422	紳士	しんし	noun	gentleman	彼は身なりは立派だが、紳士などではない。 :: He is well dressed, but he is anything but a gentleman. || あの紳士とどのように知り合いになったのか。 :: How did you come to know that gentleman?
3423	絶滅	ぜつめつ	noun	extinction; extermination	彼らの仕事はネズミを絶滅させる事である。 :: Their job is to exterminate rats and mice. || さまざまな種類の生物が絶滅しつつある。 :: Many forms of life are disappearing.
3424	自作	じさく	noun	one's own work; making by oneself	彼はその少女のために自作の曲を一曲弾いた。 :: He played the girl a piece of music of his own writing.
3425	著者	ちょしゃ	noun	author (usu. of a particular book); writer	シェイクスピアはハムレットの著者である。 :: Shakespeare is the author of Hamlet. || 著者はこの事柄を扱うつもりはありません。 :: The present writer doesn't intend to deal with this matter.
3426	薬物	やくぶつ	noun	drug; medicine	警察は学校で大量の薬物を押収した。 :: The police seized a large quantity of drugs at the school.
3427	虹	にじ	noun	rainbow	私はこんな美しい虹を見たことがありません。 :: Never have I seen such a beautiful rainbow. || 雨が止んだとたんにきれいな虹が出た。 :: No sooner had it stopped raining than a beautiful rainbow appeared.
3428	見方	みかた	noun	viewpoint; point of view; way of looking (at something)	彼の意見はその問題に新しい見方を加える。 :: His opinion adds a new light to the question. || 私の見方ではもう少し待つほうがよさそうだ。 :: From my point of view, it would be better to wait a little longer.
3429	言	げん	noun	word; remark; statement	彼の言に従って行動するのは利口ではない。 :: It is not wise to go by his word. || 彼の言をまじめに考えるのはばかげている。 :: It is foolish to take his word seriously.
3430	誇り	ほこり	noun	pride; boast; credit (to)	イギリス人は自国の詩人を誇りにしている。 :: England is proud of her poets. || 彼女は自分の運転の腕前を誇りにしている。 :: She prides herself on her driving skill.
3431	誠	まこと	noun	truth; reality; fact	手八丁口八丁の彼だけど、誠がないのが玉に疵だね。 :: He works fast and is very articulate but his insincerity is his biggest defect.
3432	負傷	ふしょう	noun	injury; wound	その事故でかなり多くの人たちが負傷した。 :: Quite a few people were injured in the accident. || その事故で負傷した男は病院に運ばれた。 :: The man injured in the accident was taken to the hospital.
3433	賠償	ばいしょう	noun	compensation; reparations; indemnity	彼は怪我の賠償として多額の金を受け取った。 :: He received a large sum of money in compensation for his injury. || 彼らはドライバーに損害賠償を請求した。 :: They demanded damages from the driver.
3434	贅沢	ぜいたく	noun	luxury; extravagance	彼は贅沢をし好き勝手なことをして暮らした。 :: He denied himself nothing. || 旅行は私には余裕のない贅沢である。 :: Traveling is a luxury I cannot afford.
3435	転職	てんしょく	noun	change of job; change of occupation; career change	転職に関しては人それぞれ見解が分かれる。 :: Each person has different views with regard to changing jobs. || 日本ではアメリカほど転職は一般的ではなかった。 :: Job hopping was not so common in Japan as in America.
3436	近代	きんだい	noun	present day; modern times; recent times	彼の事務所の家具はなかなか近代的だ。 :: The furniture in his office is very modern. || 彼女は近代音楽の典型的な例を挙げた。 :: She took a typical example of modern music.
3437	遺体	いたい	noun	(dead) body; corpse; remains	遺体はどのように処理されたのですか。 :: How were the bodies of those who died disposed of? || その遺体の身元は頬のほくろで確認された。 :: The dead body was identified by a mole on the cheek.
3438	重大	じゅうだい	na-adjective	serious; important; significant	警察当局はその犯罪が重大であると考えた。 :: The police considered the crime to be serious. || この種の爆弾は全人類にとって重大な脅威だ。 :: This kind of bomb is a serious menace to mankind.
3439	隠す	かくす	verb	to hide; to conceal	彼にはこの秘密を隠しておこうじゃないか。 :: Let's conceal this secret from him. || 彼女はその男に会うのを恐れて身を隠した。 :: She hid herself for fear of meeting the man.
3440	お礼	おれい	noun	thanks; gratitude	手伝いのお礼として私は彼に一杯おごった。 :: I bought him a drink in return for his help. || この果物はご親切に対するお礼のしるしです。 :: This basket of fruits is a slight acknowledgement of your kindness.
3441	ご存知	ごぞんじ	noun	knowing; being aware (of)	あなたは、彼が生まれた町をご存知ですか。 :: Do you remember the town where he was born? || 彼が何をしてしまったのかご存知ですか。 :: Do you know what he has done?
3442	すなわち	すなわち	conjunction	that is (to say); namely; i.e.	彼は天文学、すなわち星の研究をしている。 :: He studies astronomy, or the science of stars. || それは１週間前、すなわち４月２日に行われた。 :: It was due a week ago, namely on April second.
3443	だんだん	だんだん	adverb	gradually; by degrees; little by little	その番組はだんだんおもしろくなってきた。 :: The television serial is getting more and more interesting. || アメリカの生活にだんだん慣れてきました。 :: I was getting used to living in America.
3444	ますます	ますます	adverb	increasingly; more and more	その騒音がますます大きくなってきている。 :: The noise is getting louder and louder. || 彼が遅れたので事態はますます悪くなった。 :: His delay made the situation all the worse.
3445	ウッド	うっど	noun	wood	ウッドさん、彼に仕事をさせてください。 :: Please give him a job, Mr Wood. || ウッドさんは心からリンダを愛していました。 :: Mr Wood loved Linda dearly.
3446	カロリー	かろりー	noun	calorie	あなたは必要以上のカロリーをとっている。 :: You take more calories than are necessary. || カロリーの高い食物は私の健康にはよくない。 :: Rich foods don't agree with my health.
3447	クッキー	くっきー	noun	cookie; biscuit	彼女は子供たちにクッキーを作ってあげた。 :: She made cookies for the children. || クッキーをどうぞ自由に召し上がって下さい。 :: Please help yourself to the cookies.
3448	ケア	けあ	noun	care (e.g. medical); attention; nursing	高齢者のケアについて考えなければならない。 :: We must think about the care of old people. || ケアプランの作成等の居宅介護支援事業については、介護保険により負担されます。 :: Nursing insurance covers drawing up the care plan and other work supporting home nursing.
3449	ストリート	すとりーと	noun	street	４２ストリートのレストランの前です。 :: It's in front of a restaurant on 42nd Street. || その川はメインストリートと平行に流れている。 :: The river runs parallel to the main street.
3450	ストレート	すとれーと	na-adjective	straight	このクラブはゲイ、それともストレートですか。 :: Is the club gay or straight?
3451	データベース	でーたべーす	noun	database	進行状況は毎日確認され、データベースに記録されます。 :: Progress is monitored daily and stored in a database. || 私はコンピューターのデータベースに大量の情報を持っています。 :: I have a large body of information in my computer database.
3452	ハンド	はんど	noun	hand	テニスやピンポンのバックハンドでは手は球を打つ際逆向きになる。 :: In tennis and ping-pong backhand the hand is turned backwards in making the stroke.
3453	フレーム	ふれーむ	noun	frame	私は新しい眼鏡のフレームを買わねばならない。 :: I need to buy new spectacle frames.
3454	ブル	ぶる	noun	bull	ファーブルは昆虫についての本を書いた。 :: Fabre wrote books about insects.
3455	モニター	もにたー	noun	monitor (device, software or person); monitoring	医師は患者の心臓の鼓動と血圧をモニターで監視した。 :: The doctor monitored the patient's heartbeat and blood pressure.
3456	ロケット	ろけっと	noun	rocket	宇宙飛行士はロケットに乗って月へ行った。 :: The astronauts went up to the moon in a rocket. || 彼らはロケットを打ち上げようとしている。 :: They are going to send up a rocket.
3457	ワイド	わいど	na-adjective	wide	いつもワイドな視野を持って、仕事をしなさい。 :: You should always keep a broad perspective on the work you do.
3458	一生懸命	いっしょうけんめい	adverb	very hard; with utmost effort; as hard as one can	どう見ても彼らは一生懸命勉強していない。 :: To all appearances, they don't study hard. || もっと一生懸命勉強した方がよかったのに。 :: You had better have studied harder.
3459	交際	こうさい	noun	company; friendship; association	彼は名声のある人たちとだけ交際している。 :: He associates only with prestigious people. || 彼女はビルと交際したくないと思っている。 :: She doesn't like to associate with Bill.
3460	貝	かい	noun	shellfish	砂浜でいろんな貝を拾うのは実に楽しい。 :: It is a lot of fun picking various shells on the sands. || 私が手にしてるのは貝の化石です。 :: What I have in my hand is a fossil seashell.
3461	付く	つく	verb	to be attached; to be connected with; to adhere	いっしょに付いて来てくれさえすればいい。 :: You have only to go with me. || この機会を無駄にしないように気を付けよ。 :: Take care not to throw away this chance.
3462	侵略	しんりゃく	noun	invasion (e.g. of a country); raid; aggression	この本はローマ人の侵略を扱っている。 :: This book deals with the invasion of the Romans. || 我が国を他国の侵略から守らねばならない。 :: We have to defend our country from the foreign aggression.
3463	内側	うちがわ	noun	inside; interior; inner part	内側に毛のついたコートが欲しいのですが。 :: I'd like a coat with the wooly side in, please. || 彼女のコートの内側は毛皮になっている。 :: Her coat is fur on the inside.
3464	出品	しゅっぴん	noun	exhibiting; showing; putting on display	トムが出品した絵は皆入賞した。 :: Tom got prizes for all the pictures he sent to the exhibition.
3465	南部	なんぶ	noun	southern part; the south (of a region)	南部の売り上げは４７パーセント増加した。 :: In the southern region, sales were up 47 percent. || 彼は市の南部に住んでいます。 :: He lives in the southern part of the city.
3466	原子力	げんしりょく	noun	atomic energy; nuclear power	その科学者は原子力の仕事に従事している。 :: The scientist is working on atomic energy. || 私たちは原子力エネルギーを利用すべきだ。 :: We should make use of atomic energy.
3467	同級生	どうきゅうせい	noun	classmate	同級生を代表して歓迎の挨拶をいたします。 :: On behalf of our classmates, I welcome you. || 私の姉は高校時代の同級生と結婚しました。 :: My sister married one of her high school classmates.
3468	地面	じめん	noun	ground; earth's surface	その兵士は傷ついて地面に横たわっていた。 :: The soldier lay injured on the ground. || 両足をしっかりと地面につけていなさい。 :: Keep both feet firmly on the ground.
3469	夢中	むちゅう	na-adjective	absorbed in; immersed in; crazy about	学生時代は、クラシック音楽に夢中でした。 :: I was keen on classical music in my school days. || 少女達はその映画スターに夢中なっている。 :: The girls are wild about the film star.
3470	大震災	だいしんさい	noun	great earthquake (disaster); highly destructive earthquake	東京の郊外に住む両親や弟は大震災で死んだ。 :: My parents and little brother, who lived in the suburbs of Tokyo, died in the big earthquake. || 阪神大震災では地面が長時間に渡って揺れた。 :: In the Hanshin earthquake, the ground shook for a long time.
3471	委託	いたく	noun	entrusting (something to a person); consignment (of goods); putting in someone's charge	ベンは日記を弁護士が管理するよう委託した。 :: Ben committed his diary to the lawyer's care. || 当店では品物の委託販売をしています。 :: We sell goods on commission.
3472	寿命	じゅみょう	noun	lifespan; life; lifetime	日本での平均寿命はどれだけですか。 :: What is the average life span in Japan? || 日本人の平均寿命は大いに伸びた。 :: The average life span of the Japanese has lengthened to a great extent.
3473	幻想	げんそう	noun	fantasy; illusion; vision	真夜中の太陽は幻想的な自然現象の一つだ。 :: The midnight sun is a fantastic natural phenomenon. || あなたの考えはいわば幻想にすぎません。 :: Your idea is, as it were, a castle in the air.
3474	性的	せいてき	na-adjective	sexual (i.e. relating to biological sex)	彼女は科学における性的偏見について書いた。 :: She wrote on gender bias in science. || 彼女はエレベーターの中で性的いやがらせを受けた。 :: She was sexually harassed in an elevator.
3475	手順	てじゅん	noun	process; procedure; sequence	この新しい手順をとれば、時間の節約になるでしょう。 :: You will save time if you adopt this new procedure. || 弁護士は行動の手順を決定した。 :: The lawyer determined his course of action.
3476	歌手	かしゅ	noun	singer	あのフォーク歌手は大衆に大変人気がある。 :: That folk singer is very popular with people in general. || その歌手は若者たちの間で人気があります。 :: The singer is popular among young people.
3477	水分	すいぶん	noun	water; liquid; fluid	水分をたくさん取ってください。 :: You should drink a lot of liquid. || 水分子は、２個の水素原子と１個の酸素原子からなる。 :: A water molecule has two hydrogen atoms and one oxygen atom.
3478	流通	りゅうつう	noun	circulation (of money, goods, etc.); distribution	その新製品は従来の流通チャンネルでは販売されない。 :: The new product will not be distributed through conventional channels. || 貨幣は銀行制度を通じて流通する。 :: Money circulates through the banking system.
3479	牛乳	ぎゅうにゅう	noun	(cow's) milk	僕は子供の頃、いつも牛乳を飲んでいたよ。 :: When I was a child, I was always drinking milk. || 彼はサンドイッチと牛乳で空腹を満たした。 :: He satisfied his hunger with a sandwich and milk.
3480	皇帝	こうてい	noun	emperor	皇帝ネロは極めて邪悪な暴君だった。 :: Emperor Nero was an extremely evil tyrant. || 姫君は皇帝に寛恕を請いました。 :: The princess begged forgiveness from the emperor.
3481	礼	れい	noun	thanks; gratitude	彼女の親切な助力に対して彼は礼を述べた。 :: He thanked her for her kind help. || 私は彼がしてくれた事に対して礼を述べた。 :: I thanked him for what he had done.
3482	福	ふく	noun	good fortune; happiness; blessing	笑う門には福来る。 :: Fortune comes in by a merry gate. || 災いを転じて福としなさい。 :: Turn your misfortune to account.
3483	粒	つぶ	noun	grain; bead; drop	私たちは米一粒でさえ無駄にしてはいけません。 :: We shouldn't waste even one grain of rice. || 私は６時間ごとに２粒飲まなければなりません。 :: I have to take two pills every six hours.
3484	興味深い	きょうみぶかい	i-adjective	very interesting; of great interest	これはなんて興味深い小説なんでしょう。 :: What an interesting novel this is! || その映画は私達みんなにとって興味深かった。 :: The movie was interesting to all of us.
3485	補給	ほきゅう	noun	supply; supplying; replenishment	彼等は兵士たちに十分な食料と水を補給した。 :: They supplied the soldiers with enough food and water. || 機械に燃料を補給しなければならない。 :: You must feed the machine.
3486	覚醒	かくせい	noun	waking up; awakening; arousal	おそらく自分には半覚醒の時間があり、そのため１日を短く感じている。 :: It's quite possible that there are times I am half awake, and thus the day feels shorter.
3487	貯金	ちょきん	noun	putting money aside; savings; deposit (e.g. in a bank)	この所は海外旅行するために貯金している。 :: She is saving money to go abroad. || 万一のときに備えて貯金をするのは賢明だ。 :: It would be wise of you to save money for a rainy day.
3488	身分	みぶん	noun	(social) standing; status; position	もとは相当の身分の人だったそうです。 :: He is said to have been a man of respectable position. || 人は、その身分によって、判断されるべきではない。 :: A man should not be judged by his station in life.
3489	軍人	ぐんじん	noun	serviceman; servicewoman; soldier	彼の祖父は高級軍人だった。 :: His grandfather was a soldier of high degree. || 安逸の生活が軍人精神をだめにした。 :: Easy living corrupted the warrior spirit.
3490	軒	のき	noun	eaves	彼女は鳥かごを軒からつるした。 :: She hung the cage from the eaves.
3491	迎える	むかえる	verb	to go out to meet; to receive; to welcome	お姉さんを駅まで迎えに行かせてください。 :: Please let me pick up your sister at the station. || クラスのみんなは新任の先生を快く迎えた。 :: The class accepted the new teacher.
3492	配達	はいたつ	noun	delivery	その配達の遅れは交通渋滞のせいと考えた。 :: I attributed the delay in delivery to a traffic jam. || 郵便配達人がまだ来ていないのはおかしい。 :: It is funny that the mailman hasn't come yet.
3493	針	はり	noun	needle; pin	針は中心を一時間に１０回転の割合で回る。 :: The hand on its axis turns at 10 revolutions per hour. || 怪我自体はなん針か縫う程度だそうです。 :: Apparently the wound itself only needs a few stitches.
3494	開設	かいせつ	noun	establishment; opening; setting up	７月１０日より札幌支店を開設いたします。 :: On July 10, we will open our Sapporo branch. || 預金口座を開設したいのですが。 :: I'd like to open a savings account.
3495	防御	ぼうぎょ	noun	defense; defence; safeguard	例えば、小鳥は特別な防御装置を備えている。 :: Birds, for instance, have a special protective device. || 最も効果的な防御は攻撃である。 :: The most effective defense is offense.
3496	ずいぶん	ずいぶん	adverb	very; extremely; surprisingly	このタイプライターはずいぶん使っている。 :: This typewriter has seen plenty of use. || ずいぶん長い間お目にかかりませんでした。 :: I haven't seen you for ages.
3497	頑張る	がんばる	verb	to persevere; to persist; to keep at it	彼女は自分をうまく表現しようと頑張った。 :: She tried hard to express herself well. || 私は昼からずっと台所で頑張っていたのよ。 :: I've been toiling away in the kitchen all afternoon.
3498	頼り	たより	noun	reliance; dependence	なるほど彼は若いが、たいへん頼りになる。 :: It is true that he is young, but he is very reliable. || 彼はクラスのみんなから頼りにされている。 :: He is relied on by everyone in the class.
3499	鶴	つる	noun	crane (any bird of the family Gruidae, esp. the red-crowned crane, Grus japonensis)	その鶴は彼女が折った最後の鶴になった。 :: It was the last crane she ever made. || 禎子はこれまで６４４羽の鶴を折った。 :: Sadako has folded 643 paper cranes so far.
3500	もったいない	もったいない	i-adjective	wasteful; a waste	この土地を遊ばせておくのはもったいない。 :: It's wasteful to leave the land lying idle. || これは逃すのはもったいないチャンスだ。 :: This is too good a chance to lose.
3501	イスラエル	いすらえる	noun	Israel	先生、あなたは神の子です。イスラエルの王です。 :: Rabbi, you are the Son of God; you are the King of Israel. || 「あなたはイスラエルの教師でしょう」とイエスはいった。 :: You are Israel's teacher, said Jesus.
3502	ウェイ	うぇい	noun	way	彼女はその狭いドライブウェイを何とかバックで通り抜けた。 :: She managed to back up through the narrow driveway.
3503	ギャグ	ぎゃぐ	noun	joke; gag	な、なにか笑うところありました？あすか、ギャグってました？ :: Did I say something funny? Did I make a joke?
3504	ドラム	どらむ	noun	drum; drums; drum kit	ジョンは派手にドラムを打ち鳴らしていた。 :: John was beating the drums loudly. || その演奏者はドラムを強くたたいた。 :: The musician beat his drums loudly.
3505	ファミリー	ふぁみりー	noun	family	最近王室ファミリーについて出された本で二冊が傑出している。 :: Two books stand out among the dozens recently published on the Royal Family.
3506	プレス	ぷれす	noun	pressing; stamping; printing	彼はズボンをプレスしてもらったか。 :: Did he have his trousers pressed? || アイロンをかけるのが苦手だから永久プレス加工の服を買う。 :: I'm hopeless at ironing so I buy permanent press clothes.
3507	ヘア	へあ	noun	hair (on the head)	彼女はヘアピンで車のドアを開けた。 :: She unlocked the car door by means of a hairpin. || 彼女はヘアブラシと歯ブラシを買った。 :: She bought a hair brush and a tooth brush.
3508	マネージャー	まねーじゃー	noun	manager	マネージャーは失敗は自分のせいだといった。 :: The manager blamed himself for the failure. || マネージャーはたくさんの問題を扱っています。 :: The manager deals with many problems.
3509	モール	もーる	noun	(shopping) mall; shopping centre	この近くにショッピングモールがありますか？ :: Is there a mall near here? || モールの店はあまり好きじゃないわ。 :: I don't really like the mall stores.
3510	レギュラー	れぎゅらー	noun	regular player (on a team); regular guest (on a TV show); (a) regular	彼はサッカー部のレギュラーだった。 :: He was a regular member of the soccer club. || 無鉛レギュラーを１０ドル分いれてください。 :: Ten dollars of regular unleaded, please.
3511	レモン	れもん	noun	lemon	レモンを加えると、それはすっぱくなるだろう。 :: If you add lemon, it will become sour. || そのケーキは幾分レモンの味がした。 :: There was some taste of lemon in the cake.
3512	レンズ	れんず	noun	lens	レンズを通ると像は逆になった。 :: Through the lens the image was inverted. || レンズだけ交換できますか。 :: Can I buy only the lenses?
3513	一般人	いっぱんじん	noun	ordinary person; member of the general public; non-celebrity	一般人はそれは間違っていると感じている。 :: The general feeling is that it's wrong. || その新しい理論は一般人には難しすぎる。 :: The new theory is too abstract for ordinary people.
3514	世界一	せかいいち	noun	best in the world	彼は世界一の金持ちだと言われている。 :: It is said that he is the richest man in the world. || アメリカは天然資源では世界一だ。 :: America is second to none in natural resources.
3515	主婦	しゅふ	noun	housewife; mistress (of the house); homemaker	少しばかり沈黙が続いた後、主婦は言った。 :: There was a short pause and the housewife said... || これは主婦の手間を省く便利な器具です。 :: This is a great time-saving gadget for the housewife.
3516	予報	よほう	noun	forecast; prediction	今日の天気予報によると明日は晴れらしい。 :: Today's weather forecast says that it is likely to be fine tomorrow. || 天気予報では、嵐になりそうだと言っている。 :: The weatherman says there is a storm on the way.
3517	促進	そくしん	noun	promotion; acceleration; encouragement	今日の世界は食料生産を促進する必要がある。 :: The world today needs to advance its production of food. || 政府は公共福祉を促進するべきである。 :: The government should promote common welfare.
3518	修復	しゅうふく	noun	restoration; repair; mending	その城は修復され市民に公開されている。 :: The castle has been restored and is open to the public. || 見たところ、彼らは結婚の危機を修復しようとしている。 :: Apparently, they're trying to patch up their marriage.
3519	出会う	であう	verb	to meet (by chance); to come across; to run across	その上私は何人かの他の人々にも出会った。 :: I met some other people in addition. || ジョンはあなたに出会う前は怠け者でした。 :: John had been lazy before he met you.
3520	助手	じょしゅ	noun	assistant; helper	スミス教授と言えば、彼の助手は耳が遠い。 :: Talking of Professor Smith, his assistant is hard of hearing. || 姉は大学の先生の助手として働いている。 :: My sister works as an assistant to a college professor.
3521	反射	はんしゃ	noun	reflection; reverberation	目が部屋の明かりを反射したときに彼女の目は輝いた。 :: Her eyes shone as they reflected the light of the room. || 時間をかけて反射しろ。 :: Take the time to reflect.
3522	合理	ごうり	noun	rationality	彼の議論はちっとも合理的ではなかった。 :: His argument was far from rational. || もっと合理的な消費者になるように努めなさい。 :: Try to be a more rational consumer.
3523	商	しょう	noun	quotient	その貿易商は戦後に莫大な財産を築いた。 :: The merchant accumulated tremendous fortune during the postwar era. || 美術商はその絵を本物だと保証した。 :: The art dealer guaranteed the picture genuine.
3524	国王	こくおう	noun	king; queen; monarch	沢山の人々が国王の住む宮殿の前に集まった。 :: Scores of people gathered in front of the Royal Palace. || 民衆は国王に対して反乱を起こした。 :: People rose in revolt against the king.
3525	報	ほう	noun	information; news; report	我々は彼の急死の報に大いに驚いた。 :: We were greatly surprised at the news of his sudden death. || 国民全体は国王死去の報を聞いて悲しんだ。 :: The whole nation was sad to hear that their king died.
3526	大野	おおの	noun	large field	私をランドルフ社の大野氏に紹介していただけませんか。 :: Could you introduce me to Mr Ono of Randolph, Ltd?
3527	失う	うしなう	verb	to lose	その結果、彼女は、職を失うこととなった。 :: The consequence was that she lost her job. || 何ももっていない者は何も失うことはない。 :: Those who possess nothing lose nothing.
3528	字幕	じまく	noun	subtitles; captioning	今週、３日連続でカーアクションものの外国映画を字幕で見た。 :: This week I've watched foreign car-action movies with subtitles for three days in a row.
3529	実習	じっしゅう	noun	practice (in the field); training (esp. practical and hands-on); practical exercise	マンツーマンで指導して頂けたという点でも、非常に充実した実習になった。 :: Just getting one-to-one guidance was enough to make it an extremely fulfilling practise session.
3530	将棋	しょうぎ	noun	shogi; Japanese chess	いつ来てくださっても、将棋の相手をしますよ。 :: No matter when you come, I'll play a game of Japanese chess with you. || 日本の「将棋」は、チェスに相当する。 :: Japanese shogi corresponds to chess.
3531	少々	しょうしょう	adverb	a little; a bit; a small amount	１２月にしては少々暖かいと思いませんか。 :: Don't you think it's rather warm for December? || 私はシェークスピアを少々知っています。 :: I know a little about Shakespeare.
3532	少数	しょうすう	noun	small number; few; minority	少数民族たちは多くの困難に直面している。 :: Minorities are confronted with many hardships. || ほんの少数の人しかその事実を知らない。 :: Only a handful of people know the fact.
3533	崩れ	くずれ	noun	crumbling; collapse; ruin	岩崩れに気をつけて。 :: Look out for rock slides.
3534	幕	まく	noun	curtain	定刻前に幕が上がり始めたのはおかしかった。 :: To our amusement, the curtain began to rise ahead of time. || ついに戦いの幕が切って落とされた。 :: The war finally broke out.
3535	広がる	ひろがる	verb	to spread (out); to extend; to stretch	彼女の前途には大きな未来が広がっている。 :: A great future lies before her. || 火はあなたの足より速く広がることがある。 :: A fire can spread faster than you can run.
3536	延期	えんき	noun	postponement; deferment; adjournment	もし明日雨が降れば、試合は延期されます。 :: If it is rainy tomorrow, the game will be put off. || トムは交通事故のために結婚式を延期した。 :: Tom put off his wedding because of a traffic accident.
3537	怒る	おこる	verb	to get angry; to get mad; to lose one's temper	たぶん彼はちょっと怒っているのでしょう。 :: I should say he is a little angry. || もう１０時だ。母は怒っているに違いない。 :: It's already ten o'clock. My mother must be angry.
3538	悲劇	ひげき	noun	tragedy; tragic drama; tragic play	その戦争の悲劇は忘れられてはならない。 :: The tragedy of war must not be forgotten. || 私はこの演劇を単に悲劇として扱うつもりだ。 :: I'll treat this play simply as a tragedy.
3539	愛用	あいよう	adjective	favorite; favourite; habitually used	彼はいまだに古い車を愛用している。 :: He still cherishes his old car. || ホームズさんはパイプの大の愛用者で、名探偵です。 :: Holmes is a great pipe man as well as a great detective.
3540	抜ける	ぬける	verb	to come out; to fall out; to be omitted	気が抜けないうちにビールを飲んで下さい。 :: Please drink the beer before it goes flat. || その箱にそんなに詰めると底が抜けるよ。 :: If you stuff the box too full, the bottom will fall out.
3541	持ち主	もちぬし	noun	owner; proprietor; possessor (e.g. of talent, beauty, etc.)	彼女はなんと優しい心の持ち主なのだろう。 :: What a tender heart she has. || トムは医者としてすばらしい経歴の持ち主だ。 :: Tom has a bright career as a medical doctor.
3542	放出	ほうしゅつ	noun	emission; release; radiation	植物は栄養物を作っているとき、酸素を放出する。 :: Plants give off oxygen as they make food. || 物質が化学的に変化する時には、化学エネルギーが放出される。 :: When matter is changed chemically, chemical energy is given off.
3543	ふるさと	ふるさと	noun	hometown; birthplace; native place	この歌を聞くと、ふるさとの町を思い出します。 :: This song reminds me of my hometown.
3544	救う	すくう	verb	to rescue (someone); to save; to help (out of a difficulty)	兵士は自分の命を犠牲にして友人を救った。 :: The soldier saved his friend at the cost of his own life. || 彼女は自分の命をかけて子供の命を救った。 :: She saved her baby's life at the risk of losing her own.
3545	日付	ひづけ	noun	date; dating	ふつう日付と住所が手紙の頭の部分に書かれる。 :: The date and address is usually written at the head of letters. || 名前が書き終わったら日付も書いておきなさい。 :: When you have written your name, please write the date.
3546	槍	やり	noun	spear; lance	雨が降ろうが槍が降ろうが、必ず行きますよ。 :: I'll be there rain or shine. || 彼は敵目がけて槍を投げつけた。 :: He darted a spear at his enemy.
3547	欧米	おうべい	noun	Europe and the United States; Europe and America; the West	医学では日本は欧米に追いつきました。 :: Japan has caught up with Europe and America in medicine. || 欧米では時間厳守は当然の事と考えられている。 :: In Europe and America, people regard punctuality as a matter of course.
3548	派手	はで	na-adjective	showy; loud; flashy	君はいつも派手なネクタイをしている。 :: You are always wearing a loud necktie. || このズボンは私には派手すぎるわ。 :: These pants are too fancy for me.
3549	海軍	かいぐん	noun	navy; naval force	彼らはパイロットに海軍のヘリコプターを操縦させた。 :: They made the pilot fly the Navy helicopter. || 彼は海軍士官の任務を受けた。 :: He has received a commission as a naval officer.
3550	特性	とくせい	noun	special characteristic; special quality; trait	日本人の民族的特性は何だと思いますか。 :: What do you think are the racial traits of the Japanese? || 鉄鋼の特性の１つは硬いことだ。 :: One of the qualities of steel is hardness.
3551	玄関	げんかん	noun	entrance; front door; entryway	彼女は玄関の鍵をかけないままにしていた。 :: She had left the front door unlocked. || あなたに会いたがっている人が玄関にいます。 :: There is a man at the door who wants to see you.
3552	登山	とざん	noun	mountain climbing; mountaineering; ascent of a mountain	こういう危険があるのに登山は大流行です。 :: In spite of these dangers, mountaineering is very popular. || 学生時代、ジョンはよく登山に行ったものだ。 :: John would often go mountain climbing when he was a student.
3553	移植	いしょく	noun	transplanting (a plant); transplant; grafting	次の議論は出生前の組織移植に関するものである。 :: The next discussion concerns the transplantation of prenatal tissues. || アメリカの文化はヨーロッパから移植されたものだ。 :: The American culture had been transplanted from Europe.
3554	能	のう	noun	talent; gift; function	私は能に興味を持つアメリカ人に会いました。 :: I met an American who was interested in Noh plays. || 能は伝統的な日本の芸術である。 :: Noh is a traditional Japanese art.
3555	脚本	きゃくほん	noun	script; screenplay; scenario	僕は脚本家で食べていく決心をした。 :: I am determined to make a living as a playwright. || 脚本を書いていて、行き詰まった時はどうする？ :: What do you do when you get writer's block while writing a script?
3556	苦しい	くるしい	i-adjective	painful; difficult; tough	こんなに苦しいのなら死んだほうがましだ。 :: Death is preferable to such suffering. || 人生が楽しい人もいれば、苦しい人もいる。 :: To some life is pleasure, to others suffering.
3557	虐待	ぎゃくたい	noun	abuse; ill-treatment; maltreatment	彼女は何年もの間彼の虐待に黙って耐えた。 :: She has suffered his ill treatment of her in silence for years. || 君が虐待されているのを放ってはいられない。 :: I will not allow you to be ill-treated.
3558	証券	しょうけん	noun	bond; bill; certificate	私は証券会社で働いています。 :: I work for a stock company. || 株でやられるまで彼は証券市場の帝王でしたよ。 :: He was a stock-market tycoon until the bears got him.
3559	調達	ちょうたつ	noun	supply; provision; raising	問題は、どうしてその金を調達するかだ。 :: The question is how we can raise the money. || 戦争の資金を調達するために公債が発行された。 :: Bonds were issued to finance a war.
3560	追求	ついきゅう	noun	pursuit (of a goal, ideal, etc.); search; chase	彼の人生は社会的に権力を追求する人生だった。 :: His was a life pursuing social status and power. || 私たちは真・善・美を追求しなければならない。 :: We must seek after the true, the good and the beautiful.
3561	通話	つうわ	noun	telephone call; speaking over the telephone; (Internet) voice call	各ロボットには通話機が取り付けられています。 :: Each robot is equipped with a talking machine. || 指名通話で国際電話をかけるといいよ。 :: It's best to make international calls person to person.
3562	連休	れんきゅう	noun	consecutive holidays	今度の３連休には何をしますか。 :: How will you spend the coming three-day holiday? || 明日から５連休だから、みんなルンルン気分だね。 :: Everybody is in a good mood looking forward to the five-day holiday that starts tomorrow.
3563	進める	すすめる	verb	to advance; to move forward; to put (a clock, watch) forward	そのチームはすぐに計画を進めるだろう。 :: The team will go ahead with the plan soon. || 人混みのために私は一歩も進めなかった。 :: I could not make my way at all because of the crowd.
3564	進歩	しんぽ	noun	progress; advance; improvement	この作品は君の前のに比べて進歩している。 :: This work is an improvement on your last. || 戦後日本は科学技術の面で大いに進歩した。 :: Since the war, Japan has advanced greatly in science and technology.
3565	遺跡	いせき	noun	(archeological) remains; ruins; relics	ここにいくつかの遺跡がありました。 :: Here were some relics. || 遠くに古代の遺跡が見えるでしょう。 :: You can see the ancient ruins in the distance.
3566	野生	やせい	adjective	wild	その地域は風景と野生動物で注目に値する。 :: The area is notable for its scenery and wildlife. || 彼は野生の動物を見にアフリカへ行った。 :: He went to Africa to see wild animals.
3567	阻止	そし	noun	obstruction; prevention; hindrance	インフレを阻止しなければならない。 :: Inflation should be checked. || 自然環境の悪化を阻止しましょう。 :: Let's stop the deterioration of the natural environment.
3568	雑	ざつ	na-adjective	rough; crude; sloppy	彼は仕事が雑だ。 :: He is careless and untidy in his work. || お客が雑な作りのスタンドに座って靴を磨いてもらっている。 :: A customer is having his shoes shined on a slapped-together stand.
3569	順番	じゅんばん	noun	order; turn	彼は順番を間違えてカードを出してしまった。 :: He has played his card out of turn. || 私達は順番に自己紹介するよう言われた。 :: We are asked to introduce ourselves in turn.
3570	騒ぎ	さわぎ	noun	uproar; disturbance	いったいこの騒ぎはどうしたというのだ。 :: What's all this noise about? || 私のいとこは若いころよく騒ぎをおこしていた。 :: My cousin was familiar with trouble when he was young.
3571	もたらす	もたらす	verb	to bring (news, knowledge, etc.); to introduce	あの暗い雲がおそらく雨をもたらすだろう。 :: Those dark clouds will probably bring rain. || あらゆる原因は一つ以上の結果をもたらす。 :: Every cause produces more than one effect.
3572	やがて	やがて	adverb	before long; soon; shortly	やがてあなたは新しい環境に慣れるだろう。 :: It will not be long before you accommodate yourself to the new circumstances. || 人類が火星に行ける日がやがて来るだろう。 :: The day will soon come when man can travel to Mars.
3573	やりとり	やりとり	noun	giving and taking; exchange (of letters); arguing back and forth	両親とは手紙のやりとりを続けています。 :: I keep in touch with my parents by mail. || 私は彼女と手紙のやりとりをしている。 :: I exchange letters with her.
3574	エレベーター	えれべーたー	noun	elevator; lift	このエレベーターは十人乗ることができる。 :: This elevator is capable of carrying ten persons. || 彼はエレベーターが降りてくるのを待った。 :: He waited for the elevator to come down.
3575	オイル	おいる	noun	oil; petroleum	石油を運ぶ船をオイル・タンカーという。 :: A ship which conveys oil is called an oil tanker. || 新しいオイル・タンカーが進水した。 :: A new oil tanker was launched.
3576	キット	きっと	noun	kit	配線を間違えないように注意してキットを組み立てた。 :: I built the kit taking care not to make mistakes in the wiring.
3577	キャプテン	きゃぷてん	noun	captain	彼はフットボールチームのキャプテンです。 :: He is captain of the football team. || 彼らはジョンをチームのキャプテンにした。 :: They elected John the captain of the team.
3578	クリーム	くりーむ	noun	cream	クリームと砂糖を入れたコーヒーをください。 :: Coffee, please, with cream and sugar. || コーヒーにクリームはいかがですか。 :: Would you like some cream in your coffee?
3579	ステップ	すてっぷ	noun	step (of a staircase, etc.); running board (of a bus, train)	焦らずに、目の前のステップを一つ一つのぼっていきたい。 :: I want to take things one step at a time without getting flustered. I want to live in the moment. || ダンサーたちは楽団の音楽にあわせてステップを踏んだ。 :: The dancers timed their steps to the music of the band.
3580	ズボン	ずぼん	noun	trousers; pants	このズボンはアイロンをかける必要がある。 :: These trousers need pressing. || 姉は私のズボンにアイロンをかけてくれる。 :: My sister presses my trousers.
3581	ドキドキ	どきどき	adverb	thump-thump; bang-bang; pit-a-pat	胸をドキドキさせながら彼女はドアを開けた。 :: With her heart pounding, she opened the door. || 心臓が、ドキドキして破裂しそう！ :: My heart is pounding so hard it feels like it's going to explode.
3582	ドリンク	どりんく	noun	drink	どんなトロピカルドリンクがありますか。 :: What kinds of tropical drinks do you have? || ドリンク料金は別ですか。 :: Do you charge separately for drinks?
3583	ハロウィン	はろうぃん	noun	Halloween	ハロウィンおめでとう。 :: Happy Halloween! || 楽しいハロウィンを。 :: Wishing you a Halloween filled with fun.
3584	パチンコ	ぱちんこ	noun	pachinko; mechanical gambling game superficially resembling pinball	私たちは、パチンコをして時を過ごした。 :: We passed the time playing pachinko. || 彼がパチンコするなんて絶対にないよ。 :: He wouldn't be caught dead playing pachinko.
3585	フェア	ふぇあ	na-adjective	fair	その都市はフェアを開催している。 :: The city is hosting the fair. || 失敗を両親のせいにするのはフェアではありません。 :: It's not fair to attribute your failure to your parents.
3586	フライ	ふらい	noun	deep-fried food	フライ級チャンピオンは強い挑戦者と戦った。 :: The flyweight champion contended with a strong challenger. || 彼はライトにフライを打ち上げた。 :: He hit a fly into right field.
3587	ブルース	ぶるーす	noun	blues	ブルース夫人は英日間を飛んだ最初の女性パイロットであった。 :: Mrs. Bruce was the first female pilot to fly between England and Japan. || 懐かしい１２小節のブルース。 :: There go the twelve bars blues.
3588	ボー	ぼー	noun	bow (weapon)	お前、何だかボーっとしてるよ。 :: You're out of it.
3589	マック	まっく	noun	McDonald's (fast food restaurant)	そのパーティーはマックによって準備された。 :: The party was organized by Mac. || ビルもマックもコンピューターに夢中だ。 :: Both Bill and Mac are crazy about computers.
3590	リラックス	りらっくす	noun	relaxing; relaxation	彼はギターを弾いているとリラックスできる。 :: He feels relaxed when he's playing the guitar. || その医者は手術の前に患者をリラックスさせた。 :: The doctor made his patient relax before the operation.
3591	一種	いっしゅ	noun	a kind; a sort; a variety	怒りを抑えることは一種の美徳である。 :: It's a kind of virtue to keep one's temper. || それは一種の冗談にすぎない。 :: It's nothing but a kind of joke.
3592	並	なみ	adjective	average; medium; common	それはとても並の嵐ではなかった。 :: That was no ordinary storm. || 彼は学生並から言うと勤勉です。 :: He is a diligent student, as students go.
3593	今や	いまや	adverb	now (esp. in contrast to the past); now at last; at present	彼は事業に失敗して今や全く哀れなものだ。 :: He failed in his business and now is a total wreck. || 彼は今や１０年前のような臆病者ではない。 :: He is not the coward that he was ten years ago.
3594	休暇	きゅうか	noun	holiday; vacation; day off	これらの写真を見ると休暇の時を思い出す。 :: These photographs remind me of our holiday. || われわれの休暇の計画はまだ未決定である。 :: Our plans for the vacation are still up in the air.
3595	保有	ほゆう	noun	possession; retention; maintenance	その会社は１００％地元政府が保有している。 :: The company is wholly owned by the local government. || 会社を経営することと保有することとは違う。 :: Management of a company is different from ownership of a company.
3596	偉大	いだい	na-adjective	great; grand; magnificent	その結果として、彼は偉大な商人になった。 :: As a result, he became a great merchant. || なぜなら彼は偉大な音楽家だったからです。 :: Because he was a great musician.
3597	公務員	こうむいん	noun	public employee; government employee; public-sector worker	彼は２０年前、大学を卒業するとすぐに公務員になった。 :: He entered civil service 20 years ago right after college. || 彼女は地方公務員だ。 :: She is a local government officer.
3598	冒頭	ぼうとう	noun	beginning; opening; start	残っているのは冒頭の部分だけであった。 :: All that was left was the opening. || 彼はほんの冒頭部分を書き終えた。 :: He finished the opening.
3599	出張	しゅっちょう	noun	business trip; official trip	札幌に出張に行って、足が出てしまった。 :: I went to Sapporo on business and went over budget. || 彼女は来週ロンドンへ出張する予定だ。 :: She will make a business trip to London next week.
3600	協定	きょうてい	noun	arrangement; pact; agreement	協定が結ばれる可能性は極めて少ない。 :: There is very little probability of an agreement being reached. || 我々の協定を破ったのは君のほうだ。 :: It's you who has broken our agreement.
3601	原理	げんり	noun	principle; theory; fundamental truth	誰もがその考えを原理的には認めるだろう。 :: Everyone will accept that idea in principle. || 彼はひとつの原理を考えだした。 :: He figured out a principle.
3602	商売	しょうばい	noun	trade; business; commerce	商売をしている人は不況だとこぼしている。 :: Merchants complain about the depression. || 私が商売に成功したのは叔父のおかげです。 :: I owe it to my uncle that I succeeded in my business.
3603	喫煙	きつえん	noun	smoking (tobacco)	医者は彼に喫煙と飲酒をやめるよう言った。 :: The doctor told him to give up smoking and drinking. || 喫煙と肺ガンには関連があるのでしょうか？ :: Is there a link between smoking and lung cancer?
3604	在住	ざいじゅう	noun	residing; living; dwelling	加藤氏は、パリに在住していて、家に残した家族を懐かしがっている。 :: Mr Kato, who lives in Paris, misses his family left at home. || 横浜近郊にご在住の方、ご都合がよろしければ、お出で下さいませ。 :: Those ladies and gentlemen who live in the suburbs of Yokohama, if it is convenient to you, please come.
3605	地帯	ちたい	noun	zone; area; belt	最近は安全地帯が必ずしも安全ではない。 :: Nowadays, a safety zone is not always safe. || そこは危険地帯である。そこへは行ってはいけない。 :: That is a danger zone; don't go there.
3606	店長	てんちょう	noun	shop manager	彼は取引銀行の店長に好意的な印象を与えた。 :: He made a favorable impression on his bank manager. || この店の店長はひげが生えています。 :: The manager of this store is growing a beard.
3607	座席	ざせき	noun	seat (esp. in public places or places with assigned seating); seating	これらの座席はお年寄りのために取ってある。 :: These seats are reserved for old people. || 倒した座席の背を少し戻していただけますか。 :: Could you put your seat back up a little?
3608	打つ	うつ	verb	to hit; to strike; to knock	事態が悪化しないように即座に手を打った。 :: We took action immediately so that things wouldn't get worse. || 到着したらこちらへ電報を打ってください。 :: Send us a telegram when you arrive.
3609	教員	きょういん	noun	teacher; instructor; teaching staff	私は教員になったことを後悔している。 :: I regret becoming a teacher. || 彼はこの春で３０年教員生活を続けたことになる。 :: He will have been teaching for thirty years this spring.
3610	概要	がいよう	noun	outline; summary; overview	彼は私に事件の概要を説明した。 :: He gave me an outline of the affair. || ここまでで、この時期の政治不安増大に関する概要を述べてきた。 :: Up to this point I have presented an overview of the growth of political unrest in the period.
3611	法案	ほうあん	noun	bill (law); measure	会議に出席した人々は、その法案を支持した。 :: Those present at the meeting supported the bill. || 彼らのうち数人がその法案に反対である。 :: Several of them are opposed to the bill.
3612	爆撃	ばくげき	noun	bombing (raid)	首都は繰り返し繰り返し爆撃された。 :: The capital was bombed again and again. || 私達の街は今週２回爆撃を受けた。 :: Our town was bombed twice this week.
3613	石油	せきゆ	noun	oil; petroleum	さまざまな機械を動かすには石油が必要だ。 :: Oil is necessary to run various machines. || その国の財産は石油から生み出されている。 :: That country's wealth comes from its oil.
3614	確立	かくりつ	noun	establishment; settlement	世界平和を確立するために全力を尽くすべきである。 :: We should do our utmost to establish world peace. || 彼は人格者として確固とした名声を確立した。 :: He had established a solid reputation as a man of character.
3615	秘書	ひしょ	noun	(private) secretary	ここが彼女が秘書として働いている所です。 :: This is the place where she works as a secretary. || その上司は自分の秘書を高く評価している。 :: The boss has a high opinion of his secretary.
3616	かご	かご	noun	basket (shopping, etc.); hamper; cage	かごの中にリンゴがいくつか入っています。 :: There are some apples in the basket. || かごの中においしいりんごが入っている。 :: There are some good apples in the basket.
3617	ひも	ひも	noun	string; cord	その子は靴のひもを結ぶのがやっとだった。 :: That child could barely manage to tie his shoes. || 何かこのひもを切るものを貸して下さい。 :: Lend me something with which to cut the string.
3618	絆	きずな	noun	bond (between people); (emotional) ties; bonds	私たちは互いに固い友情の絆で結ばれている。 :: We are bound to each other by a close friendship. || 彼らは強い愛情の絆で結ばれている。 :: There is a strong bond of affection between them.
3619	羊	ひつじ	noun	sheep (Ovis aries)	これらの雲は白い羊の群れのように見える。 :: These clouds look like a flock of white sheep. || そのチーズは羊の乳から作られています。 :: That cheese is made from sheep's milk.
3620	羨ましい	うらやましい	i-adjective	envious; jealous	なんかその日暮らしって感じで、羨ましい。 :: I envy your lifestyle - living day-to-day like that. || 私は彼の運の良さを羨ましく思った。 :: I envied him his good fortune.
3621	誘惑	ゆうわく	noun	temptation; allurement; lure	彼はまるで子供だったので、誘惑に負けた。 :: Because he was just like a child, he yielded to temptation. || ついに彼女は誘惑に負けてケーキを全部食べた。 :: Finally she gave in to temptation and ate the whole cake.
3622	貿易	ぼうえき	noun	(foreign) trade; (international) commerce; importing and exporting	代表団は貿易交渉を大きく前進させました。 :: Representatives made a major breakthrough in the trade talks. || 日本は、世界の多くの国々と貿易している。 :: Japan trades with lots of countries in the world.
3623	陰謀	いんぼう	noun	plot; intrigue; scheme	将軍は部下とともにその陰謀に加わった。 :: The general participated in the plot with his men. || 彼らのほとんどがその陰謀に加わったと思う。 :: I think most of them took part in the plot.
3624	陸上	りくじょう	noun	(on) land; ground; shore	彼は陸上競技会で見事な成績をあげた。 :: He acquitted himself admirably at the track meet. || 陸上競技会は大雨のため中止になった。 :: The track meet was called off on account of the heavy rain.
3625	駆逐	くちく	noun	expulsion; driving out; driving away	彼らは日本品を市場から駆逐しようとしている。 :: They are trying to drive Japanese goods out of the market. || 悪貨は良貨を駆逐する。 :: Bad money drives out good.
3626	高等	こうとう	na-adjective	high class; high grade	高等学校では英語と数学が重視されている。 :: English and mathematics are made much of in senior high schools. || その国は高等教育社会に変わりつつある。 :: That country is turning into a society with high education.
3627	鹿	しか	noun	deer (esp. the sika deer, Cervus nippon); cervid	ジェーンは一生懸命鹿を追いかけました。 :: Jane ran after the deer as fast as possible. || 森の中ではあまり鹿を見かけなかった。 :: We didn't see many deer in the forest.
3628	さっぱり	さっぱり	adverb	feeling refreshed; feeling relieved	その人の言ったことはさっぱりわからない。 :: What he said was over my head. || その説明書の意味がさっぱり分かりません。 :: I can't make head or tail of those directions.
3629	やたら	やたら	adverb	indiscriminately; blindly; at random	彼はやたらとその結果を知りたがっている。 :: He is anxious to know the result. || 彼のやたら長い話にはうんざりする。 :: He bored me with his endless tales.
3630	ゆえ	ゆえ	noun	reason; circumstances; grounds	それゆえここにとどまらざるを得ないだろう。 :: Hence, I shall have to stay here. || 彼の欠点のゆえにかえって人々は彼を好いた。 :: People liked him all the better for his faults.
3631	エンジニア	えんじにあ	noun	engineer	何人のエンジニアがその会議に参加しましたか。 :: How many engineers took part in the conference? || 父は私をエンジニアにするつもりです。 :: My father intends that I should become an engineer.
3632	キャンセル	きゃんせる	noun	cancellation	もし無理な場合は注文をキャンセルします。 :: Otherwise we will have to cancel this order. || ６月１日の予約をキャンセルしたいのですが。 :: I'd like to cancel my appointment for June first.
3633	グレード	ぐれーど	noun	grade	現在のバージョンは、アップグレード版で置き換えます。 :: We will replace the current version with the upgrade.
3634	ストップ	すとっぷ	noun	stop	厳しい資金不足で計画はストップしている。 :: An acute lack of funds is holding up the plan. || 戦争で彼らの研究はストップした。 :: The war brought their research to an end.
3635	デスク	ですく	noun	desk	きれいな花が受付のデスクに飾ってありました。 :: There were beautiful flowers on the reception desk. || この仕事はデスクワークとは全然違います。 :: It's nothing like desk work.
3636	ナイフ	ないふ	noun	knife	このなしの皮をむくナイフを貸して下さい。 :: Lend me a knife with which to peel this pear. || ロープをナイフで切って彼は自由になった。 :: He cut himself free with his knife.
3637	ネーム	ねーむ	noun	name	ファーストネームでお呼びすることをお許し下さい。 :: Please excuse me for calling you by your first name. || 私は失礼もかえりみず、彼をファースト・ネームで呼んだ。 :: I took the liberty of calling him by his first name.
3638	バター	ばたー	noun	butter	バターを塗ったパン以外何も食べなかった。 :: I ate nothing but bread and butter. || 私はチーズよりバターの方が好きなんです。 :: I like butter better than cheese.
3639	フラッシュ	ふらっしゅ	noun	flash (esp. of a camera); flashlight; flashbulb	フラッシュを使ってもいいですか。 :: Is it all right to use a flash here?
3640	マット	まっと	noun	mat	マットは我々のチームの強力な新メンバーだ。 :: Matt is a powerful acquisition for our team. || 私はマットの下から鍵を見つけた。 :: I found the key underneath the mat.
3641	マネー	まねー	noun	money	トムの友達は彼のことを「マネーバッグ」と呼んだ。 :: Tom's friends called him Mr Money Bags. || 「いいから金払えっての」「さっさとマネーよこせネ」 :: Just pay up already, I'm saying. "Hand over the money, Yo!"
3642	ラウンド	らうんど	noun	round	そのボクサーは第１ラウンドで相手を倒すつもりだと言った。 :: The boxer said he would knock down his opponent in the first round. || 彼が１ラウンドもてば上々だと僕は思っていたよ。 :: I had him pegged for a one-rounder at most.
3643	ラッキー	らっきー	na-adjective	lucky	彼らは自分たちの犬をラッキーと名付けた。 :: They named their dog Lucky. || 私は自分が何てラッキーな少年かわかっています。 :: I know what a lucky boy I am.
3644	リクエスト	りくえすと	noun	request	そんなことリクエストしていません。 :: I didn't request you to do that.
3645	ワクチン	わくちん	noun	vaccine	流感の予防ワクチンの注射をした。 :: I was vaccinated against the flu. || ポリオワクチンは済んでいます。 :: She was vaccinated against polio.
3646	ちょうど	ちょうど	adverb	exactly; precisely; just	あの犬はこの犬のちょうど二倍の大きさだ。 :: That dog is exactly twice the size of this one. || ちょうどその時、件の二人が登校してきた。 :: Just then the two in question arrived at school.
3647	乗客	じょうきゃく	noun	passenger	このバスは４５人の乗客を運ぶ事ができる。 :: This bus is capable of carrying 45 persons. || すべての乗客は、慌てて飛行機から離れた。 :: All the passengers left the plane in a hurry.
3648	互いに	たがいに	adverb	mutually; with each other; reciprocally	これら両国は平和のために互いに妥協した。 :: These two countries came to terms with each other for the sake of peace. || 彼らは２度と互いに会えない運命であった。 :: They were never to see each other again.
3649	伝わる	つたわる	verb	to spread (of a rumour, news, etc.); to travel; to circulate	その伝説は昔からこの地方に伝わっている。 :: The legend has come down in this district from olden times. || この歌は１０世紀から今日まで伝わったものだ。 :: This song comes down to us from the tenth century.
3650	信	しん	noun	honesty; sincerity; fidelity	さて。その言葉に信を置いてよいものやら。 :: Well now. Are those words to be trusted I wonder? || 私は、上杉憲信が好き。 :: I like Kenshin Uesugi.
3651	公認	こうにん	noun	official recognition; official approval; certification	新しい候補者が、民主党の党大会で公認候補となりました。 :: There was a new candidate on the ticket at the Democratic convention.
3652	再会	さいかい	noun	meeting again; reunion	彼女は彼に再会するのを楽しみにしていた。 :: She was looking forward to seeing him again. || 彼女に再会できなくなるとは全く思わなかった。 :: Little did I dream that I would never see her again.
3653	助かる	たすかる	verb	to be saved; to be rescued; to survive	あなたが手伝ってくれれば私は本当に助かる。 :: If you could assist me, it would be a great help. || その事故で誰も助からなかったのは残念ですね。 :: It is a pity that nobody was saved in the accident, isn't it?
3654	動機	どうき	noun	motive; incentive	その殺人の動機は誰にもないようだった。 :: Nobody seemed to have a motive for the murder. || 今では彼らの動機をよりよく理解できる。 :: Now we are better able to understand their motive.
3655	奇妙	きみょう	na-adjective	strange; odd; peculiar	奇妙なことだけれども、その話は本当です。 :: Strange as it is, the story is true. || 奇妙な話だが、彼は自分の無罪を主張した。 :: Oddly enough, he insisted on his innocence.
3656	定番	ていばん	noun	standard item; usual thing; (a) classic	若い男女が人里離れた洋館で恐怖の一夜を過ごすという、ホラーの定番スタイルだ。 :: This is a horror staple - young men and women spend a night of terror in an isolated house.
3657	将	しょう	noun	commander; general; leader	将を射んと欲すれば先ず馬を射よ。 :: He who would the daughter win, with the mother must begin.
3658	就任	しゅうにん	noun	assumption (of office); taking up (a post); inauguration	シドニー支店長に就任すると伺いました。 :: I heard you have become Branch Manager of the Sydney office. || 彼らは彼を委員会の議長に就任させた。 :: They installed him as chairman of the committee.
3659	巣	す	noun	nest; rookery; breeding place	あの鳥たちは夏に巣を作り、冬に南へ渡る。 :: Those birds build their nests in the summer and fly to the south in the winter. || 彼女は巣の中の鳥を注意して見つめた。 :: She carefully watched the bird in the nest.
3660	己	おのれ	pronoun	I; me	他人を己を持って計ってはいけない。 :: You must not judge others by yourself. || 己をしること、これほど大切なことはない。 :: Nothing is more important than this: to know yourself.
3661	幻	まぼろし	noun	phantom; vision; illusion	私の罪は幻のように思える。 :: My crime seems unreal to me. || その幻は意識の中に宿り、静寂のなかで動かない。 :: The vision that was planted in my senses still silently lingers.
3662	後者	こうしゃ	noun	the latter; the second	サッカーとラグビーでは後者の方が好きだ。 :: Of soccer and rugby, I prefer the latter. || 前者が解決すれば後者も解決するであろう。 :: The solution of one may prove to be the solution of the other.
3663	戦前	せんぜん	noun	pre-war days; before the war	戦前、ヨーロッパへ行きました。 :: I went to Europe before the war.
3664	手前	てまえ	noun	before oneself; in front of one; nearby	あの信号の手前で降ろしてください。 :: Please let me off on this side of that traffic light. || 手前にひいて開けてください。 :: Pull it open.
3665	損傷	そんしょう	noun	damage; injury	私達は脳損傷の原因について研究を行う。 :: We carry out some research into the causes of brain damage. || このプラスチックは火によって損傷を受けない。 :: This plastic is not damaged by fire.
3666	救助	きゅうじょ	noun	relief; aid; rescue	溺れかかっていた乗客はすべて救助された。 :: All the passengers were saved from drowning. || 彼は彼の命を犠牲にしてその少女を救助した。 :: He rescued the little girl at the cost of his life.
3667	数々	かずかず	noun	many; numerous; various	私は彼の数々の親切が忘れられない。 :: I cannot forget his kindness. || 数々の主張からとった痛みのないエキス。 :: Of all the principles he once stood fast on.
3668	暮らす	くらす	verb	to live (on, by, etc.); to lead a life; to get along	うちのおばあちゃんは一人で暮らしている。 :: My grandmother lives by herself. || 彼は一年中そこで暮らして仕事をしている。 :: He lives and works there all the year round.
3669	本音	ほんね	noun	real intention; motive; true opinion	社長は言うことと本音が違う。 :: My boss says one thing and means another. || 彼は本音を出した。 :: He showed what he meant.
3670	枕	まくら	noun	pillow; bolster	枕と毛布をもってきていただけるか。 :: Could you bring me a pillow and blanket, please? || 私は日本の米枕が好きです。とても首に良いです。 :: I like Japanese rice pillows; they are good for my neck.
3671	棚	たな	noun	shelf; ledge; rack	その本はいちばん上の棚に置いてください。 :: Put the book on the top shelf. || このバッグは上の棚に入れた方がいいですか。 :: Should I put this bag in the overhead compartment?
3672	機嫌	きげん	noun	humour; humor; temper	こんにちは、今日のご機嫌はいかがですか。 :: Good day. How are you today? || ここ数日間、ジェーンは口も利かず不機嫌だ。 :: For the past few days Jane has been quiet and out of humor.
3673	流す	ながす	verb	to drain; to pour; to run	あんな恐ろしい男のために流す涙はない。 :: I cannot shed a tear for that horrible man. || そのひどい知らせを聞いて彼女は涙を流した。 :: She wept when she heard the terrible news.
3674	炎上	えんじょう	noun	going up in flames; destruction by fire (esp. of a large building)	彼は幸運にも炎上しているビルから救出された。 :: He had the good fortune to be rescued from the burning building. || 突然、納屋が爆発炎上した。 :: All of a sudden, the barn went up in flames.
3675	煙	けむり	noun	smoke; fumes	大気汚染は煙突から出る煙が原因になる。 :: Smoke coming from chimneys is a cause of air pollution. || 私はここからその煙を見ることが出来た。 :: I was able to see the smoke from here.
3676	甲子園	こうしえん	noun	Koshien Stadium (baseball park in Nishinomiya, Hyōgo Prefecture)	私は、甲子園球場に行く。 :: I go to Koshien stadium.
3677	異性	いせい	noun	the opposite sex	彼女は異性の前では非常に恥ずかしがる。 :: She feels very shy in the presence of the opposite sex.
3678	相撲	すもう	noun	sumo (wrestling)	相撲は日本の伝統的なスポーツです。 :: Sumo is the traditional sport of Japan. || 君の姉さんはテレビで相撲を見て楽しんでいるのですね。 :: Your sister enjoys watching sumo wrestling on TV.
3679	祖父	そふ	noun	grandfather	私はこの景色を見ると必ず祖父を思い出す。 :: I never watch this scenery without thinking of my grand-father. || この腕時計は祖父が私に残してくれたものだ。 :: This watch was handed down to me by my grandfather.
3680	育てる	そだてる	verb	to raise; to rear; to bring up	彼らは貧しかったが、七人の子供を育てた。 :: Despite being poor, they raised seven children. || 母は私たちを育てるために一生懸命働いた。 :: My mother worked hard in order to rear us.
3681	自称	じしょう	noun	professing oneself to be; calling oneself; describing oneself as	彼は財政の専門家であると自称した。 :: He claimed to be an expert in finance. || 本物のノイローゼの奴がノイローゼだなんて自称するのかね？ :: Do you think real neurotics really go and call themselves such?
3682	西洋	せいよう	noun	the West; the Occident; Western countries	それらは西洋の風呂よりずっといいです。 :: They are much better than Western baths. || 日本は西洋諸国との接触を必要とした。 :: Japan needed contact with the Western countries.
3683	豆腐	とうふ	noun	tofu; bean curd; beancurd	悪いけどお豆腐買ってきてくれない？ :: I really shouldn't ask, but could you go get some tofu for me? || エミリーは夕食に豆腐をたべた。 :: Emily ate tofu at dinner.
3684	車内	しゃない	noun	inside a car (train, bus, etc.)	車内の彼の周りでは、ほかの乗客たちが前後左右に揺れていた。 :: Around him in the carriage, the other passengers rocked and swayed. || 氷のような冷気が車内に忍び込んできた。 :: An icy chill stole into the car.
3685	逃亡	とうぼう	noun	escape; flight; running away	私は彼の逃亡を助けたので逮捕されました。 :: I was arrested for aiding in his escape. || 逃亡犯人を捕まえようと油断なく見張った。 :: I was on the alert for a fugitive criminal.
3686	遠征	えんせい	noun	(military) expedition; campaign	その遠征ではずいぶんつらい目に会った。 :: We encountered a lot of difficulties on the expedition. || 私たちは遠征試合でほとんど負けてしまった。 :: We lost almost all our away games.
3687	雑談	ざつだん	noun	chatting; idle talk	彼はコーヒーを飲みながら彼女と雑談した。 :: He visited with her over a cup of coffee. || 一緒にコーヒーを飲みながら雑談をしませんか。 :: Why don't you come in for a cup of coffee and a chat?
3688	食堂	しょくどう	noun	dining room; dining hall; cafeteria	腹の減った男の子たちは、食堂の方へ進んだ。 :: The hungry boys made for the restaurant. || 私は食堂で自分の名前が呼ばれるのが聞こえた。 :: I heard my name called in the cafeteria.
3689	魔術	まじゅつ	noun	magic; sorcery; witchcraft	男は魔術で少女を恐れさせた。 :: The man awed the girl with his magic tricks. || ふっ、禁断の魔術とやらは、俺には通用しないぜ！ :: Hah, your 'forbidden magics' aren't going to work with me!
3690	ちんちん	ちんちん	noun	penis	僕は犬にちんちんを教えた。 :: I have taught my dog to sit up and beg. || 犬はちんちんをやめて四つ足に戻った。 :: The dog stopped begging and went back on all fours.
3691	アドレス	あどれす	noun	address	このアドレスのところに行ってください。 :: Please take me to this address. || アドレス帳を部屋に忘れちゃった。 :: I left my address book in my room.
3692	エアコン	えあこん	noun	air conditioner; air conditioning; aircon	このエアコンは電気を多量に消費する。 :: This air conditioner consumes a lot of electricity. || 彼女は家にエアコンを付けてもらった。 :: She had an air conditioner installed in her house.
3693	クイーン	くいーん	noun	queen	この船をクイーンエリザベスと名づける。 :: I name this ship the Queen Elizabeth.
3694	スイス	すいす	noun	Switzerland	スイスと言えば、冬に行った事はありますか？ :: Speaking of Switzerland, have you ever been there in winter? || スイスの美しい風景を楽しんでいるだろうね。 :: We will be enjoying the beautiful scenery of Switzerland.
3695	チャート	ちゃーと	noun	chart	この歌はヒットチャートの第１位にランクされています。 :: This song is No. 1 on the hit chart.
3696	パスタ	ぱすた	noun	pasta	ここ、結構パスタがいけるのよ。あとピザも。 :: The pasta here's pretty good. And the pizza too. || パスタならフェルナンドのお得意だよ。 :: Pasta is Fernando's province.
3697	プレート	ぷれーと	noun	plate (e.g. nameplate, license plate)	この板状の固い岩石の層をプレートと呼ぶ。 :: We call these slabs of the solid-rock layer 'plates'.
3698	ボート	ぼーと	noun	boat	あなたたちはボートに乗ってそこへ行ける。 :: You can go there in a boat. || さあ、ボートから降りて岸まで泳ぎなさい。 :: Now, get off the boat and swim to shore.
3699	マックス	まっくす	noun	max; maximum	乗せられるのは１００キロがマックスです。 :: A load of 100 kilograms is the max. || マックスが来たことは私にはどうでもよいことです。 :: It makes no difference to me that Max has come.
3700	ミュージック	みゅーじっく	noun	music	ミュージックボックス劇場では何をやっていますか。 :: What's playing at the Music Box Theater? || 私はポップ・ミュージックはそろそろ卒業しようと思っているの。 :: I feel I'm growing out of pop music.
3701	ラリー	らりー	noun	rally	フレッドの意見がしゃくにさわったラリーは、居丈高な態度に出た。 :: Because he thought Fred's comment was tacky, Larry got up on his high horse.
3702	世帯	せたい	noun	household; family	その家は二世帯の家族を収容できる。 :: The house could accommodate two families. || その火事で７世帯が焼け出された。 :: Seven families were burned out by the fire.
3703	何事	なにごと	noun	what; what sort of thing	彼は何事につけても自分の思い通りにした。 :: He had his own way over everything. || 彼は何事もなかったかのように話し続けた。 :: He went on talking as though nothing had happened.
3704	保健	ほけん	noun	preservation of health; hygiene; sanitation	彼女の保健体育の講義はさっぱり理解できない。 :: I can't make head nor tail of her lecture on health and physical education. || 君は保健室に行った方がいいぞ。 :: You had better go to the infirmary.
3705	兄貴	あにき	noun	elder brother	「そっか。暇なら掃除しといて」「なんだそれ。兄貴をアゴで使うなよ」 :: Oh? If you're free get the cleaning done. "What's up with that? Don't order your brother around!"
3706	全般	ぜんぱん	noun	(the) whole	全般的に彼女はとても信頼のおける人間だ。 :: By and large, she is a very reliable person. || 全般的な状況はわれわれに有利だ。 :: The general situation is advantageous to us.
3707	出荷	しゅっか	noun	shipping; shipment; forwarding	８月１５日までの出荷を確実にしていただけますか。 :: Can you absolutely assure delivery by August 15? || 出荷ありがとうございました。 :: Thank you for the shipment.
3708	副業	ふくぎょう	noun	side job; sideline; subsidiary business	農民はしばしば収入を補うために副業をします。 :: Farmers often moonlight to supplement their incomes.
3709	半端	はんぱ	noun	remnant; fragment; incomplete set	半端な時間に自転車に乗るだけだ。 :: I only ride a bicycle at odd times.
3710	友情	ゆうじょう	noun	friendship; fellowship; camaraderie	友情が仕事より大切なのは言うまでもない。 :: It goes without saying that friendship is more important than business. || 友情は、すべての中でいちばん大切である。 :: Friendship is the most precious of all.
3711	同行	どうこう	noun	accompanying (someone); going with; travelling together	病気のために彼は我々と同行できなかった。 :: Owing to illness, he could not come with us. || ご同行くださるなら大変ありがたく思います。 :: I'd be delighted if you'd come with me.
3712	告発	こくはつ	noun	indictment; prosecution; complaint	そのドライバーはスピード違反で告発された。 :: The driver was charged with speeding. || ホワイトはスパイだとして警察に告発された。 :: White was denounced to the police as a spy.
3713	売れる	うれる	verb	to sell (well)	コンピューターが飛ぶように売れています。 :: Computers are really selling like hotcakes. || この型の携帯電話はよく売れています。 :: This type of mobile phone sells well.
3714	売買	ばいばい	noun	trade; buying and selling; trafficking (e.g. of humans, arms, drugs)	彼は彼らと家具の売買契約をした。 :: He made a bargain with them about the furniture. || 彼は革製品の売買をしている。 :: He buys and sells leather goods.
3715	女子大	じょしだい	noun	women's college; women's university	エリオットさんの姪は女子大学に通っている。 :: Mr Eliot's niece goes to a women's college.
3716	実在	じつざい	noun	actual existence; real existence; existing in real life	サンタクロースが実在しないなんて信じない。 :: I don't believe that Santa Claus is imaginary. || 神の実在を信じますか。 :: Do you believe in God?
3717	射撃	しゃげき	noun	firing; shooting; fire	彼は射撃がうまい。 :: He is a good shot.
3718	帰国	きこく	noun	return to one's country	彼が帰国を決めたのは、病気だったからだ。 :: It was because he was sick that he decided to return home. || まもなく父は帰国するだろうと思います。 :: I hope Father will come home from abroad soon.
3719	往復	おうふく	noun	making a round trip; going and returning; coming and going	各目的地までの往復料金は下記の通りです。 :: Round-trip fares to each destination are as follows. || 私は大阪までの往復航空券を持っています。 :: I have a round-trip ticket to Osaka.
3720	徹底的	てっていてき	na-adjective	thorough; exhaustive; complete	どうせ英語を習うなら徹底的に学びなさい。 :: At any rate, if you learn English, study it thoroughly. || 警察はその殺人事件を徹底的に調査し始めた。 :: The police began to go into the murder case.
3721	抑制	よくせい	noun	control; restraint; suppression	彼は怒りを抑制することができなかった。 :: He could not control his anger. || 政府はインフレ抑制に努力すべきだ。 :: The government should endeavor to curb inflation.
3722	改良	かいりょう	noun	improvement; reform	この制度には改良の余地がない。 :: There is no room for further improvement in this system. || コンピューターはたえず改良されている。 :: Computers are constantly being improved.
3723	時給	じきゅう	noun	hourly pay; hourly wage	あの修理工たちは時給一万円ももらっている。 :: Those mechanics are paid as much as ten thousand yen per hour. || トムは勤務終了時間を超えて働くと、５割アップの時給をもらっていた。 :: Tom got time and a half when he worked beyond his usual quitting time.
3724	暗黒	あんこく	noun	darkness	「暗黒の王子」とは「悪魔」のことです。 :: The prince of darkness means "Satan." || アフリカはかつて、暗黒大陸と呼ばれた。 :: Africa was once called the Dark Continent.
3725	服装	ふくそう	noun	attire; dress; clothes	彼の服装で外国人だということが知れた。 :: His dress betrayed the fact that he was a foreigner. || 服装のこととなると彼女は時代に遅れている。 :: She is behind the times when it comes to clothes.
3726	果て	はて	noun	end; extremity; limit	言葉は宇宙の果てへと飛び出していく。 :: Words travel across the universe. || この汽車は世界の果て行きの終列車です。 :: This train is the last train to the world's end.
3727	枝	えだ	noun	branch; bough; limb	あの大きな枝にいるサルを見てごらんなさい。 :: Look at the monkey on that bough. || 木にとっては枝は人間の手足に相当する。 :: Branches are to trees what limbs are to us.
3728	気づく	きづく	verb	to notice; to realize; to realise	何が起こっているのか、私は気づいていた。 :: I sensed what was happening. || 彼は私がいることに気づかないようだった。 :: He seemed unconscious of my presence.
3729	演じる	えんじる	verb	to act (a part); to play (a role)	少女はクリスマスの劇で天使の役を演じた。 :: The little girl played an angel in the Christmas play. || 彼はその事業において重要な役割を演じた。 :: He played an important part in the enterprise.
3730	特許	とっきょ	noun	patent	ハンスさんが会社へ特許権を売りました。 :: Hans sold the patent to a company. || 特許権は重要な財産権である。 :: A patent right is an important property right.
3731	現行	げんこう	noun	present; current; in operation	現行の法律は人種の多様性を考慮していない。 :: Existing legislation does not take diversity of races into account. || 彼はすりの現行犯でつかまった。 :: He was caught in the act of pickpocketing.
3732	発送	はっそう	noun	sending; forwarding; shipping	いつ発送してもらえるのか知りたいのですが。 :: I'd like to know when you can send it out. || 明日、この報告書を発送するよういって下さい。 :: Please remind me to mail the report tomorrow.
3733	目立つ	めだつ	verb	to be conspicuous; to stand out	その帽子は変わった格好のために目立った。 :: The hat stood out because of its strange shape. || トムはとても頭がいいので授業で目立つ。 :: Tom is so intelligent that he stands out in class.
3734	着替え	きがえ	noun	changing clothes; change of clothes	着替えをするために家に帰った。 :: I went home to change my clothes. || 彼女は今夜のパーティーの前に着替えをしなければならない。 :: She has to change clothes before tonight's party.
3735	神話	しんわ	noun	myth; mythology	その山は神話や伝説でよく知られている。 :: The mountain is famous in myth and legend. || なにかギリシャ神話を、知っていますか。 :: Do you know any Greek myths?
3736	粉	こな	noun	flour; meal; powder	彼らは小麦をひいて粉にします。 :: They grind wheat into flour. || パンは粉と水とイーストから作られる。 :: Bread is made from flour, water and yeast.
3737	聖書	せいしょ	noun	Bible; the Scriptures; Holy Writ	彼は有名な諺をいくつか聖書から引用した。 :: He quoted some famous proverbs from the Bible. || 彼は終わりの言葉に聖書の言葉を引用した。 :: He ended by quoting the Bible.
3738	花粉	かふん	noun	pollen	かわいそうにその子は花粉症に悩んでいる。 :: The poor child suffers from hay fever. || 私、花粉症なんです。 :: I'm allergic to pollen.
3739	融合	ゆうごう	noun	agglutination; adhesion; fusion	その物理学者は核融合の潜在的な危険性に気づいていた。 :: The physicist was aware of the potential danger of nuclear fusion.
3740	解雇	かいこ	noun	dismissal (of an employee); discharge; firing	彼は怠け者であるという理由で解雇された。 :: He was dismissed on the grounds that he was lazy. || あなたを解雇する十分な理由があります。 :: There is a good argument for dismissing you.
3741	講義	こうぎ	noun	lecture	スミス先生はいつも冗談から講義を始める。 :: Mr Smith always begins his lectures with a joke. || 彼の講義はいつものように、ためになった。 :: His lecture was very instructive as usual.
3742	警察官	けいさつかん	noun	police officer; policeman; policewoman	その警察官はその混雑をうまく処理できた。 :: The police were able to cope with the crowd. || 警察官は私が交通規則を無視したと責めた。 :: The policeman blamed me for ignoring traffic rules.
3743	貴族	きぞく	noun	nobility; aristocracy; peerage	その貴族は過去の光栄にしがみついている。 :: The aristocrat clings to the glory of his past. || ナンシーはいわゆる貴族階級の出である。 :: Nancy comes from what we call the aristocracy.
3744	階級	かいきゅう	noun	(social) class	ナンシーはいわゆる貴族階級の出である。 :: Nancy comes from what we call the aristocracy. || 労働者階級には敬意を払うべきである。 :: Respect is due to the proletariat.
3745	ばら	ばら	noun	rose	私は「ばら戦争」に非常に興味がある。 :: I have a great interest in the Wars of the Roses. || 庭のばらのいくつかは白だが、残りは全部赤です。 :: Some of the roses in my garden are white, and the others are red.
3746	わざと	わざと	adverb	on purpose; deliberately; intentionally	あの少年は、わざと彼女の子供をたたいた。 :: That boy hit her child on purpose. || 彼はわざとそうしたのだとふと私は思った。 :: It occurred to me that he had done it on purpose.
3747	アカデミー	あかでみー	noun	academy	新作の映画で彼はアカデミー賞を得た。 :: His new movie earned him an Academy Award. || 彼女はアカデミー賞の最優秀助演女優にノミネートされた。 :: She won an Oscar nomination for best supporting actress.
3748	オランダ	おらんだ	noun	Netherlands; Holland	彼は６月にオランダから帰国しました。 :: He returned from Holland in June. || その絵画はオランダ人の巨匠の作品である。 :: The painting is the work of a Dutch master.
3749	ギア	ぎあ	noun	gear	車のギアを入れずにリバースを入れたので店先に多大な損害を与えた。 :: Instead of putting the car into gear, she put it into reverse, causing a great deal of damage to the store-front.
3750	ジャーナリスト	じゃーなりすと	noun	journalist	私はジャーナリストになる決心をしました。 :: I have made up my mind to become a journalist. || そのジャーナリストはいわゆる国際人だ。 :: The journalist is what you call a cosmopolitan.
3751	チャンピオン	ちゃんぴおん	noun	champion	彼は世界チャンピオンになる可能性がある。 :: He is a potential world champion. || チャンピオンは大観衆の歓迎を受けた。 :: The champion was welcomed by large crowds.
3752	パイプ	ぱいぷ	noun	pipe; tube	そのパイプは湖から工場まで水を運んでいる。 :: The pipe conveys water from the lake to the factory. || ガスがパイプから漏れているようです。 :: Gas seems to be escaping from the pipe.
3753	ホルモン	ほるもん	noun	hormone	女性ホルモン分泌の乱れが不妊症の大きな原因です。 :: Female hormone imbalance is a major cause of infertility.
3754	ボブ	ぼぶ	noun	bob (haircut)	ボブはぜひ試験に合格したいと思っている。 :: Bob is keen to pass the examination. || ボブはメアリーと婚約して１年以上になる。 :: Bob has been engaged to Mary for over a year.
3755	メダル	めだる	noun	medal	日本の運動選手は何個のメダルを取りましたか。 :: How many medals did the Japanese athletes collect? || ロイはそのメダルをピンで止めた。 :: Roy fastened the medal with a pin.
3756	世話	せわ	noun	care; looking after; help	その病人は絶え間のない世話を必要とした。 :: The sick man required constant attention. || だれかが病人の世話をしなければならない。 :: Somebody must care for the patient.
3757	主体	しゅたい	noun	main constituent; core; nucleus	社長が社員の主体的な取り組みを促した。 :: The president urged employees to act on their initiative. || 主体・客体さえ訳せればあとはそこまで難しくないです。 :: If you can translate the subject and object then after that it isn't so difficult.
3758	主役	しゅやく	noun	leading part; leading actor; leading actress	ケイトは映画で主役を演じる機会を与えられました。 :: Kate has been given an opportunity to play a major role in a movie. || ボブは今度の学園祭で初めて主役を演じる。 :: Bob will play the leading role for the first time in the next school festival.
3759	仁	じん	noun	benevolence (esp. as a virtue of Confucianism); consideration; compassion	巧言令色少なし仁。 :: Fair words butter no parsnips. || あいつは口ばかりで、誠意がないね。巧言令色少なし仁とはよくいったもんだ。 :: They say fine words are no virtue if they're insincere and that's him in a nutshell. He's all talk but doesn't mean a word of it.
3760	光景	こうけい	noun	scene; spectacle; sight	その光景を見て笑わずにはいられなかった。 :: I could not help laughing at the sight. || 彼はその光景を見るのに耐えられなかった。 :: He could not bear to see the scene.
3761	冷凍	れいとう	noun	freezing; cold storage; refrigeration	この冷凍食品はどのくらい保存できますか。 :: How long can we keep this frozen food? || 肉を長く保存しておきたいなら冷凍しなさい。 :: If you want to keep meat for a long time, freeze it.
3762	切れる	きれる	verb	to break; to snap; to be cut	あなたの定期購読予約は六月号で切れます。 :: Your subscription expires with the June issue. || 交換手さん、電話が切れてしまいました。 :: Operator, we were cut off.
3763	勇者	ゆうしゃ	noun	hero; the brave; man of valour (valor)	将軍は勇者に「君は勲章に値する」と言った。 :: The general said to the brave man, "You deserve a medal." || 勇者に敬意を払いなさい。 :: Pay honor to the brave.
3764	名作	めいさく	noun	masterpiece; masterwork	この映画はまさしく不朽の名作である。 :: This film is indeed an enduring masterpiece.
3765	境界	きょうかい	noun	boundary; border; limit	彼らは境界を越えてスペインに入った。 :: They crossed the border into Spain. || ライン川はフランスとドイツの境界線である。 :: The Rhine is the boundary between France and Germany.
3766	変動	へんどう	noun	change; fluctuation	消費者物価指数は激しく変動しています。 :: The consumer price index has been fluctuating wildly. || 金の価格は日ごとに変動する。 :: The price of gold fluctuates daily.
3767	天井	てんじょう	noun	ceiling	天井にハエが１匹とまっているのが見えた。 :: I saw a fly on the ceiling. || その大寺院の天井には宗教画が描かれていた。 :: The cathedral had a religious painting on its ceiling.
3768	容赦	ようしゃ	noun	pardon; forgiveness; tolerance	今言ったことをどうかご容赦ください。 :: Please accept my apologies for what I said just now. || そのことはもはや容赦できない。 :: I can't put up with it any longer.
3769	尊重	そんちょう	noun	respect; esteem; regard	彼はまったく他人の気持ちを尊重しないの。 :: He has absolutely no respect for other people's feelings. || 全てのメンバーが彼女の意見を尊重した。 :: All the members made much of her opinion.
3770	小屋	こや	noun	hut; cabin; shed	その小屋には誰も住んでないように見えた。 :: The cottage looked as if nobody were living in it. || 彼は十年以上もその小屋に一人で住んでいる。 :: He has been living in the cabin by himself for more than ten years.
3771	帰還	きかん	noun	return (home); repatriation	そのうち３機はまだ帰還の報告はない。 :: Three of the planes have not yet reported home. || 彼女は息子の帰還を祈った。 :: She prayed for her son's return.
3772	幽霊	ゆうれい	noun	ghost; specter; spectre	この森には、幽霊がいると信じられている。 :: It is believed that ghosts exist in this forest. || 幽霊が存在することを証明するのは難しい。 :: It is difficult to prove that ghosts exist.
3773	手数料	てすうりょう	noun	(handling) fee; charge (e.g. for a cancellation); commission	手数料は３パーセントかかります。 :: We charge a commission of 3%. || それには手数料がかかりますか。 :: Is there a service charge for that?
3774	抜く	ぬく	verb	to pull out; to draw out; to extract	私は体重を減らすために昼食を抜きはじめた。 :: I have started skipping lunch with a view to losing weight. || 一食くらい食事を抜いてもたいしたことないよ。 :: It won't hurt you to skip one meal.
3775	救い	すくい	noun	help; rescue; aid	その会社はまた赤字になった。救いようがない。 :: The company once again went into the red. It is beyond saving. || アフリカの難民が救いを求めている。 :: Refugees in Africa are seeking help.
3776	曖昧	あいまい	na-adjective	vague; ambiguous; unclear	この計画の主要な特徴はまだ曖昧です。 :: The main feature of this scheme is still ambiguous. || 彼はまた曖昧な事を言うかも知れない。 :: He may well just say something ambiguous again.
3777	条約	じょうやく	noun	treaty; pact; convention	条約が無視されたときに、戦争が始まった。 :: War broke out when the treaty was ignored. || 条約というのは、いわば、国家間の契約である。 :: A treaty is, as it were, a contract between countries.
3778	極端	きょくたん	noun	extreme; extremity	彼はときどき極端な手段に訴えたくなった。 :: He sometimes wished to go to extremes. || 彼は教育の面では極端な意見を持っている。 :: He holds an extreme opinion on education.
3779	熱心	ねっしん	na-adjective	zealous; enthusiastic; ardent	君はもっと熱心に勉強しなければならない。 :: You must study much harder. || 彼は先生にほめられて一層熱心に勉強した。 :: He studied all the harder for being praised by his teacher.
3780	穏やか	おだやか	na-adjective	calm; quiet; gentle	一般的に言って去年は気候が穏やかだった。 :: Generally speaking, the weather was mild last year. || 寒い冬の後、春は穏やかな天候をもたらす。 :: Spring brings mild weather after the cold winter.
3781	行事	ぎょうじ	noun	event; function	メグは学校のいろいろな行事に参加する。 :: Meg attends many school affairs. || 行事を記念してパレードが行われた。 :: There was a parade to mark the occasion.
3782	診療	しんりょう	noun	diagnosis and treatment; medical care	診療予約を取ってもらえますか。 :: Can I make an appointment to have a medical examination? || 彼の診療所は、そのスキャンダル以来多くの患者を失った。 :: His clinic has lost many patients since the scandal.
3783	起訴	きそ	noun	prosecution; indictment	十分な証拠が無くて警察は彼を起訴できなかった。 :: In the absence of sufficient proof, the police could not indict him. || 地方検事は彼を盗みと殺人罪で起訴した。 :: The district attorney indicted him for theft and murder.
3784	輝く	かがやく	verb	to shine; to sparkle; to twinkle	太陽はいつも輝いているわけではないのだ。 :: The sun doesn't always shine. || 彼は目を輝かせながら私の話を聞いていた。 :: He was listening to me with his eyes shining.
3785	遅刻	ちこく	noun	lateness; tardiness; arriving late	そういうわけで彼は学校に遅刻したのです。 :: That is why he was late for school. || 彼にはよくあることだが、学校に遅刻した。 :: As is often the case with him, he was late for school.
3786	重力	じゅうりょく	noun	gravity; gravitation; gravitational pull	重力が物を地球の中心に引っ張っている。 :: Gravity pulls things toward the center of the earth. || 月の重力は地球の６分の１である。 :: The gravity of the moon is one-sixth of that of the earth.
3787	隊員	たいいん	noun	troops; group members; team members	救助隊員達が地震の被災者達に物資を分配するだろう。 :: The rescue workers are going to hand out supplies to the victims of the earthquake.
3788	題	だい	noun	title; subject; theme	「友情」という題で作文を書きなさい。 :: Write an essay on "Friendship". || 先生は私達に宿題として１０題の問題を割り当てた。 :: The teacher assigned us ten problems for homework.
3789	願望	がんぼう	noun	desire; wish; aspiration	ほっそりとした姿に対する若い女性の願望は強い。 :: Young girls' desire for slim figures is strong. || 彼の願望は商売を始める事です。 :: His desire is to go into business.
3790	ひな	ひな	noun	young bird; chick; fledgling	ひなたにいる時は何かかぶっていなさいよ。 :: Cover your head when you are in the sun. || 私たちは鳥がひなにえさをやる様子を観察した。 :: We watched a bird feeding its young.
3791	アレルギー	あれるぎー	noun	allergy	彼はほこりに対してアレルギーを起こす。 :: He is allergic to dust. || 私のおいは卵に対してアレルギー体質だ。 :: My nephew is allergic to eggs.
3792	ガソリン	がそりん	noun	gasoline; petrol	ぼくの自動車はずいぶんガソリンをくう。 :: My car burns a lot of gas. || 家のそばまで来て車のガソリンが切れた。 :: I was almost home when the car ran out of gas.
3793	グレー	ぐれー	noun	grey; gray	我々はグレー氏をその委員会の委員長にした。 :: We made Mr Grey chairman of the committee. || 最初にきたのはグレーさんでした。 :: Mr Gray was the first man that arrived.
3794	ダイヤモンド	だいやもんど	noun	diamond	そのダイヤモンドは５千ドルの価値があった。 :: The diamond was valued at 5,000 dollars. || その指輪にはダイヤモンドがついている。 :: The ring has a diamond in it.
3795	ディスク	でぃすく	noun	disk; disc	ディスクと出力紙をかばんに詰めて下さい。 :: Please pack the disks and hard copies into the briefcase. || ミニディスクを売っていますか。 :: Do you sell mini disks?
3796	ピース	ぴーす	noun	peace	うまくいけば一日に２、３ピース作れる。 :: I can produce several pieces a day if I'm lucky.
3797	ホスト	ほすと	noun	host (of a party, summit, etc.)	パーティーでは誰がホストを勤めるのですか。 :: Who will host the party? || 今夜のパーティーで彼は見事にホスト役を演じた。 :: He played an excellent host at today's party.
3798	マニア	まにあ	noun	enthusiast	あいつはカーマニアだから、車のことならなんでも知ってるよ。 :: He's a car nut. Ask him anything. || 彼はスポーツカーのマニアだ。 :: He has mania for sports cars.
3799	ライセンス	らいせんす	noun	license; licence	政府はライセンスなしに銃を携帯することを禁じている。 :: The government prohibits us from carrying guns without a license.
3800	リボン	りぼん	noun	ribbon	私は箱を紙で包み、それをリボンで結んだ。 :: I put a piece of paper around the box and tied it up with a ribbon. || このリボンはあなたへのプレゼントです。 :: This ribbon is a present for you.
3801	レジ	れじ	noun	(cash) register	会計はお帰りのレジでおねがいします。 :: Pay the cashier on the way out. || あなたに払うのか、レジで払うのか。 :: Do I pay you or the cashier?
3802	一員	いちいん	noun	one person; one member	この猫は、いわば、我が家の一員なのです。 :: This cat is, so to speak, a member of our family. || 彼はテニスと弁論の代表チームの一員である。 :: He is on the varsity in tennis and in debating.
3803	両手	りょうて	noun	both hands; both arms	彼は両手をポケットに深く突っ込んでいた。 :: His hands were deep in his pockets. || 彼にわかるように、彼女は両手を振りました。 :: She waved both her hands so that he could find her.
3804	乗り換え	のりかえ	noun	transfer (trains, buses, etc.); change; connection	乗り換えに５分の余裕しかない。 :: We have a margin of just five minutes to change trains. || 途中で乗り換えが必要ですか。 :: Is it necessary to change trains along the way?
3805	仮に	かりに	adverb	supposing; even if; granting that	仮に戦争が起こるとしたらどうしますか。 :: What would you do if war were to break out? || 仮に知っていれば私たちに話すだろう。 :: If he knew the truth, he would tell us.
3806	住人	じゅうにん	noun	dweller; inhabitant; resident	彼はこの町の住人によって役人に選ばれた。 :: He was elected an official by the inhabitants of this town. || その都市の住人は飲み水をその川に頼っている。 :: The inhabitants of the city depend upon the river for drinking water.
3807	儀式	ぎしき	noun	ceremony; rite; ritual	このパレードは古い儀式に由来している。 :: This parade descends from an ancient rite. || その儀式は彼らの宗教の一部である。 :: This rite is part of their religion.
3808	甲斐	かい	noun	result (that makes an act worthwhile); worth (in doing something); value	進んで学ぼうとする気の無い者には教える甲斐がない。 :: One who is not willing to learn is not worth teaching. || この車は直しても甲斐が無い。 :: This car isn't worth repairing.
3809	原稿	げんこう	noun	manuscript; copy; draft	彼は彼の今度の劇の原稿を私に見せてくれた。 :: He showed me the manuscript of his new play. || 金曜日までに何とか原稿を仕上げられますか。 :: Can you manage to complete the manuscript by Friday?
3810	収穫	しゅうかく	noun	harvest; crop; ingathering	去年と比較して、今年の収穫はずっといい。 :: Compared with last year, this year's crops are much better. || その霜でオレンジの収穫がだめになった。 :: The frost rendered the orange crop worthless.
3811	合法	ごうほう	na-adjective	legal; lawful; legitimate	その議論に関する討論は合法であるようだ。 :: A discussion of the proposal seems to be in order. || あなたは合法的手段で行動する方がよい。 :: It is better for you to act by legal means.
3812	合流	ごうりゅう	noun	confluence (of rivers); flowing together; joining	そのレストランは２つの高速道路の合流点に立っている。 :: The restaurant stands at the junction of two superhighways. || この道はそこでハイウエイに合流する。 :: This road joins the highway there.
3813	四国	しこく	noun	Shikoku (smallest of the four main islands of Japan)	私は来年、自転車で四国を一周するつもりです。 :: I plan to cycle around Shikoku next year. || 叔父に会いに四国に行きました。 :: I went to Shikoku to visit my uncle.
3814	在籍	ざいせき	noun	being enrolled (at a school); being registered; being a member (of a team, organization, etc.)	この学校には数人の外国人が在籍している。 :: This school has several foreigners on the roll. || ふたりの娘のうち、姉のほうは大学に在籍中である。 :: The older of the two daughters is in college.
3815	子育て	こそだて	noun	child rearing; child raising; raising children	彼女は三人の子育てにかかりきりだ。 :: She is devoted to her three children. || 彼は子育ての苦労を知らない。 :: He doesn't know the cares of raising children.
3816	弓	ゆみ	noun	bow (weapon)	７歳の時、すでに自ら弓と矢を作った。 :: By the age of seven, he had already made his own bow and arrows. || これは力の強い人が使う弓です。 :: This is a bow for a strong person.
3817	後日	ごじつ	noun	in the future; another day; later	ちなみに、それはこの話の後日談にする予定です。 :: By the way, I plan to do that for this story's sequel.
3818	推薦	すいせん	noun	recommendation; referral; endorsement	先生は私たちにこの辞書を推薦してくれた。 :: The teacher recommended this dictionary to us. || 彼はあなたをよい地位に推薦するだろう。 :: He will recommend you for a good post.
3819	敗北	はいぼく	noun	defeat; loss; reverse	彼らは勇敢に戦ったけれども、敗北した。 :: Bravely though they fought, they were defeated. || 自分が敗北者だと認めるのは難しい。 :: It's hard to admit to yourself that you are a failure.
3820	沖	おき	noun	open sea	見渡すと、既に船はかなり沖の方にいた。 :: Looking around the boat was already quite far out in the open sea. || その島は海岸から約２マイル離れた沖にあります。 :: The island is about two miles off the coast.
3821	液体	えきたい	noun	liquid	この液体は３つの要素に分解できる。 :: This liquid can be resolved into three elements. || 動物は主として液体で構成される体を持つ。 :: Animals have bodies largely composed of fluid.
3822	無罪	むざい	noun	innocence; being not guilty	奇妙な話だが、彼は自分の無罪を主張した。 :: Oddly enough, he insisted on his innocence. || 彼が無罪であると信じる十分な理由がある。 :: We have every reason to believe him innocent.
3823	物事	ものごと	noun	things; everything	あなたは物事の分別がつかなくなったのか。 :: Have you lost your reason? || 繰り返すことが物事を覚えるのに役に立つ。 :: Repetition helps you remember something.
3824	立てる	たてる	verb	to stand (something) up; to put upright; to set up	こういうわけで彼は君に腹を立てたのです。 :: This is why he got angry with you. || その件については彼に疑いを立てるべきだ。 :: You should sound him out about the matter.
3825	立体	りったい	noun	solid body; three-dimensional object	我々はその問題を立体的に調査した。 :: We investigated the matter from all angles.
3826	経歴	けいれき	noun	personal history; background; career	トムは医者としてすばらしい経歴の持ち主だ。 :: Tom has a bright career as a medical doctor. || 経歴のわからない人間を信用してはいけない。 :: Don't trust a man whose past you know nothing about.
3827	絵本	えほん	noun	picture book	絵本は子供たちの頭を啓発する。 :: Picture books will cultivate the minds of children.
3828	親戚	しんせき	noun	relative; relation; kin	あの金持ち一家と親戚だと彼は言っている。 :: He says he's related to that rich family. || 若者は仲間や親戚の人たちに別れを告げた。 :: The young man bade farewell to his comrades and relatives.
3829	角度	かくど	noun	angle	われわれはその問題をあらゆる角度から考慮した。 :: We considered the problem from all angles. || 別の角度から問題を見ると役に立つかもしれない。 :: It may help to look at the problem from another angle.
3830	解禁	かいきん	noun	lifting a ban; raising an embargo; opening a season (hunting, fishing, etc.)	その記事は昨日記事解禁となった。 :: The press ban on the case was removed yesterday. || 鮎漁が解禁になった。 :: The ayu season has opened.
3831	誇る	ほこる	verb	to boast of; to be proud of; to take pride in	あんなに長所が多いのに彼女は誇らなかった。 :: With all her merits she was not proud. || 私には誇るべきものが何もない。 :: I have nothing to boast about.
3832	貧困	ひんこん	noun	poverty; penury; need	彼らは無知と貧困から逃れられなくなった。 :: They got into the grip of ignorance and poverty. || 貧困は依然として犯罪の大きな原因である。 :: Poverty is still the major cause of crime.
3833	賃金	ちんぎん	noun	wages; pay	あなたの働きに応じて賃金が支払われる。 :: You will be paid according as you work. || 会社は従業員を低賃金で不当に利用した。 :: The company exploited its workers through low wages.
3834	賢い	かしこい	i-adjective	wise; clever; smart	彼はとても賢いのでみんなに好かれている。 :: He's very smart, so everybody likes him. || 彼らはこのものを理解できるほど賢くない。 :: They aren't smart enough to understand this stuff.
3835	軌道	きどう	noun	orbit; trajectory	人工衛星が軌道に向けて打ち上げられた。 :: The artificial satellite was launched into orbit. || 地球は太陽の周囲を一定の軌道を描いて回る。 :: The earth travels in an orbit around the sun.
3836	農家	のうか	noun	farmer; farming family	「もちろん、捨ててくれ」と農家が答えました。 :: Get rid of it, of course! answered the farmer. || 近所に住む農家が、その事故を見にやって来た。 :: The farmer that lived nearby came to investigate.
3837	追放	ついほう	noun	exile; banishment; eviction	私達は国民から麻薬を追放しなければならない。 :: We must rid the nation of drugs. || あなたは彼を追放するだろう。 :: You will banish him.
3838	還元	かんげん	noun	restoration; return	ゲイツ会長、広告収入をユーザーに還元する意向表明。 :: Bill Gates announces intent to return advertising revenue to the users.
3839	都会	とかい	noun	city	私の家は大都会の便利な設備の近くにある。 :: My house is close to the amenities of a big city. || 都会に住むより田舎に住む方が健康に良い。 :: It is better for the health to live in the country than in the city.
3840	長時間	ちょうじかん	noun	long time; several hours; long spell	彼らはその計画について長時間話し合った。 :: They talked over the plan for hours. || 彼は長時間働き続けていたようだった。 :: He seemed to have been working for a long time.
3841	あちこち	あちこち	pronoun	here and there; various places; all around	あれらはあちこちへと移動していきます。 :: They move from place to place. || 小鳥が公園のあちこちでさえずっている。 :: Birds are singing here and there in the park.
3842	のんびり	のんびり	adverb	at leisure; in a relaxed manner; in a carefree manner	私は働くよりものんびりするほうが好きだ。 :: I prefer relaxing to working. || うん、私はただのんびり過ごすつもりよ。 :: Oh, I'm just going to take it easy.
3843	まもなく	まもなく	adverb	soon; shortly; before long	まもなく、彼は英語の話し方を学びました。 :: Soon, he learned how to speak English. || まもなく彼は病気が治って動き出すだろう。 :: It won't be long before he is up and about.
3844	カウンター	かうんたー	noun	counter; counting device	ホテルの案内カウンターは、どこですか。 :: Where's the information center for hotels? || このカウンターで支払ってください。 :: Please pay at this counter.
3845	グラフ	ぐらふ	noun	graph; chart; diagram	炭素排出量の変動が、以下のグラフに描かれている。 :: The differing volumes of carbon emissions are plotted in the graph below. || コンピューターを使えば数字やグラフを扱うときに多くの時間と労力が省ける。 :: Computers will save you much time and energy when you deal with figures and graphs.
3846	ドロップ	どろっぷ	noun	drop (candy)	せき止めのドロップはありますか。 :: Do you have cough drops?
3847	ラッシュ	らっしゅ	noun	rush (of people or activity)	あいにく朝の通勤ラッシュにぶつかった。 :: Unfortunately, I hit the morning rush hour. || 彼女はラッシュを避けるために早く出発した。 :: She started early in order to avoid the rush hour.
3848	レッスン	れっすん	noun	lesson	このレッスンを受けなければなりませんか。 :: Must I take this lesson? || どれくらいピアノのレッスンがありますか。 :: How often do you have your piano lessons?
3849	一見	いっけん	noun	look; glimpse; glance	その一見真実らしいことは実は嘘だった。 :: The apparent truth was really a lie. || 一見したところ、その問題は易しそうにみえた。 :: At first glance, the question seemed easy.
3850	中国人	ちゅうごくじん	noun	Chinese person	アメリカではよく中国人と間違えられた。 :: In the U.S. I was often taken to be Chinese. || 彼らは日本人ですか、それとも中国人ですか。 :: Are they Japanese or Chinese?
3851	倫理	りんり	noun	ethics; morals	この論文は倫理学の面からその問題を論じている。 :: The paper discusses the problem in terms of ethics. || 美の認識は倫理の検査となり得る。 :: The perception of beauty is a moral test.
3852	健全	けんぜん	na-adjective	healthy; sound; wholesome	私たちの学校は健全な環境に囲まれている。 :: Our school is surrounded by a healthy environment. || 健全な経済には国際貿易が必要である。 :: International trade is vital for healthy economies.
3853	収容	しゅうよう	noun	accommodation; taking in; receiving	このホールは最大で１０００人収容できる。 :: This hall holds a maximum of 1,000 people. || このホテルは千人を収容する設備がある。 :: This hotel has accommodations for 1,000 guests.
3854	合わせる	あわせる	verb	to match (rhythm, speed, etc.)	その花にカメラの焦点を合わせてください。 :: Focus your camera on the flower. || 彼女がピアノに合わせて歌うのが聞こえた。 :: She was heard to sing to the piano.
3855	唇	くちびる	noun	lip; lips	唇に手をあてて黙っていろと合図する。 :: I put my finger on my lips for silence. || 唇をかんで、笑いをこらえなければならなかった。 :: I had to bite my lip to prevent myself from laughing.
3856	大衆	たいしゅう	noun	general public; the masses	あのフォーク歌手は大衆に大変人気がある。 :: That folk singer is very popular with people in general. || 大衆は何年間も彼の優れた才能を無視した。 :: The public neglected his genius for many years.
3857	学部	がくぶ	noun	faculty (of a university); school; college	教授会は学部長の提案を採用した。 :: The faculty meeting adopted the dean's proposal. || 私たちの大学は８つの学部から成っている。 :: Our university consists of eight departments.
3858	宿泊	しゅくはく	noun	accommodation; lodging	ここに宿泊している人と話をしたいのですが。 :: I'd like to talk to one of your guests. || そのホテルの宿泊料金は三食付きの値段です。 :: The rates cover all the meals at the hotel.
3859	岸	きし	noun	bank; coast; shore	さあ、ボートから降りて岸まで泳ぎなさい。 :: Now, get off the boat and swim to shore. || 岸から遠く離れたところに何せきか船が見える。 :: I can see some boats far away from the shore.
3860	必ずしも	かならずしも	adverb	(not) always; (not) necessarily; (not) entirely	ほえる犬が必ずしもかみつくわけではない。 :: Barking dogs don't always bite. || いつ帰れるか必ずしもよくはわからない。 :: I don't know exactly when I will be back.
3861	悲惨	ひさん	na-adjective	disastrous; tragic; miserable	台風で多くの悲惨な事態が生じた。 :: Much misery came about because of the typhoon. || 彼は何年も悲惨な生活を送らなければならなかった。 :: He had to lead a miserable life for many years.
3862	手軽	てがる	na-adjective	easy; simple; informal	年来の経済病には手軽にきく万能薬などありません。 :: There is no easy cure-all for old economic ills.
3863	提携	ていけい	noun	cooperation; tie-up; joint business	二つの政党は提携してその法案をつぶした。 :: The two parties allied to defeat the bill. || わたしたちは業務提携しています。 :: We are in the tie-up.
3864	敷地	しきち	noun	site; plot; lot	学校の敷地はこの垣根まで続いている。 :: The school grounds extend as far as this fence. || スーパーの敷地を取るために古い家は取り壊された。 :: The old houses were torn down to make room for a supermarket.
3865	景色	けしき	noun	scenery; scene; landscape	その景色の美しさは言葉では言い表せない。 :: Words cannot express the beauty of the scene. || その美しい景色はあらゆる旅人を魅了する。 :: The beautiful scenery fascinates every traveler.
3866	有名人	ゆうめいじん	noun	celebrity; famous person; public figure	有名人と知り合うチャンスがあるかしら。 :: Do you think we'll get a chance to rub shoulders with any celebrities? || 彼は確かに有名人だが、嫌いな男だ。 :: He is a famous man, to be sure, but I don't like him.
3867	本店	ほんてん	noun	head office; main office; main store	本店は警察の手入れを受けた。 :: The main office was raided by the police.
3868	株主	かぶぬし	noun	shareholder; stockholder	株主は同社の急速な海外での事業展開を懸念した。 :: Shareholders were concerned about the company's swift expansion overseas. || 株主たちはもうけまくっています。 :: The stockholders are making money hand over fist.
3869	株価	かぶか	noun	stock prices	株価は一ヶ月のうちに半分に下がった。 :: The price of the stock declined by half in a month. || あの会社の株価は下がらないだろう。 :: The price of the stock of that company will not come down.
3870	演説	えんぜつ	noun	speech; address	あいにく私は彼の演説に間に合わなかった。 :: Unfortunately I was not in time for his speech. || その有名な医者はエイズについて演説した。 :: The famous doctor made a speech on AIDS.
3871	火力	かりょく	noun	heating power; thermal power	火力とお鍋と貝の種類によるわ。 :: It depends on the strength of the flame, the pan used and the type of ingredients.
3872	生じる	しょうじる	verb	to produce; to yield; to cause	この問題はお互いの誤解から生じたものだ。 :: This problem arose from a mutual misunderstanding. || これらの問題はあなたの不注意の結果生じた。 :: These problems have arisen as the result of your carelessness.
3873	用品	ようひん	noun	articles; supplies (e.g. office supplies); things (for)	日本ではコンピューター用品が非常に高い。 :: Computer supplies are very expensive in Japan. || その店では、台所用品を扱っている。 :: At this shop, they deal in kitchen utensils.
3874	相棒	あいぼう	noun	partner; pal; accomplice	こいつ、さっきまで俺の相棒だったのに、もう寝返りやがった。 :: This rat, up until just now he was my partner and now he's gone and turned on me.
3875	真相	しんそう	noun	truth; real situation	彼女は事の真相を知っていたようである。 :: She seems to have known the truth of the matter. || 我々は事の真相を知らなければならない。 :: We have to get at the truth of the matter.
3876	短期	たんき	adjective	short-term	短期契約社員達は予告なしに解雇された。 :: The short term contract employees were dismissed without notice. || どんな語学も短期では無理だ。 :: Whatever language you study, it takes time.
3877	花嫁	はなよめ	noun	bride	花嫁の父は、おそくなって結婚式に顔を見せた。 :: The bride's father showed up late for the wedding ceremony. || 花嫁は皆の視線を浴びながら部屋に入ってきた。 :: The bride came into the room, with everyone staring at her.
3878	蓋	ふた	noun	cover; lid; cap	腐らないようにしっかりと蓋を締めなさい。 :: Tighten the lid so that it doesn't go bad. || 絶対トイレの蓋を開けたままにするなよ。 :: Whatever you do don't leave the lid up on the toilet!
3879	表す	あらわす	verb	to represent; to signify; to stand for	その贈り物は私の気持ちをよく表している。 :: The gift is expressive of my feelings. || 彼はわずかにうなずいて賛成の意を表した。 :: He showed his agreement by a sight inclination of his head.
3880	覚える	おぼえる	verb	to memorize; to memorise; to commit to memory	こんな風に覚えていて下さってありがとう。 :: You were thoughtful to remember me in this way. || ボブはロック音楽に興味を覚えなくなった。 :: Bob lost interest in rock music.
3881	観点	かんてん	noun	point of view; viewpoint; standpoint	いろいろな観点からその問題を検討できる。 :: We can consider the problem from several standpoints. || 彼は私を違った観点から見るようになった。 :: He came to see me in a different light.
3882	訪れる	おとずれる	verb	to visit; to call on	あなたはいつニューヨークを訪れましたか。 :: When did you visit New York? || あなたはこの秋中国を訪れるつもりですか。 :: Are you going to pay a visit to China this fall?
3883	踊る	おどる	verb	to dance (orig. a hopping dance)	少女達が腕を組んで踊りながらやってきた。 :: The girls came dancing arm in arm. || みんな２人ずつの組になって踊り出した。 :: Everyone formed couples and began dancing.
3884	追跡	ついせき	noun	chase; pursuit; tracking	ちょっと追跡して警官は彼を捕まえた。 :: After a short pursuit, the police caught him. || オートバイはものすごいスピードで追跡し始めた。 :: The motorcycle started in pursuit at breakneck speed.
3885	開ける	あける	verb	to open (a door, etc.); to unwrap (e.g. parcel, package); to unlock	あなたはその窓を開けることが出来ますか。 :: Can you open the window? || 彼が宝石箱を開けると彼女は目を見張った。 :: She was all eyes as he opened the jewelry box.
3886	願う	ねがう	verb	to desire; to wish; to hope	彼はなんとしても成功したいと願っている。 :: He is eager for success. || 彼は嫌な思い出が消えることを願っている。 :: He wishes to erase bad memories.
3887	髪型	かみがた	noun	hair style; coiffure; hairdo	彼の髪型を見て思わず吹き出してしまった。 :: I could not help laughing at his haircut. || 彼女は髪型で実際の年齢よりも若く見える。 :: Her hair style makes her look younger than her age.
3888	つまらない	つまらない	i-adjective	dull; uninteresting; boring	世間は彼をつまらない人物とみなしている。 :: People regard him as nothing. || つまらないことに時間を無駄に過ごすな。 :: Don't waste time on trifles.
3889	むら	むら	noun	unevenness (of colour, paint, etc.); irregularity; nonuniformity	最近寝てるときにこむらがえりを起こします。 :: Recently I get leg cramps when I sleep. || その湖がむらに水を供給している。 :: The lake supplies water to the village.
3890	ようこそ	ようこそ	interjection	welcome	ようこそパーティーにお越しくださいました。 :: I'm glad you could come to the party. || みなさま。ようこそご搭乗下さいました。 :: Ladies and gentlemen, welcome aboard.
3891	エジプト	えじぷと	noun	Egypt	エジプトでは何を食べて生活していますか。 :: What do they live on in Egypt? || エジプトでは、何語が話されていますか。 :: What language do they speak in Egypt?
3892	カレンダー	かれんだー	noun	calendar	このカレンダーはどこにかけましょうか。 :: Where shall I hang this calendar? || 私はカレンダーの誕生日に赤いマークをつけた。 :: I put a red mark on the calendar for my birthday.
3893	キャッチ	きゃっち	noun	catch; catching; obtaining (e.g. information)	彼は左手でボールをキャッチした。 :: He caught the ball with his left hand. || 私はいまだに高く上げたバトンをうまくキャッチできない。 :: I am still clumsy catching batons thrown high up.
3894	サラリーマン	さらりーまん	noun	office worker; company employee; company man	サラリーマン達は多くの困難に直面している。 :: White-collar workers face many difficulties. || 私は会社勤めです。普通のサラリーマンです。 :: I'm a company man - an ordinary salaried office worker.
3895	シカゴ	しかご	noun	Chicago	マイクはシカゴに住んでいる友達がいます。 :: Mike has a friend who lives in Chicago. || この電車は今夜九時にシカゴに着きます。 :: This train gets to Chicago at 9 o'clock tonight.
3896	テロリスト	てろりすと	noun	terrorist	王はテロリストに襲われた。 :: The King was assaulted by terrorists. || その惨事はあのテロリストのせいだ。 :: That terrorist was to blame for the disaster.
3897	フォード	ふぉーど	noun	ford	フォード氏がこの土地を所有している。 :: Mr Ford owns this land. || フォード氏はいわゆる自力の成功者だ。 :: Mr Ford is what is called a self-made man.
3898	ポンド	ぽんど	noun	pound (unit of weight)	毎年約２００万ポンドの小麦が輸出された。 :: About two million pounds of wheat were exported annually. || ここでは、魚はポンド単位で売られています。 :: Fish is sold by the pound here.
3899	ユーロ	ゆーろ	noun	euro (currency)	３０ユーロになります。 :: This will cost €30.
3900	三つ	みっつ	number	three	私はお茶を二つとコーヒーを三つ注文した。 :: I ordered two teas and three coffees. || 私はそれぞれの少年に三つずつ質問した。 :: I asked each boy three questions.
3901	上陸	じょうりく	noun	landing; going ashore; disembarkation	彼らは無事に、昨日ある島に上陸した。 :: They landed on an island safely yesterday. || 毎年、日本には台風が上陸します。 :: Typhoons strike Japan every year.
3902	代替	だいたい	noun	substitution	切符を申し込まれる際は代替日もご指定ください。 :: When applying for tickets, please give alternative dates. || 代替案を現在検討中です。 :: An option is now under consideration.
3903	便秘	べんぴ	noun	constipation	３日間便秘しています。 :: I have been constipated for three days. || 慢性的な便秘で苦しんでいます。 :: I'm suffering from chronic constipation.
3904	先月	せんげつ	noun	last month	彼らは先月結婚する事になっていたのだが。 :: They were to have been married last month. || サリーは先月からずっと食事制限をしている。 :: Sally has been on a diet since last month.
3905	刑	けい	noun	penalty; sentence; punishment	彼は懲役十年で、女房には三年の刑が下った。 :: He was given ten years and his wife three. || 裁判官は彼に五年の懲役刑を宣告した。 :: The judge sentenced him to a jail term of five years.
3906	半ば	なかば	noun	middle; halfway; midway	出だしがよければ半ば成功したも同じこと。 :: Making a good start is half the battle. || 出だしがよければ半ばやり遂げたようなものだ。 :: Well begun is half done.
3907	味噌	みそ	noun	miso; fermented condiment usu. made from soybeans	この電子辞書は携帯しやすいところが味噌です。 :: The good thing about this electronic dictionary is that it's easy to carry.
3908	回る	まわる	verb	to turn; to rotate; to revolve	あの人がいないと我が社は回っていかない。 :: Without him our company would cease to function. || 地球が太陽の周囲を回るのだと彼は言った。 :: He declared that the earth goes round the sun.
3909	国産	こくさん	adjective	domestically produced; domestic; Japanese-made	我々消費者は国産品をもっと買わなければならない。 :: We consumers must buy more domestic products. || 政府は国産品の愛用を奨励している。 :: The government is promoting the use of home products.
3910	基づく	もとづく	verb	to be based (on); to be founded (on); to be grounded (on)	報告は事実に基づいていなければならない。 :: The report must be based on the facts. || この物語は実際の出来事に基づいている。 :: This story is based on actual events.
3911	堂々	どうどう	adverb	magnificent; grand; impressive	その老人は堂々とした顔つきをしていた。 :: The old man had a noble countenance. || 彼は非難されても堂々としていた。 :: He stood tall even under criticism.
3912	婚約	こんやく	noun	engagement; betrothal	ボブはメアリーと婚約して１年以上になる。 :: Bob has been engaged to Mary for over a year. || 彼女は弁護士の友人との婚約を発表をした。 :: She announced her engagement to her lawyer friend.
3913	寮	りょう	noun	hostel; dormitory	あの二人の少年は寮の同じ部屋を共有している。 :: Those two boys share the same dormitory room. || 彼のはいっている寮は食事が大変よい。 :: The food is very good in the dormitory where he lives.
3914	年末	ねんまつ	noun	end-of-year; year-end	年末は猫の手も借りたいほど忙しくなる。 :: We become very shorthanded at the end of the year. || 年末までこの本を読み続けるだろう。 :: We shall go on reading this book until the end of the year.
3915	幼い	おさない	i-adjective	very young; little	お前は一人で泳ぎに行くにはまだ幼すぎる。 :: You are not old enough to go swimming by yourself. || 彼女は本当のことを知るにはまだ幼すぎる。 :: She is too young to know the truth.
3916	推定	すいてい	noun	presumption; assumption	その習慣を彼は植民地時代から始まると推定している。 :: He dates the custom from the colonial days. || 彼の死は事故だとする君の推定は間違っているようだ。 :: Your assumption that his death was an accident seems to be wrong.
3917	暴行	ぼうこう	noun	assault; outrage; act of violence	その中年の男は暴行のかどで訴えられた。 :: The middle aged man was charged with assault. || 警官による暴行事件はあやうく暴動に火をつけるところでした。 :: The police brutality incidents nearly set off a riot.
3918	比率	ひりつ	noun	ratio; proportion; percentage	親に対する子どもの比率が大きくなればなるほど子どもを育てるのは難しくなる。 :: The higher the ratio of children to parents, the harder it is to bring up the children.
3919	洋服	ようふく	noun	Western-style clothes (cf. traditional Japanese clothes)	どこでその洋服を作ってもらったのですか。 :: Where did you have the suit made? || 彼女は洋服ダンスから青いドレスを選んだ。 :: She selected a blue dress from the wardrobe.
3920	無断	むだん	noun	absence of permission; lack of permission	メアリーは母に無断でケーキを作った。 :: Mary made a cake without her mother's knowledge. || 無断でそこに駐車してはいけません。 :: You must not park your car there without permission.
3921	眠り	ねむり	noun	sleep; sleeping	眠りは最大の泥棒。人生の半分も盗んでしまう。 :: Sleep is the greatest thief, for it steals half one's life. || 詩人は死を眠りにたとえることが多い。 :: Poets often compare death to sleep.
3922	耐久	たいきゅう	noun	endurance; persistence	この機械は、耐久性であの機械に劣ります。 :: This machine is inferior to that one in durability. || 彼は家の耐久性を買う前に調べた。 :: He checked the durability of the house before buying it.
3923	足元	あしもと	noun	at one's feet; underfoot; one's step (as in "watch your step")	階段をおりる時には足元に気をつけなさい。 :: Watch your step when going down the stairs. || 電車に乗るときは足元に気をつけなさい。 :: Watch your step when you get on the train.
3924	鋼	はがね	noun	steel	この鋼は錆びない。 :: This steel is stainless. || 彼は鋼を鍛えて刀を作った。 :: He forged the steel into a sword.
3925	順調	じゅんちょう	na-adjective	favourable; favorable; doing well	彼は順調に行けば２００１年には卒業する。 :: He will graduate from university in 2001 if things go well. || 彼がやってくるまでは、すべてが順調だった。 :: Everything was in order until he came.
3926	飾り	かざり	noun	decoration; ornament; trimmings	その箱に飾りのテープをかけてください。 :: Do up the box with decorative tape. || それは飾りにすぎない。 :: It is merely an ornament.
3927	麻薬	まやく	noun	narcotic; drug; dope	アメリカの犯罪者の多くは麻薬中毒である。 :: Many criminals in America are addicted to drugs. || 彼は麻薬の使用でチームからはずされた。 :: He was dropped from the team for using drugs.
3928	いつの間にか	いつのまにか	adverb	before one knows; before one becomes aware of; unnoticed	いつの間にか小鳥たちは見えなくなった。 :: Before I knew it, I couldn't see the birds. || 私はいつの間にかぐっすり眠っていた。 :: I fell sound asleep before I knew it.
3929	じっくり	じっくり	adverb	(slowly and) carefully; without haste; thoroughly	医師は難しい手術についてじっくり考えた。 :: The doctor contemplated the difficult operation. || 彼は自分の不運についてじっくり考えた。 :: He ruminated over his misfortunes.
3930	どなた	どなた	pronoun	who	これに関連してどなたか発言がありますか。 :: Do any of you have anything to say in connection with this? || どなたかご紹介いただけませんでしょうか。 :: I wonder if you would kindly introduce us to someone.
3931	エラー	えらー	noun	error	彼のエラーがなかったなら我々は勝てたのだが。 :: If it had not been for his error, we would have won.
3932	エンド	えんど	noun	end; ending	エンドユーザーの視野にたった商品開発が必須。 :: Our new product development efforts must be done from the end user's viewpoint. || 私どもは経験と技術を生かし、エンドユーザーに幅広いサービスを提供いたします。 :: We provide broad services to the computer end users, based on our experience and technical expertise.
3933	コマンド	こまんど	noun	command	便利な隠しコマンド教えてあげようか。 :: Want me to show you a really useful hidden command? || 下記のｑｕｉｔコマンドを使うとアプリケーションを終了させることが出来ます。 :: If you use the quit command noted below, you can make the application exit.
3934	コーン	こーん	noun	(ice cream) cone	明日からコーンフレークとか、軽い物にしようか？ :: Shall we go with cornflakes or something light from tomorrow? || イギリス人はライオンと同じくらいユニコーンを愛する。 :: The English love the unicorn as much as they love the lion.
3935	バッジ	ばっじ	noun	badge	男子生徒のめいめいが帽子に学校のバッジをつけています。 :: Each boy student has a school badge on his cap.
3936	ボーイ	ぼーい	noun	boy	ドアボーイが私を劇場に入れてくれなかった。 :: The doorman did not permit me to enter the theater. || 彼はホテルのボーイとして生計を立てている。 :: He earns his living as a hotel boy.
3937	乗車	じょうしゃ	noun	boarding (a train, bus, etc.); getting into (e.g. a taxi)	「乗車券を拝見できますか」「はい、どうぞ」 :: Can I see your ticket? "Yes. Here it is." || ご乗車ありがとうございます。 :: Welcome aboard!
3938	今頃	いまごろ	noun	about this time; about now	明日の今頃は大阪を見物しているでしょう。 :: We will be doing the sights of Osaka about this time tomorrow. || 明日の今頃は雨が降っていることでしょう。 :: It will be raining at this time tomorrow.
3939	仏教	ぶっきょう	noun	Buddhism	彼の考えは仏教と密接に結びついていた。 :: What he thought was bound up with Buddhism. || 仏教の原理に従って行動するのは難しいですか。 :: Is it difficult to act according to Buddhist principles?
3940	令	れい	noun	command; order; dictation	初めての奴隷制度禁止令は１９世紀半ばに行われた。 :: The first prohibition of slavery was in the mid-nineteenth century. || 国際貿易禁止令がその国の経済にとって最後の頼みでしょう。 :: An international trade ban could be the last straw for that country's economy.
3941	信者	しんじゃ	noun	believer; adherent; devotee	キリスト教の信者だったことはない。 :: I was never a believer of Christianity. || 彼は最近改宗したカトリック信者です。 :: He is a recent convert to Catholicism.
3942	免疫	めんえき	noun	immunity; immunization; immunisation	うちの子供はみな、はしかには免疫がある。 :: All our children are immune to measles. || 今ではみんな天然痘には免疫になっている。 :: Everybody is immune to smallpox nowadays.
3943	典型	てんけい	noun	type; pattern; model	彼は典型的なアメリカの少年のようだ。 :: He seems to be a typical American boy. || 彼は典型的な日本の住宅に住んでいた。 :: He lived in a typical Japanese-style house.
3944	原子	げんし	noun	atom	私たちは原子爆弾を二度と使うべきではない。 :: We should never use an atomic bomb again. || 彼らは原子爆弾の作り方を知っている。 :: They know how to make an atomic bomb.
3945	受け入れる	うけいれる	verb	to accept; to receive; to agree	君は彼の忠告を受け入れるべきだったのに。 :: You should have accepted his advice. || 彼女は喜んで彼のプロポーズを受け入れた。 :: She gladly accepted his proposal.
3946	国土	こくど	noun	country; territory; domain	アメリカは国土が広く、人々はよく移動する。 :: America is a large country and its people are mobile. || 国土の８割近くが山です。 :: Nearly 80 percent of the land is mountains.
3947	外側	そとがわ	noun	exterior; outside; outer	その戸は外側から鍵がしめられている。 :: The door was locked from the outside. || そのお城の外側は白く塗られていた。 :: The outside of the castle was painted white.
3948	大地	だいち	noun	earth; ground; the solid earth	私たちは大地が揺れるのを感じた。 :: We felt the earth tremble. || 大地が揺れるのが感じられた。 :: The earth was felt to tremble.
3949	大学院	だいがくいん	noun	graduate school	彼は大学院に進学しないだろう。 :: He won't go on to graduate school. || 大学院に進学するつもりです。 :: I'm planning to go to graduate school.
3950	大賞	たいしょう	noun	big prize; first prize	薫、今のところおまえが一番のリアクション、大賞だよ。 :: Kaoru, yours is the best reaction so far - you win the grand prize.
3951	幼児	ようじ	noun	young child; toddler	その薬は幼児の手の届かない所に置きなさい。 :: Put that medicine out of the baby's reach. || 幼児は母親が育ててくれることを信じている。 :: The infant has faith in his mother taking care of him.
3952	引き上げ	ひきあげ	noun	pulling up; drawing up; salvage	労働者達は経営者に給料の引き上げを要求した。 :: Laborers required raising of a salary of the manager. || 関税引き上げの提案国はお互いに反目しています。 :: Proponents of increased import duties are at odds with each other.
3953	循環	じゅんかん	noun	circulation; rotation; cycle	適度な運動は血液の循環を活発にする。 :: Moderate exercise stimulates the circulation of blood. || きついバンドは血液の循環を妨げる。 :: A tight belt will interfere with circulation of the blood.
3954	手伝い	てつだい	noun	helper; assistant	あなたはお父さんの手伝いをした方がよい。 :: You had better help your father. || 彼らの手伝いをしなければならないだろう。 :: I will have to help them.
3955	救出	きゅうしゅつ	noun	rescue; extricate; reclaim	乗客は沈みかけている船から救出された。 :: The passengers were taken off the sinking ship. || 彼らはおぼれかかった少年を救出した。 :: They rescued the boy from drowning.
3956	消防	しょうぼう	noun	fire fighting	消防士たちは炎を消すことができなかった。 :: The fireman could not extinguish the flames. || 火事は消防士の生命を犠牲にして消された。 :: The fire was put out at the cost of a fireman's life.
3957	滝	たき	noun	waterfall	滝のような汗が顔から流れ始めた。 :: A waterfall of sweat began to pour down my face. || 裸で滝に打たれている男性を見た。 :: I saw a man standing naked under the waterfall.
3958	潜在	せんざい	noun	potentiality; dormancy; latency	私たちの話す言葉は潜在的にあいまいである。 :: Our words are potentially ambiguous. || それらの子供たちは潜在的な顧客だ。 :: Those children are potential customers.
3959	特急	とっきゅう	noun	limited express (train for which a limited-express ticket is required)	この特急列車は仙台行きである。 :: This limited express is bound for Sendai. || 特急のホームは何番ですか。 :: What's the track for the limited express?
3960	直す	なおす	verb	to repair; to mend; to fix	直してある古い汽車に乗ることも出来ます。 :: You can also ride on an old, restored, steam train. || 直すのに、どのくらい時間がかかりますか。 :: How long does it take to alter it?
3961	知恵	ちえ	noun	wisdom; wit; sagacity	トムは、頭が良いというより知恵がある。 :: Tom is more wise than clever. || 私たちは歳をとるにつれて知恵を身につける。 :: We gain wisdom with age.
3962	知能	ちのう	noun	intelligence; intellect; brains	普通の知能があればそれはわかるはずだ。 :: A person with average intelligence would understand that. || 人間はみな動物よりも知能が高い。 :: All human beings are much more intelligent than animals.
3963	砂漠	さばく	noun	desert	その砂漠で私たちはラクダを使わなかった。 :: In the desert we were independent of camels. || 広大な砂漠が我々の前に横たわっていた。 :: A vast desert lay before us.
3964	祈り	いのり	noun	prayer; supplication	彼らは１２月２４日の晩、熱心に祈りを捧げる。 :: They offer an earnest prayer on the evening of December 24. || 彼女の祈りから何も起こらなかった。 :: Nothing has resulted from her prayer.
3965	祖母	そぼ	noun	grandmother	祖母がボストンへ行くお金を出してくれた。 :: My grandmother paid my way to Boston. || 祖母は莫大な財産を私たちに残してくれた。 :: My grandmother left us a great fortune.
3966	考察	こうさつ	noun	consideration; inquiry; enquiry	動機についてはまったく考察されていない。 :: No speculation has taken place concerning the motives. || 私はその問題を慎重に考察した。 :: I gave careful consideration to the problem.
3967	良心	りょうしん	noun	conscience	あなたは自分の良心に従って行動すべきだ。 :: You should act according to your conscience. || 賢明で良心的な人に助言を求めなさい。 :: Take counsel with a man who is wise and of a good conscience.
3968	芽	め	noun	sprout; shoot; bud	種が芽を出すには空気と水が必要である。 :: Seeds must have air and water to grow. || 寒い天候のために植物は芽を出せないかもしれない。 :: The cold weather may keep the plants from budding.
3969	葬儀	そうぎ	noun	funeral; funeral service	君主はその葬儀に出席することになっている。 :: The monarch is supposed to attend the funeral. || 彼の政敵すべてが彼の葬儀に現れた。 :: All his political enemies showed themselves at his funeral.
3970	親切	しんせつ	na-adjective	kind; gentle; considerate	あなたのご親切を私はけっして忘れません。 :: I shall never forget your kindness. || あんな親切な人たちはまずめったにいない。 :: There are few if any such kind men.
3971	賞金	しょうきん	noun	prize money; monetary award; reward	その賞金のおかげで彼はギターが買えた。 :: The prize money allowed him to buy a guitar. || その事件に関する情報には賞金が出されている。 :: A reward has been offered for information pertaining to the incident.
3972	贈り物	おくりもの	noun	present; gift	その子供は贈り物をもらってうれしかった。 :: That child was happy to get the gift. || その贈り物は私の気持ちをよく表している。 :: The gift is expressive of my feelings.
3973	運ぶ	はこぶ	verb	to carry; to transport; to move	このバスは４５人の乗客を運ぶ事ができる。 :: This bus is capable of carrying 45 persons. || そのバスは乗客をホテルから空港まで運ぶ。 :: The bus transports passengers from the hotel to the airport.
3974	金銭	きんせん	noun	money; cash	幸福を金銭の面から判断することは出来ない。 :: You can't judge happiness in terms of money. || 私の父は私の金銭的問題を助けてくれた。 :: My father helped me out of my financial difficulties.
3975	銀河	ぎんが	noun	Milky Way	宇宙にはたくさんの銀河がある。 :: There are many galaxies in the universe. || 天文学者が局部超銀河団の存在を推定しました。 :: Astronomers inferred the existence of a local supercluster.
3976	難	なん	noun	difficulty; trouble; hardship	生活難はますます深刻になったきた。 :: It is getting more and more difficult to make a living. || 会社は経営難に陥っている。 :: The company is in financial difficulties.
3977	食材	しょくざい	noun	foodstuff; ingredient	来る途中、お店に寄って食材を買って来たんです。備えあれば憂いなし、です。 :: On the way we dropped in at the shops and bought foodstuffs. They say well prepared means no worries.
3978	高額	こうがく	noun	large sum (of money); large amount	実に高額の所得には特別税が課せられている。 :: A special tax is imposed on very high incomes. || 彼女は高額の修理費用を予算に計上しなかった。 :: She didn't factor the high cost of repairs into the budget.
3979	やさしい	やさしい	i-adjective	easy; plain; simple	お年寄りにやさしくすることはよいことだ。 :: It is good to be kind to old people. || もっともやさしい問題から始めた方がいい。 :: You had better begin with easier questions.
3980	カート	かーと	noun	(shopping) cart	手荷物用のカートはどこにありますか。 :: Where are the luggage carts? || 男の子が縁石の方へカートをゆっくり押しやっている。 :: A boy is taking his sweet time pushing the cart toward the curb.
3981	ストア	すとあ	noun	store; shop	どうぞわたしにＸＹＺストアへ行く道を教えて下さい。 :: Please tell me the way to the XYZ store.
3982	ハム	はむ	noun	ham (cured pig meat)	ハムを１きれ薄く切ってくれませんか。 :: Would you slice me a piece of ham, please? || 結局、ハムを食べたのはステラだけですからね。 :: After all, Stella was the only person who had the ham.
3983	ムーン	むーん	noun	moon	私達はその船をハーフムーンと名付けた。 :: We named the boat the Half Moon.
3984	ロマン	ろまん	noun	romance (e.g. Arthurian romances); heroic tale	詩人キーツはロマン派に属する。 :: The poet Keats belongs to the Romantic school.
3985	一家	いっか	noun	a family; a household; a home	あの金持ち一家と親戚だと彼は言っている。 :: He says he's related to that rich family. || 彼の一家は、郊外の新しい家に引っ越した。 :: His family moved into a new house in the suburbs.
3986	主導	しゅどう	noun	leadership; initiative; spearhead	市当局は公害訴訟で主導権をとった。 :: The city took the initiative in the pollution suit. || 彼は党の主導権を握った。 :: He took the leadership of the party.
3987	了承	りょうしょう	noun	acknowledgement; acknowledgment; understanding	明日会合があるということは了承済みだ。 :: It is accepted that we'll have a meeting tomorrow. || この件についてのあなたのお求めを了承します。 :: Your request of this matter has been accepted.
3988	何者	なにもの	noun	who; what kind of person	私は彼が何者なのかはっきりとは知らない。 :: I don't know for certain who he is. || 向こうにいるあの男は、いったい何者なんだ？ :: Who in the world is the fellow over there?
3989	入門	にゅうもん	noun	becoming a pupil (of); becoming a disciple; entering an institution	私はインターネットに関するよい入門書を探しています。 :: I'm on the lookout for a good introductory book about the Internet. || 彼女は園芸の入門書を読んでいる。 :: She is reading a manual on gardening.
3990	公平	こうへい	noun	fairness; impartiality; justice	これらの人々を公平に扱わなくてはならない。 :: We must deal fairly with these people. || その人達はまた他人に公平であるべきだ。 :: They should also be fair to others.
3991	切断	せつだん	noun	cutting; severance; section	強風のため電線が数箇所で切断された。 :: The strong wind cut the electric wires in several places.
3992	前年	ぜんねん	noun	the preceding year; the previous year; last year	前年の総所得金額はいくらでしょうか。 :: What was the gross income in the previous calendar year? || 年金の額は原則として前年の物価変動にスライドして算出される。 :: As a general rule, the pension amount is based on price changes in the previous year.
3993	加盟	かめい	noun	joining (an association, agreement, etc.); participation; affiliation	加盟国中数カ国は、Ｇ７の協定に従うことにあいまいな態度を見せています。 :: Some member countries have been lax in abiding by G-7 agreements.
3994	区域	くいき	noun	area; zone; district	彼女は禁煙区域を広げたいと思っている。 :: She wants to extend the no-smoking area. || 駐車禁止区域に車を止めてはいけません。 :: You must not park your car in a no parking zone.
3995	卿	きょう	noun	state minister (under the ritsuryō system or Meiji Grand Council system)	どうぞ、ご自分のことをお話し下さい、アンソニー卿。 :: Tell me about yourself, please, Sir Anthony. || 私はアンソニー卿のすばらしい話に夢中になっていました。 :: I was lost in Sir Anthony's wonderful story.
3996	右手	みぎて	noun	right hand	そのレストランなら右手にありますよ。 :: You will find the restaurant on your right. || 君が右手に持っているものは何ですか。 :: What is that thing in your right hand?
3997	大使館	たいしかん	noun	embassy	姉はロンドンの合衆国大使館で働いています。 :: My sister works at the United States Embassy in London. || 日本大使館はどこにありますか。 :: Where is the Japanese Embassy?
3998	尺	しゃく	noun	shaku (unit of distance approximately equal to 30.3 cm)	寸を与えれば尺を望む。 :: Give him an inch and he will take a yard.
3999	局長	きょくちょう	noun	bureau director; office chief	局長は、現地の朝日の記者を現場に行かせようとしていた。 :: The director wanted the local Asahi reporter to go to the scene of the crime.
4000	平野	へいや	noun	plain; open field	山の空気のほうが平野の空気より涼しい。 :: The air of hills is cooler than that of plains. || 私たちは山の上から平野を見下ろした。 :: We looked down on the plain from the hilltop.
4001	年上	としうえ	noun	older; senior	彼が私より若いのか年上なのかわからない。 :: I don't know whether he's younger or older than I am. || 私は最も年上と思われる少年に話しかけた。 :: I spoke to the boy who seemed to be the oldest.
4002	手元	てもと	adverb	at hand; on hand; nearby	私はいつも手元に数冊の辞書をおいている。 :: I always keep several dictionaries at hand. || 手元にあまりお金の持ち合わせがありません。 :: I haven't got much money with me.
4003	承知	しょうち	noun	knowledge; awareness	その男はまんまと私をだまして承知させた。 :: The young man tricked me into consenting. || 忍耐は、ご承知のように、成功への鍵です。 :: Perseverance, as you know, is the key to success.
4004	暖かい	あたたかい	i-adjective	warm; mild; (pleasantly) hot	春がきて、日ごとに暖かくなってきている。 :: Spring is here. It is getting warmer every day. || 暖かい日が連続した後、天候は寒くなった。 :: After a succession of warm days, the weather became cold.
4005	暴露	ばくろ	noun	disclosure; exposure; revelation	彼は勇敢にもそのスキャンダルを暴露した。 :: He had the courage to expose the scandal. || そのような内緒事はいつも結局は暴露される。 :: Such secrets are always eventually revealed.
4006	業績	ぎょうせき	noun	achievement; performance; results	彼はいつも自分の業績を自慢してばかりいる。 :: He is always boasting of his achievements. || 企業業績の改善は株式市場の回復が背景にある。 :: Improving corporate performances are behind the stock market recovery.
4007	構想	こうそう	noun	plan; plot; idea	彼女が建設的な構想を持つ。 :: She has constructive ideas.
4008	歩行	ほこう	noun	walking; walk	歩行中にかばんから目を離さないように。 :: Keep an eye on your bag while walking. || この患者さんたちは歩行が困難です。 :: These patients have trouble walking.
4009	水準	すいじゅん	noun	level; standard	君の仕事は期待している水準に達していない。 :: Your work comes short of the expected standard. || 昨年の石炭生産高は水準に達しなかった。 :: Last year's output of coal fell short of the standard.
4010	泥棒	どろぼう	noun	thief; burglar; robber	その泥棒はまるで警官のような変装をした。 :: The thief disguised himself as a policeman. || その泥棒は夜更かしすることに慣れている。 :: The burglar is used to staying up late.
4011	注	ちゅう	noun	annotation; explanatory note; comment	このテキストにはたくさんの注がついている。 :: This textbook has a lot of notes. || そのページの下の注を読みなさい。 :: Read the note at the bottom of the page.
4012	活発	かっぱつ	na-adjective	lively; active; vigorous	ケイトがお兄さんより活発であることがわかった。 :: I found Kate more active than her brother. || 私たちはとても活発な討論をした。 :: We had a very vigorous debate.
4013	減る	へる	verb	to decrease (in size or number); to diminish; to abate	奇妙にも、学生の数が毎年減ってきている。 :: Strangely, the number of students is decreasing each year. || ある種の動物はどんどん数が減ってきている。 :: Certain animals are fast disappearing.
4014	火星	かせい	noun	Mars (planet)	人類が火星に行ける日がやがて来るだろう。 :: The day will soon come when man can travel to Mars. || いつか火星へ旅行に行けるようになるでしょう。 :: Someday we will be able to go on a voyage to Mars.
4015	爆笑	ばくしょう	noun	roar of laughter (from multiple people); burst of laughter; uproarious laughter	クラス全体が先生のジョークに爆笑しました。 :: The whole class burst into laughter at the teacher's joke. || 彼の冗談はクラス全員を爆笑させた。 :: His joke made all the class burst into laughter.
4016	独身	どくしん	adjective	unmarried; single	メアリーは日本で一生独身で通した。 :: Mary remained single all her life in Japan. || 君が言ったことは独身女性にしかあてはまらない。 :: What you have said applies only to single women.
4017	瓶	びん	noun	bottle; jar; decanter	瓶の中にいくつかクッキーが入っている。 :: There are some cookies in the jar. || 瓶の中には、まずほとんどワインは残っていない。 :: There is very little wine in the bottle, if any.
4018	生き方	いきかた	noun	way of life; how to live	実を言うと、私は彼の生き方は好きではない。 :: To tell the truth, I don't like his way of living. || 人の死に方は、その人の生き方を見ればわかる。 :: As a man lives, so shall he die.
4019	痴漢	ちかん	noun	molester; groper; masher	痴漢は本当に女の敵。絶対に許さないです。 :: A molester is truly the enemy of women. I'll never let them get away with it. || 地下鉄の痴漢には堪えられない。 :: I can't stand dirty old men in the subway.
4020	社内	しゃない	adjective	within a company; in-house	社内で煙草を吸うのは社の規則に反する。 :: Smoking in the office is against our rules. || 社内はそのニュースのことで持ちきりだった。 :: They talked about nothing but the news in the company.
4021	空き	あき	noun	space; room; gap	字と字の間の空きをもっと広くしなさい。 :: Leave more space between characters. || わかった。機械が空きしだい送る。 :: OK. I'll send it out as soon as a machine is available.
4022	節約	せつやく	noun	saving (e.g. time, money, resources); economising; economizing	コンピューターで時間が多く節約できます。 :: Computers will save you a lot of time. || コンピューターを使えば時間の節約になる。 :: Computers will save you a lot of time.
4023	紅茶	こうちゃ	noun	black tea	そこで飲んだ紅茶はなかなかおいしかった。 :: The tea we had there was excellent. || あなたはふつう朝食に紅茶を飲みますか。 :: Do you usually have tea for breakfast?
4024	締め	しめ	noun	tying up; binding; fastening	彼女は、乗客に、シートベルトの締め方を教えた。 :: She showed the passengers how to fasten their seat belts. || 彼女は座席用のベルトの締め方を彼らに教えました。 :: She showed them how to fasten their seat belts.
4025	育ち	そだち	noun	growth; breeding	彼は金持ちだ。そのうえ、育ちがいい。 :: He is rich, what is more, he is well-bred. || 育ち盛りの子供にはもっと多くの食物が必要だ。 :: A growing child requires more food.
4026	苦痛	くつう	noun	pain; agony; suffering	概して、女は男より苦痛に耐え得るものだ。 :: By and large, women can bear pain better than men. || 移民達は肉体的、精神的苦痛に耐えてきた。 :: The emigrants have endured physical and mental pain.
4027	蛇	へび	noun	snake	空から見ると川は巨大な蛇のように見えた。 :: Seen from the sky, the river looked like a huge snake. || 蛇をみたとき、彼女は悲鳴をあげた。 :: She screamed when she saw a snake.
4028	見学	けんがく	noun	inspection; study by observation; field trip	明日どこかの工場へ見学に行くんですよね。 :: You're visiting a factory tomorrow, aren't you? || 外国からの経営陣は製造工場を見学した。 :: The foreign executives visited the manufacturing plant.
4029	護衛	ごえい	noun	guard; convoy; escort	彼は多数の護衛を連れて旅行した。 :: He traveled with a large escort. || 後になると王の護衛がサテライトと呼ばれた。 :: Later the personal guards of kings were called satellites.
4030	軍団	ぐんだん	noun	army corps; corps	その軍団は戦闘中多くの輝かしい作戦に従事した。 :: The army was involved in a number of brilliant actions during the battle.
4031	酸化	さんか	noun	oxidation; oxidization	チョコレートにはＬＤＬの酸化を防止する力がある。 :: Chocolate acts to prevent LDL oxidisation.
4032	頻度	ひんど	noun	frequency (of occurrence)	彼女の論文に提出された統計データは、その頻度を見積もるのに大いに役立つ。 :: The statistical data presented in her paper is of great use for us in estimating the frequency of the movement.
4033	飲料	いんりょう	noun	beverage; drink	私たちは飲料水の供給をその川に頼っている。 :: We depend upon the river for the supply of water to drink. || 緊急時の飲料水の確保は、大丈夫ですか？ :: Are you OK for drinking water in an emergency?
4034	ただいま	ただいま	interjection	I'm home!; I'm back!; it's me!	ただいまその問題について会議中です。 :: They are now sitting in conference on that question. || ただいま名古屋に出張中です。 :: He's gone to Nagoya on business.
4035	インパクト	いんぱくと	noun	impact (on); (strong) impression; effect	エメット理論が生物学に与えたインパクトに関しては扱わない。 :: It is not my purpose to investigate the impact of Emmet's theory on biology. || あのコマーシャルってインパクト強いね。特に、音楽が耳に残るよ。 :: That commercial makes a strong impression - especially the music. It stays in your head.
4036	エンディング	えんでぃんぐ	noun	ending	僕はエンディングが気に入らなかったな。 :: Oh, I didn't like the ending. || 映画「ファイトクラブ」のエンディングには驚かされた。 :: The movie "Fight Club" has a surprise ending.
4037	オート	おーと	noun	auto; automobile; car	アメリカは小麦・オート麦・ライ麦や他の穀物を食べる。 :: Americans eat lots of wheat, rye and other grains.
4038	カウント	かうんと	noun	count; counting	ボクサーはあごを打たれて、カウントアウトになった。 :: The boxer was hit on the chin and went down for the count. || バッターのカウントはツーストライクツーボール。 :: The batter has two balls and two strikes on him.
4039	カツ	かつ	noun	cutlet (usu. crumbed and fried); katsu	花子はカツカツと音を立てながら廊下を歩いてきた。 :: Hanako walked through the hallway making a clicking sound. || ウチだって閑古鳥が鳴くようなカツカツの状態だから、バイトを雇う余裕なんてない。 :: We're in a slump, barely scraping by, so we certainly don't have the margin to take on a part-time worker.
4040	クラフト	くらふと	noun	craft; crafting; handcrafted article	おまえはスタークラフトやるのがうまいね。 :: You play Starcraft really well.
4041	ナチス	なちす	noun	Nazi; Nationalsozialist; Nazi Party	アンネはナチスに捕まるのを恐れながら暮らした。 :: Anne lived in terror of being captured by Nazis.
4042	ネズミ	ねずみ	noun	mouse; rat	まるで、沈む船から逃げるネズミみたいね。 :: It's just like rats leaving a sinking ship. || ネズミが一匹部屋の中を走りまわっている。 :: A mouse is running about in the room.
4043	ポルノ	ぽるの	noun	pornography; porn; porno	ポルノ映画はたいてい町のみすぼらしい所にある古びた映画館で上映される。 :: Skinflicks usually play in old theaters in a sleazy part of town.
4044	マイナー	まいなー	na-adjective	minor; small; unimportant	まだまだマイナーだが、遠からず近隣に出荷されるだろう。 :: It's still minor league but in the not so distant future they'll be coming to a place near you.
4045	マガジン	まがじん	noun	magazine (periodical)	あなたはタイムマガジンを持っていますか？ :: Do you have Time magazine? || タイムマガジンを持ってきてください。 :: Could you bring me a Time magazine?
4046	マニュアル	まにゅある	noun	(instruction) manual	パソコンのマニュアルを書ける人を探しています。 :: I am seeking a person who can write a personal computer manual. || マニュアルシフトで運転できますか。 :: Can you operate a manual transmission?
4047	ミュージカル	みゅーじかる	noun	musical	アメリカのミュージカルを見ました。 :: I saw an American musical. || ミュージカルは見なかったんですか。 :: Didn't you see the musical?
4048	モーニング	もーにんぐ	noun	morning	あの喫茶店のモーニングサービス結構いけるよ。 :: That cafe has a pretty good breakfast special. || ７時にモーニングコールをお願いできますか。 :: Could you give me a wake-up call at seven?
4049	レンジ	れんじ	noun	range; stove; cooker	電子レンジはあっという間に食べ物を温める。 :: A microwave oven gets food hot in an instant. || もう電子レンジは買い換えてもいい頃です。 :: It is about time we bought a new microwave oven.
4050	上場	じょうじょう	noun	listing (on the stock exchange, etc.); taking (a company) public	同社は１９９０年に株を公開し取引所に上場した。 :: The company went public and became listed on the stock exchange in 1990. || 「来年こそは一部上場だ」と、社長は意気軒高だ。 :: You could see the elation in the president's face when he announced that our shares are going to be listed on the First Section of the TSE next year.
4051	下がる	さがる	verb	to come down; to go down; to fall	高く登れば登るほどますます気温は下がる。 :: The higher we climb, the colder it becomes. || その薬を飲んですぐに彼の熱が下がった。 :: As soon as he took the medicine, his fever went down.
4052	仕上げ	しあげ	noun	finish; finishing; finishing touches	今、最後の仕上げをするところです。 :: I'm adding the finishing touches now. || 私はテレビを消し、本気でレポートの仕上げに取りかかった。 :: I turned off the TV and settled down to put the finishing touches to the report.
4053	体内	たいない	noun	interior of the body	その速度を越えると、体内温度は急速に上昇し始める。 :: After that, internal temperature begins to climb rapidly. || 患者の体内で再び脈打ち始める。 :: In the patient's body the pulse began beating again.
4054	保安	ほあん	noun	peace preservation; security	ホテルの保安係りにつないでください。 :: Please get me hotel security. || 保安官は、その町の秩序を確立した。 :: The sheriff established order in the town.
4055	個体	こたい	noun	individual; specimen	個体発生は系統発生を繰り返す。 :: Ontogeny recapitulates phylogeny.
4056	個室	こしつ	noun	single (room); room for one; one's own room	個室ですか、２人部屋ですか。 :: Single or double room? || 個室を予約したいのですが？ :: I'd like to reserve a private compartment.
4057	先進	せんしん	adjective	advanced; developed	先進国は発展途上国をもっと援助すべきだ。 :: The countries should aid the countries much more. || 多くの先進国が財政危機に直面している。 :: Many developed countries are faced with financial crises.
4058	冷え	ひえ	noun	chilliness; coldness	氷点下まで冷えさえしなければいいですよ。 :: As long as it doesn't freeze!
4059	勧誘	かんゆう	noun	invitation; solicitation; canvassing	彼は私たちに投票を勧誘した。 :: He solicited our votes. || 部活の勧誘にももう慣れた。 :: I'm already used to invitations to participate in club activities.
4060	参入	さんにゅう	noun	entering (the marketplace); introducing (something) to the market; access	あと数社の企業が同国の利益の高いペットフード市場に参入をねらっている。 :: Several more companies are moving to enter the lucrative pet food market of the country.
4061	受け取り	うけとり	noun	receiving; receipt	６時に写真を受け取りに行きます。 :: I'll pick up the photographs at six o'clock. || 彼は賄賂の受け取りを拒否した。 :: He refused to take the bribe.
4062	古典	こてん	noun	classic (work, esp. book); the classics	休日は歴史書か古典を読んで過ごしたいものだ。 :: I'd like to spend my holidays reading history books or classics. || 古典の文学書を読むことは価値のあることです。 :: It is worthwhile reading classical works of literature.
4063	叩く	たたく	verb	to strike; to hit; to beat	彼は何度もドアを叩いたが答えはなかった。 :: He knocked at the door again and again, but there was no answer. || 私の肩を軽く叩いて彼は私の助力に感謝した。 :: Patting me on the shoulder, he thanked me for helping him.
4064	回す	まわす	verb	to turn; to rotate; to spin	これをほかの子供たちにも回してください。 :: Please pass this to the other boys. || わたしのところへブドウ酒を回して下さい。 :: Pass me the wine, please.
4065	基盤	きばん	noun	base; basis; foundation	日記が彼女が後に書いた本の基盤となった。 :: Her diaries formed the basis of the book she later wrote. || ２１世紀は経済力を基盤とするようになるだろう。 :: The 21st century is going to be based on economic power.
4066	墜落	ついらく	noun	fall; crash (of an aircraft)	その墜落事故で４００人もの乗客が死亡した。 :: As many as 400 passengers were killed in the crash. || 彼は飛行機墜落事故にあったが死ななかった。 :: He survived the plane crash.
4067	夕	ゆう	noun	evening	彼は夕食前に勉強をすることにしている。 :: He makes a point of studying before supper. || 彼女は夕食前にいつもピアノを練習する。 :: She always practices the piano before dinner.
4068	富	とみ	noun	riches; wealth; fortune	富はただそれだけでは大したものではない。 :: Wealth, as such, does not matter much. || 幸福でなければ富にはほとんど価値はない。 :: Riches amount to little without happiness.
4069	居住	きょじゅう	noun	residence; living (at, in); abode	「居住外国人」とは、どういう意味ですか。 :: What does "resident alien" mean?
4070	常	つね	noun	usual state of things	彼は日曜日には遊びに来るのが常であった。 :: He used to come to see me on Sunday. || 彼女は亡くなった夫のことを話すのが常です。 :: She usually talks about her late husband.
4071	年寄り	としより	noun	old person; elderly person; senior citizen	お年寄りには親切にしなければなりません。 :: You must be kind to old people. || お年寄りにやさしくすることはよいことだ。 :: It is good to be kind to old people.
4072	広がり	ひろがり	noun	spread; span; expanse	彼は広がりを見せる汚職スキャンダルで摘発された最初の国会議員です。 :: He is the first national politician to be named in a widening corruption scandal.
4073	役立つ	やくだつ	verb	to be useful; to be helpful; to serve the purpose	地図は自分の位置を確かめるのに役立った。 :: The map helped me to orient myself. || この機械は我々の研究に大いに役立つだろう。 :: This machine will be quite useful for our studies.
4074	後方	こうほう	noun	rear; back; behind	はるか後方の水平線の上に太陽がのぼった。 :: The sun rose above the horizon in the distance. || キング牧師は首を撃たれ、後方に倒れた。 :: Rev. King fell backwards, shot in the neck.
4075	心から	こころから	adverb	from the bottom of one's heart; heartily; sincerely	ウッドさんは心からリンダを愛していました。 :: Mr Wood loved Linda dearly. || 私は彼らの幸福を心から願っています。 :: I sincerely hope for their happiness.
4076	慰安	いあん	noun	solace; relaxation	会社の慰安旅行で箱根に行きます。 :: My company is sending us all to Hakone this year.
4077	戻す	もどす	verb	to put back; to return; to give back	その本は見つけた場所に戻しておきなさい。 :: Put the book back in the same place where you found it. || また、リストに名前を戻して欲しいのですが。 :: I'd like you to put me back on the list.
4078	支給	しきゅう	noun	provision; supply; payment	市は地震の被災者に食料と毛布を支給した。 :: The city supplied the earthquake victims with food and blankets. || この学校は、生徒に教科書を支給します。 :: This school supplies students with textbooks.
4079	斜め	ななめ	adjective	slanting; tilted; sloping	彼は帽子を斜めにかぶっていた。 :: He wore his hat askew. || 彼女はご機嫌斜めだ。 :: She is in a mood.
4080	本能	ほんのう	noun	instinct	彼女は本能のままに振る舞っているんですよ。 :: She's acting on instinct. || その経済学者は現在の不況を本能的に予期していた。 :: The economist instinctively anticipated the current depression.
4081	欲望	よくぼう	noun	desire; appetite; lust	彼女は金に対して異常なほど欲望を持っていた。 :: She had an unnatural desire for money. || 人間の欲望は、持てば持つほどますます増大する。 :: The more we have, the greater our desire will be.
4082	歴代	れきだい	noun	successive generations; successive emperors	今日の土地問題は歴代の政府の無策によるものである。 :: Today's land problems are the product of years of neglect by successive governments.
4083	沢	さわ	noun	mountain stream; valley; dale	夏は汗をいっぱいかくので沢山水を飲まなくてはなりません。 :: In summer, when we sweat more often, it is essential to drink lots of water.
4084	注射	ちゅうしゃ	noun	injection; jab; shot	旅行に行く前に注射をしなければならない。 :: I need some shots before I go on my trip. || 注射のことを考えると怖くて震えてしまう。 :: I tremble with fear at the thought of an injection.
4085	渡す	わたす	verb	to ferry across (e.g. a river); to carry across; to traverse	万一彼が来たら、この書類を渡して欲しい。 :: If by any chance he comes, I'd like you to give him this paper. || きみはこの本を彼に渡してくれるだけでいい。 :: All you have to do is to hand this book to him.
4086	渡る	わたる	verb	to cross over; to go across	あの鳥たちは夏に巣を作り、冬に南へ渡る。 :: Those birds build their nests in the summer and fly to the south in the winter. || その探偵はずいぶん危ない橋を渡ってきた。 :: The detective has a lot of adventures.
4087	特有	とくゆう	adjective	characteristic (of); peculiar (to)	その変わった習慣はその地方特有のものだ。 :: The odd custom is peculiar to the region. || 反抗的な態度は１０代に特有なものである。 :: The defiant manner is characteristic of teenagers.
4088	祝日	しゅくじつ	noun	national holiday; public holiday	私たちは国民の祝日に旗を立てる。 :: We put up the flags on national holidays. || その日は国会の法令によって祝日になった。 :: That day was made a holiday by an act of the diet.
4089	経つ	たつ	verb	to pass (of time); to elapse	この前会ってからずいぶん経ちましたね。 :: It is a long time since I saw you last. || そう言えば、あれから３０年以上も経つのね。 :: Now that you mention it, it's been more than 30 years since then.
4090	統治	とうち	noun	rule; reign; government	その島はかつてフランスに統治されていた。 :: That island was governed by France at one time. || その国はフランスの貴族によって統治されていた。 :: The country was governed by a French noble family.
4091	職務	しょくむ	noun	professional duties	応募者にふさわしい職務遂行能力があるか？ :: Does the applicant have suitable abilities to carry out the job? || 怠け者のその男は、しばしば職務を怠る。 :: The lazy man frequently neglects his duties.
4092	肝心	かんじん	na-adjective	essential; important; crucial	肝心なのは何を読むかではなくて、どう読むかだ。 :: It is not what you read but how you read it that counts. || なんであれ物事の本体を捕らえる事が肝心だ。 :: No matter what the problem is, it's essential to get at the heart of the matter.
4093	膜	まく	noun	membrane; film	子宮内膜炎は、細菌が子宮内に入り、内膜に炎症を起す病気である。 :: Endometritis is a disease where bacteria enter the uterus and cause inflammation of the inner membrane.
4094	芝居	しばい	noun	play; drama	この芝居は２つの短い場面で構成されている。 :: This drama consists of just two short scenes. || その芝居は部分的な成功しかおさめなかった。 :: The play was only a partial success.
4095	行使	こうし	noun	use; exercise (of one's right, authority, power, etc.)	君は暴力行使を正当化することができますか。 :: Can you justify the use of violence? || すべての人は投票権を行使すべきだ。 :: Everyone should exercise their right to vote.
4096	観戦	かんせん	noun	watching a (sports) game; spectating; observing (military operations)	私たちは野球観戦から大きな喜びを得ている。 :: We derive a great deal of pleasure from watching baseball games. || 私はバスケットボール観戦が大好きです。 :: I love watching basketball.
4097	警報	けいほう	noun	warning; alarm; alert	大地震が起これば警報器がなるでしょう。 :: If there is a big earthquake, the alarm will sound. || その警報で皆部屋から飛び出した。 :: The alarm sent everyone rushing out of the room.
4098	辞任	じにん	noun	resignation (from a position)	彼女はその会社を辞任するよう求められた。 :: She was required to step down in the office. || 首相の辞任のニュースは私たちを驚かせた。 :: The news of the prime minister's resignation took us by surprise.
4099	途端	とたん	noun	just (now, at the moment, etc.); just as; in the act of	その知らせを聞いた途端に、彼は青ざめた。 :: On hearing the news, he turned pale. || その物音を聞いた途端に、私の弟は泣き始めた。 :: On hearing the noise, my brother started to cry.
4100	通学	つうがく	noun	commuting to school; school commute	郊外から通う学生はバスで通学している。 :: Students from the suburbs come to school by bus. || あなたはどうやって通学するのですか。 :: How do you go to school?
4101	連動	れんどう	noun	operating together; working together; being linked (to)	エンジンを前輪に連動させてください。 :: Gear the engine to the front wheels. || 肩関節は、単独で動くほか、腕の動きにも連動して動きます。 :: The shoulder joints, as well as moving on their own, also move in conjunction with arm movements.
4102	長男	ちょうなん	noun	eldest son (may be the only son); first-born son	長男の名前はおじさんの名前から取りました。 :: My first son was named after my uncle. || 去年の夏にようやく私の長男は泳げるようになった。 :: It was not until last summer that my oldest son learned to swim.
4103	陰	かげ	noun	shade; shadow	彼らはあの大きな木の陰に腰を下ろした。 :: They sat in the shade of that big tree. || 彼女は息を殺してドアの陰に隠れていた。 :: She hid behind the door and held her breath.
4104	陸	りく	noun	land; shore	君はいわば陸に上がった魚のようなものだ。 :: You are, so to speak, a fish out of water. || 陸と水で地球の表面は出来ている。 :: Land and water make up the earth's surface.
4105	飢え	うえ	noun	hunger; starvation	その国では実に多くの人が飢えで死んでいる。 :: So many people are starving to death in the country. || 毎年何百万という人が飢えで死んでいる。 :: Millions of people starve to death every year.
4106	餅	もち	noun	mochi; small rice cake made from glutinous rice	彼は餅をすっかり食べたわけではない。 :: He didn't eat all of the rice cakes. || 絵に書いた餅は食べられない。 :: Never confuse art with life.
4107	エントリー	えんとりー	noun	entry (in an event, competition, etc.); applying for entry; registering to participate	エントリーはすべて、追加後にチェックします。 :: All entries are subject to review once added. || トムはエントリーシートを書いている。 :: Tom is filling out a job application form.
4108	グロ	ぐろ	na-adjective	grotesque	レグロさんはアルファベットを逆から言えます。 :: Mr. Legros can say the alphabet backwards.
4109	シンガポール	しんがぽーる	noun	Singapore	ビンはシンガポールに住んでいました。 :: Bin lived in Singapore. || この写真ではシンガポールはとても素敵なようだ。 :: Singapore looks very nice in this picture.
4110	スクリーン	すくりーん	noun	screen	それらの単語は彼のコンピューター・スクリーンに現れたのだった。 :: The words would appear on his computer screen.
4111	テキサス	てきさす	noun	Texas	彼はテキサスかどこかその辺の出身だった。 :: He was from Texas or thereabout. || テキサスは日本のほぼ２倍の広さがある。 :: Texas is nearly twice as large as Japan.
4112	トレード	とれーど	noun	trade; trading	ジョンソンがトレードされるという噂がある。 :: There's a rumor Johnson is going to be traded. || 彼は競争相手の会社にいわばトレードされたのです。 :: He was traded, so to speak, to the rival firm.
4113	ヒント	ひんと	noun	hint; clue	私はあなたの動作からヒントを得ることにします。 :: I'll take my cue from you. || 彼は私にヒントをくれた。 :: He gave me a hint.
4114	ピーク	ぴーく	noun	peak	朝のラッシュは今がピークだ。 :: The morning rush is at its peak now.
4115	フランス語	ふらんすご	noun	French (language)	キャシーはフランス語とドイツ語が話せる。 :: Cathy can speak French and German. || ジャックはフランス語も話すことができる。 :: Jack can speak French.
4116	プリント	ぷりんと	noun	print; printing; (printed) copy	先生は生徒たちにプリントを配布した。 :: The teacher distributed the handouts to the students. || 生徒会で使うらしくて、プリント綴じるのを少し手伝っていました。 :: I helped a little by binding printouts that the student council could use.
4117	ベンチ	べんち	noun	bench	だれかがベンチにかばんを置き忘れてます。 :: Someone has left a bag on the bench. || 目を閉じたままで彼はベンチに座っていた。 :: He was sitting on a bench with his eyes closed.
4118	ロケ	ろけ	noun	location (e.g. of film shoot); remote (shoot at a remote location)	撮影隊は、まずロケ地を求めてその国中を旅した。 :: To start with, the film crew travelled around the country looking for locations.
4119	一貫	いっかん	noun	consistency; coherence; integration	夢に欠けている主な事は首尾一貫性である。 :: The main thing that dreams lack is consistency. || それぞれの文化には首尾一貫した世界観がある。 :: Cultures have a coherent view of the world.
4120	一連	いちれん	noun	series; chain; sequence	一連の犯罪は同一犯によるものだと考えられた。 :: The chain of crimes are thought to have been committed by the same man. || 一連の出来事が戦争の勃発を引き起こした。 :: A chain of events led to the outbreak of the war.
4121	中小	ちゅうしょう	adjective	small and medium	大中小ありますがどれにしますか。 :: We have large, medium, and small. What size do you want? || 中小企業は生き残るために、じっと耐えていかなければなりません。 :: Small businesses will have to tighten their belts to survive.
4122	中日	ちゅうにち	noun	China and Japan; Chinese-Japanese; Sino-Japanese	中日間は本当にお互いを知り合うところまでは到達していない。 :: The point of true mutual understanding has not yet been reached between Japan and China. || 彼は大統領在職中日本を訪れた。 :: He visited Japan while he was President.
4123	似合う	にあう	verb	to suit; to match; to become	あなたはあの赤いセーターが似合いますよ。 :: You look nice in that red sweater. || あなたはこのスーツが一番よく似合うわよ。 :: You look your best in this suit.
4124	先頭	せんとう	noun	head (of a line, group, etc.); front; lead	学生たちが公害反対運動の先頭に立った。 :: Students took the lead in the campaign against pollution. || さあ出発しよう。君先頭を行きなさい。 :: Let's start now, and you go first.
4125	共産	きょうさん	noun	communism	君が共産主義者にならないように希望する。 :: I hope you'll never turn Communist. || 共産主義の下では、生産手段は国有化される。 :: In communism, the means of production are owned by the state.
4126	内緒	ないしょ	noun	secrecy; confidentiality; privacy	もっとよくわかるまで彼には内緒にしておこう。 :: Let's keep him in the dark until we know more. || みんなで何内緒話してるのよ。私も仲間に入れて。 :: Hey, what's the big secret? Come on; let me in on it.
4127	凍結	とうけつ	noun	freezing (e.g. water)	多くの事故が、道路の凍結状態から生じた。 :: Many accidents resulted from the icy road conditions. || 道路の凍結状態の結果多くの事故が発生した。 :: Many accidents resulted from the icy conditions of the road.
4128	処置	しょち	noun	measure; step; dealing with	どういう処置を取るかはあなたに任せます。 :: I leave it in your hands what course of action to take. || 彼をどう処置しようかと迷っているのです。 :: I am in doubt what to do with him.
4129	また	また	adverb	again; once more; once again	とても良かったです。また行きたいですね。 :: It was very exciting! I'd like to go again. || 夢にも彼女にまた会えるとは思わなかった。 :: Little did I think that I would ever see her again.
4130	双方	そうほう	noun	both parties; both sides	その争いの後、双方に多数の死者が出た。 :: After the conflict there were many dead on both sides. || 双方の言い分を聞かないと真相は分からない。 :: You cannot learn the truth unless you hear what both parties have to say.
4131	右側	みぎがわ	noun	right side; right-hand side	イギリスと日本の車はハンドルが右側にある。 :: British and Japanese cars have steering wheels on the right side. || その建物は右側にあります。見逃しっこありません。 :: The building is on your right. You can't miss it.
4132	喪失	そうしつ	noun	loss; forfeit	水不足は森林の喪失によって起こる。 :: Water shortage is caused by the loss of forests. || 最近は何をやっても旨く行かないから、自信喪失だよ。 :: Nothing I do lately seems to turn out right. I'm losing confidence in myself.
4133	大胆	だいたん	na-adjective	bold; daring; audacious	彼にはそれをするだけの大胆さがなかった。 :: He had no confidence to do it. || 私達は大胆で新しい考え方をする人が必要だ。 :: We need somebody with bold new ideas.
4134	寸前	すんぜん	noun	just before; on the verge of; on the brink of	彼女に良い考えが寸前のところで浮かんだ。 :: A good idea came across her mind at the last moment. || かわいそうにその子供は餓死寸前だった。 :: The poor child was on the verge of starvation.
4135	工夫	くふう	noun	devising (a way); contriving; inventing	これは私が工夫した計画です。 :: This is a plan of my own devising. || うまい写真をとるにはちょっとした工夫とコツがあるんです。 :: To take good pictures there are some knacks to learn and a little trick.
4136	強烈	きょうれつ	na-adjective	strong; intense; severe	彼は相手からあごに強烈なパンチを受けた。 :: He received a tremendous punch on the jaw from his opponent. || その薬の効果は強烈だが短い。 :: The effects of the drug are intense but brief.
4137	忍者	にんじゃ	noun	ninja; person trained in ninjutsu and employed for covert purposes in feudal Japan	忍者ごっこをしよう。 :: Let's make believe we're ninjas.
4138	悪質	あくしつ	na-adjective	malicious; vicious; malignant	悪質なドライバーは免許証を取り上げるべきだ。 :: Bad drivers should have their licenses taken away from them. || 悪質な迷惑電話、ワンギリにご注意！！ :: Beware of 'One Ring' malicious nuisance calls!!
4139	戦術	せんじゅつ	noun	tactics	彼らは戦術を急に変更して軍を後退させた。 :: They moved the troops back in a sudden change of tactics. || 当分の間は柔軟な戦術を取るべきだ。 :: We should adopt flexible tactics for the moment.
4140	拉致	らち	noun	taking captive; carrying away; kidnapping	彼は四人の警官によって深夜拉致された。 :: He was spirited away by four police officers in the middle of the night. || 今日のトピックは「北朝鮮による日本人拉致問題」です。 :: Today's topic is "the problem of Japanese people abducted by North Korea".
4141	支店	してん	noun	branch office; branch store	この近くに日本の銀行の支店はありますか。 :: Is there a nearby branch of a Japanese bank? || 私は彼を支店に転勤させることを決定した。 :: I decided that he should be transferred to the branch.
4142	書き込み	かきこみ	noun	writing	サイトの空気を悪くする書き込みを控えてください。 :: Please refrain from making posts that disrupt this site's atmosphere.
4143	来店	らいてん	noun	coming to a store (restaurant, bar, shop, etc.)	ありがとうございました。またのご来店、お待ちしております！ :: Thank you for your business. Please come again! || 来週またご来店下さい。 :: Check back next week.
4144	格闘	かくとう	noun	(hand-to-hand) fight; grapple; scuffle	彼は襲撃者を格闘して地面に倒した。 :: He wrestled his attacker to the ground. || ジョージは、最近３時間の格闘の末に釣った、重さ３０ポンドのバスの話をしていた。 :: George was describing a 30 pound bass he'd caught recently after fighting it for three hours.
4145	標的	ひょうてき	noun	target	彼女の成功は彼女を嫉妬の標的にした。 :: Her success made her the target of jealousy. || 米国の核廃棄物、テロ攻撃の標的になりうる。 :: America's radioactive waste may be targeted in terrorist attacks.
4146	歯科	しか	noun	dentistry	その歯科医には予約をしないと見てもらえない。 :: The dentist will see you only by appointment. || たまたま彼女の夫は歯科医だった。 :: It happened that her husband was a dentist.
4147	水曜日	すいようび	noun	Wednesday	彼女はこの前の水曜日からずっと休んでいる。 :: She has been absent since last Wednesday. || 今度の水曜日何か予定がありますか。 :: Do you have anything next Wednesday?
4148	決まる	きまる	verb	to be decided; to be settled; to be fixed	人の生活様式の大半はお金によって決まる。 :: One's lifestyle is largely determined by money. || 今度の赤ちゃんのお名前、決まりましたか。 :: Have you decided on a name for your new baby?
4149	減らす	へらす	verb	to abate; to decrease; to diminish	そのボクサーは試合のために体重を減らした。 :: The boxer lost his weight for the match. || 君はたばこを吸い過ぎだ。減らすべきだ。 :: You smoke far too much. You should cut back.
4150	潜水	せんすい	noun	diving; submerging; going underwater	潜水夫は危険なく真珠を集めることができる。 :: The divers can gather pearls with no danger. || この潜水時計は少し値段が高すぎます。 :: This diver's watch is a little too expensive.
4151	濃厚	のうこう	na-adjective	rich (flavor, color, etc.); strong (e.g. odor); heavy	インサイダー取引に当たる疑いが濃厚になってきた。 :: Suspicion that this amounts to insider trading has strengthened. || 味も濃厚で、炒め物、スープなど中華料理に深みを与えます。 :: It also has a strong flavour, and adds depth to Chinese food such as soups and stir-fries.
4152	火曜日	かようび	noun	Tuesday	彼女は次の火曜日に母を訪ねるつもりです。 :: She will visit her mother next Tuesday. || そのパーティーは次の火曜日まで延期された。 :: The party has been put off until next Tuesday.
4153	片方	かたほう	noun	one side; one party; the other side	彼は靴下の片方を裏返しにはいていた。 :: He had one of his socks on inside out. || 片方の靴が戸口の階段に残されていた。 :: An odd shoe was left on the doorstep.
4154	狂気	きょうき	noun	madness; insanity	それをやってみるなんて狂気に近い。 :: It is little short of lunacy to try it. || そんなことを言うのは狂気のさただ。 :: It's the height of madness to say so.
4155	王様	おうさま	noun	king	一人の少女が群衆の中から王様に近づいた。 :: A girl approached the king from among the crowd. || その王様はかつてあの宮殿に住んでいた。 :: The king once lived in that palace.
4156	矛盾	むじゅん	noun	contradiction; inconsistency	彼の議論はわれわれの方針と矛盾している。 :: His argument is inconsistent with our policy. || 彼の昨日の発言は先週の発言と矛盾していた。 :: What he said yesterday was not in accord with what he said last week.
4157	穂	ほ	noun	ear (of a cereal plant); head; spike	話の接ぎ穂がなくて困った。 :: He found it very hard to keep the conversation going. || 穂木を台木に差し込む際、形成層を重ね合わせるようにします。 :: When inserting the budwood into the root stock, make the cambium layers overlap.
4158	窓口	まどぐち	noun	counter; window; teller window	銀行の窓口の人は映画館で見た人だと分かった。 :: I recognized the bank teller as the man I had seen in the movie theater. || 小包は隣の窓口で取り扱っている。 :: Parcels are handled at the next window.
4159	給与	きゅうよ	noun	pay; salary; wages	私は給与の５分の１を税金で取られてしまう。 :: One-fifth of my wages go to taxes. || 賃金や給料は定期的に受け取る給与のことです。 :: Wages and salary are pay received at regular times.
4160	迷い	まよい	noun	hesitation; bewilderment; perplexity	人には、迷いと苦しみのもとである煩悩がある。 :: People have worldly passions which lead them into delusions and sufferings.
4161	鑑定	かんてい	noun	judgement; judgment; expert opinion	彼は宝石の鑑定には目がきく。 :: He has a sharp eye for jewels. || 鑑定書を送ってください。 :: Send me the account.
4162	お昼	おひる	noun	lunch	あなたはお昼に軽い食事で済ませて下さい。 :: Can you do with a light meal for lunch? || お昼からちょっとドライブに行きましょう。 :: Let's take a short drive this afternoon.
4163	アンテナ	あんてな	noun	antenna	その男はアンテナを取り付けようとした。 :: The man tried to install his own antenna. || テレビアンテナが昨夜のあらしでとれた。 :: The TV antenna broke away in last night's storm.
4164	ウエスト	うえすと	noun	waist; waistline; waist measurement	ウエスト夫人は朝食の用意で忙しい。 :: Mrs. West is busy getting breakfast ready. || ウエストのサイズはいくつですか。 :: What is your waist size?
4165	グラフィック	ぐらふぃっく	noun	graphics; graphic	これらのグラフィック・デザインの背景に配置されているレイヤーの機能に注目しよう。 :: Note the function of the background layers of these graphic designs. || このオンボードというのは平たく言えば「グラフィックカードがついていない」ものだ。 :: Frankly speaking, this 'on board' means "doesn't have a graphics card".
4166	サンド	さんど	noun	sandwich	母が昼食に私達にチーズサンドを作ってくれた。 :: Mother made us cheese sandwiches for lunch. || サンドラは、私の２倍のお金を使いました。 :: Sandra spent twice as much as I did.
4167	ステーキ	すてーき	noun	steak	私たちはステーキを食べてワインを飲んだ。 :: We ate steak and drank wine. || 彼は私たちにステーキを注文してくれた。 :: He ordered us steaks.
4168	ドット	どっと	noun	dot; point	アマゾン・ドット・コムで本を注文しました。 :: I've ordered a book from Amazon.com.
4169	ハンドル	はんどる	noun	handle	彼らが眠っている間私がハンドルを握った。 :: I took the wheel while he slept. || 疲れた様子だね。私がハンドルを握ろうか。 :: You look tired. Shall I take the wheel?
4170	ポンプ	ぽんぷ	noun	pump	ポンプはちゃんと動かなかった。 :: The pump didn't work properly. || 心臓とポンプは似かよっている。 :: The human heart is analogous to a pump.
4171	ラム	らむ	noun	lamb	ラム酒を好まないとしても、これを一杯やってみたまえ。 :: Even if you don't like rum, try a glass of this. || キューバリブレはラム酒をベースにしたカクテルです。 :: A Cuba Libre is a cocktail with a rum base.
4172	ランプ	らんぷ	noun	lamp; light	ランプが消えてあたりは暗闇となった。 :: The lamp went out, and all was black. || 暗かったので彼女はランプをつけた。 :: She switched on the lamp because it was dark.
4173	不利	ふり	noun	disadvantage; handicap; unfavorable position	学校の成績が悪いと仕事を探す時に不利だ。 :: A poor school record will count against you when you look for a job. || 現場には彼に不利な証拠品は何もなかった。 :: There was no evidence against him found at the scene.
4174	不在	ふざい	noun	absence	支配人が不在の時は彼女が業務を管理する。 :: She handles the business when the manager is away. || トムに会いに行ったが、彼は不在だった。 :: I went to see Tom, but he wasn't there.
4175	会談	かいだん	noun	talks (i.e. formal discussions); conference; meeting	出来るだけ早急に会談の手配をして欲しい。 :: We want the meeting arranged as soon as possible. || 首脳会談は世界中で同時に放送される予定だ。 :: The summit talks are to be broadcast simultaneously throughout the world.
4176	余地	よち	noun	space; room; unused land	その計画は現在では全く変更の余地がない。 :: The program does not allow for changes at this point in time. || その証拠に疑問の余地はほとんどなかった。 :: The evidence left little room for doubt.
4177	侵害	しんがい	noun	infringement; violation; invasion	あなたは他人の私事を侵害してはならない。 :: You must not invade the privacy of others. || 記者達は個人の生活を侵害することにためらいを感じない。 :: Reporters do not hesitate to intrude into people's privacy.
4178	区分	くぶん	noun	division; section; demarcation	我が家の大きな土地を子供たちのために公平に区分する。 :: We will divide the large area of family land equally between our children. || 土地は８つに区分された。 :: The land was divided into 8 lots.
4179	取り扱い	とりあつかい	noun	treatment; service; handling	先生は彼女に正当な取り扱いをしなかった。 :: The teacher didn't do her justice. || そのワイングラスの取り扱いには気を付けてね。 :: You must be careful with the wine glass.
4180	叫び	さけび	noun	shout; cry; outcry	彼は苦痛の叫びをこらえた。 :: He held back a cry of agony. || 私達は彼女の叫びに驚いた。 :: We were alarmed at her cry.
4181	図る	はかる	verb	to plan; to attempt; to devise	その著名な詩人は自分の書斎で自殺を図ろうとした。 :: The prominent poet attempted to commit suicide in his study. || 彼らと協力して世界平和を図る。 :: I am working with them towards world peace.
4182	声明	せいめい	noun	declaration; statement; proclamation	大統領は明日、声明を発表する予定である。 :: The President is to make a statement tomorrow. || その声明では改革が必要だといっていた。 :: The statement imported that changes were necessary.
4183	好意	こうい	noun	kindness; favor; favour	彼はその計画に大きな好意を示してくれた。 :: He looked on the plan with great favor. || その映画はとても好意的な批判を受けた。 :: The film received favourable criticism.
4184	害	がい	noun	injury; harm; evil influence	この本はためになると言うよりも害になる。 :: This book will do more harm than good. || トランプをすることはそれ自体に害はない。 :: Playing cards is not in itself harmful.
4185	尿	にょう	noun	urine	このカップに尿をとってください。 :: Please leave a urine sample in this cup. || 尿にうみのようなものが出ます。 :: Something like pus comes out when I pass urine.
4186	弟子	でし	noun	pupil; disciple; adherent	彼の弟子達はイエスがこのように言われた事を思い出した。 :: His disciples recalled what he had said. || イエスも、また弟子たちも、その婚礼に招かれた。 :: And Jesus and his disciples had also been invited to the wedding.
4187	後継	こうけい	noun	succession	彼の後継者についての問題はまだ論争中だ。 :: The matter of his successor is still under debate. || 国王の長男は、王座の後継者である。 :: The king's eldest son is the heir to the throne.
4188	復旧	ふっきゅう	noun	restoration; restitution; rehabilitation	現在、通常のサービスの早急な復旧に努めています。 :: We are currently working to restore normal service as soon as possible.
4189	怪獣	かいじゅう	noun	monster	次の瞬間ヘラクレスは怪獣を捕まえた。 :: The next instant Hercules caught hold of the monster. || 信じられないだろうけど、その洞窟から怪獣が現れたんだ。 :: Believe it or not, a monster emerged from the cave.
4190	意義	いぎ	noun	meaning; significance	彼は重大な意義のある決定を下した。 :: He has made a significant decision. || 結婚式は、意義深い儀式である。 :: A wedding is a significant ceremony.
4191	抜群	ばつぐん	adjective	outstanding; excellent; exceptional	あなたはユーモアのセンスが抜群です。 :: You've got a great sense of humor. || 彼女はクラブの中で抜群に一番上手な選手です。 :: She is by far the best player in the club.
4192	支部	しぶ	noun	branch; branch office; subdivision	あの支部は炭鉱労働組合に属している。 :: That branch is affiliated to the miners' union. || 彼らは、カルカッタからニューヨーク市に至るまで、世界中に支部を持っている。 :: They have branches all over the world, from Calcutta to New York City.
4193	救済	きゅうさい	noun	relief; aid; help	彼は自分の全生涯を貧しい人々の救済に捧げた。 :: He dedicated his whole life to helping poor people. || 君はその救済事業の資金を集めなければならない。 :: You have to raise funds for the relief work.
4194	早朝	そうちょう	noun	early morning	私の祖父は早朝、散歩するのが好きです。 :: My grandfather is fond of taking a walk early in the morning. || トムは早朝出発するつもりだったが、寝過ごした。 :: Tom expected to leave early in the morning, but he overslept.
4195	有する	ゆうする	verb	to have; to possess; to own	すべての人は対等の権利を有する。 :: All men have equal rights. || 強大な権力を有する大国が存在する限り、戦争は避け難い。 :: As long as there are sovereign nations possessing great power, war is inevitable.
4196	止まる	とまる	verb	to stop (moving); to come to a stop	シャワーが止まりません。調べてください。 :: I can't turn the shower off. Could you check it for me? || 列車が止まらないうちに降りてはいけない。 :: You must not get off the train before it stops.
4197	津波	つなみ	noun	tsunami; tidal wave	地震が起こり、さらに津波が襲った。 :: There was an earthquake and, in addition, there was a tsunami. || 彼らは津波の危険を知らされていなかった。 :: They weren't warned of the tidal wave.
4198	浜松	はままつ	noun	Hamamatsu (city)	毎年、浜松で凧揚げ大会が開かれる。 :: Each year Hamamatsu has a kite festival.
4199	灰	はい	noun	ash; ashes	大火事のために町全体が灰になってしまった。 :: The big fire reduced the whole town to ashes. || ストーブから灰を取り除いてください。 :: Please remove the ashes from the stove.
4200	熱中	ねっちゅう	noun	being enthusiastic about; being wild about; being absorbed in	彼はその数学の問題を解くのに熱中している。 :: He is involved in working out the mathematical problem. || 彼は探偵小説を読むことに熱中している。 :: He is absorbed in reading a detective story.
4201	知人	ちじん	noun	friend; acquaintance	仕事上の知人はこの電話番号を知っている。 :: My business acquaintances know this number. || 私は人ごみの真ん中に古い知人を見かけた。 :: I caught sight of an old acquaintance in the middle of the crowd.
4202	種族	しゅぞく	noun	race; tribe; ethnic group	世界には実に多くの種族がいます。 :: There are quite a lot of tribes in the world. || ヨーロッパ人たちはその種族を文明化しようと努めた。 :: Europeans tried to civilize the tribe.
4203	第三者	だいさんしゃ	noun	third party; third person; outsider	第三者が解読を試みても、この暗号を解読することはできない。 :: A potential third party would not be able to crack the code.
4204	筈	はず	noun	nock (of a bow)	あなたはそのような馬鹿なことはしない筈だ。 :: You ought to know better than to do such a thing. || 私は来週ニューヨークに行く筈になっている。 :: I'm supposed to go to New York next week.
4205	系統	けいとう	noun	system	彼は系統立った調査を行うことにした。 :: He decided to perform systematic research. || 電気系統に欠点があります。 :: There is a fault in the electrical system.
4206	絵画	かいが	noun	painting; picture	どうやってこの絵画を手に入れたのですか。 :: How did you obtain this painting? || この絵画はピカソの作品だと考えられている。 :: This painting is attributed to Picasso.
4207	継承	けいしょう	noun	inheritance; succession; accession	彼には自分を継承してくれる子供が一人もいない。 :: He has no children to succeed to him. || 息子は二人とも王位継承権があると主張した。 :: Both sons pretended to the throne.
4208	縮小	しゅくしょう	noun	reduction; curtailment; cut	工場は生産を縮小せざるをえなかった。 :: The factory had to cut back its production. || 国内市場の縮小はインフレに依るものです。 :: The shrinking of the domestic market has been blamed on inflation.
4209	背後	はいご	noun	back; rear	われわれはカーテンの背後に秘密のドアを見つけた。 :: We found out a secret door behind the curtain. || 彼の背後には資産家が控えている。 :: He has a wealthy supporter behind him.
4210	落ち着く	おちつく	verb	to calm down; to compose oneself; to regain presence of mind	あなたが落ち着いたら電話をしてください。 :: Please phone me when you have settled down. || もう身を固めて落ち着いてもいいころだよ。 :: It's high time you got married and settled down.
4211	融資	ゆうし	noun	financing; loan	銀行はその会社に融資をした。 :: The bank accommodated the company with a loan. || 銀行融資を受けたいのだけど手続きはどうしたらいいの？ :: I'd like to get a bank loan; how do I go about that?
4212	解明	かいめい	noun	elucidation; explication; explaining	政府は委員会を設けてその事故の解明にあたらせた。 :: The government appointed a committee to investigate the accident. || 彼は秘密を解明した。 :: He found out the secret.
4213	言動	げんどう	noun	speech and conduct; words and actions; words and deeds	彼は行動も言動も田舎もんそのものだよ。 :: The way he talks and acts, you can tell he's a redneck. || 彼の言動は常に矛盾していた。 :: His actions always contradicted his word.
4214	誘拐	ゆうかい	noun	abduction; kidnapping; kidnaping	その子は帰宅の途中で誘拐されたのかもしれない。 :: That child may have been kidnapped on his way home. || 彼は私が誘拐犯人と接触出来るようにしてくれた。 :: He put me in touch with the kidnappers.
4215	身近	みぢか	na-adjective	near oneself; close to one; familiar	身近にいないと忘れ去られる。 :: Out of sight, out of mind. || そもそも事故の大半は熱帯雨林ではなく、身近な場所でおこるのである。 :: Most accidents, after all, happen around the corner, not in the rainforest.
4216	辻	つじ	noun	crossroads; crossing; intersection	辻さんがドラマのなかで歌っていたフォークの歌は、何ていうのですか？ :: What's the name of the folk song that Mr. Tsugi sang in that TV drama?
4217	通路	つうろ	noun	passage; pathway; roadway	我々はその建物への秘密の通路を発見した。 :: We found a secret passage into the building. || 機内での彼の席は通路側だった。 :: His seat in the plane was on the aisle.
4218	連結	れんけつ	noun	connection; linking; joining	その男は二本の電線を連結した。 :: The man connected two wires.
4219	適応	てきおう	noun	adaptation; accommodation; conformity	君は様々な状況に適応しなければならない。 :: You must adapt to a variety of conditions. || 人間は環境の変化に適応する能力が高い。 :: Man has a great capacity to adapt to environmental changes.
4220	野党	やとう	noun	opposition party; the opposition	政府の政策は野党から非難された。 :: The policy of the government was criticized by the opposition party. || 政府はすべての野党を抑圧しようとした。 :: The government tried to suppress all opposition parties.
4221	開業	かいぎょう	noun	opening a business; opening a practice	彼は１０年以上も弁護士として開業してきた。 :: He has been in practice as a lawyer for more than ten years. || 彼の職業は医者で町で開業した。 :: He was a doctor by profession and he had a practice in the town.
4222	うっかり	うっかり	adverb	carelessly; thoughtlessly; inadvertently	うっかりして本を持ってくるのを忘れた。 :: I forgot to bring the book. It just slipped my mind. || うっかり戸口を開けっ放しにしておいた。 :: I carelessly allowed the door to stand open.
4223	お返し	おかえし	noun	return gift; return favour	本を読んでしまったら火曜日にお返しします。 :: I will return your book on Tuesday if I have finished it. || 必要なら、借金を今お返ししましょう。 :: If it's necessary to do so, I'll pay back my loan now.
4224	とうとう	とうとう	adverb	finally; at last; in the end	彼はとうとうそれを理解するようになった。 :: He came to understand it at last. || とうとう、彼女は別の子猫を選びました。 :: Finally, she chose another kitten.
4225	なす	なす	noun	eggplant (Solanum melongena); aubergine	そのボートは波のなすがままになっていた。 :: The boat was at the mercy of the waves. || 農民たちはいつも天候のなすがままになる。 :: Farmers are always at the mercy of the weather.
4226	オーダー	おーだー	noun	order (for goods or services)	あなたのオーダーは提出されました。 :: Your order has been submitted. || あなたのオーダーをチェックしろ。 :: Check your order.
4227	オーディション	おーでぃしょん	noun	audition	彼女は先週オーディションを受けた。 :: She went in for the audition last week.
4228	サロン	さろん	noun	salon; saloon; reception room	あなたのサロン風のスカートが好きです。 :: I like your sarong style skirt. || 落ち着いた雰囲気のサロンでゆったりとした時間をお楽しみください。 :: Please enjoy a calm time in a relaxed atmosphere beauty salon.
4229	パズル	ぱずる	noun	puzzle	このパズルは明日までに仕上がるでしょう。 :: This puzzle will be completed by tomorrow. || そのパズルを解くのに時間はかからなかった。 :: The solution of the puzzle required no time.
4230	ビジョン	びじょん	noun	vision (of the future); foresight; prospect	あなたは自分の将来のビジョンを持っていますか。 :: Do you have a vision of your future?
4231	ビタミン	びたみん	noun	vitamin	あなたの食事にはビタミンを補うほうがよい。 :: You had better supplement your diet with vitamins. || ビタミンが豊富にある野菜を食べた方がいい。 :: You should eat some vegetables rich in vitamins.
4232	プラスチック	ぷらすちっく	noun	plastic	この椅子はプラスチックからできている。 :: This chair is made of plastic. || 化学が私たちにプラスチックを与えてくれた。 :: Chemistry gave us plastics.
4233	レール	れーる	noun	rail (track)	彼女はレールのように痩せていた。 :: She was as thin as a rail. || レール温度が上昇した影響で、列車は３０分遅れで到着した。 :: The train arrived 30 minutes late due to a rise in the temperature of the rails.
4234	介入	かいにゅう	noun	intervention	彼女のプライバシーに介入するな。 :: Don't intrude on her privacy. || 警察が騒動に介入した。 :: The police intervened in the disturbance.
4235	伸びる	のびる	verb	to stretch; to extend; to lengthen	都市から遠くまで立派な道路が伸びている。 :: Well-made roads extend far from the city. || うちの息子は去年身長が５インチ伸びた。 :: My son grew 5 inches last year.
4236	加える	くわえる	verb	to add; to add up; to sum up	お茶が濃すぎるので水を少し加えて下さい。 :: The tea is too strong. Add some water. || この事に加えて、ほかにもまだ理由がある。 :: In addition to this, there are other reasons.
4237	助ける	たすける	verb	to save; to rescue; to spare	あなたしか僕を助けられる人はいないんだ。 :: You're the only one who can help me. || どうにかしてわたしを助けてくれませんか。 :: Can you possibly help me?
4238	塊	かたまり	noun	lump; mass; bundle	巨大な肉の塊が当たった。 :: I was hit by a huge chunk of meat. || 面疔ができた。小鼻の奥に1個、痛い塊がある。 :: I have a facial boil. There's a painful lump at the back of one nostril.
4239	大いに	おおいに	adverb	very; very much; greatly	そのニュースはわれわれを大いに驚かせた。 :: The news surprised us much. || それらの人々は世界平和に大いに貢献した。 :: Those people contributed greatly to world peace.
4240	天下	てんか	noun	the whole world	日本は天下第一の国である。 :: Japan is the best country under the sun. || 金は天下の回りもの。 :: Money comes and goes.
4241	太平洋	たいへいよう	noun	Pacific Ocean	ハワイはよく「太平洋の真珠」だと言われる。 :: Hawaii is often referred to as "The Pearl of the Pacific." || 私たちは太平洋上空を２、３時間飛んだ。 :: We flew over the Pacific Ocean for a few hours.
4242	学科	がっか	noun	subject (of study); course of study	哲学はあなたが想像するほど難しい学科ではない。 :: Philosophy is not so difficult a subject as you imagine. || 私は学科では美術と音楽が好きです。 :: I like art and music among my school subjects.
4243	家事	かじ	noun	housework; domestic chores	私は家事をするのを数時間後に延ばした。 :: I postponed doing my housework for a few hours. || 誰か家事を手伝ってくれる人が必要です。 :: I need someone to help me with housework.
4244	容器	ようき	noun	container; receptacle; vessel	彼は容器から中に入っている物をすっかり出した。 :: He emptied the container of its contents. || 空の容器は一番音を立てる。 :: Empty vessels make the most sound.
4245	宿題	しゅくだい	noun	homework; assignment	あなたが宿題を忘れた事は、不注意である。 :: It was careless of you to forget your homework. || あなたはすぐに宿題をしなければならない。 :: You must do your homework at once.
4246	座り	すわり	noun	sitting	どうぞ、そのままお座りになっていてください。 :: Please remain seated. || このいすは座り心地が悪い。 :: I feel uncomfortable in this chair.
4247	強盗	ごうとう	noun	robber; mugger	強盗はそのかばんを彼の手から奪い取った。 :: The robber seized the bag from his hand. || 「動くな、全員！」と銀行強盗は叫んだ。 :: The bank robber shouted, "Stay where you are, all of you!"
4248	感心	かんしん	noun	admiration; being impressed	あなたの新車に感心しないではいられない。 :: I cannot help admiring your new car. || 貴社の品質管理のやり方には感心しました。 :: I'm very impressed with your quality control.
4249	技能	ぎのう	noun	technical skill; ability; capacity	今日英語が堪能であることは有利な技能である。 :: Fluency in English is a very marketable skill today. || 学生は読書の技能を磨くべきだ。 :: Students should develop their reading skills.
4250	捕虜	ほりょ	noun	prisoner (of war); POW; captive	遅かれ早かれ捕虜達は釈放されるだろう。 :: Sooner or later, the hostages will be released. || 彼らは捕虜を親切に扱った。 :: They dealt with the prisoners kindly.
4251	支払う	しはらう	verb	to pay	この品の税金分はむこうでお支払い下さい。 :: Please pay the tax on the items over there. || 彼女はその本の代金を支払わねばならない。 :: She has to pay for the book.
4252	早期	そうき	noun	early stage	それでも、早期の退職を選択する人は多い。 :: Nevertheless, many are choosing early retirement. || その事件の早期解決を期待する。 :: We expect an early settlement of the affair.
4253	果たして	はたして	adverb	as was expected; just as one thought; sure enough	だめだろうと思っていたが果たして失敗だった。 :: I was afraid it would not work out well and sure enough it failed. || 国会は本来の機能を十分には果たしてはいない。 :: The Diet is not fully functioning as such.
4254	民衆	みんしゅう	noun	people; populace; masses	民衆はまるで羊のように独裁者の後に従った。 :: The people followed the dictator like so many sheep. || 彼は民衆の支持を得ようと努めていた。 :: He was bidding for popular support.
4255	気候	きこう	noun	climate	一般的に言って、日本の気候は温暖である。 :: Generally speaking, the climate of Japan is mild. || 一般的に言って去年は気候が穏やかだった。 :: Generally speaking, the weather was mild last year.
4256	治る	なおる	verb	to get better; to get well; to recover (from an illness)	しつこいせきが出て、なかなか治りません。 :: I have a persistent cough. || まもなく彼は病気が治って動き出すだろう。 :: It won't be long before he is up and about.
4257	浴衣	ゆかた	noun	yukata; light cotton kimono worn in the summer or used as a bathrobe	ジャーン。それじゃ春田くん、もう見てもいいわよ。みんなの浴衣、お披露目ねぇ～。 :: Ta-dah! Well then, Haruta, it's OK to look now! It's everybody's yukata debut.
4258	犯行	はんこう	noun	crime; criminal act; offence	彼は犯行に及んだと信じられていた。 :: He was believed to have committed the crime. || 彼は犯行現場にいたように思われる。 :: It seems that he has been at the scene of the crime.
4259	発掘	はっくつ	noun	excavation; exhumation; digging up	新しい遺跡で未発掘はいくつだったのですか。 :: How many new sites were uncovered?
4260	目当て	めあて	noun	mark; guide; landmark	よい席をとることを目当てに早めに劇場にいった。 :: We went to the theater early to get good seats. || 彼らは石油を目当てに土地を試掘している。 :: They are boring the ground for oil.
4261	神秘	しんぴ	noun	mystery; mysteriousness; secret	彼らは夜の神秘的な影響の下にあった。 :: They were under the magical influence of the night. || 生命の神秘は人間の理解を越えている。 :: The mystery of life is beyond human understanding.
4262	科目	かもく	noun	(school) subject; curriculum; course	あなたは何の科目を専攻しているのですか。 :: What subject do you major in? || どの科目を選ぶべきかアドバイスください。 :: Please advise me which subject I should choose.
4263	筆	ふで	noun	writing brush; paintbrush; pen	彼は筆で生計を立てている。 :: He earns his bread by writing. || 仕上げの筆を少し加える。 :: I add a few finishing touches.
4264	精度	せいど	noun	precision; accuracy	今日では私たちは天気がどうなるかを高い精度で当てることができる。 :: Today, we can tell how the weather will be with a high degree of accuracy. || 測定には寸分の狂いもない精度が要求される。 :: Flawless precision is required in the measurements.
4265	繊維	せんい	noun	fibre; fiber	食物繊維はダイエットに効果的だ。 :: Dietary fibre is good for losing weight. || もっと繊維質を取りなさい。 :: You need to eat more fiber.
4266	菓子	かし	noun	confectionery; sweets; candy	菓子類は歯に悪いとよく言われる。 :: It is often said that sweets are bad for your teeth. || この菓子を自由にお取り下さい。 :: Please help yourself to these cakes.
4267	裁判官	さいばんかん	noun	judge	裁判官は非常にすばやくその訴訟を片づけた。 :: The judge disposed of the case in short order. || 裁判官には慎重さがなくてはならない。 :: Discretion is proper to judges.
4268	見かける	みかける	verb	to (happen to) see; to notice; to catch sight of	あなたはどこでナンシーを見かけましたか。 :: Where did you see Nancy? || その男は全く見かけたことの無い男だった。 :: The man was a total stranger.
4269	視線	しせん	noun	one's line of sight; one's gaze; one's eyes (looking)	彼は机の上の古い花瓶に視線を向けた。 :: He cast an eye on an old vase on the table. || 彼女はしっかりした視線で私を見て、会議室をでた。 :: She looked at me in a deliberate way and left the meeting room.
4270	辞める	やめる	verb	to resign; to retire; to quit	どうしてこの仕事を辞めることができよう。 :: How can I quit this job? || あなたが仕事を辞める必要はありません。 :: It is not necessary for you to quit the job.
4271	近隣	きんりん	noun	neighbourhood; neighborhood; vicinity	我が国は近隣諸国との貿易を促進せねばならない。 :: We must promote commerce with neighboring countries. || 私達は近隣諸国との友好関係を維持すべきである。 :: We should keep up friendly relations with neighboring countries.
4272	進学	しんがく	noun	advancing to the next stage of education; going on to (high school, college, etc.)	わずか４０％の生徒しか大学に進学しない。 :: Only 40 percent of students go on to university. || 奨学金のおかげで彼女は大学に進学できた。 :: The scholarship enable her to go to college.
4273	遺伝	いでん	noun	heredity; (genetic) inheritance	この動物には何か遺伝的な問題があるようだ。 :: There seems to be some genetic problem with this animal. || 我々は環境と遺伝の両方の影響を受けている。 :: We are influenced both by environment and by heredity.
4274	部活	ぶかつ	noun	club activities; extracurricular activities	部活のかけもち、大変だと思うけどがんばれよ。 :: I'm sure it's tough taking part in the activities of two clubs, but good luck! || 彼女は部活を休んだ。 :: She was absent from the club activities.
4275	閉店	へいてん	noun	closing up shop (for the day)	この店は閉店したほうがいいと思います。 :: I suggest you should do away with this shop. || 彼は店の入り口に閉店の札をかけた。 :: He put a Closed sign on the front door of the store.
4276	響き	ひびき	noun	echo; reverberation	彼のピアノ演奏はすばらしい響きがした。 :: His piano playing sounded fantastic. || 彼の声に多少怒りの響きがあった。 :: There was a suggestion of anger in his voice.
4277	顎	あご	noun	jaw; chin	彼は顎の骨を折って、歯も何本か折れた。 :: He got a broken jaw and lost some teeth. || 笑いすぎて、顎がはずれそうになった。 :: I was laughing so hard I nearly dislocated my jaw.
4278	顔面	がんめん	noun	face (of person)	交通事故のニュースに彼女は顔面蒼白となった。 :: The colour drained from her face at the news of the traffic accident. || 彼は拳で私の顔面を殴った。 :: He struck me in the face with his fist.
4279	飼い主	かいぬし	noun	(pet) owner; keeper	猫は飼い主が持つ感情的な癖と同じような癖を示す。 :: Cats show emotional habits parallel to those of their owners. || 私はその飼い主がずっと捜していた迷子の猫を見つけた。 :: I found a lost cat for which its owner had been searching.
4280	飼育	しいく	noun	breeding; raising; rearing	父は牧場を持っていて牛や馬を飼育している。 :: My father has a ranch and breeds cattle and horses. || あのアパートではペットの飼育が許されていない。 :: No pets are allowed in that apartment house.
4281	麻雀	まーじゃん	noun	mahjong; mah-jongg	麻雀は最も面白いゲームのなかのひとつです。 :: Mahjong is one of the most interesting games. || 麻雀は世界でとても有名な、ゲームのひとつです。 :: Mahjong is a game well-known all around the world.
4282	おかしな	おかしな	adjective	funny; amusing; comical	私たちはテレビでおかしな番組を見ました。 :: We saw a funny program on TV. || けれども、何かがおかしな方向に進みました。 :: But something has gone wrong.
4283	おにぎり	おにぎり	noun	onigiri; rice ball (often triangular, sometimes with a filling and wrapped in nori)	サンドイッチとおにぎりじゃ、どっちが重いかしら。 :: Which are heavier, sandwiches or onigiris?
4284	インドネシア	いんどねしあ	noun	Indonesia	その船は原料をインドネシアから輸送している。 :: The ship transports raw materials from Indonesia.
4285	コンテスト	こんてすと	noun	contest	彼女は美人コンテストに参加するつもりだ。 :: She plans to take part in the beauty contest. || 英語のスピーチコンテストに参加しますか。 :: Are you going to take part in the English speech contest?
4286	ボルト	ぼると	noun	volt	掲示板には「危険！１万ボルト」と書いてある。 :: The notice says, "Danger! 10,000 VOLTS." || そのボルトに嵌合するナットが必要です。 :: We need a nut that will fit that bolt.
4287	マーケティング	まーけてぃんぐ	noun	marketing	新サービスの料金設定はマーケティング部が行う。 :: The marketing department is responsible for pricing new service. || 通信販売がダイレクト・マーケティングの主な形態である。 :: Mail order is the main form of direct marketing.
4288	上り	のぼり	noun	ascent; climbing; ascending (path)	道はそこから上り坂になっている。 :: The road rises from there. || 道は上り坂になってその村に出る。 :: The road ascends to the village.
4289	中断	ちゅうだん	noun	interruption; suspension; break	ゲームを中断しさえしなければいいですよ。 :: As long as it doesn't interrupt the game! || おじいさんは、咳で何度も話を中断した。 :: The old man's narrative was punctuated by coughs.
4290	互換	ごかん	noun	interchange	旧システム用に書かれたソフトとの上位互換性を保つのは大切です。 :: It is important to maintain backward compatibility with software that was written to run on the former system.
4291	偉い	えらい	i-adjective	great; excellent; admirable	大きくなったら、偉い人になりたい。 :: I want to be somebody when I grow up. || 彼は偉い学者で、さらによいことには、良い先生だ。 :: He is a great scholar and what is better, a good teacher.
4292	偽物	にせもの	noun	spurious article; forgery; counterfeit	偽物のダイヤと本物とはどう違うのですか。 :: What is the difference between imitation and real diamonds? || この本物の宝石とその偽物とを比較してみなさい。 :: Compare this genuine jewel with that imitation.
4293	全滅	ぜんめつ	noun	total destruction; complete destruction; annihilation	その町の住民は全滅した。 :: The population of the town was wiped out. || 部隊は全滅した。 :: The troop was altogether destroyed.
4294	副作用	ふくさよう	noun	side effect; adverse reaction	副作用としては、視力障害があります。 :: This has visual impairment as a side effect. || この薬には悪い副作用はありません。 :: This medicine is free from harmful effects.
4295	卓球	たっきゅう	noun	table tennis; ping-pong	いくら年を取ってもまだ卓球をやる元気はある。 :: No matter how old I get, I'll still have the energy to play ping-pong. || ピンポンは卓球とも呼ばれている。 :: Ping-Pong is also called table tennis.
4296	反撃	はんげき	noun	counterattack; counteroffensive; counterblow	そのクモは素早い反撃をする。 :: The spider responds with a swift attack. || すべての将兵が力を合わせて反撃した。 :: All the officers and men joined their efforts against the attack.
4297	収益	しゅうえき	noun	earnings; proceeds; returns	企業収益の悪化はまだ底を打っていない。 :: The deterioration of corporate earnings has yet to bottom out. || 企業収益は第１四半期に大きく改善した。 :: Corporate earnings in the first quarter improved sharply.
4298	同情	どうじょう	noun	sympathy; compassion; pity	人々は天才に同情心を持たないことが多い。 :: People often have no sympathy for geniuses. || 彼の性格には同情心がまったく欠けている。 :: Compassion is entirely absent from his character.
4299	同等	どうとう	na-adjective	equality; equal; same rights	１メートルは１ヤードとは完全に同等ではない。 :: A meter is not quite equivalent to a yard. || 男と女は同等だと切に感じる。 :: I feel strongly that men and women are equal.
4300	名義	めいぎ	noun	name (esp. on a deed, contract, work, etc.); formal name; published name	彼は娘の名義で毎月収入から１万円貯蓄した。 :: Every month, he saved ten thousand yen out of his income for his daughter.
4301	嘘つき	うそつき	noun	liar; fibber	嘘つきだと言われたのに腹を立てていた。 :: He was angry at the suggestion that he was dishonest. || 彼は私が嘘つきだと言ったも同然だ。 :: He as good as called me a liar.
4302	夕食	ゆうしょく	noun	evening meal; dinner	あなたは夕食を作らなければなりませんか。 :: Do you have to make dinner? || おいしい温かい夕食を作ってあげましたよ。 :: I've cooked you a nice hot dinner.
4303	外見	がいけん	noun	outward appearance; looks	ブラウンさんは外見ほど年はとっていない。 :: Mr Brown is not as old as he looks. || 彼は外見は裕福そうだが実際はそうでない。 :: He is wealthy in appearance but not in reality.
4304	夜間	やかん	noun	night; nighttime	多くの商品がトラックによって夜間に運ばれる。 :: Many goods are transported at midnight by truck. || 彼女は地域の大学の夜間授業２クラスに登録した。 :: She's signed up for a couple of night classes at the local college.
4305	大使	たいし	noun	ambassador	ブラウン氏は大使の資格で行動していた。 :: Mr Brown was acting in the capacity of ambassador. || 大使はその任務に対して責任がある。 :: The ambassador is responsible for the assignment.
4306	学年	がくねん	noun	academic year; school year	その先生は第３学年のクラスを担任している。 :: The teacher is in charge of the third-year class. || マイクは高校二年生でアンも同学年だ。 :: Mike is in the second year of high school and Ann is too.
4307	学歴	がくれき	noun	academic background; academic credentials; academic record	給料は、経験と学歴に基づいて決まります。 :: Pay will be based on experience and educational background. || 彼女はいつも自分の学歴を自慢している。 :: She always prides herself on her academic background.
4308	対話	たいわ	noun	dialogue; conversation; talk	先生は生徒に、２人一組になって対話の練習をするように言った。 :: The teacher asked the students to practice the dialogue in pairs. || 外交対話のおかげでその紛争に終止符を打つ事が出来た。 :: Diplomatic dialogue helped put an end to the conflict.
4309	工学	こうがく	noun	engineering	彼は電子工学を研究するために大学へ入った。 :: He entered the college to study electronics. || 戦後日本は科学と工学に大いに進歩した。 :: Since the war, Japan has advanced greatly in science and technology.
4310	干渉	かんしょう	noun	interference; intervention; meddling	私の個人的な問題に干渉しないで下さい。 :: Don't stick your nose into my personal affairs. || 彼は私たちの家族の問題に干渉する権利はない。 :: He has no right to interfere in our family affairs.
4311	幹事	かんじ	noun	executive secretary; coordinator; organizer	その女性幹事は彼の傲慢さにどうしても我慢できなかった。 :: The hostess couldn't possibly tolerate his arrogance. || 私、幹事をやるのが初めてだから要領が悪いかもしれません。 :: This is the first time I've worked as a coordinator, so I may not have the hang of it yet.
4312	店頭	てんとう	noun	shopfront; storefront; shopwindow	東京株式市場では４５０社以上の株が店頭で取り引きされている。 :: In the Tokyo stock market, stocks of about 450 companies are traded over the counter.
4313	当事者	とうじしゃ	noun	person concerned; interested party; related party	当事者同士の話し合いがもっと必要だ。 :: There should be more communication between the persons concerned. || この契約は当事者全部が履行すべきものである。 :: This agreement is binding on all parties.
4314	後期	こうき	noun	latter period; second half; late stage	彼の後期の絵はすべて傑作とみなされた。 :: All his later paintings were considered masterpieces.
4315	まめ	まめ	na-adjective	diligent; hardworking; conscientious	彼女は左手の指にまめができてしまった。 :: A blister rose on one of her left fingers. || 足にまめができたんだ。 :: I've got blisters on my feet.
4316	恐竜	きょうりゅう	noun	dinosaur	私は恐竜の進化にとても興味を持っている。 :: The evolution of dinosaurs interests me greatly. || かつては恐竜が地球を支配していた。 :: Dinosaurs used to rule the earth.
4317	意向	いこう	noun	intention; inclination; mind	彼は両親の意向を無視してその少女と結婚した。 :: He married the girl, contrary to his parents' will. || 彼の演説は党の意向を反映したものではなかった。 :: His speech didn't reflect the sense of the party.
4318	戦力	せんりょく	noun	war potential; military strength; fighting power	さらに、即戦力となる政策関連の科学的成果や手段の提供が必要であると強調した。 :: Moreover, they underscored the need for providing policy relevant ready-to-use scientific results and methodology.
4319	ダース	だーす	noun	dozen	りんごは１ダース単位で売られている。 :: Apples are sold by the dozen. || １ダースいくらで注文したほうが安い。 :: It's cheaper to order by the dozen.
4320	投下	とうか	noun	throwing down; dropping; airdrop	１９４５年広島に原子爆弾が投下された。 :: An atomic bomb was dropped on Hiroshima in 1945. || その戦闘機は爆弾を投下した。 :: The fighter plane released its bombs.
4321	旬	しゅん	noun	season (for fruit, seafood, etc.); best time of the year (for)	今は松茸が旬でお安いですよ。 :: Matsutake mushrooms are in season now so they are cheap. || イチゴは今が旬だよ。 :: Strawberries are in season at the moment.
4322	有機	ゆうき	noun	organic chemistry	彼女は有機化学を専攻している。 :: She majors in organic chemistry.
4323	有無	うむ	noun	existence or nonexistence; presence or absence	排卵の有無を調べる方法はありますか？ :: Is there some way to check for ovulation?
4324	末期	まっき	noun	last years; closing years; last days	その物語の舞台は明治末期の日本である。 :: The setting of the story is Japan in the late Meiji period.
4325	来日	らいにち	noun	coming to Japan; visit to Japan; arrival in Japan	来月フランスの大統領が来日する予定だ。 :: The French president is to visit Japan next month. || 私はボブがいつ来日したのかを知らなかった。 :: I didn't know when Bob had come to Japan.
4326	果たす	はたす	verb	to accomplish; to achieve; to carry out	人はそれぞれ果たすべき自分の義務がある。 :: Each has his own duty to do. || あなたは必ず約束を果たさなければならない。 :: You must fulfill your promise without fail.
4327	正月	しょうがつ	noun	New Year (esp. first three days)	正月は家族と過ごす時間が長いのです。 :: At the New Year, we spend a lot of time with our family. || オフィスが正月休みで１０日間閉まっていました。 :: The office was closed for 10 days for the New Year's holiday.
4328	潮	しお	noun	tide; current	彼は潮の流れに逆らって泳ごうとした。 :: He tried to swim against the tide. || 潮の流れは南の方向に向かっている。 :: The drift of the current is to the south.
4329	爆破	ばくは	noun	destructive blast; blowing up; explosion	作業員が岩を爆破しているのを見た。 :: We saw laborers blasting rocks. || 私達は巨大な岩をダイナマイトで爆破した。 :: We blew up a huge rock with dynamite.
4330	相場	そうば	noun	market price	ドルに対する円相場があがった。 :: The exchange rate for the yen against the dollar has risen. || 為替相場は毎日会計室の前に掲示される。 :: The exchange rates are posted daily outside the cashier's office.
4331	相対	そうたい	noun	relativity	「文化相対主義」とはどういう意味ですか。 :: What do you mean by cultural relativism? || 第１３週：絶対運動と相対運動について学習する。 :: Week 13: Learn about absolute, and relative, motion.
4332	私立	しりつ	noun	private (establishment)	彼女は夫を見張るため私立探偵を雇った。 :: She employed a private detective to keep a watch on her husband. || 彼女はその事件を調べるのに私立探偵を雇った。 :: She hired a private detective to inquire into the case.
4333	結末	けつまつ	noun	end; conclusion	ことによっては意外な結末もあり得る。 :: Depending on how things go, it's possible there'll be a surprise ending. || その映画の結末はどうなっていますか。 :: How does the film end?
4334	脅迫	きょうはく	noun	threat; menace; coercion	市長の家族は一日中脅迫電話に悩まされた。 :: The mayor's family was harassed with threatening phone calls all day. || あなたの返答はほとんど脅迫に等しい。 :: Your answer almost amounts to a threat.
4335	落下	らっか	noun	fall; drop; descent	この穴はいん石の落下でできたものです。 :: This hole was formed by a falling meteorite. || アダムは岩登りをしている時に、落下してあしを折りました。 :: While Adam was rock-climbing, he fell and broke his leg.
4336	装飾	そうしょく	noun	ornament; decoration	その絵は装飾の施された額に入れられた。 :: The drawing was mounted in a fancy frame. || その寝室には、美しい装飾品がいっぱいあった。 :: The bedroom was laden with beautiful ornaments.
4337	話し合い	はなしあい	noun	discussion; talk; tête-à-tête	私たちはお互いに腹を割った話し合いをした。 :: We had a heart-to-heart talk with each other. || それらは話し合いを必要とする問題だ。 :: They are matters which we need to discuss.
4338	諸国	しょこく	noun	various countries; various regions; various provinces	アジア諸国からの輸入品は近年増大している。 :: The imports from Asian countries have expanded recently. || 関係諸国は平和的手段で紛争を解決した。 :: The countries concerned settled the dispute by peaceful means.
4339	貨物	かもつ	noun	cargo; freight	今では多くの貨物が飛行機で輸送されている。 :: Many goods are now transported by air. || 濃霧のため貨物列車は半時間ほど遅れた。 :: The freight train was held up about half an hour because of a dense fog.
4340	賭け	かけ	noun	bet; wager; stake	会社の賭けはうまくいきました。 :: The company's gamble paid off. || 彼は賭けをやってとんとんに終わった。 :: He gambled and broke even.
4341	転送	てんそう	noun	transfer (of a call, patient, etc.); forwarding (a letter, email, etc.); redirection	総会に出席し、データ転送の新技術を知ることができました。 :: Participating in the general meeting raised my awareness of the new technologies in data transportation. || セミナーのご案内と共に、この情報を貴社内の担当の管理職にご転送ください。 :: Please forward this message along with the seminar information to the appropriate managers in your firm.
4342	連盟	れんめい	noun	league; federation; union	日本は国際連盟から１９３３年に脱退した。 :: Japan seceded from the League of Nations in 1933. || 国際連盟は平和に寄与しなかった。 :: The League of Nations did not make for peace.
4343	除去	じょきょ	noun	removal; getting rid of	政府は公害を除去しようと努めている。 :: The government is trying to get rid of pollution. || 我々はあらかじめすべての危険を除去しようとした。 :: We tried to eliminate all danger beforehand.
4344	類似	るいじ	noun	resemblance; similarity; likeness	君の問題と僕の問題との間には類似点はない。 :: I see no analogy between your problem and mine. || このデザインは彼の初期の作品と類似している。 :: This design resembles his earlier work.
4345	骨折	こっせつ	noun	bone fracture	彼はサッカーの競技中に腕を骨折した。 :: He got his arm broken while he was playing soccer. || 彼女の骨折した足はまだ治っていない。 :: Her broken leg has not healed yet.
4346	いい加減	いいかげん	na-adjective	irresponsible; perfunctory; careless	彼はいい加減な返事で言い逃れた。 :: He put me off with a vague answer. || いい加減に現実をみつめろ。 :: Open your eyes to reality.
4347	それに	それに	conjunction	besides; in addition; also	それによく似た話を聞いた覚えがある。 :: I remember hearing a very similar story to that. || それに、みんなに仲間もできるしね。 :: And, we get each other's company to boot.
4348	アナウンサー	あなうんさー	noun	announcer; presenter; broadcaster	私は将来テレビのアナウンサーになりたい。 :: I want to become a TV announcer in the future. || アナウンサーはどんな事をするのですか。 :: What do announcers do?
4349	コラム	こらむ	noun	column (e.g. in newspaper); stand-alone feature article framed by a box	私はいつも彼のコラムを興味をもって読む。 :: I'm always interested in reading his column. || このコラムは面白かった。 :: I found this column interesting.
4350	ゴリラ	ごりら	noun	gorilla (Gorilla spp., esp. western gorilla, Gorilla gorilla)	問題の中にはゴリラに不公平なものがある。 :: Some test questions are unfair to gorillas. || そのゴリラはその時１歳であった。 :: The gorilla was one year old at the time.
4351	スタジアム	すたじあむ	noun	stadium	スタジアムにはたくさんの興奮した人々がいた。 :: There were a lot of excited people in the stadium. || スタジアムについた時には、試合はもう始まっていた。 :: When we arrived at the stadium, the game had already started.
4352	テクニック	てくにっく	noun	technique	先生の秘書のおかげで秘密の登録テクニックがわかった。 :: I found out about a back-door registration technique from his secretary. || 彼女のテクニックはすばらしいが、もっと感情を込めて演奏する必要がある。 :: Her technique is superb, but she needs to play with more expression.
4353	ナンパ	なんぱ	noun	seducer; smooth talker; ladies' man	お前ら何言ってんだ？俺の女をナンパするだって！？ :: Guys, what are you talking about? Are you gonna steal my date!? || 誰かをナンパしよう。 :: Let's pick up a chick.
4354	ノア	のあ	noun	NOR (Boolean operator)	あなたはノアの箱舟を知っていますか。 :: Do you know Noah's ark? || 彼らは、自分たちを救ってくれたノアのことをすっかり忘れてしまった。 :: They forgot all about Noah, who had saved them.
4355	パーセント	ぱーせんと	noun	percent; per cent; percentage	この組織は百パーセント寄付に頼っている。 :: This organization relies entirely on voluntary donations. || 南部の売り上げは４７パーセント増加した。 :: In the southern region, sales were up 47 percent.
4356	フルーツ	ふるーつ	noun	fruit	私たちは夕食後に新鮮なフルーツを食べた。 :: We ate fresh fruit after dinner. || 新しいシャツにフルーツジュースを少しこぼしてしまった。 :: I spilled some fruit juice on my new shirt.
4357	フレーズ	ふれーず	noun	phrase	このフレーズの意味はどうなるでしょうか。 :: I wonder what this phrase means.
4358	プライバシー	ぷらいばしー	noun	privacy	彼は私たちのプライバシーに口をはさんだ。 :: He interfered in our private concerns. || 彼女のプライバシーに立ち入らないように注意しなさい。 :: Take care not to intrude upon her privacy.
4359	ボストン	ぼすとん	noun	Boston	ボストンはここ１０年間で急速に発展した。 :: Boston has grown rapidly in the last ten years. || ボストンまでの２等の切符を２枚ください。 :: Two second-class tickets to Boston, please.
4360	ロープ	ろーぷ	noun	rope	ロープをナイフで切って彼は自由になった。 :: He cut himself free with his knife. || どれくらいの間このロープは持ちますか。 :: How long will this rope hold?
4361	上海	しゃんはい	noun	Shanghai (China)	この前中国へ行ったとき、上海を訪れた。 :: The last time I went to China, I visited Shanghai. || 上海には東京よりずっとたくさん美人がいる。 :: There are many more beautiful ladies in Shanghai than in Tokyo.
4362	中東	ちゅうとう	noun	Middle East	先生、中東情勢についていかがお考えですか。 :: Professor, what do you think of the situation in the Middle East? || 中東からの石油の供給は混乱するかもしれない。 :: Supply of oil from the Middle East may be disturbed.
4363	人前	にんまえ	noun	portion of food	あなたを一人前の男にしてあげよう。 :: I will make a man of you. || 私達は皆人前で歌うので困っていた。 :: We all felt embarrassed to sing a song in public.
4364	休む	やすむ	verb	to be absent; to take a day off	あなたは疲れているので、休んだ方がよい。 :: As you are tired, you had better take a rest. || そんなわけで私は昨日学校を休んだのです。 :: That's why I was absent from school yesterday.
4365	何とも	なんとも	adverb	really; very; extremely	Ａ氏については何とも申し訳ありません。 :: In the case of Mr A there is no excuse. || そのうわさを彼は何とも感じなかった。 :: The rumor was nothing to him.
4366	使命	しめい	noun	mission; errand	私の使命はその文章を写真にとることである。 :: My mission is to photograph the documents. || 兵士たちの使命はその橋を破壊することだった。 :: The soldiers' mission was to destroy the bridge.
4367	保つ	たもつ	verb	to keep; to preserve; to hold	彼はジョギングをして若さを保っている。 :: He keeps his youth by jogging. || 国連は地球の平和を保つために努力しています。 :: The United Nations makes efforts to keep the earth in a state of peace.
4368	傑作	けっさく	noun	masterpiece; masterwork; chef d'oeuvre	それらはヨーロッパ芸術の偉大な傑作だ。 :: They are great masterpieces of European art. || この本はこの詩人の最高傑作の一つだ。 :: This book is one of the poet's best works.
4369	公正	こうせい	noun	justice; fairness; impartiality	きみは彼らに公正であらねばならない。 :: You must be just to them. || 君はその問題を公正に判断しなければならない。 :: You have to judge the case without bias.
4370	分裂	ぶんれつ	noun	split; division; break up	インフレ問題が党を分裂させた。 :: The inflation issue split the party. || その国は戦争で分裂した。 :: The country was torn by war.
4371	同一	どういつ	adjective	identical; same; one and the same	金を幸福と同一視するなんてばかげたことだ。 :: It is foolish to equate money with happiness. || これは私が先日なくしたのと同一の鉛筆である。 :: This is the same pencil that I lost the other day.
4372	和解	わかい	noun	reconciliation; amicable settlement; accommodation	私は、彼らが平和的和解に達する事を望む。 :: I hope they can reach a peaceful compromise. || 叔母さんが亡くなる前に叔母さんと和解した。 :: I made my peace with my aunt before she died.
4373	坊主	ぼうず	noun	Buddhist priest; bonze	窓ガラスを割ったいたずら坊主は誰だ？ :: Who's the naughty boy that broke the window? || 禅坊主じゃあるまいし、毎日毎日、一汁一菜のダイエットメニューは勘弁してよ。 :: What? A little soup and celery is all I get? I'm not a Zen monk. I can't survive on an austerity diet like this.
4374	守備	しゅび	noun	defense; defence	君の守備位置はどこですか。 :: What position do you hold? || 私達のチームは守備が良い。 :: Our football team has a good defense.
4375	容姿	ようし	noun	(physical) appearance (of a person); one's face and figure	彼女は自分の容姿にとても気をつかっている。 :: She cares a lot about her personal appearance. || 彼女は容姿のいいことを自慢している。 :: She takes pride in her good looks.
4376	店内	てんない	noun	inside of a store (restaurant, café, etc.); store interior; on the premises	いいか。店内では大人しくしてるんだぞ。 :: OK, you keep quiet while we're in the store.
4377	従う	したがう	verb	to obey (an order, law, etc.); to abide by (a rule, custom, etc.); to follow	どうしてお前は道理に従おうとしないのか。 :: Why will you not listen to reason? || 両親の言うことには従わなくてはならない。 :: You should mind your parents.
4378	恩	おん	noun	favour; favor; obligation	命がある限りあなたのご恩は忘れません。 :: I shall never forget your kindness. || 生きている限りご恩は決して忘れません。 :: I'll never forget your kindness as long as I live.
4379	投げる	なげる	verb	to throw; to hurl; to fling	彼はそのボールを投げ返してくれと言った。 :: He asked me to throw the ball back. || やがて起こる事件はその前に影を投げる。 :: Coming events cast their shadows before.
4380	捜索	そうさく	noun	search (esp. for someone or something missing); manhunt	嵐のため行方不明の子供の捜索ができなかった。 :: The storm hindered us from searching for the missing child. || 捜索隊は彼が崖の下で倒れているのを発見した。 :: The search party found him lying at the foot of a cliff.
4381	握手	あくしゅ	noun	handshake	女王は試合後に選手の一人一人と握手をした。 :: The queen shook hands with each player after the game. || 私たちは旅の終わりに握手をして別れた。 :: We shook hands and parted at the end of our journey.
4382	本文	ほんぶん	noun	text (of a book, document, etc.); body (of a letter)	この本は本文の部分はそんなに多くない。 :: There's not so much text in this book. || この情報は注釈ではなく本文で扱うべきだ。 :: You should treat this information in the main body of the text, not in the notes.
4383	東西	とうざい	noun	east and west	この国では東西の文化が交じり合っている。 :: Cultures of the East and the West are mixed in this country. || 古今東西、親の子供に対する愛情に変わりはない。 :: No matter where in the world or when, a parent's love for a child is the same.
4384	果実	かじつ	noun	fruit; nut; berry	彼らは私の果実園からりんごを盗んだ。 :: They stole apples from my orchard. || ここでは果実を栽培しています。 :: They grow fruit here.
4385	格安	かくやす	adjective	(very) cheap; (very) inexpensive; cut-price	何日前までに予約すれば格安料金の対象になりますか。 :: How early do I have to make a reservation to qualify for the discount? || 格安航空券を利用しよう。 :: Let's get discount tickets.
4386	案外	あんがい	adverb	unexpectedly; surprisingly	あの人は案外いい人かもしれない。 :: He may be a good man for all I know. || ピクニックは案外つまらなかった。 :: The picnic was a disappointment.
4387	死後	しご	noun	after death	あなたは死後の命があることを信じますか。 :: Do you believe that there is life after death? || 夫の死後、彼女は一人で二人の子供を育てた。 :: After her husband's death, she brought up the two children all by herself.
4388	殻	から	noun	shell; husk; hull	飲み物はヤシの実の殻に入れてあった。 :: The drinks were served in coconut shells. || 卵の殻は壊れやすい。 :: The shell of an egg is easily broken.
4389	気配	けはい	noun	indication; sign; hint	さらに困ったことに、恐ろしい嵐の来る気配があった。 :: To make matters worse, there were signs of a fearful storm. || その家には人の気配はなかった。 :: There was no sign of life in the house.
4390	浜	はま	noun	beach; seashore	子供たちは浜で遊ぶのが大好きです。 :: Children love playing on the beach. || 私たちは浜へ泳ぎに行った。 :: We went swimming at the beach.
4391	激怒	げきど	noun	rage; fury	彼は激怒のあまり口がきけなくなった。 :: He choked with rage. || 彼は彼らのやる気の無さに激怒した。 :: He was incensed by their lack of incentives.
4392	疲労	ひろう	noun	fatigue; weariness; exhaustion	夜眠れなくて彼は疲労して顔色が悪かった。 :: He was pale with fatigue after his sleepless night. || 空腹やら疲労やらで、その犬はとうとう死んだ。 :: With hunger and fatigue, the dog died at last.
4393	皮肉	ひにく	noun	irony; sarcasm; cynicism	声の調子は怒りや皮肉を示すことがある。 :: Tone of voice can indicate anger and irony. || 彼の演説には少し皮肉っぽいところがあった。 :: There was a touch of irony in his speech.
4394	破産	はさん	noun	bankruptcy; insolvency	あなたの援助がなかったら、破産したろうに。 :: Your help prevented me from being ruined. || 彼の事業は破産しそうだといううわさだ。 :: I hear his business is on the verge of going bankrupt.
4395	簡易	かんい	na-adjective	simple; simplified	簡易ベッドの組み立て方を教えてもらえますか。 :: Will you show me how to set up a cot? || 安価な簡易住宅を提供します。 :: We offer low-cost prefabricated houses.
4396	細い	ほそい	i-adjective	thin; slender; fine	私の目は強い日光を浴びて細くなった。 :: My eyes narrowed into slits in the strong sunlight. || 彼は太っているくせに声は細い。 :: His voice is thin even though he is fat.
4397	腸	ちょう	noun	intestine; bowel	腸の具合が悪い。 :: I have trouble with my bowels.
4398	自動的	じどうてき	na-adjective	automatic	たいていの労働者は毎年自動的に昇給する。 :: Most workers get an automatic pay raise every year. || このスイッチを押せば自動的にカーテンが開く。 :: If you touch this switch, it will open the curtains automatically.
4399	行列	ぎょうれつ	noun	line; queue; procession	子どもたちがサーカスの行列を追いかけた。 :: The children chased after the circus parade. || 万一急行列車に乗り遅れたら、次の列車に乗ろう。 :: If we should miss the express, we'll take the next train.
4400	見込み	みこみ	noun	hope; promise; possibility	うちのチームが勝つ見込みはかなり大きい。 :: The chances are very good that our team will win. || 彼は癌にかかって回復の見込みはなかった。 :: He was terminally ill with cancer.
4401	誤り	あやまり	noun	error; mistake; slip	これは少し誤りがあるのを除けばよい本だ。 :: This is a good book except for a few mistakes. || 初めのうちは、私は誤りが気になりました。 :: I was worried about my mistakes at first.
4402	読売	よみうり	noun	Yomiuri (newspaper, etc. group)	読売ジャイアンツ・中日ドラゴンズ戦のナイターの券が２枚あるんだけど見に行かない？ :: I have two tickets to the Yomiuri Giants - Chunichi Dragons night game. Want to go?
4403	鎌倉	かまくら	noun	Kamakura (city)	どの電車に乗れば鎌倉に行きますか。 :: Which train takes us to Kamakura? || 鎌倉に住んで１２年になる。 :: I have lived in Kamakura for twelve years.
4404	難民	なんみん	noun	refugee; displaced person	国連は難民に食糧を与えるため努力した。 :: The UN endeavored to supply refugees with food. || 彼らは難民を助けるという立派な行為をした。 :: They did a good deed in helping refugees.
4405	食欲	しょくよく	noun	appetite (for food)	私は彼の食欲に感心しないではいられない。 :: I cannot help admiring his appetite. || 食欲以外のものはみな熟練を必要とする。 :: The only thing that doesn't require skill is an appetite.
4406	高価	こうか	na-adjective	highly priced; expensive; valuable	このドレスはあなたのものほど高価でない。 :: This dress is cheaper than yours. || 彼は彼女をだまして高価な宝石を買わせた。 :: He deceived her into buying a precious jewel.
4407	アド	あど	noun	ad; advertisement	なお、危険防止の為、サブアド利用をお奨めします。 :: Moreover, for your safety, we advise use of a substitute email address.
4408	ウェア	うぇあ	noun	ware; goods	このスキーウェアは冷たい風を通しません。 :: This ski wear keeps out the cold wind. || クロケットの選手は試合中白いウェアを着なければならない。 :: Croquet players must wear white clothing during play.
4409	ギャラリー	ぎゃらりー	noun	gallery; corridor	彼女のギャラリーに２点ほど出展するのよ。 :: I'm going to have two pieces in her gallery. || ニューヨークタイムズは彼女のギャラリーにいつも取材にくるんだから。 :: The New York Times reviews her gallery all the time.
4410	コム	こむ	noun	computer output microfilm system; COM	マルコムＸのチケット、２枚ください。 :: Could I have two tickets to Malcolm X? || アマゾン・ドット・コムで本を注文しました。 :: I've ordered a book from Amazon.com.
4411	テラス	てらす	noun	terrace	テラスがいいのですが。 :: Could we have a table on the terrace?
4412	ドキュメンタリー	どきゅめんたりー	noun	documentary	あまり映画は見ないほうだが、ドキュメンタリーだけははずせない。 :: I don't watch a lot of movies, but I can't resist a good documentary.
4413	バブル	ばぶる	noun	bubble	バブルが跡形もなく消え去ったからである。 :: That's because the bubble vanished into thin air. || バブルのときにあの土地を売っておけば大損しなかったのに。 :: If only I'd sold that property during the economic bubble, I wouldn't have suffered such a big loss.
4414	ボトル	ぼとる	noun	bottle	このボトルに水をいっぱい入れてください。 :: Please fill this bottle with water. || そのボトルに水がいっぱい入っている。 :: The bottle is filled with water.
4415	マーケット	まーけっと	noun	market	マーケットが開いたとたんに火事がおきた。 :: Scarcely had the market opened when the fire broke out. || 母はマーケットへ買い物に行きました。 :: Mother has gone to the market.
4416	一括	いっかつ	noun	lumping together; summing up; bundle	物はすべて一括して買うとやすい。 :: You can get anything less expensive in bulk. || それらの議題は一括して取り上げられた。 :: Those agenda items were taken up en bloc for discussion.
4417	一時期	いちじき	noun	a period (of time)	私は一時期、天体物理学者になりたかった。 :: I once wanted to be an astrophysicist. || 彼は一時期フランスに住んで、それからイタリヤに行った。 :: He lived in France for some time, then went to Italy.
4418	一環	いっかん	noun	link (e.g. in a chain of events); part (of a plan, campaign, activities, etc.)	政府は取締の一環として不法入国外国人を追放しています。 :: The government is expelling illegal aliens as part of a crackdown.
4419	上部	じょうぶ	noun	top part; surface	ページの上部の写真を見てごらんなさい。 :: Look at the picture at the top of the page. || 彼は彼女の両腕の上部をつかんだ。 :: He took her by the upper arms.
4420	主任	しゅにん	noun	person in charge; senior staff; manager	主任は部下を意のままに支配している。 :: The boss controls his men at will. || 主任技師は助手と協力して研究した。 :: The chief engineer did research hand in hand with his assistant.
4421	予言	よげん	noun	prediction; prophecy; prognostication	その予言は結果によって誤りとわかった。 :: The prediction was falsified by the result. || その老人はわれわれの成功を予言した。 :: The old man predicted our success.
4422	他社	たしゃ	noun	another company; other company	私どもは完全に他社を引き離していますよ。 :: We have completely outstripped the other companies. || 同業他社に比べて業績がずっと良かった。 :: Business results of the company were much better than other companies in the industry.
4423	以後	いご	noun	after this; from now on; hereafter	夜１０時以後に人に電話するには避けるべきだ。 :: You should avoid calling a person after ten at night. || それ以後彼女に会っていません。 :: I haven't seen her since then.
4424	光る	ひかる	verb	to shine; to glitter; to be bright	湖は明るい日の光を受けて光っていた。 :: The lake was gleaming in the bright sunshine. || 稲妻が光ったかと思うと雷がなった。 :: After the lightning, came the thunder.
4425	務める	つとめる	verb	to serve as; to act as; to fill (the position of)	彼はジョンにかわりを務めるように命じた。 :: He appointed John to act as his deputy. || 学生たちは教授の調査の助手を務めた。 :: The students assisted the professor in the investigation.
4426	厄介	やっかい	na-adjective	trouble; burden; nuisance	それは厄介なことになるかもしれない。 :: It may give rise to serious trouble. || 僕は君に厄介になるんじゃないかな。 :: I am afraid I'll be a burden to you.
4427	司会	しかい	noun	leading a meeting; presiding over a meeting; officiating at a ceremony	その会議は森首相が司会をした。 :: The conference was presided over by Mr Mori. || その女性の司会者は彼の傲慢さがどうしても我慢できなかった。 :: The hostess couldn't possibly put up with his arrogance.
4428	善	ぜん	noun	good; goodness; right	一日一善。良いことをした後は、気持ちがいいね。 :: I always feel good after I do my good deed for the day. || 美は善にまさる、と言う人がいます。 :: Some say the beauty is more important than virtue.
4429	執筆	しっぴつ	noun	writing; authoring	彼は小説の姉妹編を執筆中だ。 :: He is now writing a sister volume to his novel. || ホーキングは、その本の執筆を始めたとき、手で書くことがまったくできなかった。 :: When he started the book, Hawking was unable to write by hand at all.
4430	夫妻	ふさい	noun	husband and wife; married couple	スミス夫妻は今はお互いに離れて暮らしている。 :: Mr. and Mrs. Smith live apart from each other now. || スミス夫妻のテレビにはいいかげんうんざりです。 :: He's just about had enough of the Smiths' TV.
4431	始末	しまつ	noun	management; dealing with; settlement	火事の原因は彼のタバコの火の不始末だ。 :: The cause of the fire was his cigarette butt. || 帰る時には間違いなく火の始末をしてください。 :: Please remember to put out the fire before you go home.
4432	子孫	しそん	noun	descendant; progeny; offspring	子孫にきれいな、緑の地球を残したい。 :: We want to leave our descendants a clean and green earth. || これらの伝説は私達の子孫に語り継がれるべきだ。 :: These legends should be handed down to our offspring.
4433	家具	かぐ	noun	furniture	家具を移動するとき彼に手伝ってもらった。 :: I got him to help me when I moved the furniture. || 彼らは結婚したときに家具をいくつか買った。 :: They bought a few pieces of furniture when they got married.
4434	富士山	ふじさん	noun	Mount Fuji; Mt. Fuji; Fujiyama	晴れたので、私たちは富士山に登り始めた。 :: It being fine, we started climbing Mt Fuji. || 私達はこの夏富士山に登る事に決めました。 :: We have decided to climb Mt. Fuji this summer.
4435	左手	ひだりて	noun	left hand	誰があなたに左手でものを書けと言ったのか。 :: Who told you to write with your left hand? || 交通事故で彼は左手が使えなくなった。 :: A traffic accident deprived him of the use of his left hand.
4436	強引	ごういん	na-adjective	overbearing; coercive; pushy	政府はその法案を強引に議会を通過させた。 :: The government pushed the bill through the Diet. || 強引な販売員がすぐに契約書に署名するよう強く迫った。 :: The aggressive salesman urged me to sign the contract right away.
4437	急速	きゅうそく	na-adjective	rapid (e.g. progress)	ボストンはここ１０年間で急速に発展した。 :: Boston has grown rapidly in the last ten years. || この国では出生率が急速に低下している。 :: The birthrate is rapidly declining in this country.
4438	手作り	てづくり	adjective	handmade; handcrafted; homemade	これらの手作りの品は品質が違っている。 :: These hand-made articles differ in quality. || 今日では、手作りの商品の値が高い。 :: Handmade goods are very expensive nowadays.
4439	手配	てはい	noun	arrangement; preparations	出来るだけ早急に会談の手配をして欲しい。 :: We want the meeting arranged as soon as possible. || 出発前に交通手段の手配を済ませたいのです。 :: I'd like to settle the transportation arrangements before I leave.
4440	旅館	りょかん	noun	ryokan; traditional Japanese inn	彼は彼らにその旅館に泊まるように言った。 :: He proposed that they stay at that inn. || 彼はその旅館に部屋を予約してくれた。 :: He booked a room for me at the inn.
4441	本屋	ほんや	noun	bookstore; bookshop	彼は外出するたびに、その本屋に立ち寄る。 :: Every time he goes out, he drops in at the bookstore. || 毎日、放課後に私はその本屋で彼女を待った。 :: Every day I waited for her at the bookstore after school.
4442	あんず	あんず	noun	apricot (Prunus armeniaca)	あんずの花が満開だ。 :: The apricot trees are in full blossom.
4443	比例	ひれい	noun	proportion	人は忍耐に比例して成功するものだ。 :: A man will succeed to the same extent as he perseveres. || 給料は仕事量に比例して支払われる。 :: The wages will be paid in proportion to the work done.
4444	泡	あわ	noun	bubble; foam; froth	人生とは、一抹の泡みたいなものだ。 :: Man's but a bubble. || 唐突な質問に彼は泡を食った。 :: He was confused by a sudden question.
4445	液晶	えきしょう	noun	liquid crystal	そもそも何故私の物だけ液晶に線が入っていたのか。 :: In any case why was it only mine that had a line in the LCD? || 液晶画面は、見にくいなぁ。 :: You can't see too well with these LCD displays.
4446	演劇	えんげき	noun	drama; theatre; theater	演劇、映画などを見るのがお好きですか。 :: Do you enjoy plays, films and such? || 私はこの演劇を単に悲劇として扱うつもりだ。 :: I'll treat this play simply as a tragedy.
4447	火山	かざん	noun	volcano	その火山はいつなんどき爆発するかもしれない。 :: The volcano may erupt at any moment. || 多くの火山があるので、日本は地震を受けやすい。 :: Because there are a lot of volcanoes, it is easy for Japan to be hit by earthquakes.
4448	点数	てんすう	noun	marks; points; score	答案の点数を見て彼女はわっと泣き出した。 :: When she saw her test score, she burst into tears. || 点数がよかったら生物学でＡがもらえるのよ。 :: If I get a good mark, I can pull off an A in biology.
4449	燃焼	ねんしょう	noun	burning; combustion	この種の汚染物質は主として自動車エンジンの燃焼から生まれる。 :: Pollutants like this derive mainly from the combustion of fuel in car engines. || 一酸化炭素とは炭素化合物の不完全燃焼で発生する有害物質です。 :: Carbon monoxide is a poisonous substance formed by the incomplete combustion of carbon compounds.
4450	履く	はく	verb	to put on (lower-body clothing, e.g. pants, skirt, footwear); to wear	あなたが履いている靴はかなり高そうだ。 :: The shoes you are wearing look rather expensive. || その男の子は茶色の靴を履いていました。 :: I saw the boy in brown shoes.
4451	税込み	ぜいこみ	adjective	including tax (of a price); pretax (income or profits); before tax	それは、税込みの値段ですか。 :: Does that price include tax? || この額は税込みです。 :: This amount includes tax.
4452	組む	くむ	verb	to cross (legs or arms); to link (arms)	ジョンは腕を組んだまま一人で立っていた。 :: John was standing alone with his arms folded. || 少女達が腕を組んで踊りながらやってきた。 :: The girls came dancing arm in arm.
4453	総裁	そうさい	noun	president (of an organization); director general; governor (of a central bank)	小泉が与党自民党の新総裁に選出された。 :: Mr Koizumi was elected the new president of Japan's ruling Liberal Democratic Party.
4454	臨時	りんじ	adjective	temporary; provisional; interim	彼等は貿易問題について臨時の会合を開いた。 :: They held a special session on trade problems. || 私はその会社で臨時の仕事を得た。 :: I got a temporary job at the firm.
4455	良好	りょうこう	na-adjective	good; fine; excellent	天候が良好なら出席状況はよいはずである。 :: Attendance should be good provided the weather is favorable. || それに比べ最近彼女のお天気は良好。 :: In comparison to which she's been in a really good mood recently.
4456	苦しみ	くるしみ	noun	pain; anguish; distress	彼女は苦しみのあまり叫び声をあげた。 :: She screamed in agony. || 私達は他人の苦しみに同情するべきだ。 :: We should feel for the pains of others.
4457	規約	きやく	noun	agreement; rules; code	会社の利用規約を作成する際は、弁護士にご相談ください。 :: Please consult with an attorney when creating your company’s terms of service. || 新しい規約は全会一致で承認された。 :: The new regulations were confirmed by the full committee.
4458	親族	しんぞく	noun	relative; relation; kin	私の親族は皆この町に住んでいる。 :: All my relatives live in this city. || 親族達は彼の無罪を確信していた。 :: His relatives were convinced of his innocence.
4459	訂正	ていせい	noun	correction; revision; amendment	私の言うことが間違っていたら訂正して下さい。 :: Correct me if I am mistaken. || 間違っていれば私のつづりを訂正してください。 :: Correct my spelling if it's wrong.
4460	説教	せっきょう	noun	sermon; preaching; homily	牧師の主な仕事は教会で説教することです。 :: The main duty of a priest is to preach in church. || 私は彼の終わりのない説教にうんざりした。 :: I was bored with his endless sermon.
4461	赤字	あかじ	noun	(being in) the red; deficit	赤字は何とか埋め合わせなければならない。 :: A budget deficit must be financed somehow. || 財政赤字の削減が政府の大きな関心事である。 :: Reducing the budget deficit is a major concern of the government.
4462	輝き	かがやき	noun	brightness; brilliance; brilliancy	愛の輝きのない人生は何だろうか。 :: What is life without the radiance of love? || 星は彼女の上で輝き・・・。 :: The stars twinkled above her.
4463	迷う	まよう	verb	to lose one's way; to get lost; to go astray	彼をどう処置しようかと迷っているのです。 :: I am in doubt what to do with him. || 彼女は道に迷い、そのうえ雨が降り出した。 :: She lost her way and on top of that it began to rain.
4464	遅延	ちえん	noun	delay; latency	僕は電車が遅延したので遅刻した。 :: I was late as a result of the train delay. || 遅延は時間泥棒である。 :: Procrastination is the thief of time.
4465	道徳	どうとく	noun	morals; morality	私の父は信仰深くて、とても道徳的な人だった。 :: My father was religious and he was a very moral man. || 私たちは公衆道徳についていっそう考えねばならない。 :: We must think further about public morality.
4466	錠	じょう	noun	lock; padlock	毎日１錠を、薬がなくなるまで飲んで下さい。 :: Take one tablet a day until all of the medicine is gone. || 驚いたことにドアの錠がはずされていた。 :: To my surprise, the door was unlocked.
4467	開拓	かいたく	noun	reclamation (e.g. of wasteland); cultivation; development	輸入品市場を開拓する多くの努力がなされてきた。 :: Many efforts have been make to develop market for imports. || 開拓者は多くの危険に出会った。 :: The pioneers met with many dangers.
4468	関節	かんせつ	noun	joint	気温が下がると関節が痛むんだ。 :: My joints ache when it gets cold. || どこの関節がはずれたの？ :: Which joint did you dislocate?
4469	霧	きり	noun	fog; mist	少年はタクシーが霧の中へ消えたと言った。 :: The boy said that the taxi vanished into the fog. || 濃い霧のために飛行機は離陸できなかった。 :: The thick fog prevented the plane from taking off.
4470	顧問	こもん	noun	adviser; advisor; consultant	彼は会社の顧問弁護士としての生涯を始めた。 :: He set out on his career as a corporation lawyer. || 社長は会議のために顧問たちを集めた。 :: The president assembled his advisers for a conference.
4471	うさぎ	うさぎ	noun	rabbit; hare; coney	この森では野生のうさぎを見る事が出来る。 :: You can see some wild rabbits in the forest. || 私は森の中で野うさぎをみつけた。 :: I caught sight of the rabbit in the middle of the forest.
4472	やり直し	やりなおし	noun	redoing; doing over again	失敗したらやり直しができないから、失敗するな。 :: If you mess-up it can't be redone, so don't mess-up! || またやり直しですか。 :: Are you going to do it over again?
4473	アメリカン	あめりかん	noun	American	アメリカン・エクスプレスは使えますか。 :: Do you accept AMEX? || その習慣はアメリカンインディアンによってはじめられた。 :: That custom originated with the American Indians.
4474	エリート	えりーと	noun	elite	概してエリート達は批判に対して鈍感である。 :: On the whole, the elite are not sensitive to criticism. || 君はいまやエリート集団の一員だ。 :: You are now among the elite.
4475	サングラス	さんぐらす	noun	sunglasses	サングラスは日光から目を守ってくれる。 :: Sunglasses protect our eyes from the sun. || 度の強いサングラスが欲しいのですが。 :: I need a good pair of sunglasses.
4476	ジョーク	じょーく	noun	joke	私はジョークのつもりでそれを言ったのだ。 :: I said it by way of a joke. || そのジョークのわからなかった人もいた。 :: There were some who didn't see the joke.
4477	スウェーデン	すうぇーでん	noun	Sweden	私達はスウェーデンで素敵な休日を送った。 :: We had a splendid holiday in Sweden. || スウェーデンには独自の言語がある。 :: Sweden has a language of its own.
4478	チェンジ	ちぇんじ	noun	change; changing	あの子、髪を切ってイメージチェンジしたのかな。 :: I think that girl cut her hair to give herself a new look.
4479	テクノロジー	てくのろじー	noun	technology	古代のオーバーテクノロジーの武器は必ず制御ができなくなる。 :: Super technology weapons from the ancients always end up out of control. || インターネットのテクノロジーは日進月歩、いや、秒進分歩で進歩している。 :: Day by day and month by month, Internet technology is growing. Actually, make that second by second and minute by minute.
4480	バット	ばっと	noun	bat (in baseball, cricket, etc.)	その選手はボールを狙ってバットを振った。 :: The player swung the bat at a ball. || ボールだけではなく、バットも昨日盗まれた。 :: Not only the balls; the bat was also stolen yesterday.
4481	ファイト	ふぁいと	noun	fight	映画「ファイトクラブ」のエンディングには驚かされた。 :: The movie "Fight Club" has a surprise ending.
4482	プリン	ぷりん	noun	pudding (esp. custard)	ピーターはそのプリンが甘すぎるといった。 :: Peter remarked that the pudding was too sweet. || おやつにプリンを食べた。 :: I had some custard pudding for an afternoon snack.
4483	ヤクザ	やくざ	noun	(member of the) yakuza; gangster; mobster	そのヤクザ達は対立するヤクザの親分を暗殺する計画の仲間に彼を入れた。 :: The gangsters let him in on their plan to knock off a rival gang leader.
4484	リゾート	りぞーと	noun	resort	いかにもリゾートってかんじの格好ね。 :: Your clothes say "vacation resort" to me. || レジャー産業は新たなリゾート地にさらなる投資をしています。 :: The leisure industry is sinking more money into new resorts.
4485	一斉	いっせい	adverb	simultaneous; all at once	新聞は一斉にその政治家をたたきはじめた。 :: The newspapers opened fire on the politician. || 聴衆の誰もが一斉にどっと笑った。 :: Everyone in the audience burst into simultaneous laughter.
4486	一流	いちりゅう	adjective	first-class; first-rate; top-flight	こんな一流選手が相手では勝ち目がない。 :: We have no chance against those top players. || 彼女はなかなかやるようだが、一流じゃないね。 :: She's pretty good at it, but she lacks class.
4487	不法	ふほう	na-adjective	unlawful; illegal	変な男が私の地所に不法に侵入してきた。 :: A strange man trespassed on my property. || 皆が不法外国人に対して敵対的な態度を取った。 :: Everybody took a hostile attitude toward illegal aliens.
4488	人質	ひとじち	noun	hostage	遅かれ早かれ、人質達は解放されるだろう。 :: Sooner or later, the hostages will be set free. || 人質の運命はその交渉の結果にかかっている。 :: The fate of the hostages depends on the result of the negotiation.
4489	会合	かいごう	noun	meeting; assembly; gathering	その問題は次の会合の時に出されるだろう。 :: The matter will be brought up at the next meeting. || なるほど彼は会合に出ていたが眠っていた。 :: He was at the meeting, to be sure, but he was asleep.
4490	出店	しゅってん	noun	opening a new store; opening a new branch	届け出なしに路上に出店してはならない。 :: You may not set up a roadside stall without prior notice. || 勧工場には約２０の出店が並んだ。 :: There was a row of about 20 stalls at the fair.
4491	品種	ひんしゅ	noun	type (of goods); sort	除草剤耐性品種でなぜ収量が増えるのか？ :: Why do yields increase with herbicide-resistant varieties? || １９世紀末になって初めて植物の品種改良は科学の一分野となった。 :: Not until the end of the nineteenth century, did plant breeding become a scientific discipline.
4492	壊す	こわす	verb	to break; to destroy; to demolish	彼らは２日でその古い建物を壊すでしょう。 :: They will tear down the old building in two days. || その船は漂っている氷によって壊された。 :: The boat was broken by the floating ice.
4493	壊滅	かいめつ	noun	(complete) destruction; annihilation; devastation	それは彼らの計画にとって壊滅的な打撃となった。 :: It proved to be the deathblow to their plan. || 壊滅そのものが豊かな生命を生む。 :: Mere decay produces richer life.
4494	大将	たいしょう	noun	general; admiral	彼は大将に命令を取り消すように頼んだ。 :: He asked the general to take back his order. || 彼は第二次世界大戦では陸軍大将だった。 :: He was a general in the Second World War.
4495	奪う	うばう	verb	to take (by force); to take away; to snatch	かわいそうにその老婦人はお金を奪われた。 :: The poor old woman was robbed of her money. || テレビによって以前の映画人気が奪われた。 :: Television has robbed cinema of its former popularity.
4496	室内	しつない	noun	indoor; inside the room	室内に入る時は帽子をとりなさい。 :: Remove your hat when you go inside. || 私は室内よりむしろ外に行きたい。 :: I'd rather go out than stay indoors.
4497	家賃	やちん	noun	rent	アパートの家賃はいくら払っていますか。 :: How much rent do you pay for the apartment? || 家賃の支払いが一ヶ月遅れていますよ。 :: You're a month behind with your rent.
4498	尻尾	しっぽ	noun	tail (of an animal)	少年はねずみの尻尾をつかんでいた。 :: The boy was holding a mouse by the tail. || 彼は尻尾を巻いて逃げた。 :: He turned tail and ran.
4499	左側	ひだりがわ	noun	left side; left-hand side	この通りをいくと郵便局は左側にあります。 :: Go along this street and you'll come to the post office on the left. || 車を運転しているときは左側を通りなさい。 :: Keep to the left when driving.
4500	役者	やくしゃ	noun	actor; actress	この役者のことは今まで聞いたことがないな。 :: I've never heard of this actor. || あの歌舞伎役者は若い人達に非常に人気がある。 :: That kabuki actor is very popular with young people.
4501	排出	はいしゅつ	noun	discharge; evacuation; emission (e.g. of CO2)	樹木は酸素を排出し、二酸化炭素を吸収する。 :: Trees give off oxygen and absorb carbon dioxide. || 地球温暖化は二酸化炭素の排出と直接関係があると言われている。 :: It is said that global warming is directly related to carbon dioxide emissions.
4502	探索	たんさく	noun	search; lookup; hunt	詩は説明し難いものへの探索である。 :: Poetry is a search for the inexplicable. || 私たちはフランスの田舎を探索して休日をすごした。 :: We spent our holiday exploring rural France.
4503	撤去	てっきょ	noun	removal; taking away; dismantling (a building, facilities, etc.)	彼は自転車を撤去することを提案した。 :: He proposed that bicycles be taken away. || 歩道から自転車を撤去してくれ。 :: Clear the sidewalk of the bicycles.
4504	つかえる	つかえる	verb	to stick; to get stuck; to get caught	彼は天才だと言っても差しつかえないだろう。 :: It may safely be said that he is a genius. || 魚の骨がつかえて息が詰まりそうだった。 :: I nearly choked on a fishbone.
4505	日刊	にっかん	noun	daily publication; daily issue	その話は、全ての日刊紙に載っていた。 :: The story was in all daily newspapers. || これは日刊新聞です。 :: This is a daily newspaper.
4506	気楽	きらく	na-adjective	carefree; comfortable; at ease	くつろいで相手を気楽にさせてあげなさい。 :: Be relaxed and put the other person at ease. || 気楽に行けよ。大丈夫、すべて上手く行くさ。 :: Take it easy. I can assure you that everything will turn out fine.
4507	渋滞	じゅうたい	noun	(traffic) congestion; traffic jam; gridlock	その配達の遅れは交通渋滞のせいと考えた。 :: I attributed the delay in delivery to a traffic jam. || 父は今朝、交通渋滞のために仕事に遅れた。 :: My father was late for work this morning because of a traffic jam.
4508	満点	まんてん	noun	perfect score; full marks	あの学生が英語で満点を取ったんだよ。 :: That student actually got full marks in English. || 彼が試験で満点を取ったのは本当です。 :: It is true that he got full marks on the test.
4509	瀬	せ	noun	shallows; shoal	身を捨ててこそ浮かぶ瀬もあれ。 :: Risk all and gain all. || 人生沈む瀬あれば浮かぶ瀬あるわけだから、あまりくよくよしないように。 :: Don't be so glum about it. Life has its ups and downs.
4510	片手	かたて	noun	one hand	その男の子は重い箱を片手で持ち上げた。 :: The boy lifted the heavy box with one hand. || 彼はよく片手をポケットに入れて歩いている。 :: He often walks with his hand in his pocket.
4511	用事	ようじ	noun	business; things to do; engagement	何か用事でおいでになったかと思いました。 :: I thought you had come on business. || 彼女は用事がなければほとんど外出しない。 :: She scarcely goes out except on business.
4512	番手	ばんて	noun	(yarn) count	テッドはその野球チームの２番手選手だ。 :: Ted is the second pitcher on the baseball team.
4513	着陸	ちゃくりく	noun	landing; alighting; touch down	パイロットは飛行機を野原に着陸させた。 :: The pilot landed the airplane in the field. || 知らないうちに、飛行機は着陸していた。 :: Before I knew it, the plane had landed.
4514	禁煙	きんえん	noun	abstaining from smoking; quitting smoking	禁煙するためにどんな方法を使いましたか。 :: What method did you use to give up smoking? || 禁煙席か、喫煙席のどちらになさいますか。 :: Smoking or non smoking?
4515	統制	とうせい	noun	regulation; control	戦争中には物価は激しく統制されていた。 :: Prices were strictly regulated during the war. || 政府によるもっと効果的な価格統制が必要だ。 :: We need more effective price controls by the Government.
4516	航海	こうかい	noun	(sea) voyage; navigation; sailing	ご存じのように人生は航海にたとえられる。 :: As you know, life is comparable to a voyage. || 乗組員たちは宇宙への航海の準備に忙しい。 :: The crew is busy preparing for the voyage into outer space.
4517	落書き	らくがき	noun	scrawl; scribble; graffiti	建物は落書きだらけで見た目が悪い。 :: The graffiti-covered building is ugly to look at. || その壁には一面に落書きがあった。 :: There were scribbles all along the wall.
4518	蝶	ちょう	noun	butterfly	彼女は蝶がどのように飛ぶかを観察した。 :: She observed how butterflies fly. || 私の趣味はきれいな蝶を集めることです。 :: My hobby is to collect beautiful butterflies.
4519	見通し	みとおし	noun	unobstructed view; perspective; visibility	来年の日本経済の見通しはどうでしょうか。 :: What will the Japanese economy be like next year? || 彼の成功には明確な見通しが非常に役立った。 :: Clear foresight contributed greatly to his success.
4520	財務	ざいむ	noun	financial affairs	この財務調査は会社の資産を評価することも含みます。 :: This financial audit also includes an evaluation of the company's assets. || 財務的な事柄に関して、ジョーンズ氏は会社の誰よりも知っている。 :: With respect to financial matters, Mr Jones knows more than anyone else in the company.
4521	身内	みうち	noun	relatives; one's family	いつくしみは、身内から始めよう。 :: Charity begins at home. || 神は私の身内に存するが、そうでなければ全然存在しない。 :: God is in me or else is not at all.
4522	車種	しゃしゅ	noun	car model	社長さんの車種と色は？ :: The colour and make of the president's car are?
4523	辞書	じしょ	noun	dictionary; lexicon	この辞書には少なくとも５万語載っている。 :: This dictionary contains not less than fifty thousand words. || この辞書には情報がたくさん入っています。 :: This dictionary contains a lot of information.
4524	逃走	とうそう	noun	flight; desertion; escape	少年がいくらかお金を持って逃走した。 :: A boy made off with some money. || 逃走した囚人はまだ捕まっていない。 :: The prisoner who escaped is still at large.
4525	選定	せんてい	noun	selection	例文の選定がまずかったです。 :: The choice of example sentence wasn't wise.
4526	金髪	きんぱつ	noun	blond hair; blonde hair; golden hair	金髪の女の子があなたに会いにきました。 :: A girl with blonde hair came to see you. || 彼の髪は金髪で、彼は若く見える。 :: His hair is blond and he looks young.
4527	下る	くだる	verb	to descend; to go down; to come down	私は何度も転びながら、坂を下っていった。 :: I went down the slope, falling again and again. || 米の収穫が下ったら大変なことになるぞ。 :: A poor rice harvest will get us into real trouble.
4528	革新	かくしん	noun	reform; innovation	技術革新は情報産業に急速な進歩をもたらした。 :: Technological innovation brought about the rapid progress of the information industry. || 選挙では、保守派と革新派がせめぎ合った。 :: In the election, conservatives and progressives were fighting each other.
4529	頼み	たのみ	noun	request; favor; favour	教師は自らの権威を頼みとしてはならない。 :: Teachers shouldn't fall back on their authority. || 頼みさえすれば、その花はもらえます。 :: The flower is yours for the asking.
4530	お手伝い	おてつだい	noun	maid; helper	お手伝いしましょうかって言いましたのよ。 :: I said, "Is there anything I can do?" || 私にできることなら喜んでお手伝いします。 :: I am pleased to help you if I can.
4531	ゴースト	ごーすと	noun	ghost	ほとんどの旅行者はニューヨークのゴーストタウンに立ち寄らなかった。 :: Few of the trippers called in at the ghost town of New York.
4532	スケート	すけーと	noun	skating (esp. ice); skate; skates	今度の日曜日にスケートを教えてあげよう。 :: I will teach you how to skate next Sunday. || この川でスケートをした事がありますか。 :: Have you ever tried skating on the river?
4533	セント	せんと	noun	cent (monetary unit)	１ドルどころか、１セントも持っていない。 :: I don't have a cent, let alone a dollar. || どんな事で２５セント硬貨が必要ですか。 :: Why do you need quarters?
4534	ツイン	ついん	noun	twin	ツインの部屋にエキストラベッドを入れてください。 :: I'd like a twin with an extra bed.
4535	ヘルメット	へるめっと	noun	helmet; hard hat; protective headgear	ヘルメットをかぶらずにバイクに乗るのは危険だ。 :: It is dangerous to ride a motorbike without a helmet. || 頭を保護するためにはヘルメットをかぶらなくてはいけない。 :: You have to wear a helmet to protect your head.
4536	レート	れーと	noun	rate	ドルの交換レートは、今いくらですか。 :: What is the exchange rate for dollars now? || 今日のレートは１ドル１４０円です。 :: Today's rate is 140 yen to the dollar.
4537	不便	ふべん	noun	inconvenience; inexpediency; unhandiness	外国に住んでいて不便を感じませんか。 :: Don't you feel any inconvenience living abroad? || 私は田舎生活の不便さは我慢できない。 :: I can't bear the inconvenience of country life.
4538	不審	ふしん	noun	doubt; suspicion; question	警官が不審な歩行者をじっと見つめていた。 :: A policeman was gazing at a suspicious pedestrian. || 不審な人をみかけたら警察に知らせてください。 :: If you see a suspicious person, please inform the police.
4539	両者	りょうしゃ	noun	pair; the two; both persons	両者の意見を読んで、自分で決めて下さい。 :: Read both sides and then decide for yourself. || もちろん、両者はある点では似ている。 :: Of course they resemble each other in some ways.
4540	交差点	こうさてん	noun	crossing; intersection	彼はあやうく交差点でひかれそうになった。 :: He was nearly run over at a crossing. || この交差点は何と呼ばれていますか。 :: What's the name of this intersection?
4541	人員	じんいん	noun	number of persons; personnel	部屋の収容人員は２００人だ。 :: The room has a seating capacity of 200. || 多くの会社が人員を最低限にまで縮小した。 :: A lot of companies have pared their staff down to a minimum.
4542	再建	さいけん	noun	rebuilding; reconstruction; rehabilitation	その城は、１４８５年に全焼して、再建されなかった。 :: The castle, burnt down in 1485, was not rebuilt.
4543	分子	ぶんし	noun	molecule	これらの２つの分子が異なったスピードで動いていることを示すだけでは不十分である。 :: It is not enough to show that these two particles are moving at different speeds. || 分子Ｄの運動の観察に基づき、可能な出口が３つ存在するようシステムに変更を加える。 :: Based on my observation of the movement of particle D, I modify the system so that three possible exits exist.
4544	前者	ぜんしゃ	noun	the former; the first	前者が解決すれば後者も解決するであろう。 :: The solution of one may prove to be the solution of the other. || いくつかの点で前者は後者よりも劣っている。 :: The former is inferior to the latter in some respect.
4545	前進	ぜんしん	noun	advance; moving forward; progress	その軍隊は川を渡ってゆっくりと前進した。 :: The army slowly advanced across the river. || 代表団は貿易交渉を大きく前進させました。 :: Representatives made a major breakthrough in the trade talks.
4546	半額	はんがく	noun	half the amount (of money); half price; half fare	鉄道の料金は子供は大人の半額だ。 :: The railroad fare for children is half of the adult fare. || 私はその品物を半額で購入した。 :: I purchased the goods for half price.
4547	及ぶ	およぶ	verb	to reach; to amount to; to befall	その結果は私たちの期待には及ばなかった。 :: The result fell short of our expectations. || 我々の保険の範囲は多様な損害に及びます。 :: Our insurance policy covers various kinds of damages.
4548	周波数	しゅうはすう	noun	frequency (esp. of waveforms)	周波数の平均値は振幅の増大にしたがって減じる。 :: The mean value of the frequency decreases with increasing amplitude.
4549	四季	しき	noun	the four seasons	四季の中で私が一番好きなのは秋だ。 :: It is fall that I like best of all the seasons. || 四季の変化は日本の農業に多大な貢献をしている。 :: The changing seasons in Japan do much to Japan's agriculture.
4550	地雷	じらい	noun	land mine	彼は地雷の上を運転して、彼のジープは爆裂した。 :: He drove over a land mine and his jeep blew up.
4551	大声	おおごえ	noun	loud voice	その赤ん坊はミルクを求めて大声で泣いた。 :: The baby cried for milk. || そんなに大声で呼ばなくても聞こえるわよ。 :: You don't have to cry out. I can hear you.
4552	奉仕	ほうし	noun	service; ministry; attendance	人々に奉仕することが、彼の人生の唯一の目的だ。 :: To serve people is his sole object in life. || 政治家は国民のために奉仕すべきだ。 :: A politician should serve the people.
4553	定価	ていか	noun	list price; regular price; established price	定価から５％値引きいたします。 :: We'll allow a 5 percent discount off list prices. || これはバーゲン商品なので定価よりやすくなっているんじゃないですか。 :: Aren't you selling this at a discount price?
4554	審判	しんぱん	noun	judgement; judgment; decision	そんな審判員はやめてしまったほうがよい。 :: Such a judge may as well retire from his job. || 審判はどちらの側も支持するべきではない。 :: A referee should not favor either side.
4555	庶民	しょみん	noun	common people; ordinary people; masses	庶民はまるで羊のように独裁者の後ろにしたがった。 :: The people followed the dictator like so many sheep. || 庶民のなりわいは、米をつくることだった。 :: The ordinary people had their livelihood in farming rice.
4556	怪物	かいぶつ	noun	monster	その少女は怪物の姿を見るやいなや逃げ出した。 :: No sooner had the girl caught sight of the monster than she ran away. || 彼が怪物を見たというのは本当だ。 :: It's true that he saw a monster.
4557	悪口	わるぐち	noun	(verbal) abuse; speaking ill of people; bad-mouthing	彼らは主将のいないところで悪口を言った。 :: They spoke ill of the captain in his absence. || そんなに彼の悪口を言うべきではありません。 :: You shouldn't speak so ill of him.
4558	悪夢	あくむ	noun	nightmare; bad dream	その臆病な兵士は恐ろしい悪夢に悩まされた。 :: The timid soldier was tormented by terrible nightmares. || それは悪夢のような出来事だった。 :: It was a nightmare.
4559	抑える	おさえる	verb	to keep within limits (e.g. spending); to restrain (e.g. emotions); to control	そのボクサーは体重を抑えておく努力をした。 :: The boxer tried to keep his head down. || そんなに怒る必要はない。怒りを抑えなさい。 :: There's no need to get so angry. Keep your temper.
4560	拍手	はくしゅ	noun	clapping hands; applause	その演奏は聴衆からすばらしい拍手を得た。 :: The performance received terrific applause from the audience. || 彼らはわたしたちに拍手をしませんでした。 :: They did not clap for us.
4561	推理	すいり	noun	reasoning; inference; deduction	推理小説は多くの人々に愛されています。 :: Mystery novels are loved by a lot of people. || この推理小説はまだ半分も読んでない。 :: I am halfway through this detective story.
4562	教徒	きょうと	noun	believer; adherent	ヒンズー教徒は寺院で礼拝をします。 :: The Hindus worship in temples. || 彼女は存命中キリスト教徒であった。 :: She was a Christian in life.
4563	日向	ひなた	noun	sunny place; in the sun	日向にあまり長くいてはいけません。 :: Don't stay in the sun too long. || 日向ではパイナップルのいい匂いがしている。 :: There is the scent of pineapples in the sun.
4564	最低限	さいていげん	noun	minimum	多くの会社が人員を最低限にまで縮小した。 :: A lot of companies have pared their staff down to a minimum.
4565	有力	ゆうりょく	na-adjective	influential; prominent; leading	彼はその職の最も有力な候補者だった。 :: He was the strongest candidate for the position. || 彼を通して私は町の有力者と知り合いになった。 :: Through him I got acquainted with the big names of the town.
4566	格差	かくさ	noun	qualitative difference; disparity; gap	裕福な人々と貧しい人々との格差はますます広がっている。 :: The gap between rich and poor is getting wider.
4567	権威	けんい	noun	authority; power; influence	教師は自らの権威を頼みとしてはならない。 :: Teachers shouldn't fall back on their authority. || その医者は子供の病気に関して著名な権威だ。 :: The doctor is a great authority on children's diseases.
4568	油断	ゆだん	noun	negligence; carelessness; inattention	逃亡犯人を捕まえようと油断なく見張った。 :: I was on the alert for a fugitive criminal. || 事故は我々が油断している時に起こるものだ。 :: Accidents will happen when we are off guard.
4569	洞窟	どうくつ	noun	cave; cavern; grotto	これは私が洞窟の中で見つけたものです。 :: This is what I found in the cave. || その洞窟には怪物が住んでいると信じられていた。 :: A monster was believed to live in the cave.
4570	浸透	しんとう	noun	permeation (of thought, ideology, culture, etc.); infiltration (e.g. of ideas); spread	日本からの輸入製品がアメリカの消費者市場に浸透するには長い時間がかかった。 :: It took a long time for Japanese imports to penetrate the American consumer markets.
4571	湾	わん	noun	bay; gulf; inlet	この湾はニューヨーク港と呼ばれる。 :: This bay is called New York Harbor. || 湾にはたくさんのボートと人がいる。 :: The bay is full of boats and people.
4572	潜入	せんにゅう	noun	infiltration; sneaking in; going undercover	彼は農夫に身をやつして城下町に潜入した。 :: Disguising himself as a peasant, he crept into the castle town.
4573	発注	はっちゅう	noun	ordering (materials); placing an order; order	彼は職場に着いたあと、電話で発注した。 :: He placed the order over the phone after he got to his workplace. || 電話でデパートにその本を発注した。 :: I ordered the book from the department store by telephone.
4574	益	えき	noun	benefit; use; good	今彼を説得して何か益があるだろうか。 :: Will it do me any good to try to persuade him now? || 私から見れば、車は益よりも害を与えるほうが多い。 :: From my point of view, cars do more harm than good.
4575	秩序	ちつじょ	noun	order; discipline; regularity	警察は法と秩序の維持に対して責任を持つ。 :: The police are responsible for the maintenance of law and order. || 私たちは法と秩序を維持しなければならない。 :: We must keep law and order.
4576	総額	そうがく	noun	total amount (of money); total sum; sum total	勘定書の総額は１００ドルになった。 :: The bill amounted to 100 dollars. || 治療が終わるまでに総額どのくらいかかりますか。 :: About how much will I have to pay for all the treatments?
4577	自立	じりつ	noun	independence; self-reliance	私は大学に入ったら両親から自立したい。 :: I want to be independent of my parents when I enter college. || ジョンは家族から完全に自立したいと思っていた。 :: John wanted to be completely independent of his family.
4578	芝	しば	noun	lawn; sod; turf	この芝は刈らなければならない。 :: This grass needs cutting. || 母は私に芝を刈るように言った。 :: Mother told me to mow the lawn.
4579	見出し	みだし	noun	heading; headline; title	この辞書は見出し語が約４万はいっている。 :: This dictionary contains about 40,000 headwords. || 見出し語はアルファベット順に並んでいます。 :: The entry words are arranged alphabetically.
4580	視覚	しかく	noun	(sense of) sight; eyesight; vision	その舞台は観客の視覚に訴えるものである。 :: The production has visual appeal for the audience. || それは奇妙な視覚効果を産み出した。 :: It produced strange visual effects.
4581	評議	ひょうぎ	noun	conference; discussion	環境問題が学生評議会活動の中心だった。 :: The environment was the focus of student council activities. || 役員評議会が組織されて新提案を協議した。 :: An executive council was formed to discuss the new proposal.
4582	認可	にんか	noun	approval; license; licence	この計画はまだ委員会から認可されていない。 :: This plan has not yet been cleared by the committee. || それは政府の認可が必要です。 :: That requires the sanction of the government.
4583	誘い	さそい	noun	invitation; introduction	私は彼の夕食の誘いを辞退した。 :: I declined his invitation to dinner. || 列車は１０時半に出発するから、１０時にあなたを誘いに行きます。 :: The train leaves at half past ten, so I'll call for you at ten.
4584	財団	ざいだん	noun	foundation (institution); syndicate; group	彼女はカリフォルニアのゴリラ財団研究所にいる。 :: She lives at the Gorilla Foundation in California. || 何百という人々がゴリラ財団研究所へ電話や手紙を下さいました。 :: Hundreds of people called or wrote to the Gorilla Foundation.
4585	軽量	けいりょう	noun	light weight	超軽量新素材の採用により、従来の約半分（当社比）という圧倒的な軽さを実現！ :: As a result of new ultra-light materials, our product now only weighs about half as much as before!
4586	通用	つうよう	noun	(common) use (of a language, currency, etc.); current use; circulation	彼女は２０歳といっても通用する。 :: She could pass for twenty. || この法律は日本では通用しない。 :: This law does not apply in Japan.
4587	進路	しんろ	noun	route; course; path	進路のことで先生に助言を求めた。 :: I asked my teacher for advice on my future course. || どの進路を選んでも危険が待ち受けている。 :: Whichever way we choose will involve danger.
4588	運行	うんこう	noun	operation (of a bus or train service); service; running	彼は地球が太陽のまわりを運行すると言った。 :: He said that the Earth goes round the Sun. || 大雪のため列車は定刻どおり運行できなかった。 :: The heavy snow stopped the train from running on time.
4589	銭	せん	noun	sen (hundredth of a yen)	お金はほとんど一銭も残っていない。 :: I have hardly any money left. || １銭たりともむだにしないのが彼の信条だ。 :: He makes a religion of never wasting a penny.
4590	陸軍	りくぐん	noun	army	彼は第二次世界大戦では陸軍大将だった。 :: He was a general in the Second World War. || 彼は３０年間陸軍にいた。 :: He was in the army for thirty years.
4591	隅	すみ	noun	corner; nook; recess	ジョンは英国史を隅から隅まで知っている。 :: John knows English history from A to Z. || 彼はこの町を隅から隅まで知りつくしている。 :: He knows this town inside out.
4592	隙間	すきま	noun	gap; opening; aperture	歯が抜けて隙間が空いていた。 :: His teeth had gaps. || 雨が屋根の隙間からぽたぽた落ちていた。 :: The rain was dripping through a leak in the roof.
4593	靴下	くつした	noun	socks; sock; stockings	彼は靴下の片方を裏返しにはいていた。 :: He had one of his socks on inside out. || ２枚の靴下は１足の靴下と呼ばれる。 :: Two stockings are called a pair of stockings.
4594	いちご	いちご	noun	strawberry (esp. the garden strawberry, Fragaria x ananassa)	彼らは温室でいちごを栽培している。 :: They grow strawberries in their greenhouse. || いちごを摘みに行ったんです。 :: We went strawberry-picking.
4595	お詫び	おわび	noun	apology	私の心からのお詫びをどうかお聞き下さい。 :: Please accept my sincere apologies. || 前に手紙を書かなかったことをお詫びします。 :: I apologize for not writing to you before.
4596	くださる	くださる	verb	to give; to confer; to bestow	あなたが町に来たらすぐに訪ねてください。 :: Please visit as soon as you get into town. || あなたが落ち着いたら電話をしてください。 :: Please phone me when you have settled down.
4597	なんだかんだ	なんだかんだ	adverb	something or other; one thing or another; this or that	彼は、なんだかんだ言って支払いを延期した。 :: He delayed payment on some pretext or other.
4598	ほっと	ほっと	adverb	with a feeling of relief; with a sigh of relief	ほっとしたことに、彼は無事に帰ってきた。 :: To our relief, he came back safe and sound. || あなたがご無事なのでほっとしています。 :: I am relieved that you are safe.
4599	ものすごい	ものすごい	i-adjective	terrific; staggering; tremendous	この植物の根には水がものすごく必要。 :: The roots of the plant are greedy for water. || ロケットはものすごいスピードで飛ぶ。 :: The rocket travels at a tremendous speed.
4600	よそ	よそ	noun	another place; somewhere else; strange parts	ここの人たちはよそから来た人をみな嫌う。 :: These people hate all foreigners. || そればかりか、会社の直営店の商品は、たいていよその店より高価だったのです。 :: And not only that, the goods in the company shop were usually more expensive than elsewhere.
4601	シュート	しゅーと	noun	shooting (a ball); shot (on basket, at goal, etc.)	僕達はマックがすばらしいシュートを決めるのを見た。 :: We saw Mac make a fantastic shot. || なんてうまいシュートだろう。 :: What a good shot!
4602	スロット	すろっと	noun	slot	スロットを打っているうちに、あれよあれよと今の時間です。 :: I was hitting the slots, and before I knew it, it's this time already.
4603	パニック	ぱにっく	noun	panic	列車が脱線すると、たちまちパニック状態になった。 :: The train was derailed, and panic ensued. || 何がなんだか分からない。頭がパニックに陥って整理がつかない。 :: I didn't know what was what. The inside of my head had gone to panic mode and I couldn't get things straight.
4604	プライド	ぷらいど	noun	pride; dignity; self-worth	報酬を受け取るのを彼のプライドが許さなかった。 :: He was too proud to accept any reward. || 彼のプライドはわずかだが傷ついた。 :: His pride was slightly touched.
4605	取り組み	とりくみ	noun	effort; initiative; dealing with	その問題に別な取り組み方をしてみよう。 :: Let's try another approach to the matter. || 社長が社員の主体的な取り組みを促した。 :: The president urged employees to act on their initiative.
4606	受け取る	うけとる	verb	to receive; to get; to accept	あなたの手紙を受け取る前に起こりました。 :: This happened prior to receiving your letter. || あなたはその電報をいつ受け取りましたか。 :: When did you receive the telegram?
4607	同居	どうきょ	noun	living together; coexistence	キムはケンと同居している。 :: Kim is living with Ken.
4608	吸う	すう	verb	to breathe in; to inhale; to smoke (a cigarette, etc.)	きみが何と言おうと私はタバコを吸います。 :: I will keep on smoking no matter what you say. || きみはそんなにタバコを吸うべきではない。 :: You ought not to smoke so much.
4609	しゃべる	しゃべる	verb	to talk; to chat; to chatter	そうしたしゃべりかたはいかにも彼らしい。 :: That way of talking is typical of him. || トムはなんてしゃべるのが速いのでしょう。 :: How fast Tom speaks!
4610	国外	こくがい	noun	outside the country; abroad	彼は国内でも国外でも有名である。 :: He is famous both at home and abroad. || 彼女は国外を旅行してきた。 :: She has traveled in foreign parts.
4611	国語	こくご	noun	national language	あなたは英語と国語どちらが好きですか。 :: Do you like Japanese or English? || 国語の先生は私たちにとても親切だ。 :: Our Japanese teacher is very nice to us.
4612	大雨	おおあめ	noun	heavy rain; torrential rainfall; downpour	彼らはいつも大雨といえば洪水を連想した。 :: They always associated a heavy rain with flood. || 大雨で私たちは外出することができなかった。 :: The heavy rain prevented us from going out.
4613	好む	このむ	verb	to like; to prefer	そのコーヒー店は私が好んでいくところだ。 :: That coffee shop is my favorite haunt. || 大抵の外国人は日本料理を好むようになる。 :: Most foreigners learn to like Japanese dishes.
4614	媒体	ばいたい	noun	medium; media	テレビは情報を与えるための非常に重要な媒体である。 :: Television is a very important medium through which to provide information. || 不純な飲料水は病気の媒体となりうる。 :: Impure drinking water can be a carrier of diseases.
4615	孤立	こりつ	noun	isolation; being alone; being friendless	その国は経済的にも政治的にも孤立している。 :: The country is isolated economically and politically. || その村はひどい嵐によって孤立した。 :: The village was isolated by the heavy storm.
4616	少佐	しょうさ	noun	major; lieutenant commander; wing commander	少佐は大尉の上官である。 :: A major is above a captain.
4617	弱点	じゃくてん	noun	weak point; weakness; shortcoming	彼は自分の弱点に気づいていなかった。 :: He was not conscious of his weak point. || 僕の弱点を見つけさせないぞ。 :: You won't find my weak point.
4618	後退	こうたい	noun	retreat; falling back; moving backwards	社会情勢は前進というより後退している。 :: Social conditions are going backward rather than forward. || きっと、その政策は景気を今以上に後退させる。 :: The policy is bound to drive the economy into further recession.
4619	心地	ここち	noun	feeling; sensation; mood	くつろげば、自信に満ちて心地もよくなります。 :: If you are at ease, you are feeling confident and comfortable. || 僕は生きた心地がしなかった。 :: I felt like I was dead.
4620	手当	てあて	noun	salary; pay; compensation	もとは手当たり次第に小説を読んだものだ。 :: I used to read novels at random. || その男はこの種の傷の手当に慣れていた。 :: The man was used to treating this kind of wound.
4621	施行	しこう	noun	putting in force (a law); putting into operation; putting into effect	その島の住民に新しい法律が施行された。 :: The new law was enforced on the people of the island. || 政府は法律を施行しなければならない。 :: The government must enforce the law immediately.
4622	日産	にっさん	noun	daily output	あそこの販売店で、中古の日産を２０万円で売ってくれた。 :: The dealer gave an old Nissan to me for 200,000 yen.
4623	昇進	しょうしん	noun	promotion; advancement; rising in rank	彼はわがままだったので昇進できなかった。 :: His selfishness got in the way of his promotion. || 彼女はこの会社に入ってから２度昇進した。 :: She has been promoted twice since she joined this company.
4624	有能	ゆうのう	na-adjective	able; capable; competent	このオフィスには有能な人がいっぱいいる。 :: The office is full of competent people. || チームの長として私は彼に有能な助力を得た。 :: As head of the team I was ably assisted by him.
4625	木曜日	もくようび	noun	Thursday	父は今度の木曜日にアメリカへ出発します。 :: My father is leaving for the United States next Thursday. || 先週の木曜日からずっと雨が降っている。 :: It has been raining since last Thursday.
4626	来月	らいげつ	noun	next month	ジェーンは来月結婚することになっている。 :: Jane is to be married next month. || 私は来月、仕事でシドニーに行くでしょう。 :: I will go to Sydney on business next month.
4627	検定	けんてい	noun	official certification; official approval; inspection	日本語検定の二級に受かった。 :: I passed the second level of the Japanese language examination. || ＳＴＥＰという文字は日本英語検定協会を表している。 :: The letters STEP stand for the Society for Testing English Proficiency.
4628	欠点	けってん	noun	fault; defect; flaw	彼には欠点があるからいっそう私は好きだ。 :: I like him all the better for his faults. || 彼には欠点はあるがやはり彼を私は愛する。 :: I do not love him the less for his faults.
4629	欠陥	けっかん	noun	defect; fault; flaw	彼の理論にはまったく欠陥が見当たらない。 :: I can't find any holes in his theory. || 彼らは欠陥がないかとその機械を調べた。 :: They checked the machine for defects.
4630	次第に	しだいに	adverb	gradually; by degrees; little by little	もとは手当たり次第に小説を読んだものだ。 :: I used to read novels at random. || 子供時代のことは次第に思い出さなくなる。 :: I recall less and less of my childhood.
4631	水泳	すいえい	noun	swimming	小さな子供たちは水泳で疲れたようだった。 :: The little children looked tired from swimming. || 彼女は水泳では学校ではだれにも負けない。 :: She is second to none in swimming in her school.
4632	決着	けっちゃく	noun	conclusion; decision; end	彼らはその問題に最終的な決着をつけた。 :: They have solved the problem once and for all. || これを最後にわれわれの意見の相違に決着をつけよう。 :: Let's try to settle our differences once and for all.
4633	浮上	ふじょう	noun	surfacing; rising to the surface	潜水艦は沈んで二度と浮上しなかった。 :: The submarine sank, never to rise again.
4634	為替	かわせ	noun	money order; draft	１０ドルの郵便為替にしていただきたいのですが。 :: I'd like a money order for ten dollars. || １０ドルを郵便為替でお願いします。 :: I'd like a money order for ten dollars.
4635	爽やか	さわやか	na-adjective	fresh; refreshing; invigorating	暑い天候のとき、コップ１杯の冷たい水はとても爽やかだ。 :: A glass of cold water is very refreshing in hot weather. || 適度な運動をすれば、心身共に爽やかになれますよ。 :: Moderate exercise will refresh both mind and body.
4636	理念	りねん	noun	(Platonic) ideal (of how things ought to be, e.g. human rights); foundational principle; idea	これらの理念は憲法に具体化されている。 :: These ideas are embodied in the constitution. || 戦後日本では民主主義の理念が普及した。 :: After the war, the idea of democracy spread throughout Japan.
4637	直感	ちょっかん	noun	intuition; instinct; hunch	彼は直感で彼女の嘘をついているとわかった。 :: By intuition he knew she was lying. || 警官は彼が犯人だと直感した。 :: The police spotted him at once as the offender.
4638	短縮	たんしゅく	noun	shortening; contraction; reduction	彼らは労働時間の短縮を要求している。 :: They are demanding shorter working hours. || その橋のおかげで、私達は大いに時間が短縮できた。 :: The bridge saved us a lot of time.
4639	祈る	いのる	verb	to pray; to say a prayer; to say grace	あなたが早くよくなるように祈っています。 :: We are hoping for your quick recovery. || あまり迷惑がかからないことを祈ります。 :: I hope this will not inconvenience you too much.
4640	神聖	しんせい	noun	holiness; sacredness; sanctity	インドに暮らす多くの人にとって牛は神聖である。 :: Cows are sacred to many people in India. || インドでは牛は神聖な動物です。 :: In India, the cow is a sacred animal.
4641	立候補	りっこうほ	noun	candidacy; standing as a candidate; bidding (to host an event, e.g. the Olympics)	彼は市長に立候補している候補者の１人です。 :: He is one of the candidates running for mayor. || 彼は四年前に州知事選挙に立候補した。 :: He ran for Governor of the state four years ago.
4642	結合	けつごう	noun	combination; union; joining	これらの諸州は結合して１つの国になった。 :: These states were united into one nation. || 水素と酸素が結合して水になるのです。 :: Hydrogen and oxygen combine to form water.
4643	衝動	しょうどう	noun	impulse; urge; impetus	今日は衝動買いしないように気を付けなくちゃ。 :: Try not to buy anything on impulse today. || 私は彼を殴ってやろうという衝動をかろうじて抑えた。 :: I barely restrained the impulse to strike him.
4644	路上	ろじょう	noun	on the road; on the street; in the street	一度彼女に路上で会ったことを覚えている。 :: I remember seeing her once on the street. || ジムはまだ路上での左側運転に慣れていない。 :: Jim is not yet used to driving on the left side of the road.
4645	追う	おう	verb	to chase; to run after; to pursue	彼らはその車が残していった跡を追った。 :: They followed the tracks the car had left. || 最新の流行を追うのは大変お金がかかる。 :: It is very expensive to keep up with the latest fashions.
4646	連勝	れんしょう	noun	consecutive victories; series of victories; winning streak	試合に４連勝するのは難しい。 :: It is hard to win four successive games. || 彼らは連勝記録が途切れてから１０連敗している。 :: They have lost 10 games in a row since their winning streak ended.
4647	隔離	かくり	noun	isolation; segregation; separation	私たちは、一人の患者を残りの患者から隔離した。 :: We have isolated one patient from the rest. || その伝染病患者は他の患者から隔離された。 :: The infectious case was isolated from other patients.
4648	高める	たかめる	verb	to raise; to lift; to boost	今度の小説は彼の名声をさらに大きく高めた。 :: The new novel added greatly to his reputation. || 社長は従業員に生産性を高めるように命じた。 :: The president instructed the employees to improve their productivity.
4649	魔法使い	まほうつかい	noun	magician; wizard; sorcerer	エドガーさんは魔法使いだった事もあるんですか。 :: So, was there a time when you were a wizard, too?
4650	すると	すると	conjunction	(and) then; and; thereupon	私はゲームをしていた。するとそのとき地震を感じた。 :: I was playing a game when I felt an earthquake. || 緑のボタンを押して下さい、すると明かりがつきます。 :: Push the green button, and the light goes on.
4651	とっくに	とっくに	adverb	long ago; a long time ago; already	君はとっくにここにいなきゃいけないはずだ。 :: It's about time you got here! || 無駄使いは、とっくにやめていてよいころだ。 :: It's high time you stopped wasting your money.
4652	アプローチ	あぷろーち	noun	approach (to a problem, issue, etc.)	この分析には以下のアプローチがとられた。 :: The approach employed in this analysis was as follows. || うまいアプローチだね。 :: That's a good approach.
4653	インフラ	いんふら	noun	infrastructure	このブログは情報インフラを中心としたトピックを取り上げています。 :: This blog covers topics that centre on information infrastructure.
4654	ガム	がむ	noun	chewing gum	なんとガムのおまけだったんだよ。 :: Believe it or not, it came in pack of gum. || 靴の底にガムが付いてしまった。 :: Gum got stuck to the bottom of my shoe.
4655	キャンパス	きゃんぱす	noun	campus	やがてキャンパスの桜の花が咲くでしょう。 :: It will not be long before the cherry blossoms on our campus come out. || 彼女は私を連れてキャンパスを案内してくれた。 :: She showed me around the campus.
4656	クレジットカード	くれじっとかーど	noun	credit card	クレジットカードで支払いたいのですが。 :: I'd like to pay by credit card. || クレジットカードをみせていただけるか。 :: Your credit card, please.
4657	シミュレーション	しみゅれーしょん	noun	simulation	上に示した数値はホブソンのシミュレーションによる結果である。 :: The numerical values shown above derive from Hobson's simulation.
4658	ダンサー	だんさー	noun	dancer	ダンサーの１つ１つの動きは完璧だった。 :: Each movement of the dancer was perfect. || 葵さんはなんて優れたダンサーなのでしょう。 :: Aoi is a very good dancer.
4659	テレビ局	てれびきょく	noun	television station	あのテレビ局は映画だけを放送しているんだ。 :: That TV station only broadcasts movies. || あのテレビ局は１日２４時間放送中だ。 :: That TV station is on the air 24 hours a day.
4660	フロア	ふろあ	noun	floor	ダンスフロアは、何時頃混んできますか。 :: What time does the dance floor get crowded?
4661	ペーパー	ぺーぱー	noun	paper	カップケーキ型に、ペーパーカップを並べます。 :: Set up paper cups in the cupcake baking tray. || ペーパー・カップの中へとあふれでていく。 :: It overflows into a paper cup.
4662	ヤード	やーど	noun	yard (unit of distance)	彼女はドレスを作る布を６ヤード買った。 :: She bought six yards of cloth for a dress. || １インチを与えると１ヤードを取ろうとする。 :: Give him an inch and he will take a yard.
4663	ヨーグルト	よーぐると	noun	yogurt; yoghurt	このヨーグルトは変な味がする。 :: This yogurt tastes strange.
4664	リットル	りっとる	noun	litre; liter	この瓶には２リットルのお湯が入る。 :: This jar can hold two liters of hot water. || ガソリンはリットル単位で売られる。 :: Gasoline is sold by the liter.
4665	乱れ	みだれ	noun	disorder; disturbance; unrest	女性ホルモン分泌の乱れが不妊症の大きな原因です。 :: Female hormone imbalance is a major cause of infertility.
4666	人体	じんたい	noun	human body	人体にはそれ自体を健康で正常にする神秘的な力がある。 :: The human body has a mysterious power to keep itself healthy and sound. || この薬は人体にどんな影響を及ぼすと医者は言ったのですか。 :: What effect did the doctor say this medicine has on people?
4667	他者	たしゃ	noun	another person; others	私たちはだれでも、他者との一体感を切望する何かをうちに秘めている。 :: Each of us has something in us that longs for a sense of oneness with others.
4668	停電	ていでん	noun	power outage; power failure; power cut	ろうそくを消して下さい。停電は終わりました。 :: Put out the candle. The blackout is over. || 今、停電があったらどうなるだろう。 :: What will happen if there's power failure now?
4669	先端	せんたん	noun	pointed end; tip; point	我々の会社は先端技術に精通した人を必要としている。 :: Our company needs someone who feels at home when it comes to advanced technology. || 水面に現れてるのは氷山の先端にすぎない。 :: What you see above the water is just the tip of the iceberg.
4670	公衆	こうしゅう	noun	the public; general public	彼は公衆電話を見つけてタクシーを呼んだ。 :: He found a public telephone and called a taxi. || 私は公衆の面前で演説するのに慣れてない。 :: I am not accustomed to making speeches in public.
4671	冷却	れいきゃく	noun	cooling; refrigeration	鉄は熱してから急に冷却して焼きを入れる。 :: Iron is tempered by heating and sudden cooling. || 傷むのを防ぐために、遠海で捕獲した魚は直ちに冷却される。 :: To avoid spoiling, fish caught far out at sea are immediately cooled or even frozen.
4672	出かける	でかける	verb	to go out (e.g. on an excursion or outing); to leave; to depart	この仕事のために私は世界中に出かけます。 :: This job takes me all over the world. || もう出かけない方がいい。１１時近くだよ。 :: You had better not go out now. It's almost 11.
4673	包囲	ほうい	noun	siege; encirclement; envelopment	犬たちが鹿の周りを包囲していた。 :: The dogs were closing in on the deer. || 軍隊は城を何日間も包囲した。 :: The army besieged the castle for many days.
4674	北京	ぺきん	noun	Beijing (China); Peking	彼は、北京語を話すのがとても進歩した。 :: He has made great progress in speaking Mandarin. || 深刻な伝染病が北京で発生した。 :: A serious epidemic has broken out in Beijing.
4675	叔父	おじ	noun	uncle	向こうを走っている男の人は私の叔父です。 :: The man running over there is my uncle. || 時々、叔父は私を港に連れて行ってくれた。 :: Once in a while my uncle took me to the harbor.
4676	図鑑	ずかん	noun	pictorial book; picture book; illustrated reference book	昔は、平気で昆虫触れたのに、今は、図鑑を見るだけでもだめ。 :: When I was a kid, touching bugs didn't bother me a bit. Now I can hardly stand looking at pictures of them.
4677	圧縮	あっしゅく	noun	compression	圧縮したファイルを添付で送ってください。 :: Send it to me as a compressed file. || その気体は圧縮されてボンベに詰め込まれた。 :: The gas was compressed into a gas cylinder.
4678	外す	はずす	verb	to remove; to take off; to detach	どうしてリストから私の名前を外したのかしら。 :: I wonder why they left my name off the list. || それをリストから外してください。 :: Leave it off the list.
4679	太鼓	たいこ	noun	drum	彼らは太鼓をずっとたたき続けた。 :: They had been thumping the drum all along. || 少年がその太鼓を叩いていた。 :: A boy was beating the drum.
4680	定める	さだめる	verb	to decide; to determine	８時に学校に行くのは定められたルールです。 :: It is a set rule to go to school at 8 o'clock. || それは法律が定めていることである。 :: It is what the law ordains.
4681	定時	ていじ	noun	fixed time; regular time; scheduled time	嵐のために我々は定時に到着できなかった。 :: The storm prevented us from arriving on time. || あの飛行機は定時に出発できなかった。 :: That airplane was not able to depart at the regular time.
4682	建造	けんぞう	noun	building; construction	その船はかなりの費用をかけて建造された。 :: The ship was built at considerable expense. || 京都には有名な古い建造物がたくさんある。 :: There are many famous old buildings in Kyoto.
4683	弁護	べんご	noun	defense; defence; pleading	僕が過失を犯した時、彼は弁護してくれた。 :: He pleaded for me when I made a blunder. || 彼女は常に自分の信念を弁護している。 :: She always stands up for her convictions.
4684	征服	せいふく	noun	conquest; subjugation	我々は自然を征服することなどできない。 :: We cannot subdue nature. || 私の願いはこの山を征服することである。 :: My wish is to conquer this mountain.
4685	従事	じゅうじ	noun	engaging in (work); pursuing (e.g. studies); following (a profession)	その科学者は原子力の仕事に従事している。 :: The scientist is working on atomic energy. || 当時彼女は、何らかの仕事に従事していた。 :: At that time she was engaged in some sort of work.
4686	愚か	おろか	na-adjective	foolish; stupid; silly	あんな間違いをするなんて私は愚かだった。 :: It was stupid of me to make such a mistake. || 彼に助けを求めるなんて彼女は愚かだった。 :: It was foolish of her to ask him for help.
4687	投与	とうよ	noun	administration (of medicine); giving medication	その医者はどの薬を投与すべきかを決める前に慎重に考える。 :: The doctor thinks carefully before deciding what medicine to give. || 投与する量を減らすことが副作用の危機を減少させるとは考えにくい。 :: It cannot reasonably be assumed that decreasing the dose would reduce the risk of side-effects.
4688	拷問	ごうもん	noun	torture	拷問にかけられて彼は犯していない罪を認めた。 :: The torture made him confess to crimes he had not committed. || 彼は警察で拷問を受けた。 :: He was subjected to torture by the police.
4689	推移	すいい	noun	transition; change; progress	企業倒産は先月も高水準に推移した。 :: Corporate bankruptcies continued at a high level last month.
4690	放射能	ほうしゃのう	noun	radioactivity	放射能が原子力発電所から漏れた。 :: The radioactivity leaked out of the nuclear power plant. || 今回の雨には放射能はない。 :: The rain is radiologically inactive this time.
4691	放映	ほうえい	noun	televising; broadcasting; airing	大統領は来年放映することになっている。 :: The President will be broadcasting next year. || 首脳会談のことは世界中で放映される予定だ。 :: The summit talks are to be broadcast around the globe.
4692	日焼け	ひやけ	noun	sunburn; suntan; tan	日焼けが水ぶくれになりました。 :: My sunburn has started to blister. || 休暇が終わると彼女は真黒に日焼けしていた。 :: She was very brown after her holiday.
4693	未成年	みせいねん	noun	minority (i.e. being under age); minor; underage person	未成年者の喫煙は法律で禁じられている。 :: Minors are prohibited from smoking by law. || 未成年者はたばこを吸うのを禁じられている。 :: Persons under age are prohibited from smoking.
4694	東洋	とうよう	noun	the East; the Orient; (East) Asia	彼は東洋の国々の文化を研究していた。 :: He has studied the cultures of Eastern Countries. || 彼は東洋の神秘に興味を持っていた。 :: He was interested in the mysteries of the Orient.
4695	沼	ぬま	noun	marsh; swamp; wetland	ここに小さな沼があります。 :: There is a small pond here. || その沼にはサギがたくさん住んでいる。 :: Lots of herons live in the marsh.
4696	浮かぶ	うかぶ	verb	to float; to be suspended	彼女に良い考えが寸前のところで浮かんだ。 :: A good idea came across her mind at the last moment. || そのとき突然いいアイディアが浮かんだ。 :: Then all of a sudden a good idea came to me.
4697	満たす	みたす	verb	to satisfy (conditions, one's appetite, etc.); to meet (e.g. demands); to fulfill	彼はサンドイッチと牛乳で空腹を満たした。 :: He satisfied his hunger with a sandwich and milk. || この申し出は、われわれの要求を満たさない。 :: This offer does not meet our requirements.
4698	こぼれる	こぼれる	verb	to spill; to fall out of; to overflow	こぼれたミルクを嘆いても無駄だ。 :: It is no use crying over spilt milk. || コーヒーがこぼれましたよ。 :: You've spilt your coffee.
4699	火事	かじ	noun	fire; conflagration	その火事で生き残ったのは、彼だけだった。 :: He was the only person to survive the fire. || 火事になった時、彼はぐっすり眠っていた。 :: When the fire broke out, he was fast asleep.
4700	甘え	あまえ	noun	overdependence (on others; usu. one's fosterers or seniors); lack of self-reliance; presumed acceptance (of one's behaviour)	甘えは禁物だよ。 :: You shouldn't expect things to be easy.
4701	監査	かんさ	noun	inspection; audit; judgement	会計監査があった。 :: The accounts have been audited.
4702	直径	ちょっけい	noun	diameter	その穴の直径のほうがわずかに大きかった。 :: The diameter of the hole was slightly larger. || その池は直径１００メートルある。 :: The pond is 100 meters in diameter.
4703	破綻	はたん	noun	failure; collapse; breakdown	国の財政は戦争のおかげで破綻している。 :: The nation's finances are bankrupt because of the war. || 彼が失業したので、彼らの結婚生活は破綻した。 :: Because he was unemployed, their wedlock failed.
4704	納税	のうぜい	noun	payment of taxes	納税者は払った金の行方を知る権利がある。 :: Each taxpayer has the right to know where his money goes. || 納税者は政府支出の無駄に怒っている。 :: Taxpayers are angry about wasteful government spending.
4705	細菌	さいきん	noun	bacterium; bacteria; germ	細菌は小さすぎて我々の眼には見えない。 :: Germs are too tiny for our eyes to see. || 細菌が病気を引き起こすことがある。 :: Germs can cause sickness.
4706	繁殖	はんしょく	noun	breeding; propagation; reproduction	バクテリアはアルコールの中では繁殖しない。 :: Bacteria will not breed in alcohol. || ネズミはどんどん繁殖する。 :: Rats breed rapidly.
4707	習得	しゅうとく	noun	learning; acquisition (of a skill, knowledge, etc.)	外国語の習得には多くの忍耐を必要とする。 :: Mastering a foreign language involves a lot of patience. || 彼女はフランス語の習得に熱中している。 :: She is intent on mastering French.
4708	聖堂	せいどう	noun	(Confucian) temple; church; sanctuary	その大聖堂の建立は中世にまでさかのぼる。 :: The cathedral dates back to the Middle Ages. || その聖者が埋葬されている聖堂を多くの人々が訪れた。 :: Many people visited the shrine where the saint lay buried.
4709	視野	しや	noun	field of vision; view	世界経済の回復はまだ視野に入ってこない。 :: Recovery of the world economy is not yet in sight. || 我々はその問題を広い視野に立って見るべきだ。 :: We should try to look at the wider problem.
4710	触る	さわる	verb	to touch; to feel; to handle	絶対にそのスイッチに触ってはいけない。 :: On no account must you touch that switch. || その鍋に触らないで。すごく熱いから。 :: Don't touch that pan! It's very hot.
4711	諦める	あきらめる	verb	to give up; to abandon (hope, plans); to resign oneself (to)	希望がなくなったから諦めたのではなかった。 :: I didn't give up for lack of hope. || すぐに諦めて昼寝をするかも知れない。 :: I may give up soon and just nap instead.
4712	近づく	ちかづく	verb	to approach; to draw near; to get close	ひどい風邪なので私に近づかないで下さい。 :: Keep away from me because I have a bad cold. || 一人の少女が群衆の中から王様に近づいた。 :: A girl approached the king from among the crowd.
4713	迫る	せまる	verb	to approach; to draw near; to be imminent	日本は外交政策の変更を迫られてきている。 :: Japan has been urged to alter her diplomatic policies. || 世界的な危機がすぐそこまで迫っている。 :: A global crisis is at hand.
4714	退治	たいじ	noun	extermination; elimination; eradication	われわれは彼の家のねずみを退治した。 :: We rid his house of mice. || この薬はごきぶりを退治するのに効果的だ。 :: This poison is very effective in getting rid of roaches.
4715	進展	しんてん	noun	progress; development	十分に議論したあとで具体的な計画が進展した。 :: A concrete plan evolved after much discussion. || 交渉はほとんど進展しなかった。 :: The negotiations made little progress.
4716	遠隔	えんかく	noun	distant; remote; isolated	彼は遠隔地を旅するのを楽しんでいる。 :: He enjoys exploring remote areas.
4717	野外	やがい	noun	outdoors; outside; open air	野外コンサートは嵐のために中止になった。 :: The outdoor concert was canceled due to the storm. || 夏には、私たちは野外スポーツを楽しみます。 :: In summer, we enjoy outdoor sports.
4718	金利	きんり	noun	interest rate; interest	金利が低下したことが自動車の市場を刺激した。 :: Falling interest rates have stimulated the automobile market. || 米国連邦準備銀行は金利を引き下げました。 :: The Federal Reserve slashed interest rates.
4719	開店	かいてん	noun	opening a new shop	その新しいスーパーは先月開店した。 :: The new supermarket was opened last month. || 新しい支店が来月シカゴに開店する。 :: A new branch will be opened in Chicago next month.
4720	あっさり	あっさり	adverb	easily; readily; quickly	その要求はあっさり拒絶された。 :: The demand was summarily rejected. || 彼はその問題をあっさり解いた。 :: He solved the difficult problem easily.
4721	うつ	うつ	noun	depression; low spirits	うつ伏せになってください。 :: Please lie on your stomach.
4722	くだらない	くだらない	i-adjective	trivial; trifling; insignificant	こんなくだらない質問をする勇気はないよ。 :: I don't dare ask such a silly question. || 生徒たちはくだらない質問で先生を困らせた。 :: The students bothered the teacher with silly questions.
4723	ふさわしい	ふさわしい	i-adjective	appropriate; adequate; suitable	その映画はどんな年齢の人にもふさわしい。 :: That movie is suitable for people of all ages. || 彼の演説はその場にふさわしいものだった。 :: His speech was suitable for the occasion.
4724	カプセル	かぷせる	noun	capsule	このカプセルは食後３０分以内に飲んでください。 :: Take this capsule within thirty minutes of each meal. || 食後に２カプセル飲みなさい。 :: Take two capsules after a meal.
4725	カメラマン	かめらまん	noun	photographer	あそこのあのカメラマンはどこの国の人ですか。 :: What's the nationality of that cameraman over there? || 彼は大学卒業後カメラマンになった。 :: He became a cameraman after he graduated from college.
4726	シチュエーション	しちゅえーしょん	noun	situation	男子学生同士が相合傘か、なかなかオツなシチュエーションだな。 :: Two male school pupils sharing an umbrella? That's quite a queer situation.
4727	スピーカー	すぴーかー	noun	speaker	彼女はいわば歩くスピーカーだ。 :: She is, as it were, a walking speaker. || おかしいな、スピーカーがガーガーいってるよ。 :: That's funny. The speaker is crackling.
4728	セクハラ	せくはら	noun	sexual harassment	同性をセクハラで訴えることできないのかしら。 :: I wonder if you can sue someone of the same sex for sexual harassment? || 女性の権利を主張する団体はセクハラ問題を追求しています。 :: Women's rights groups are going after sexual harassment.
4729	ティッシュ	てぃっしゅ	noun	tissue; facial tissue	ティッシュを持ってきて。 :: Bring me the Kleenex.
4730	ネックレス	ねっくれす	noun	necklace	その婦人は真珠のネックレスをかけていた。 :: The lady wore a necklace of pearls. || 妹の誕生日に真珠のネックレスを贈った。 :: I gave my sister a pearl necklace on her birthday.
4731	パンダ	ぱんだ	noun	panda	一度だけ、パンダを見たことがあるよ。 :: I have seen a panda once. || 私は、その時まで、パンダを見たことはなかった。 :: I had never seen a panda till that time.
4732	ベルギー	べるぎー	noun	Belgium	ベルギーの首都を知っていますか。 :: Do you know the capital of Belgium? || ベルギーでは何語を話しますか。 :: What languages do they speak in Belgium?
4733	マイクロ	まいくろ	noun	minibus	マイクロ波はオーブンの中の食物を突き抜ける。 :: Microwaves penetrate the food in the oven.
4734	モザイク	もざいく	noun	mosaic	局部には必ずモザイクをかけて下さい。 :: Please ensure the genitals are obscured by a mosaic effect.
4735	リトル	りとる	na-adjective	little	彼はリトル・ジョンと呼ばれる大男だった。 :: He was a big man called Little John.
4736	レーダー	れーだー	noun	radar	その船にはレーダーが装備されていた。 :: The boat was equipped with radar. || その船はレーダーを備え付けていない。 :: The ship is not equipped with radar.
4737	付き合う	つきあう	verb	to associate with; to keep company with; to go out with	信頼に足りると思う人と付き合うべきです。 :: You should associate with people who you believe are trustworthy. || 僕はこの３年間彼女だけと付き合っている。 :: I've been going steady with her for three years.
4738	出血	しゅっけつ	noun	bleeding; haemorrhage; hemorrhage	出血を止めるためにどうにかしなければならない。 :: Something has to be done to stop the bleeding. || 彼の負傷した脚がまた出血を始めた。 :: His wounded leg began to bleed again.
4739	別人	べつじん	noun	different person; another person; someone else	厳しいしつけでその子は別人のようになった。 :: Discipline transformed the child. || 彼は昔と比べるとまるで別人のようだ。 :: He looks like a completely different person to what he was before.
4740	利点	りてん	noun	advantage; point in favor; point in favour	大都市に住むことには多くの利点がある。 :: Living in a large city has many advantages. || 我々の計画には他にも多くの利点がある。 :: Our plan has many additional advantages.
4741	助言	じょげん	noun	advice; counsel; suggestion	トニーは私たちに役に立つ助言を１つした。 :: Tony gave us a piece of helpful advice. || 医師は健康について我々に助言してくれる。 :: Doctors advise us on our health.
4742	医薬品	いやくひん	noun	medical and pharmaceutical products; medicinal supplies; drugs	ボランティアグループの人達は戦争被害者に食料と医薬品を配っている。 :: The volunteer group provides war victims with food and medicine.
4743	原爆	げんばく	noun	atomic bomb; A-bomb	全世界が１回の原爆戦で破壊されよう。 :: The whole world could be destroyed by an atomic war. || 原爆は人類にとって重大な脅威だ。 :: The atomic bomb is a grave threat to mankind.
4744	反論	はんろん	noun	objection; refutation; rebuttal	彼には彼女に反論する立派な言い分がある。 :: He has a good case against her. || 彼は提案に対するいかなる反論もただ排除した。 :: He just brushed aside any objections to the proposal.
4745	叫ぶ	さけぶ	verb	to shout; to cry (out); to scream	「これが探していたものだ」と彼は叫んだ。 :: This is what I was looking for! he exclaimed. || 「動くな、全員！」と銀行強盗は叫んだ。 :: The bank robber shouted, "Stay where you are, all of you!"
4746	名刺	めいし	noun	business card	これが私の名刺です。 :: Here's my card. || 彼は名刺を出した。 :: He presented his card.
4747	吐く	はく	verb	to vomit; to throw up; to spit up	息を深く吸ったり吐いたりしてください。 :: Take a deep breath in and out, please. || 紳士なら、道につばなど吐かないだろう。 :: A gentleman would not spit on the street.
4748	呼び出し	よびだし	noun	call; summons; paging	呼び出しをお願いします。 :: I'd like to page someone.
4749	堪能	たんのう	na-adjective	proficient; skilled; skillful	ファン・ドーゲンの展覧会を十分堪能してきたよ。 :: I thoroughly enjoyed myself at the Van Dorgen Exhibition. || 英会話に堪能になりたかったら、根気よく続けてやらないと駄目だ。 :: If you want to be fluent in English, you've got to keep at it.
4750	塗る	ぬる	verb	to paint; to spread; to plaster	あなたは何時壁を塗ってもらったのですか。 :: When did you have your wall painted? || その家は父によってペンキが塗られていた。 :: The house was being painted by my father.
4751	外観	がいかん	noun	outward appearance; exterior appearance; outward show	問題は、その本質よりもむしろ外観である。 :: The question is not so much what it is as how it looks. || 人の価値はその人の外観とは無関係だ。 :: A man's worth has nothing to do with his appearance.
4752	大嫌い	だいきらい	na-adjective	hating; strongly disliking	彼は自分自身に似た連中が大嫌いだった。 :: He hated his own kind. || 彼は車が大好きだが、逆に弟は車が大嫌いだ。 :: He loves cars, while his brother hates them.
4753	小山	こやま	noun	hill; knoll	あいつは小山の大将だった。 :: He was the cock of the walk.
4754	屋上	おくじょう	noun	rooftop	青空を見たくなったら、屋上に行きます。 :: I go up to the rooftop when I want to see the blue sky. || 屋上からは、何マイルも見渡せる。 :: You can see for miles from the roof.
4755	巡る	めぐる	verb	to go around; to make a circle around	彼は自分の将来について思い巡らせていた。 :: He has been speculating on his future. || 春が再び巡ってくることを楽しみにしています。 :: I'm looking forward to the return of spring.
4756	平等	びょうどう	noun	equality; impartiality; evenness	人は生まれながらに平等といえるだろうか。 :: Is it valid to say that all men are created equal? || 女性は男性との機会の平等を要求している。 :: Women want equality of opportunity with men.
4757	強度	きょうど	noun	strength; intensity	その板は重さに堪えるに十分な強度がある。 :: The board is strong enough to bear the weight. || この金属は強度では鉄に匹敵する。 :: This metal is comparable to iron in strength.
4758	恨み	うらみ	noun	resentment; grudge; malice	彼はなんとなく僕に恨みをもっているようだ。 :: I don't know why, but he seems to have it in for me. || 君にはなんの恨みもない。 :: I bear no grudge against you.
4759	持てる	もてる	verb	to be able to possess (hold, get, etc.)	彼の行動にどの程度まで責任が持てますか。 :: To what extent can you answer for his deed? || その競技で彼は持てる能力のすべてを発揮した。 :: In the contest he fully displayed what ability he had.
4760	指す	さす	verb	to point	彼女はどちらの医者を指したのか分からない。 :: I don't know which doctor she meant. || その言葉は大人だけでなく子供も指す。 :: The word refers to not only adults but also children.
4761	指令	しれい	noun	order; directive; instructions	消防隊は指令を受けてから５分以内で現場に来ていた。 :: The fire brigade was on the scene within five minutes of receiving the call. || 戦勝国は敗戦国に講和条件を指令した。 :: The victorious country dictated the terms of peace to the defeated country.
4762	捕獲	ほかく	noun	capture; seizure	私たちは、昨日、森に行き、２頭の鹿を捕獲した。 :: We went hunting in the forest and caught two deer yesterday. || 毛皮のコートのために動物を罠で捕獲するのは残酷なことだ。 :: I think it is cruel to trap animals for fur coats.
4763	教養	きょうよう	noun	(understanding or appreciation of) culture; (one's) education; cultivation	教養の点では彼らは野蛮人と同じ程度だ。 :: In culture, they are on the same plane as savages. || 彼は言葉の真の意味において教養のある人だった。 :: He was in the true sense of the word cultured.
4764	日光	にっこう	noun	sunlight; sunshine; sunbeams	その子はあまりにも長く日光にさらされた。 :: She was left in the sun too long. || その部屋には日光がさんさんと注いでいた。 :: The room was bathed in sunshine.
4765	望み	のぞみ	noun	wish; desire; hope	彼はそれができるという望みを抱いている。 :: He entertains some hope of accomplishing it. || いちばんお望みのものが手に入りますよ。 :: You will obtain your greatest desire.
4766	柔道	じゅうどう	noun	judo	柔道では力より技のほうが大切である。 :: In judo, technique is more important than strength. || 私に柔道を教えてください。 :: Teach judo to me.
4767	機密	きみつ	noun	secrecy; highly classified information	彼の秘書は、機密情報は一切漏らしていないと明言した。 :: His secretary flatly denied leaking any confidential information. || あそこの会社から技術情報をもらうには、まず機密保持契約を結ばなければいけない。 :: To get technical information from that company, we first have to sign a non-disclosure agreement.
4768	洗う	あらう	verb	to wash; to cleanse; to rinse	あなたは食後に皿を洗う必要はありません。 :: You need not wash the dishes after meals. || お父さんは今朝からずっと車を洗っている。 :: My father has been washing his car since this morning.
4769	溝	みぞ	noun	ditch; drain; gutter	溝を掘り終えたら花を植えるのは簡単だよ。 :: After we finish digging the trench, planting the flowers will be easy. || 太った男が浅い溝を飛び越えて、よろけた。 :: The stout man leaped over the shallow ditch and stumbled.
4770	無茶	むちゃ	na-adjective	absurd; unreasonable; ridiculous	冬にその山に登るなんて彼は無茶だ。 :: He'd be crazy to climb the mountain in winter. || 無茶しなければよかった。 :: I shouldn't have overdone it.
4771	焦点	しょうてん	noun	focus; focal point	この章ではその惑星の謎に焦点をあてます。 :: This chapter will focus on the riddles of the planets. || その花にカメラの焦点を合わせてください。 :: Focus your camera on the flower.
4772	焼く	やく	verb	to burn	全身が焼き尽くされるような感じがした。 :: I felt a burning sensation all over. || 彼らはワープロにいつも手を焼いている。 :: They're always having trouble with their word processor.
4773	直ちに	ただちに	adverb	at once; immediately; right away	彼女は仕事が終わって直ちに事務所を出た。 :: She left the office immediately after work. || 彼は直ちにこの部屋を出て行けと命じた。 :: He ordered me to leave the room at once.
4774	知性	ちせい	noun	intelligence	彼は生まれながらに知性と美に恵まれていた。 :: Nature endowed him with wit and beauty. || エジソンの成功は知性と勤勉との結果でもある。 :: We attribute Edison's success to intelligence and hard work.
4775	短期間	たんきかん	noun	short term; short time	短期間で英語を習得することはできない。 :: You can not master English in a short time. || 英語を短期間にマスターすることは不可能です。 :: It is impossible to master English in a short time.
4776	突き	つき	noun	thrust; stab; lunge	警察は車の持ち主を何とか突きとめることができた。 :: The police managed to track down the owner of the car. || 廊下の突き当たりで火事が起きました。 :: There's a fire down the hall.
4777	精	せい	noun	spirit; sprite; nymph	仕事に精を出さない限り成功しないでしょう。 :: You won't succeed unless you attend to your work. || 彼女はせっせと編み物に精を出していた。 :: She was busy with her knitting.
4778	給食	きゅうしょく	noun	provision of lunch (e.g. at office, school, etc.); providing a meal; lunch service	その村は学校給食を廃止しようとした。 :: The village tried to do away with school meals. || 彼は給食を食べに行くという趣旨のメモを残した。 :: He left a note to the effect that he was going out for lunch.
4779	糸口	いとぐち	noun	beginning; start; first step	わずかなヒントを糸口にして、正しいこたえを見つけた。 :: He took a slight hint as the start and found the correct answer. || 考古学者とは昔の民族の生活様式についての糸口を捜し求める人達である。 :: Archaeologists are those who hunt for clues about the lifestyles of ancient peoples.
4780	肝臓	かんぞう	noun	liver	脳は肝臓や肺とは違っていた。 :: The brain was not like the liver or the lungs. || この薬は肝臓に効く。 :: These pills act on the liver.
4781	肯定	こうてい	noun	affirmation	彼は私の質問に肯定的な答えをしてくれた。 :: He gave a positive answer to my question. || 彼は肯定的な答えを出した。 :: He made a positive answer.
4782	落選	らくせん	noun	failing to be elected; election defeat; losing an election	彼は私たちの予想に反して落選した。 :: He failed to get elected contrary to our expectation. || 彼は組んだ下位候補者が悪かったので落選しました。 :: He was dropped because of his running mate.
4783	血管	けっかん	noun	blood vessel; vein	血は血管の中を流れる。 :: Blood runs in the veins. || 切れた血管から血がどくどくと流れ出た。 :: Blood poured from the cut vein.
4784	補償	ほしょう	noun	compensation; reparation	政府は損害を補償しなければならなかった。 :: The government had to make up for the loss. || 保険会社は彼女の損失を補償するだろう。 :: The insurance company will compensate her for the loss.
4785	議席	ぎせき	noun	parliamentary seat	与党は５時現在で５０議席確保している。 :: The ruling party has secured 50 seats as of 5 o'clock. || 彼は国会に議席をもっている。 :: He has a seat in the Diet.
4786	負荷	ふか	noun	burdening; bearing; shouldering	言うまでもなく、サーバの負荷が増大してしまうのです。 :: Obviously, the server load will increase as a result. || 部分一致検索はサーバーに負荷がかかるから、やめたほうがいいね。 :: You shouldn't do partial-word searches, since they put a lot of strain on the server.
4787	達人	たつじん	noun	master; expert	彼女はタイプの達人だ。 :: She is an expert typist. || 彼は水泳の達人だ。 :: He is adept in swimming.
4788	部署	ぶしょ	noun	one's post; one's station; department	その資料はこの部署にはありません。 :: Our department doesn't have that information. || 代表の人間が彼らの部署の誰であろうと、大切に扱え。 :: Whoever the representative is from their division, treat him well.
4789	酢	す	noun	vinegar	酢はすっぱい味がする。 :: Vinegar has a sharp taste.
4790	間隔	かんかく	noun	space; interval	バスはどれくらいの間隔で走っていますか。 :: How often do the buses run? || その木は３０メートル間隔で植えられている。 :: The trees are planted at intervals of thirty meters.
4791	電撃	でんげき	noun	electric shock	そのショーは電撃的ヒットだった。 :: The show was an electrifying hit.
4792	くじ	くじ	noun	lottery; lot; raffle	くじを引いて誰が最初か決めよう。 :: Let's draw lots to decide who goes first. || くじで誰が勝ちか決めよう。 :: Let's decide the winner by lot.
4793	みかん	みかん	noun	mandarin (esp. the satsuma mandarin (Citrus unshiu)); mandarin orange; tangerine	彼らはリンゴ、みかん、卵などを売っている。 :: They sell apples, oranges, eggs, and so on. || そのみかんは中が腐っているようだ。 :: The orange appears rotten inside.
4794	アプリケーション	あぷりけーしょん	noun	application; application software	下記のｑｕｉｔコマンドを使うとアプリケーションを終了させることが出来ます。 :: If you use the quit command noted below, you can make the application exit.
4795	オペラ	おぺら	noun	opera	太った女性が歌うまでオペラは終わらない。 :: The opera ain't over till the fat lady sings. || 私は彼女がオペラを歌うのにうっとりした。 :: I was fascinated by her opera singing.
4796	ギャンブル	ぎゃんぶる	noun	gambling	彼の破滅をもたらしたのはギャンブルだった。 :: It was gambling that brought about his ruin. || ギャンブルで味を占めるとなかなか止められない。 :: Once you get the taste for gambling, it's hard to give it up.
4797	サンフランシスコ	さんふらんしすこ	noun	San Francisco	あなたはサンフランシスコが好きですか。 :: Do you like San Francisco? || サンフランシスコってとてもきれいな町だね。 :: What a beautiful city San Francisco is!
4798	セミナー	せみなー	noun	seminar	とてもいいわ、今日の歴史のセミナーには行ったの？ :: Pretty good. Did you go to today's history seminar? || あなたがこのセミナーに参加してくださること願っています。 :: We hope that you will be able to join us at this seminar.
4799	チャージ	ちゃーじ	noun	charge (electrical); recharging	ルームチャージは一晩１００ドルです。 :: The room charge is 100 dollars a night.
4800	デザート	でざーと	noun	dessert	私はデザートを食べるのをあきらめました。 :: I gave up eating dessert. || 食事の最後にすばらしいデザートがでた。 :: A fine dessert finished the meal.
4801	不十分	ふじゅうぶん	na-adjective	insufficient; inadequate; imperfect	その給料では６人家族を養うには不十分だ。 :: The pay is not adequate for a family of six. || 雑貨店を経営するには資金が不十分だ。 :: The funds are not sufficient for running a grocery.
4802	作動	さどう	noun	operation; functioning; running	それがどのように作動するかが良く分かった。 :: I gained a clear picture of how it works. || このコンピューターは電池で作動する。 :: This computer runs on batteries.
4803	倒産	とうさん	noun	(corporate) bankruptcy; insolvency; commercial failure	その企業が倒産するという噂が広まっている。 :: There's a rumor in the air that the firm is going into bankruptcy. || その会社は今にも倒産しようとしている。 :: The company is on the verge of bankruptcy.
4804	先祖	せんぞ	noun	ancestor; forefather; foremother	うちの先祖には有名な人がいく人かいる。 :: Our family has some distinguished ancestors. || 彼らの着物は私達の先祖のものによく似ている。 :: Their clothes are quite like those of our ancestors.
4805	出資	しゅっし	noun	investment; contribution; financing	私達は５０％以上の出資をしている。 :: We have a majority interest in the company. || 彼らは出資を切り詰めるでしょう。 :: They will cut down on their expenses.
4806	原料	げんりょう	noun	raw materials; ingredient	日本は中国から原料を輸入し完成品を輸出する。 :: Japan imports raw materials from China and exports finished products to it. || 日本は原料を輸入に頼っている。 :: Japan depends on imports for raw materials.
4807	収納	しゅうのう	noun	storage; putting away	アンディーは自分のシャツを収納室に掛けた。 :: Andy hung his shirt up in the closet.
4808	売春	ばいしゅん	noun	prostitution	売春宿から出てきたところを友人に見られてばつが悪かった。 :: As I left the brothel, I was embarrassed to be seen by my friends.
4809	壺	つぼ	noun	pot; jar; vase	私は彼がその箱から何か壺のようなものを取り出すのを見た。 :: I saw him take out something like a pot from the box.
4810	大尉	たいい	noun	captain (Army, US Marine Corps, USAF); lieutenant (Navy); flight lieutenant (RAF, RAAF, RNZAF, etc.)	その大尉はうまく部隊を指揮している。 :: That captain handles his troops well. || 彼は大尉以上の者を全員招集した。 :: He called together everyone who was a captain and above.
4811	大気	たいき	noun	atmosphere; air	その都市は大気汚染がひどいことで有名だ。 :: The city is notorious for its polluted air. || 大気汚染のために育たなくなった植物もある。 :: Air pollution prevents some plants from growing well.
4812	大物	おおもの	noun	important person; influential figure; big shot	スミスさんは自分のことを大物だと思っている。 :: Mr Smith thinks that he's a big shot. || 彼は大物政治家になるという野心を忘れたことはなかった。 :: He never forgot his ambition to become a great statesman.
4813	始動	しどう	noun	starting (a machine, engine, etc.)	寒い朝に車を始動させることは難しい。 :: It's difficult to get the car going on cold mornings. || 機械を始動するには、このボタンを押しなさい。 :: Press this button to start the machine.
4814	安価	あんか	na-adjective	low-priced; cheap; inexpensive	この車は彼が買えるほど安価だった。 :: This car was cheap enough for him to buy. || 安価な簡易住宅を提供します。 :: We offer low-cost prefabricated houses.
4815	密か	ひそか	na-adjective	secret; private; surreptitious	これらの商品は密かに海外から輸入された。 :: These goods were imported from abroad in secret. || 彼は密かに遊びたいと思っている。 :: He has a secret desire to play.
4816	小川	おがわ	noun	stream; brook; creek	「小川さんはいつ来たか」「１０分ほど前だ」 :: When did Mr Ogawa arrive? "Ten minutes ago." || 馬に乗ってこの小川を飛び越えてみよう。 :: I'll try to jump over this stream on a horse.
4817	居場所	いばしょ	noun	whereabouts; place; location	どうして私が彼の居場所を知っていようか。 :: How should I know where he is? || 彼の居場所が分かっていればなあ。 :: I wish I knew where he was!
4818	市販	しはん	noun	putting on the market; putting on sale; making commercially available	これらは市販されている最も上等のかばんだ。 :: These are the best bags on the market. || 新型は来年はじめ市販される見込みです。 :: The new model is expected to be put on the market early next year.
4819	役目	やくめ	noun	duty; role; function	彼らのめんどうをみるのはあなたの役目だ。 :: It is your business to take care of them. || 彼はこの役目を大きなチャンスと考えていた。 :: He looked on this role as his big chance.
4820	復元	ふくげん	noun	restoration (to the original state or location); reconstruction; restitution	その塔を復元してはどうかと提案された。 :: It was suggested that the tower be restored.
4821	応答	おうとう	noun	reply; answer; response	私は応答を待ったが、誰も出なかった。 :: I waited for the answer but nobody answered. || 私の質問には何の応答もなかった。 :: There was no response to my question.
4822	急激	きゅうげき	na-adjective	sudden; abrupt; rapid	その会社は急激な変化に対処できなかった。 :: The company couldn't cope with sudden changes. || 温度の急激な変化に順応するのは困難である。 :: It is difficult to adapt oneself to sudden changes of temperature.
4823	愛人	あいじん	noun	lover; mistress	ここだけの話だが、彼には愛人がいる。 :: Between ourselves, he keeps a mistress. || 彼は、貴方の愛人です。 :: He is your lover.
4824	手動	しゅどう	noun	manual (operation)	コンピューターのキーボードの操作は、手動タイプライターほど努力を要しない。 :: The operation of a computer keyboard requires less effort than that of a manual typewriter.
4825	手帳	てちょう	noun	notebook; memo pad; (pocket) diary	老人は私の手帳を見て、微笑みかけました。 :: The old man saw my notebook and smiled at me. || 手帳にお名前を書いていただけませんか。 :: Would you write your name in my notebook?
4826	控えめ	ひかえめ	na-adjective	moderate; reserved; modest	たくさん作っても捌ききれないから、控えめにね。 :: If you make too many, we won't be able to sell them all, so don't go wild.
4827	昼寝	ひるね	noun	(afternoon) nap; sleeping during the day; siesta	彼は昼寝をして睡眠不足を補おうとした。 :: He tried to make up for his lack of sleep by taking a nap. || 私はよく日曜日に昼寝をしたものだった。 :: I would often take naps on Sundays.
4828	景気	けいき	noun	business conditions; the market; economic activity	景気はますます悪い方へ向かうばかりである。 :: Business keeps going from bad to worse. || きっと、その政策は景気を今以上に後退させる。 :: The policy is bound to drive the economy into further recession.
4829	柔軟	じゅうなん	na-adjective	flexible; lithe; soft	私の身体は以前ほど柔軟ではない。 :: My body is not so flexible as it used to be. || 考え方は柔軟でなければならない。 :: You must be flexible in your thinking.
4830	検察	けんさつ	noun	criminal investigation; prosecution	検察側は被告が子供を誘拐したと激しく非難した。 :: The prosecution condemned the defendant for kidnapping a child.
4831	模型	もけい	noun	model; dummy; maquette	君のために模型飛行機を作ってあげよう。 :: I'll make a model plane for you. || 私の趣味は模型飛行機をつくることです。 :: My hobby is making model planes.
4832	残酷	ざんこく	na-adjective	cruel; brutal; ruthless	彼が彼女にそんなことを言ったとは残酷だ。 :: It was cruel of him to say such things to her. || 残酷ということは彼の性質にはないことだ。 :: Cruelty is quite alien to his nature.
4833	気圧	きあつ	noun	atmospheric pressure; air pressure	飛行機でお酒飲むと、気圧のせいか酔いやすい。 :: Maybe it's the low air pressure that means you get drunk more easily on planes. || 例えば、温度計や気圧計などの計器は器具です。 :: For instance, gauges, such as thermometers and barometers, are instruments.
4834	気象	きしょう	noun	weather (conditions)	ここ何年か異常気象がつづいている。 :: We've been having strange weather the past few years. || 環境汚染は、異常な気象状況を引き起こしている。 :: Environmental pollution is causing abnormal weather conditions.
4835	無理やり	むりやり	adverb	forcibly; by force; against one's will	彼らは彼を無理やり彼らの意見に従わせた。 :: They forced him to give in to their opinion. || 彼は無理やり私にその書類に署名させたのです。 :: He made me sign the paper against my will.
4836	生地	きじ	noun	cloth; fabric; material	このカーテンはすばらしい生地で出来ている。 :: This curtain is made of fine material. || この生地でスカートを作ろうと思っています。 :: I'm going to make this material into a skirt.
4837	申告	しんこく	noun	report; return (e.g. tax); statement	申告するものは何も持っていません。 :: I don't have anything to declare. || なにか申告するものがありますか。 :: Do you have anything to declare?
4838	疑う	うたがう	verb	to doubt; to distrust; to be suspicious of	彼を疑うなんて私には思いもよらなかった。 :: It never occurred to me to doubt him. || 彼女の美しさに関しては、疑う余地がない。 :: There is no doubt as to her beauty.
4839	疲れる	つかれる	verb	to get tired; to tire; to get fatigued	あなたは疲れているので、休んだ方がよい。 :: As you are tired, you had better take a rest. || その日の仕事の後、私はへとへとに疲れた。 :: After the day's work, I was tired to death.
4840	眠る	ねむる	verb	to sleep	いつも本を読んでいるうちに眠ってしまう。 :: I always read myself to sleep. || しかし、赤ん坊の様にぐっすり眠りました。 :: But he slept like a baby.
4841	空中	くうちゅう	noun	(in) the air; midair; sky	葉が空中でぐるぐる回っていた。 :: Leaves were whirling in the air. || ブーメランは音を立てて空中を飛んだ。 :: The boomerang hurtled whistling through the air.
4842	紛争	ふんそう	noun	dispute; conflict; trouble	私たちはその紛争を解決することができた。 :: We succeeded in settling the dispute. || 関係諸国は平和的手段で紛争を解決した。 :: The countries concerned settled the dispute by peaceful means.
4843	肺	はい	noun	lung	喫煙と肺ガンには関連があるのでしょうか？ :: Is there a link between smoking and lung cancer? || あの男は一週間前に肺ガンで死んだ。 :: That man died of lung cancer a week ago.
4844	複合	ふくごう	noun	composite; combined; complex	研究者は頭脳の新しい受容器の複合体を識別する。 :: Researchers Identify New Receptor Complex in Brain
4845	諸島	しょとう	noun	archipelago; group of islands	スペインは昔フィリピン諸島統治していた。 :: Spain once governed the Philippine Islands. || さらにインド洋のモルジブ諸島の中には、完全に水没する島も出ることが予想される。 :: And in the Indian Ocean, some islands of the Maldives will disappear completely beneath the water.
4846	豪雨	ごうう	noun	torrential rain; heavy rain; cloudburst	豪雨のために、野菜の値段が急激に上がった。 :: Thanks to the heavy rain, vegetable prices rose sharply. || 豪雨にもかかわらず、彼は入院中の友人を見舞った。 :: In spite of the heavy rain, he visited his friend in hospital.
4847	起用	きよう	noun	appointment (to a position, job, etc.); being used for a role; promotion	最終回にピンチヒッターが起用された。 :: A pinch hitter was brought into action in the last inning.
4848	通訳	つうやく	noun	interpretation (i.e. oral translation)	ホワイト博士が我々の通訳をして下さった。 :: Dr. White acted as our interpreter. || 彼女は通訳として働くことを強く望んでいる。 :: She has a strong wish to work as an interpreter.
4849	郊外	こうがい	noun	suburb; residential area on the outskirt of a city; commuter belt	彼の一家は、郊外の新しい家に引っ越した。 :: His family moved into a new house in the suburbs. || 彼は家を建てるために郊外に土地を買った。 :: He has bought a lot in the suburbs with a view to building a house.
4850	都心	としん	noun	city centre (esp. of Tokyo); heart of a city; downtown area	彼はその商売を都心に集中した。 :: He centered his business on the metropolitan area. || 都心では高層ビルが雨後のたけのこのように増えている。 :: High rises are mushrooming in the heart of the city.
4851	難い	かたい	i-adjective	difficult; hard	私は彼の墓を立ち去り難かった。 :: I hesitated to leave his grave. || これらの患者には外科的な処置だけでは十分とは言い難い。 :: For these patients, surgical treatment is far from being satisfactory.
4852	革	かわ	noun	leather	あのサッカーボールは本物の革でできている。 :: That football is made of genuine leather. || その靴は革に似た何か柔らかい材料で出来ていた。 :: The shoes were made of some soft stuff that looked like leather.
4853	麦	むぎ	noun	wheat; barley; oat (oats)	その農民は畑に麦の種をまいた。 :: The farmer sowed his field with wheat. || 家中が力を合わせて麦の刈入れをしました。 :: The whole family helped harvest the wheat.
4854	いらっしゃる	いらっしゃる	verb	to come; to go; to be (somewhere)	君の都合のよいときに遊びにいらっしゃい。 :: Come and see me when it is convenient for you. || あなたがいらっしゃるので私たちはうれしい。 :: We are glad you are coming.
4855	すっきり	すっきり	adverb	refreshingly; with a feeling of relief; pleasantly	一杯のコーヒーを飲んだら頭がすっきりした。 :: A cup of coffee cleared my head. || それからすっきりきれいにしてくれ。 :: Then clean it really well.
4856	すり	すり	noun	pickpocket	父はバスの中で財布をすりにやられた。 :: Father had his wallet picked in the bus. || 電車の中ですりにやられちゃったんだ。 :: I had my pocket picked on the train.
4857	わら	わら	noun	straw	わらの男でも金の女の値打ちがある。 :: A man of straw is worth a woman of gold. || あのわらは火が付きやすい。 :: That straw catches fire easily.
4858	アタック	あたっく	noun	attack	彼女はいつも何か新しいことにアタックしている。 :: She always tries something new. || 彼らは山頂にアタックしました。 :: They made an assault on the summit.
4859	カラス	からす	noun	crow (Corvus spp.); raven	最近、あらゆる所でカラスを見かける。 :: Lately, we see crows everywhere. || マリア・カラスは有名なオペラ歌手でした。 :: Maria Callas was a famous opera singer.
4860	ガーデン	がーでん	noun	garden	ガーデンフェンスを至急配達して下さい。 :: We require the garden fences for immediate delivery. || 天候が悪いために、ガーデンパーティーは取りやめになった。 :: Owing to the bad weather, the garden party was called off.
4861	タブ	たぶ	noun	tab (character, key)	ああ、バスタブ付きがいいな。 :: Oh, a bath, please.
4862	テント	てんと	noun	tent	その夜、彼女はテントの中では寒さに震えた。 :: Inside the tent that night she shivered with cold. || テントを組み立てるのに３０分かかった。 :: It took us half an hour to set up the tent.
4863	ブーツ	ぶーつ	noun	boots; boot	私はスキーのブーツを１足買いたい。 :: I want to buy a pair of ski boots. || 彼はブーツの泥をこすり落とした。 :: He scraped the mud off his boots.
4864	ポテト	ぽてと	noun	potato	ステーキにポテトをつけてください。 :: I would like a steak with a baked potato. || 夏は冷たいポテトサラダがいいな。 :: I like cold potato salad in the summertime.
4865	マレーシア	まれーしあ	noun	Malaysia	マレーシアは１９５７年に誕生した。 :: Malaysia came into existence in 1957. || 水をマレーシアから買わなくてはならないのです。 :: We have to buy water from Malaysia.
4866	一人暮らし	ひとりぐらし	noun	living by oneself; living alone	私の祖母は健康で、一人暮らしをしている。 :: My grandmother is in sound health and lives alone. || 彼はまだ一人暮らしできるほどの年ではない。 :: He is not old enough to live alone.
4867	一周	いっしゅう	noun	one round; one circuit; one revolution	可能ならば私は世界一周旅行をしてみたい。 :: I want to go on a journey around the world if possible. || 彼は一人で８０日で世界一周の旅をしてきた。 :: He has traveled around the world in eighty days by himself.
4868	三角	さんかく	noun	triangle; triangular shape	多くの人間にとって三角関数を学ぶことは無意味であるように思える。 :: I think that for many people learning the trigonometric functions is meaningless. || あのー、先生？黒板に書いてあるの、指数関数じゃなくて三角関数ですけど・・・。 :: Er, Sir? What's written on the blackboard isn't an exponential function but a trigonometric one ...
4869	上回る	うわまわる	verb	to exceed (esp. figures: profits, unemployment rate, etc.); to surpass; to be more than	僕の学校の成績は平均をかなり上回ってきた。 :: My work at school was well above average. || 彼の出費は収入をはるかに上回っている。 :: His expenses exceed his income by far.
4870	上院	じょういん	noun	upper house; upper legislative chamber; senate	英国と違って米国の上院は選挙で選ばれる。 :: Unlike Great Britain, the Upper House in the United States is an elected body. || その問題で上院議員の意見が分かれた。 :: The issue divided the senators.
4871	併用	へいよう	noun	combined use; using together (with); using jointly	金銭的に余裕があるのなら併用しても構わないが催眠だけで、十分に効果がある。 :: If you have the money, then you may use it with other treatments, but the results from hypnotism alone should be plenty.
4872	信念	しんねん	noun	belief; faith; conviction	正直が最良の策であるというのが私の信念だ。 :: It is my belief that the important thing is that we should do our best. || 私は勤勉の重要性に対する信念を持っている。 :: I hold a belief in the importance of hard work.
4873	個々	ここ	noun	individual; one by one; separate	個々の戦闘にはみな勝っても戦争に負けることがある。 :: You can win all the battles yet lose the war. || 個々の木を見分けるのが困難になってはじめて森が見えるようになるのである。 :: You get to see the wood only when it becomes too difficult to distinguish individual trees.
4874	優位	ゆうい	noun	predominance; superiority; ascendancy	広告に関してはコークの方が優位にたっている。 :: When it comes to advertising, Coke is ahead of the game.
4875	克服	こくふく	noun	conquest (of a difficulty, illness, crisis, etc.); overcoming; surmounting	その少女は山ほどある困難を克服している。 :: The girl is getting over mountains of difficulties. || 君は暗闇の恐怖を克服しなければならない。 :: You must conquer your fear of the dark.
4876	出入り	でいり	noun	going in and out; entering and exiting	彼はその家に出入りする者を見張った。 :: He watched those who went in and out of the house. || そのドアから台所へ出入りできる。 :: The door gives access to the kitchen.
4877	占領	せんりょう	noun	occupying; having (an area) all to oneself	夏にはこの島は観光客に占領される。 :: Tourists take over this island in the summer. || この机は場所を占領しすぎる。 :: This desk takes up too much room.
4878	取り戻す	とりもどす	verb	to take back; to get back; to regain	私はそれを取り戻す為に多額の金を払った。 :: I had to pay a large sum of money to get it back. || 無駄にした時間を取り戻したらどうなの。 :: Why don't you make up for the lost time?
4879	名物	めいぶつ	noun	famous product; special product; speciality	この地方の名物料理がありますか。 :: Do you have any regional dishes?
4880	埋葬	まいそう	noun	burial	ここは動物たちが埋葬されている場所です。 :: This is a place where animals are buried. || 彼らは彼を教会の近くの墓地に埋葬した。 :: They buried him in the graveyard by the church.
4881	報復	ほうふく	noun	retaliation; revenge; reprisal	報復のおどかしが交渉を妨げています。 :: Threats of retaliation are blocking negotiations. || 私は彼に報復するつもりだ。 :: I will take my revenge on him.
4882	増大	ぞうだい	noun	enlargement; increase	アジア諸国からの輸入品は近年増大している。 :: The imports from Asian countries have expanded recently. || エイズで苦しんでいる人の数は増大した。 :: The number of people suffering from AIDS has increased.
4883	好物	こうぶつ	noun	favourite dish (favorite); favourite food	それは、わたしの好物です。 :: It's my favorite food. || カレーライスは、彼女の大好物です。 :: Curry and rice is her favorite food.
4884	学問	がくもん	noun	study; scholarship; learning	たとえ学問はあっても、彼は尊敬できない。 :: Even though he is learned, I can't respect him. || スミス氏の専攻している学問は経済学です。 :: The study which Mr Smith specializes in is economics.
4885	客観	きゃっかん	noun	objectivity; objective; object (philosophical)	客観的に見て、彼の主張は全く理にかなっていなかった。 :: From an objective viewpoint, his argument was far from rational. || 受け持ちの患者に客観的になる事は看護婦にとって困難だ。 :: It's hard for nurses to be objective about their patients.
4886	密着	みっちゃく	noun	close adhesion; sticking firmly (to); being glued (to)	その問題は我々の日常生活に密着している。 :: The problem closely relates to our everyday life.
4887	当てる	あてる	verb	to hit	私たちは学校の勉強に多くの時間を当てた。 :: We spent a lot of time on our lessons. || 彼らは穴をあけて石油を掘り当てようとした。 :: They intended to drill for oil.
4888	待遇	たいぐう	noun	treatment; reception; service	彼はいつも待遇が悪いと不平を言っている。 :: He is always complaining of ill treatment. || 彼はもっとよい待遇を受ける権利がある。 :: He is entitled to better treatment.
4889	悔しい	くやしい	i-adjective	frustrated (over a failure, humiliation or injustice); annoyed; chagrined	決勝戦で負けるほど悔しいものはない。 :: Nothing is more disappointing than to lose in the finals. || 彼は事業の失敗を悔しがった。 :: He was mortified at his failure in business.
4890	情	じょう	noun	feelings; emotion; sentiment	彼女は情に流されやすい。 :: She is easily moved to emotion. || 情にほだされて思わず涙を流した。 :: I was moved to tears in spite of myself.
4891	打撃	だげき	noun	blow; shock; strike	この何ヶ月かはひどい打撃を受けました。 :: I took such a hammering over recent months. || それは私達にとってひどい打撃だった。 :: It was a great blow to us.
4892	抽出	ちゅうしゅつ	noun	extraction; abstraction	被験者は無作為に抽出された。 :: The people for the experiment were chosen at random. || 樹皮からエキスを抽出する。 :: Extract an essence from the bark of a tree.
4893	担任	たんにん	noun	being in charge of (esp. a class or subject); taking charge of	すべての学生が担任の先生を尊敬している。 :: All the students respect their home room teacher. || 彼女は担任の先生を非常に尊敬しています。 :: She has great respect for her form teacher.
4894	散々	さんざん	na-adjective	thoroughly; completely; utterly	散々考えた挙げ句その計画を実行にうつした。 :: After thinking long and hard, I put the plan into practice. || 彼女が散々してやった挙げ句の果てが忘恩だった。 :: All she got for her pains was ingratitude.
4895	有害	ゆうがい	na-adjective	harmful; hazardous	喫煙が有害だという事実は否定できない。 :: There is no denying the fact that smoking is harmful. || これらの物体は本来は有害ではない。 :: These substances are not poisonous in themselves.
4896	歯医者	はいしゃ	noun	dentist	その子供は歯医者へ行くことを恐れている。 :: The child dreads his visit to the dentist. || 医者と歯医者はだいぶ違う医療器具を使う。 :: Medical doctors and dentists have very different tools of the trades.
4897	水平	すいへい	na-adjective	horizontal; level; even	船の姿は水平線の向こうへと見えなくなった。 :: The ship vanished over the horizon. || 水平線のところに船の帆が見えますか。 :: Can you see a sail on the horizon?
4898	沈黙	ちんもく	noun	silence; being silent; quiet	少しばかり沈黙が続いた後、主婦は言った。 :: There was a short pause and the housewife said... || あなたの沈黙を同意のしるしと解釈した。 :: I interpreted your silence as consent.
4899	法廷	ほうてい	noun	court (of law); courtroom	法廷は彼のその殺人容疑について無罪とした。 :: The court acquitted him of the charge of murder. || 法廷は遺言状が有効であるとの判決を下した。 :: The court adjudged that the will was valid.
4900	温暖	おんだん	na-adjective	warm; mild; temperate	一般的に言って、日本の気候は温暖である。 :: Generally speaking, the climate of Japan is mild. || 日本の気候はイギリスの気候より温暖である。 :: The climate of Japan is milder than that of England.
4901	潰す	つぶす	verb	to smash; to crush; to flatten	殺してやる！ぶっ殺して、踏み潰してやる！くそったれ！死ね！ :: I'll kill you! Knock your block off and grind you underfoot! You shithead! Die! || だが、レーガン政権と最高裁判所に潰される前でさえ、ＯＳＨＡは茶番であった。 :: Even before Reagan and the Supreme Court stifled it, OSHA was a farce.
4902	真夏	まなつ	noun	middle of summer; height of summer; midsummer	真夏に働くというのはあまり気分がよくないね。 :: I'm not charmed about working in mid summer. || 真夏日には屋内にひっこんで太陽を避けるしか手がないよ。 :: All I want to do during the dog days is stay indoors and keep out of the sun.
4903	稽古	けいこ	noun	practice; practising; training	彼女は稽古を休んだ。 :: She absented herself from the lesson. || 彼らはけんかをしているのではなく、劇の稽古をしているところだ。 :: They aren't quarreling, but are rehearsing a play.
4904	粒子	りゅうし	noun	particle; grain	空気中のごく小さい粒子がガンのもとになり得る。 :: Tiny particles in the air can cause cancer. || この実験においては、粒子Ｍを水平方向に加速してやることが非常に重要である。 :: It is of great significance in this experiment to accelerate the particle M in the horizontal direction.
4905	納豆	なっとう	noun	natto (fermented soybeans)	納豆は、臭いはひどいが、食べるととてもおいしい。 :: Natto smells awful but tastes delicious. || 納豆には嫌な思い出があってね。 :: Natto reminds me of a bad experience.
4906	結ぶ	むすぶ	verb	to tie; to bind; to link	その子は靴のひもを結ぶのがやっとだった。 :: That child could barely manage to tie his shoes. || どう見ても彼らの行動は実を結んでいない。 :: To all appearances, their actions haven't borne fruit.
4907	肝	きも	noun	liver; innards	その光景を見て私は肝をつぶした。 :: I was much frightened at the sight. || 大きな物音で私は肝をつぶした。 :: The loud noise gave me a terrible fright.
4908	袖	そで	noun	sleeve	犬は私の袖にかみついて穴をあけた。 :: The dog has bitten a hole in my sleeve. || 私は彼女の袖を引っ張ったが、彼女は平気で話し続けた。 :: I pulled her by the sleeve, but she went on talking unconcernedly.
4909	褒美	ほうび	noun	reward; prize	彼女は彼を責めるどころか、彼に褒美をあげた。 :: Far from blaming him, she gave him a reward. || 自然界には褒美もなければ罰もない。 :: In nature there are neither rewards nor punishments.
4910	評論	ひょうろん	noun	criticism; critique; review	彼は小説家というよりもむしろ評論家です。 :: He is a critic rather than a novelist. || 芸術家は時には評論を軽蔑することがある。 :: Some artists are contemptuous of criticism.
4911	論争	ろんそう	noun	dispute; controversy; debate	ここで何かやろうとすると必ず論争がある。 :: Nothing is ever done here without dispute. || 何を書くべきか私たちは何時間も論争した。 :: We disputed for hours about what to write.
4912	識別	しきべつ	noun	distinction; discrimination; discernment	子供の声はたやすく識別することが出来ます。 :: You can identify children's voices without any problem. || 私の目は色が識別しにくくなってきた。 :: My eyes have become less appreciative of colors.
4913	選抜	せんばつ	noun	selection; choice; picking out	チアリーダーの選抜テストを受けたいのです。 :: I hope to try out for cheerleader.
4914	青空	あおぞら	noun	blue sky	青空にだまされて傘を持ってこなかった。 :: I was deceived by the blue sky and brought no umbrella. || 青空以外には何も見られなかった。 :: Nothing was to be seen but the blue sky.
4915	領土	りょうど	noun	territory; domain; dominion	彼らは領土の５分の１を支配していた。 :: They controlled a fifth part of the territory. || 軍は全領土を支配するのに成功した。 :: The armed forces succeeded in occupying the entire territory.
4916	風味	ふうみ	noun	taste; flavor; flavour	少し塩を入れれば風味がよくなると思いますか。 :: Do you think a little salt would improve the flavor? || 紅茶にレモンの風味を加えて下さい。 :: Please add lemon flavor to the tea.
4917	飛ばす	とばす	verb	to let fly; to make fly; to send flying	その本の最初の数ページは飛ばしたんだ。 :: I skipped the first few pages of the book. || ジェーンは答えられない質問を飛ばした。 :: Jane skipped the questions she couldn't answer.
4918	麻酔	ますい	noun	anaesthesia; anesthesia	入院患者は医者に麻酔を注射されてすぐに眠りに落ちた。 :: The hospital patient dropped off shortly after the doctor injected him with anesthesia. || 彼は麻酔をかけられた。 :: He was put under anesthesia.
4919	おかず	おかず	noun	small dish (usu. one of several accompanying rice); side dish	今晩のおかずはもう決めてあります。 :: I've decided what to cook for dinner. || 今晩のおかずは魚だ。 :: Today's dinner is fish.
4920	したがって	したがって	conjunction	therefore; consequently; accordingly	したがって生産費を削る必要がある。 :: Therefore, it is necessary to reduce the cost. || したがって、あなたはお金を自由に使う楽しみにふけることはできない。 :: Thus you cannot indulge in the pleasure of spending money freely.
4921	アナウンス	あなうんす	noun	announcement (esp. over public-address system)	今のアナウンスがよくわからなかったのですが。 :: I couldn't understand the announcement that was just made. || 夕食が終わると、映画のアナウンスがあります。 :: After dinner, a movie announcement is made.
4922	カオス	かおす	noun	chaos	私がいなかったら、この事務所は３日でカオスですよ。 :: If I wasn't here, this office would be in chaos in three days.
4923	コンクリート	こんくりーと	noun	concrete	彼はコンクリートも発明したと言われている。 :: It is said that he also invented concrete. || その工場はコンクリートで建造された。 :: The factory was constructed out of concrete.
4924	コンサルタント	こんさるたんと	noun	consultant	私は経営コンサルタントです。 :: I'm a management consultant. || どのコンサルタントを使うかと言う議論が何時間も続いた。 :: The debate over which consultant to use went on for hours.
4925	コンパクト	こんぱくと	na-adjective	compact	コンパクト型にはおしゃれなデザインが多いですね。 :: There are many smart designs among the compact models, aren't there? || 友人からもらったコンパクトの鏡の部分が割れてしまいました。 :: The mirror on a compact I got from a friend has cracked.
4926	ストライク	すとらいく	noun	strike (e.g. in baseball, bowling)	ここから見ると、私にはストライクに見えましたよ。 :: It looked like a strike to me from here.
4927	ディナー	でぃなー	noun	dinner	その晩私達はすばらしいディナーを食べた。 :: We had a splendid dinner that evening. || 彼女は今ディナーを食べているところです。 :: She is having dinner now.
4928	デイリー	でいりー	noun	perishable foods delivered daily to retailers; perishables	デイリー・ニュースを買いました。 :: I bought a Daily News.
4929	バレエ	ばれえ	noun	ballet	彼女はバレエダンサーとして生計を立てている。 :: She earns her living as a ballet dancer. || 彼女は私をバレエに招待してくれた。 :: She invited me to the ballet.
4930	パンク	ぱんく	noun	puncture; flat tyre (tire); blowout	彼女の車は家に帰る途中でパンクした。 :: She got a flat tire on her way home. || 自転車がパンクしたので、７時の電車に乗り遅れた。 :: My bicycle had a flat tire, so I missed the seven o'clock train.
4931	プレッシャー	ぷれっしゃー	noun	pressure	ボスにプレッシャーをかけられている。 :: I've come under pressure from my boss.
4932	ホイール	ほいーる	noun	wheel (esp. of a vehicle)	彼の車にはホイールがありません。 :: His car has no wheels. || ホイールに剛性があると、・・・の安定性は増す。 :: Rigid wheels give sufficient stability to a low-speed vehicle steered by outside forces.
4933	メンタル	めんたる	na-adjective	mental	空腹はメンタル的に良くない。 :: An empty stomach doesn't help on the mental front. || 明日から強化合宿に入るんですが、強化するのは体力面ではなく、メンタルの部分です。 :: I'm going to a training camp tomorrow. However it's not the physical side that I'll be training, but the mental.
4934	ラグビー	らぐびー	noun	rugby	サッカーとラグビーでは後者の方が好きだ。 :: Of soccer and rugby, I prefer the latter. || ラグビーをしているとき、彼はけがをした。 :: Playing rugby, he got injured.
4935	下部	かぶ	noun	lower part; substructure	用紙の下部に名前を書きなさい。 :: Write your name at the bottom of the paper. || 脚注とはページの下部の注をいう。 :: Footnotes are notes at the foot of a page.
4936	人民	じんみん	noun	the people; citizens; the populace	人民による人民の為の政治が良いと思う。 :: We believe in government by and for the people. || その共和国の大統領は人民によって選出される。 :: The president of the republic is chosen by the people.
4937	創設	そうせつ	noun	establishment; founding; organization	就職専門学校が次から次へと創設された。 :: Vocational schools were set up one after another. || 彼らは新しい会社を創設するつもりだ。 :: They will set up a new company.
4938	合唱	がっしょう	noun	singing together; singing in union; chorus	彼女は海外の合唱団で歌わないかと誘われています。 :: She has been invited to sing in a choir in a foreign country. || パーティーは合唱で終わった。 :: The party ended up with a chorus.
4939	商人	しょうにん	noun	merchant; trader; tradesman	その結果として、彼は偉大な商人になった。 :: As a result, he became a great merchant. || 彼はその商人を完全に信じていました。 :: He believed the merchant entirely.
4940	墓地	ぼち	noun	cemetery; graveyard	若い頃墓地をよく歩いたものだ。 :: I used to walk in the cemetery in my youth. || 彼らは彼を教会の近くの墓地に埋葬した。 :: They buried him in the graveyard by the church.
4941	多め	おおめ	adjective	somewhat larger (amount); quite a lot; a little more (than usual)	お茶の葉はもう少し多めに入れたほうがおいしいですよ。 :: If you put more tea leaves into the pot, the tea will taste better. || 小銭を多めに入れてください。 :: Please include lots of small change.
4942	失格	しっかく	noun	disqualification; elimination; incapacity	その語の綴りを間違って、彼はコンテストに失格した。 :: His misspelling of that word eliminated him from the contest. || 彼女は２度のフライングで失格した。 :: She was disqualified from the race for two false starts.
4943	失業	しつぎょう	noun	unemployment	失業者の数が最近、増加しているそうだ。 :: I hear that the number of the unemployed has been increasing recently. || こんなに多くの人が失業中では仕事は得にくい。 :: Jobs are hard to come by with so many people out of work.
4944	妥当	だとう	na-adjective	valid; proper; right	彼女がそうしたのは全く妥当であった。 :: It was quite right of her to do that. || 彼の理論は妥当なものとして広く認められている。 :: His theory is widely accepted as valid.
4945	宴会	えんかい	noun	party; banquet; reception	客のうちの何人かが宴会場を出て行くのが見えた。 :: I saw some of the guests leave the banquet room. || 彼らはその著名な科学者に敬意を表して宴会を催した。 :: They held a party in honor of the famous scientist.
4946	対談	たいだん	noun	talk; dialogue; conversation	その上、ある大学教授と対談しなければならない。 :: In addition, I have to interview a professor. || 私たちは老人と楽しく対談した。 :: We held a pleasant conversation with the old man.
4947	導く	みちびく	verb	to guide; to lead; to show the way	彼らは星に導かれてその島に着いた。 :: Guided by the star, they reached the island. || 彼女は私たちの努力を正しい方向に導いてくれた。 :: She steered our efforts in the right direction.
4948	巡回	じゅんかい	noun	going around; patrol; round	その警察は巡回中に撃たれた。 :: The cop was shot on his beat. || 巡査はいつものように夜間の巡回中だった。 :: The policeman was on his usual nightly round.
4949	常時	じょうじ	noun	usually; ordinarily; always	彼らは労働者に常時雇用を保証した。 :: They guaranteed regular employment to their workers. || 彼は常時彼の才能をねたむ人々から中傷されることにうんざりしていた。 :: He was sick of being vilified all the time by people who were jealous of his ability.
4950	快感	かいかん	noun	pleasant feeling; pleasant sensation; pleasure	ノリもさる事ながら、会場と一体化したような快感が忘れられない。 :: I got really into it, and I just can't forget the exhilaration of becoming one with the audience.
4951	悲鳴	ひめい	noun	shriek; scream	私は女性が悲鳴を上げるのを聞きました。 :: I heard a woman scream. || 私は誰かが悲鳴をあげるのが聞こえた。 :: I heard someone scream.
4952	情勢	じょうせい	noun	state of things; state of affairs; situation	先生、中東情勢についていかがお考えですか。 :: Professor, what do you think of the situation in the Middle East? || 彼は世界情勢にまったく興味を持っていない。 :: He's not in the least interested in what is happening in the world.
4953	意欲	いよく	noun	will; desire; eagerness	その老人は生きる意欲をなくした。 :: The old man lost the will to live. || 何より大切なのは、英語をマスターしようという強い意欲である。 :: What is most important is your strong will to master English.
4954	断言	だんげん	noun	assertion; declaration; affirmation	彼は彼女が言ったことは本当だと断言した。 :: He affirmed the truth of her statement. || 彼女は誰の前でも歌わないと断言している。 :: She firmly asserts that she will not sing in front of anybody.
4955	方言	ほうげん	noun	dialect; provincialism	これはスコットランドの方言で書かれた詩です。 :: This is a poem written in Scottish dialect. || トムはジョンが方言を使うのでいつもからかう。 :: Tom always makes fun of John because of his dialect.
4956	早々	そうそう	noun	as soon as ...; just after ...; immediately after ...	私は角を曲がって、開店早々の食堂を見つけた。 :: I turned the corner and caught sight of a newly opened restaurant. || 妹は来年早々に結婚します。 :: My sister will marry early next year.
4957	横断	おうだん	noun	crossing (a road, river, etc.); cutting through (e.g. of a river through a town); cutting across	あなたは横断歩道ではもっと注意すべきだ。 :: You should be more careful at a crosswalk. || 信号が赤の間に横断するのは規則違反です。 :: It is against the rule to cross the street while the red light is on.
4958	毎朝	まいあさ	noun	every morning	当時私は毎朝６時に起きていたものだった。 :: In those days, I used to get up at six every morning. || 毎朝、駅の時計で自分の時計を合わせます。 :: Every morning I set my watch by the station clock.
4959	洗浄	せんじょう	noun	washing; cleansing; cleaning	包帯をする前に彼は傷を洗浄した。 :: He cleansed the wound before putting on a bandage.
4960	混合	こんごう	noun	mixing; mixture; meld	空気は目に見えない気体の混合体である。 :: Air is a mixture of gases that we cannot see. || 空気はさまざまな気体の混合物である。 :: Air is a mixture of various gases.
4961	きつね	きつね	noun	fox (esp. the red fox, Vulpes vulpes)	きつねの尾はウサギのより長い。 :: The tail of a fox is longer than that of a rabbit. || 私たちは罠でそのきつねをとらえようとした。 :: We tried to trap the fox.
4962	珍	ちん	na-adjective	rare	あの珍本をどうやって手に入れたのですか。 :: How did you come by those rare books? || 探していた珍本を見つけた。 :: I found a rare book I had been looking for.
4963	甥	おい	noun	nephew	私の妹の息子ジミーは、私のお気に入りの甥だ。 :: My sister's son Jimmy is my favorite nephew. || 甥とは兄弟か姉妹の息子のことです。 :: A nephew is a son of one's brother or sister.
4964	界隈	かいわい	noun	neighborhood; neighbourhood; vicinity	その界隈は行事で活気を呈している。 :: The neighborhood is alive with activities.
4965	監禁	かんきん	noun	confinement; imprisonment; incarceration	こんな所に監禁されているのはもうごめんだ。 :: I can't stand being cooped up in this prison! || 王子はその城に３年間監禁された。 :: The prince was confined in the castle for three years.
4966	直線	ちょくせん	noun	straight line	数学では直線は２つの点によって定義される。 :: In mathematics, a straight line is defined by two points. || この２つの直線は直角に交わっている。 :: These two lines are at right angles.
4967	経費	けいひ	noun	expenses; expenditure; outgoings	彼女は自分の経費を減らそうとしている。 :: She tried to lessen her expenses. || 広告費はこの会社の経費の約７％を占めている。 :: Advertising makes up about 7% of this company's expenses.
4968	結び	むすび	noun	ending; conclusion	結婚は男女の結びつきである。 :: Marriage is the union of a man and woman.
4969	結晶	けっしょう	noun	crystal; crystallization; crystallisation	あのかわいい赤ちゃんは彼らの愛の結晶です。 :: That cute baby is the fruit of their love. || 彼の妻は二人の愛の結晶を残して死んだ。 :: His wife died leaving behind their two beloved children.
4970	群れ	むれ	noun	group; crowd; flock	これらの雲は白い羊の群れのように見える。 :: These clouds look like a flock of white sheep. || その魚は群れを成して進んでいくのですね。 :: That fish travels in a group, don't they?
4971	膨大	ぼうだい	na-adjective	huge; vast; enormous	辞書を編さんするには膨大な時間を要する。 :: Compiling a dictionary demands an enormous amount of time. || 米国全土では毎年膨大な数の若者が大学にはいる。 :: Throughout the United State large numbers of young people enter college every year.
4972	衰退	すいたい	noun	decline; degeneration; decay	二大文明はゆっくりと衰退した。 :: Two great civilizations slowly fell into decay. || その衰退はざっと１９５０年代までさかのぼる事が出来る。 :: The decline can be traced to the 1950s.
4973	講習	こうしゅう	noun	short course; training	集中講習で私のフランス語は驚くほど上達した。 :: The intensive course did wonders for my French. || 彼女は週に一度料理の講習を受ける。 :: She takes cooking lessons once a week.
4974	趣旨	しゅし	noun	meaning; point (e.g. of a statement); gist	彼が言った事はそれと反対の趣旨だった。 :: What he said was to the contrary. || 彼は愛していると言う趣旨の手紙を彼女に書いた。 :: He wrote her to the effect that he loved her.
4975	返金	へんきん	noun	refund; repayment; reimbursement	注文をキャンセルしますので、返金してください。 :: Please cancel my order and refund the money. || 購入金額を返金してくれるのかどうか、教えてください。 :: I want to know if you will refund the full purchase price.
4976	通す	とおす	verb	to let pass; to allow through; to let through	あなたは計画をやり通さなければならない。 :: You must go through with your plan. || 彼のレポートに目を通しているところです。 :: I'm looking over his report.
4977	進撃	しんげき	noun	advance; charge	軍隊は敵に向かって進撃した。 :: The army advanced on the enemy. || 兵士は進撃を命じられた。 :: The soldiers were ordered to make an attack.
4978	間に合う	まにあう	verb	to be in time (for)	あいにく私は彼の演説に間に合わなかった。 :: Unfortunately I was not in time for his speech. || すべての準備が間に合うようにいたします。 :: I will see to it that everything is ready in time.
4979	除外	じょがい	noun	exception; exclusion	彼はその女性を容疑者から除外した。 :: He excluded the woman from the suspects. || 責任ということを除外しては人生に何の意味もない。 :: Life has no meaning except in terms of responsibility.
4980	離れる	はなれる	verb	to be separated; to be apart; to be distant	あなたの息子さんを親離れさせるべきです。 :: You should have your son independent of you. || いかなる状況でも部屋を離れてはならない。 :: Under no circumstances must you leave the room.
4981	預金	よきん	noun	deposit; bank account	銀行にお金を預ければ、預金した事になる。 :: When you put money in the bank, you deposit it. || 彼女は毎月１万円を銀行に預金している。 :: She deposits 10,000 yen in the bank every month.
4982	食物	しょくもつ	noun	food; foodstuff	あなたはすぐに日本の食物に慣れましたか。 :: Did you soon get used to Japanese food? || 食物は生きる上でなくてはならないものだ。 :: Food is essential to life.
4983	香水	こうすい	noun	perfume; scent	彼女はいつも香水のにおいがきつすぎる。 :: She always wears too much scent. || アリスは甘い香りの香水をつけている。 :: Alice wears a sweet perfume.
4984	麻痺	まひ	noun	paralysis; palsy; stupor	大洪水がその地域の交通網を麻痺させた。 :: A massive flood paralyzed the local transportation network. || 突然の恐怖に老婆は心臓麻痺を起こした。 :: Fright gave the old lady heart failure.
4985	いとこ	いとこ	noun	cousin (male)	いとこは、うちの近くの店で働いています。 :: My cousin works in a shop near our home. || いとこたちは２、３日中にくるでしょう。 :: My cousins are coming in a few days.
4986	うんざり	うんざり	adverb	tedious; boring; being fed up with	彼らはみな、騒音にうんざりしていました。 :: They were all fed up with the noise. || 私たちは子供扱いされるのにはうんざりだ。 :: We are tired of being treated like children.
4987	おしゃべり	おしゃべり	noun	chattering; talk; idle talk	あの女のおしゃべりはまったくきりがない。 :: How that woman runs on! || もう授業中には決しておしゃべりしません。 :: I won't ever talk in class again.
4988	きっちり	きっちり	adverb	exactly; precisely; punctually	彼女は入ってからきっちりドアを閉めた。 :: She closed the door tightly behind her. || 弁償代きっちり耳そろえて払わんかい。 :: Aren't you paying for the damages in full?
4989	まとめる	まとめる	verb	to collect; to put (it all) together; to integrate	ペンをとる前に考えをまとめる必要がある。 :: I must put my ideas together before I take up a pen. || 仕事にかかる前に考えをよくまとめなさい。 :: Collect your thoughts before you begin your work.
4990	クレジット	くれじっと	noun	credit	このクレジット・カードは使えますか。 :: Do you honor this credit card? || 現金ですか、クレジットですか。 :: Cash or charge?
4991	クレーム	くれーむ	noun	claim (for compensation); customer complaint seeking compensation	サービスが悪かったのでクレームをつけた。 :: We complained about the poor service. || 今日も一日クレーム処理ばかりで、もうくたくた。 :: I've had it. All I've done today is handle complaints.
4992	グランプリ	ぐらんぷり	noun	Grand Prix; grand prize	グランプリに勝つことは有名なレーサーにとっては名誉であった。 :: Winning the Grand Prix was a feather in the cap of the famous drivers.
4993	コンタクト	こんたくと	noun	contact; touch	コンタクトを入れるというのはいかがでしょう？ :: How about wearing contact lenses? || サリーは前の日に買ったコンタクトをなくした。 :: Sally lost the contact lenses she had bought the day before.
4994	シンボル	しんぼる	noun	symbol	ハトは平和のシンボルである。 :: The dove is a symbol of peace. || このシンボルは強さと高潔さを表す。 :: This symbol stands for strength and integrity.
4995	トレーナー	とれーなー	noun	trainer (person who trains people or animals)	トレーナーは彼女の健康のことを考えるべきだ。 :: The trainer must think of her health.
4996	バリエーション	ばりえーしょん	noun	variation	むろん、この両極端の間に多くのバリエーションがある。 :: Obviously there are many variations between these two extremes. || ただ、毎日だとさすがに飽きるだろう。もっと料理のバリエーションを増やさないと。 :: It's just if we have it every day we're bound to get fed up with it. I must increase the variety of my cooking.
4997	フック	ふっく	noun	hook	彼は上着をフックに掛けた。 :: He hung his coat on a hook.
4998	ブリッジ	ぶりっじ	noun	bridge (road, railway, ship, etc.)	ちゃんとしたブリッジは１か月後に入ります。 :: I need one month to make a permanent bridge for you. || 古いブリッジを元通りに入れておきます。 :: I'll put the old bridge back.
4999	ボロボロ	ぼろぼろ	adjective	worn-out; ragged; tattered	喫煙はあなたの肺をボロボロにする。 :: Smoking does damage your lungs. || 祖母は服をボロボロになるまで着る。 :: My grandmother wears a dress to rags.
5000	モーター	もーたー	noun	motor; engine	この機械は小さな電気モーターで作動する。 :: This machine is driven by a small electric motor. || この機械は小さいモーターで動いている。 :: This machine is driven by a small motor.
