rank	word	reading	part_of_speech	meaning	example	translation
1	する	する	verb	to do; to carry out; to perform	明らかに全員出席しているように見えました。	It clearly looked as if everyone was present.
2	こと	こと	noun	thing; matter	そんなことリクエストしていません。	I didn't request you to do that.
3	いる	いる	verb	to be (of animate objects); to exist	いるだけ持っていらっしゃい。	Please take with you as much as you need.
4	ある	ある	verb	to be; to exist; to live	分からない言葉がたくさんある。	There are many words that I don't understand.
5	日	ひ	noun	day; days	彼は２、３日したら帰ってくるでしょう。	He will come back in a few days.
6	この	この	adjective	this	このドライバーは小さすぎて役に立たない。	This screwdriver is too small to be any use.
7	そう	そう	adverb	in that way; thus; such	まあ、そう言ってくださって本当にありがとう。	Oh, it's very kind of you to say so.
8	これ	これ	pronoun	this; this one	とても疲れていてこれ以上歩けない。	I'm so tired that I can't walk any longer.
9	よう	よう	noun	appearing ...; looking ...	遅れないよう早く出発した。	I left early so as not to be late.
10	年	とし	noun	year	百歳以上生きる人はほとんどいない。	Few people live to be more than a hundred.
11	その	その	adjective	that; the	放課後、その計画について相談しよう。	Let's talk over the plan after school.
12	なる	なる	verb	to become; to get; to grow	本当によくなっている感じがしますもの。	I do feel on the mend.
13	なら	なら	conjunction	if; in case; if it is the case that	感情によって理性が曇らされているままにしておくならば、我々は、常に見当違いのことをしてしまうだろう。	If we let our reasoning power be overshadowed by our emotions, we would be barking up the wrong tree all the time.
14	者	もの	noun	person	一生懸命勉強する者は誰でも必ず成功する。	Whoever studies hard cannot fail to succeed.
15	月	つき	noun	Moon	新しい月もでてきました。	A new moon was coming up.
16	という	という	expression	called; named; that says	彼女はついに喫煙という悪い習慣がついた。	She eventually got into the bad habit of smoking.
17	それ	それ	pronoun	that; it	彼女はそれについて知っていたはずがない。	It's impossible that she knew about it.
18	私	わたし	pronoun	I; me	私よりもっとエッチな人もいて安心しました。	I was relieved that there are people more wanton than me.
19	ため	ため	noun	good; advantage; benefit	病気のため彼のコンサートに行けなかった。	Illness prevented me from going to his concert.
20	時	とき	noun	time; hour; moment	母は若いとき、とても美しかった。	When my mother was young, she was very beautiful.
21	あり	あり	noun	ant	奴隷たちは、まるで蟻のように働いていた。	The slaves were working like so many ants.
22	もの	もの	noun	thing; object; article	本当によくなっている感じがしますもの。	I do feel on the mend.
23	あっ	あっ	interjection	ah; oh	あっ！教えてくれ。	Oh! Show me how.
24	今	いま	noun	now; the present time; just now	彼は今学期ほとんど勉強していない。	He has hardly studied this term.
25	方	ほう	noun	direction; way; side	彼はできるだけ速く私の方へ走ってきた。	He ran toward me as fast as he could.
26	として	として	expression	as (i.e. in the role of); for (i.e. from the viewpoint of)	彼はいつも偉大な学者として通っている。	He always passes for a great scholar.
27	日本	にほん	noun	Japan	彼は日本について良く知りません。	He doesn't know much about Japan.
28	自分	じぶん	pronoun	myself; yourself; oneself	彼女は自分の家族問題についてどんどん話しつづけた。	She talked on and on about her family problems.
29	俺	おれ	pronoun	I; me	どうやら、俺は微睡んでいたらしい・・・。	It looks like I must have dozed off.
30	前	まえ	noun	in front (of); before (e.g. a building)	彼ら２００メートル前を歩いていた。	They were walking two hundred meters in advance.
31	気	き	noun	spirit; mind; heart	とてもそんな男を援助する気にはなれない。	I cannot bring myself to help such a man.
32	時間	じかん	noun	time	彼はかなり長い時間待っていた。	He did a good bit of waiting.
33	また	また	adverb	again; once more; once again	先週止めたところからまた読み始めましょう。	Let's resume reading where we left off last week.
34	できる	できる	verb	to be able to do; to be possible; to be permitted (to do)	病気のため登校できなかった。	Illness prevented me from coming to school.
35	話	はなし	noun	talk; speech; chat	彼女の話を聞いて感動して泣いた。	I was moved to tears by her speech.
36	思う	おもう	verb	to think; to consider; to believe	本当に心からこんなことを思った。	This is really from my heart.
37	かも	かも	noun	duck	肩慣らしには丁度いいかも。	It could be just right for a warm up.
38	分	ぶん	noun	part; portion; share	飛行機は３０分遅れて到着した。	The plane came in 30 minutes late.
39	家	いえ	noun	house; residence; dwelling	彼女の家にはいろいろ違った方法で行ける。	You can get to her house in a variety of different ways.
40	後	あと	noun	behind; rear	私の後について繰り返してください。	Please repeat after me.
41	みたい	みたい	suffix	-like; sort of; similar to	氷みたいに冷たい顔しないでくれよ。	Don't be cold as ice.
42	ください	ください	expression	please (give me)	落ち着いたら電話してください。	Call me when you get settled in.
43	たち	たち	suffix	pluralizing suffix (esp. for people and animals; formerly honorific)	兵士たちは決して降伏しないように言われた。	The soldiers were told never to surrender.
44	二	に	number	two; 2	あのレストランは毎日二千食準備している。	That restaurant prepares two thousand meals every day.
45	好き	すき	na-adjective	liking; being fond of; to one's liking	彼女の妹はとても好き。	I like her sister very much.
46	良い	よい	i-adjective	good; excellent; fine	本当によくなっている感じがしますもの。	I do feel on the mend.
47	ここ	ここ	pronoun	here; this place	窓を開けてくれ。ここは暑くてたまらない。	Open the window. It's baking hot in here.
48	大	だい	prefix	large; big; great	二大文明はゆっくりと衰退した。	Two great civilizations slowly fell into decay.
49	性	せい	noun	nature (of a person)	彼らの思想には共通性がある。	There is a community of thought between them.
50	上	うえ	noun	above; over; up	彼の職業上のキャリアは破綻していた。	His professional career was bankrupt.
51	回	かい	counter	counter for occurrences	４回、６回、１２回があります。	You can make 4, 6 or 12 payments.
52	考え	かんがえ	noun	thinking; thought; view	彼の考えがさっぱり分からない。	I can't understand his ideas at all.
53	感じ	かんじ	noun	feeling; sense; impression	どんな感じですか先生？	What's your impression, doctor?
54	数	かず	noun	number; amount	新聞はその演説から数箇所引用していた。	The newspaper extracted several passages from the speech.
55	必要	ひつよう	na-adjective	necessary; needed; essential	必要なだけお持ち帰りください。	Keep as many as you need.
56	そんな	そんな	adjective	such; that sort of; that kind of	そんなことリクエストしていません。	I didn't request you to do that.
57	なんて	なんて	adverb	how ...!; what ...!	そんなに速く走るなんてできません。	Running so fast is impossible for me.
58	来	らい	prefix	next (year, spring, etc.); coming	彼女は数ヶ月来はじめて悲しく思った。	She was sad for the first time in months.
59	世界	せかい	noun	the world; society; the universe	世界は毎年ますます狭くなってきている。	Our world is getting smaller and smaller every year.
60	誰	だれ	pronoun	who	彼は誰みたいな感じ？	Who is he like?
61	ありがとう	ありがとう	interjection	thank you; thanks	こんな風に覚えていて下さってありがとう。	You were thoughtful to remember me in this way.
62	あれ	あれ	pronoun	that; that thing	あれ、そんなに近いとは知りませんでした。	Oh, I didn't know it was that close.
63	よく	よく	adverb	nicely; properly; well	彼女は最近の流行についてよく知っている。	She knows much about recent fashions.
64	第	だい	prefix	prefix for forming ordinal numbers	第３課から始めましょう。	Let's begin with Lesson 3.
65	ああ	ああ	interjection	ah!; oh!; alas!	こう言う人もいれば、ああ言う人もいる。	Some say this, and others say that.
66	ところ	ところ	noun	place; spot; scene	彼女はまさに出発するところである。	She was on the point of leaving.
67	仕事	しごと	noun	work; job; labor	彼女は新しい仕事にすっかり満足している。	She is quite satisfied with her new job.
68	言う	いう	verb	to say; to utter; to declare	率直に言えば、この小説はあまり面白くない。	Frankly speaking, this novel isn't very interesting.
69	市	いち	noun	market; fair	市長は市に対する彼女の貢献に感謝した。	The mayor acknowledged her services to the city.
70	県	けん	noun	prefecture (of Japan); county (of China, Taiwan, Norway, etc.); department (of France)	日本には４３県があります。	There are 43 prefectures in Japan.
71	あなた	あなた	pronoun	you	病気のためあなたを訪問できませんでした。	Illness prevented me from calling on you.
72	こんな	こんな	adjective	this sort of; this kind of; like this	こんな風に覚えていて下さってありがとう。	You were thoughtful to remember me in this way.
73	について	について	expression	about; on; regarding	放課後、その計画について相談しよう。	Let's talk over the plan after school.
74	同じ	おなじ	na-adjective	same; identical; equal	同じことをまたやったら承知しませんよ。	If you do that the again I'll beat the pants off you.
75	問題	もんだい	noun	question (e.g. on a test); problem	彼等はいろいろな問題について話した。	They talked about various subjects.
76	まだ	まだ	adverb	still; as yet; only	彼女の骨折した足はまだ治っていない。	Her broken leg has not healed yet.
77	度	ど	noun	degree (angle, temperature, scale, etc.)	彼の死後、私の人生は１８０度変わった。	After he died, my life was turned upside down.
78	系	けい	noun	system; lineage; group	彼女はアメリカ系である。	She is of American parentage.
79	手	て	noun	hand; arm	どんな手を使ってでも勝ちとってみせる。	I'll win no matter what it takes.
80	くる	くる	verb	to come (spatially or temporally); to approach; to arrive	来てくださればとてもうれしい。	I'd be very glad if you'd come.
81	ゲーム	ゲーム	noun	game	あまり深刻に考えるな。ゲームなんだから。	Don't be so serious. It's only a game.
82	そして	そして	conjunction	and; and then; thus	そして、そこでその男は入ってきました。	And so the man came in.
83	思い	おもい	noun	thought	ご同行くださるなら大変ありがたく思います。	I'd be delighted if you'd come with me.
84	情報	じょうほう	noun	information; news; report	その情報は全く役に立たなかった。	The information was quite useless.
85	くらい	くらい	suffix	approximately; about; around	どんな子供だってそのくらい答えられる。	Any child can answer that.
86	三	さん	number	three; 3	毎日三時間英語を勉強することにしている。	I make it a rule to study English for 3 hours every day.
87	関係	かんけい	noun	relation; relationship; connection	彼らの関係についてはさっぱり分からない。	I am in the dark about the relation between them.
88	くれる	くれる	verb	to give; to let (one) have	来てくれてありがとう。	You are kind to come.
89	会	かい	noun	meeting; assembly; party	会員はみんなその会に出席していました。	All the members were present at the meeting.
90	僕	ぼく	pronoun	I; me	僕は君の言っていることがわかりません。	I can't make out what you're saying.
91	力	ちから	noun	force; strength; might	私の力が及ぶ限り援助します。	I'll help you to the best of my ability.
92	国	くに	noun	country; state	とてもあなたの国について知りたいのです。	I want to know about your country so much.
93	しかし	しかし	conjunction	however; but	しかし、たいへん息子を欲しがっていました。	But he wanted a son very much.
94	今日	きょう	noun	today; this day	明日よりも今日行きたいんだ。	I'd rather go today than tomorrow.
95	本当に	ほんとうに	adverb	really; truly	援助していただいて本当に感謝しています。	I am very grateful to you for your help.
96	ちゃん	ちゃん	suffix	suffix for familiar person	お誕生日おめでとう相葉ちゃん！	Happy birthday, Miss Aiba!
97	以上	いじょう	adjective	not less than ...; ... and over; ... and above	疲れていてこれ以上歩けません。	I'm too tired to walk any further.
98	可能	かのう	na-adjective	possible; potential; practicable	あらゆる可能な手段を選びました。	We tried all means possible.
99	場合	ばあい	noun	case; occasion; situation	来れない場合は、できるだけ早く連絡してください。	If you can't make it, call us as soon as possible.
100	多い	おおい	i-adjective	many; numerous; a lot	多くて１００ドルしか払えません。	We can pay 100 dollars at most.
101	子	こ	noun	child; kid; teenager	その子はまだみつかっていない。	The boy is yet to be found.
102	車	くるま	noun	car; automobile; vehicle	彼の車は小さくてほとんど場所を取らない。	His car is small and takes up little room.
103	金	きん	noun	gold (metal)	彼にその金をすぐ払わせましょう。	He shall pay you the money at once.
104	あの	あの	adjective	that; those; the	昔のあのうたを歌ったことを覚えています。	I remember singing that song long ago.
105	どこ	どこ	pronoun	where; what place	「あの６人はどこ行った？」「エスケープしまた」	Where have those six got to? "They've escaped."
106	男	おとこ	noun	man; male	要するに、その男は信用できない。	The man, in short, is not to be trusted.
107	間	あいだ	noun	space (between); gap; interval	待っている間、録音した音楽でも聞いて下さい。	You can enjoy some recorded music while you wait.
108	出来	でき	noun	workmanship; craftsmanship; execution	新聞に「重版出来」と広告した。	It was advertised as a second edition in the newspapers.
109	すぎ	すぎ	noun	past; after	彼は疲れすぎでそれ以上歩けなかった。	He is too tired to go any farther.
110	人間	にんげん	noun	human being; human; person	彼は人間としてよくできた人です。	He is a man of character.
111	名	な	noun	name; given name	ありがとう、雪名。	Thanks, Yukina.
112	女	おんな	noun	woman; female	あの女はひどく遅れてやって来た。	She came damn late.
113	いく	いく	verb	to go; to move (towards); to head (towards)	「帰ろ」「マックよってかない？」	Let's head back. "Shall we drop by McDonald's?"
114	やる	やる	verb	to do; to undertake; to perform	本当によくやってくれたね。	You really did a good job.
115	位	くらい	noun	throne; crown; (nobleman's) seat	彼は陸軍大佐の位を持っている。	He holds the rank of colonel.
116	次	つぎ	noun	next; following; subsequent	次の新幹線は９時ちょうどに出ます。	The next Shinkansen train leaves at just nine o'clock.
117	すぐ	すぐ	adverb	immediately; at once; right away	それをやってしまったらすぐ助けてあげよう。	As soon as I've finished doing that, I'll help you.
118	ただ	ただ	adjective	ordinary; common; usual	ただ一人待ち続けていた。	I was waiting all alone.
119	女性	じょせい	noun	woman; female	彼はいつも美しい女性と付き合っている。	He is always in company with beautiful women.
120	東京	とうきょう	noun	Tokyo	東京へいらっしゃったときは連絡してください。	Please get in touch with me when you come to Tokyo.
121	意味	いみ	noun	meaning; significance; sense	昨日調べた単語の意味が思い出せないんだ。	I can't remember the meaning of the word that I looked up yesterday.
122	そこ	そこ	pronoun	there (place relatively near listener)	彼はかなり長い時間そこに滞在していた。	He stayed there some time.
123	一緒	いっしょ	noun	(doing) together	そういうわけで、ご一緒できません。	Such being the case, I can not go with you.
124	多く	おおく	noun	many; much; plenty	多く持てば持つほど欲しくなる。	The more you have, the more you want.
125	うち	うち	noun	inside; within	期間内乗り放題チケットを利用しよう。	Let's get an open ticket.
126	君	きみ	pronoun	you; buddy; pal	彼は君に対してとても怒っている。	He's very angry with you.
127	によって	によって	expression	according to; due to; by (means of)	ドアが突然マイクによってあけられました。	The door was suddenly opened by Mike.
128	もっと	もっと	adverb	(some) more; even more; longer	民間企業に対する投資をもっと認めてほしい。	I'm eager to be allowed to do more private-sector investment.
129	使用	しよう	noun	use; application; employment	この車は過去１０年間使用されてきた。	This car has been used for the past ten years.
130	店	みせ	noun	store; shop; establishment	安い店を紹介してください。	Do you know of any inexpensive stores?
131	悪い	わるい	i-adjective	bad; poor; undesirable	私の言葉を悪く取らないでください。	Don't take my words ill.
132	結果	けっか	noun	result; consequence; outcome	結果についてはあまり心配していません。	As regards the result, you need not worry so much.
133	いや	いや	na-adjective	disliking; not wanting; unwilling (to do)	賢い子供は人生や現実について知りたがる。	A bright child is curious about life and reality.
134	しまう	しまう	verb	to finish; to stop; to end	名前をすっかり忘れてしまいました。	I've completely forgotten its name.
135	先	さき	noun	point; tip; end	疲れていて、これ以上先へ歩けません。	I'm too tired to walk any further.
136	写真	しゃしん	noun	photograph; photo; picture	この写真大好き。	I love this picture.
137	参加	さんか	noun	participation; joining; entry	彼らのキャンペーンに参加させてください。	Join me with them in their movement.
138	感	かん	noun	feeling; sensation; emotion	今朝目が覚めたとき、空腹感を覚えた。	When I awoke this morning, I felt hungry.
139	顔	かお	noun	face; visage; looks	氷みたいに冷たい顔しないでくれよ。	Don't be cold as ice.
140	お願い	おねがい	noun	request; favour (to ask); wish	ヒルトン・ホテルまでお願い。	The Hilton Hotel, please.
141	だって	だって	conjunction	after all; because	どんな子供だってそのくらい答えられる。	Any child can answer that.
142	やつ	やつ	noun	fellow; guy; chap	あいつめ明日こそ痛い目にあわせてくれる。	I'll take my revenge on him at all costs tomorrow.
143	会社	かいしゃ	noun	company; corporation; firm	今日、会社間に合った？	Were you on time for work today?
144	声	こえ	noun	voice	大きな声で言って下さい。聞こえません。	Could you speak up? I can't hear you.
145	最近	さいきん	noun	recently; lately; these days	彼女は最近の流行についてよく知っている。	She knows much about recent fashions.
146	用	よう	noun	business; task; errand	研究用として一部屋取っておいて。	Allocate a room for research purposes.
147	違う	ちがう	verb	to differ (from); to be different; to be distinct	違う。うまく言えない。	No. I don't know. It's a lot of things.
148	による	による	expression	by means of; due to; because of	最終成績に関しては、君の最終試験によります。	As to your final grade, that depends on your final examination.
149	十	じゅう	number	ten; 10	このエレベーターは十人乗ることができる。	This elevator is capable of carrying ten persons.
150	少し	すこし	adverb	a little; a bit; a small amount	少し休ませてください。	I want to take a rest.
151	時代	じだい	noun	period; epoch; era	古きよき時代は去り、二度と戻らない。	The good old days have gone, never to return.
152	頭	あたま	noun	head	頭隠して尻隠さず。	Protect yourself at all points.
153	いつも	いつも	adverb	always; all the time; at all times	母はいつも忙しく動きまわっている。	My mother is always on the go.
154	お前	おまえ	pronoun	you	映画を見て泣くなんて、お前らしくない。	It's not like you to cry at movies.
155	アメリカ	アメリカ	noun	(United States of) America; United States; US	チャップリンは永久にアメリカを去った。	Chaplin left America for good.
156	子供	こども	noun	child; children	彼はあまりに子供だから誘惑にかてなかった。	He was so childish that he couldn't resist temptation.
157	心	しん	noun	heart; mind; spirit	心ここに在らざれば聞けども聴こえず。	There are none so deaf as those who won't hear.
158	高	たか	noun	quantity; amount; volume	この工場の生産高は２０％増加している。	The output of this factory has increased by 20%.
159	こちら	こちら	pronoun	this way; this direction	こちらの椅子にお掛けください。	Please sit down on this chair.
160	アニメ	アニメ	noun	animation; animated film; animated cartoon	そのアニメは外国でも放送されています。	The animation is on the air even in other countries.
161	サイト	サイト	noun	site	私、そのサイトにブックマークをつけてるよ。	I have a bookmark on that page.
162	名前	なまえ	noun	name	名前をすっかり忘れてしまいました。	I've completely forgotten its name.
163	無料	むりょう	adjective	free (of charge); gratuitous	もしも無料でしたら１部コピーしてください。	If it is free, please send me a copy.
164	版	はん	noun	edition; version; printing	この版は7,000部に限定されています。	This edition is limited to seven thousand copies.
165	神	かみ	noun	god; deity; divinity	神に対する彼女の信仰はゆるぎない。	Her faith in God is unshaken.
166	超	ちょう	prefix	super-; ultra-; hyper-	超年老いた夫婦が、結婚７５周年を祝して豪華な夕食を食べていた。	A very elderly couple is having an elegant dinner to celebrate their 75th wedding anniversary.
167	つけ	つけ	noun	bill; bill of sale; payment invoice	つけでお願いします。	I want to put this on house charge.
168	下	した	noun	below; down; under	下に署名してください。	Sign at the bottom, please.
169	元	もと	noun	origin; source; beginning	本はもとあった場所に戻しておきなさい。	Put the book back where it was.
170	別	べつ	noun	distinction; difference; discrimination	役にたたないものは全部別にしておきなさい。	Put aside all those which are useless.
171	場所	ばしょ	noun	place; location; spot	その本は見つけた場所に戻しておきなさい。	Put the book back in the same place where you found it.
172	最後	さいご	noun	end; conclusion	これが最後だから。	This is the last time.
173	部	ぶ	noun	department (in an organization, company, etc.); division; bureau	もしも無料でしたら１部コピーしてください。	If it is free, please send me a copy.
174	高い	たかい	i-adjective	high; tall	円はドルに対して高くなった。	The yen rose to the dollar.
175	一番	いちばん	noun	number one; first; first place	母は毎朝いちばん早く起きます。	Mother gets up earliest every morning.
176	大丈夫	だいじょうぶ	na-adjective	safe; secure; sound	大丈夫、心配しないで。	Come on, it'll be all right.
177	町	まち	noun	town; block; neighbourhood	楽しく街を見ましたが、少し疲れました。	We enjoyed seeing the city, but we got a little tired.
178	言葉	ことば	noun	language; dialect	私のことばを注意して聞いてください。	Please note my words.
179	映画	えいが	noun	movie; film; motion picture	映画を見て泣くなんて、お前らしくない。	It's not like you to cry at movies.
180	点	てん	noun	dot; spot; point	知事はその点についてある程度妥協した。	The governor compromised on the subject to a certain degree.
181	社会	しゃかい	noun	society; public; community	社会構造はそれほど変わらない。	The social structure is not much different.
182	方法	ほうほう	noun	method; way; manner	彼女の家にはいろいろ違った方法で行ける。	You can get to her house in a variety of different ways.
183	最初	さいしょ	adjective	beginning; outset; first	私は最初、緊張したが、徐々に落ち着いた。	I was nervous at first, but gradually got more relaxed.
184	理由	りゆう	noun	reason; grounds; pretext	彼の行けない理由がなおはっきりしない。	His reason for not going is still unclear.
185	相手	あいて	noun	companion; partner; company	彼なら相手にとって不足なし。	He is a good match for me.
186	すごい	すごい	i-adjective	terrible; dreadful	真理恵ちゃん、すごいなあ。	That a girl, Marie!
187	とても	とても	adverb	very; awfully; exceedingly	来てくださればとてもうれしい。	I'd be very glad if you'd come.
188	体	からだ	noun	body	彼はいつも健康な身体を持っている。	He always possesses good health.
189	作品	さくひん	noun	work (e.g. book, film, painting, composition); piece; production	この作品は君の前のに比べて進歩している。	This work is an improvement on your last.
190	動画	どうが	noun	video (esp. digital); video clip; clip	この回線の細さじゃ、動画は見られないよ。	This connection is too slow for me to watch movies.
191	型	かた	noun	type; style; model	３４５型は良い状態で受け取りました。	I received your Model 345 in good condition.
192	彼女	かのじょ	pronoun	she; her	彼女自身悪くない。	She is not bad in herself.
193	駅	えき	noun	railway station; train station	次の駅でおります。どうぞおかけ下さい。	I'm getting off at the next stop, please keep your seat.
194	かけ	かけ	noun	credit	長くつき合うには掛けは禁物。	Short accounts make long friends.
195	はず	はず	noun	should (be); bound (to be); expected (to be)	彼女はそれについて知っていたはずがいない。	She can't have known about it.
196	らしい	らしい	i-adjective	seeming ...; appearing ...	遅刻するなんて彼らしくない。	It is unlike him to be late.
197	企業	きぎょう	noun	enterprise; business; company	民間企業に対する投資をもっと認めてほしい。	I'm eager to be allowed to do more private-sector investment.
198	利用	りよう	noun	use; utilization; utilisation	期間内乗り放題チケットを利用しよう。	Let's get an open ticket.
199	存在	そんざい	noun	existence; being; presence	彼らの伝統的な生活模様は、もはや存在しない。	Their traditional life style no longer exists.
200	曲	きょく	noun	composition; piece of music; song	久々に聞いたこの曲。なつかしい。	Hearing this song after so long really brings back the old times.
201	漫画	まんが	noun	cartoon; comic; comic strip	彼の漫画を読むといつも笑ってしまう。	I cannot read his comics without laughing.
202	無理	むり	na-adjective	unreasonable; unnatural; unjustifiable	無理するなって。	Don't overdo it.
203	現在	げんざい	noun	the present; present time; now	そのシステムは現在とてもうまく動いている。	The system is working very well now.
204	わかる	わかる	verb	to understand; to comprehend; to grasp	「もう一度ご確認ください」「分かりました」	Please check again. "Certainly."
205	水	みず	noun	water (esp. cool or cold)	水はほとんど残っていない。	There is little water left.
206	行き	いき	noun	the way there; outbound leg; outbound trip	このバスは、パークリッジ行きですか。	Is this the bus for Park Ridge?
207	なに	なに	pronoun	what	「何を考えてるの？」「別に・・・」	What are you thinking about? "Nothin'..."
208	事件	じけん	noun	event; affair; incident	その事件について話してあげよう。	I will tell of the incident.
209	普通	ふつう	adjective	normal; ordinary; regular	彼女は普通８時間眠ります。	She usually sleeps for eight hours.
210	番	ばん	noun	number (in a series)	いよいよ彼女の番になった。	It was her turn at last.
211	通り	とおり	noun	street; road; avenue	彼の言った通りになった。	His words have come true.
212	女子	じょし	noun	woman; girl	その髪型は女子生徒たちの間で流行した。	The hairstyle has caught on with the girl students.
213	学校	がっこう	noun	school	毎年私は学校用として新しいノートを買う。	Every year, I buy new notebooks for school.
214	得	とく	na-adjective	profit; advantage; benefit	礼儀正しくすると得である。	It pays to be polite.
215	最高	さいこう	adjective	best; supreme; wonderful	最高百ドルまで遣ってよい。	You may spend a maximum of 100 dollars.
216	状態	じょうたい	noun	state; condition; situation	彼の状態は確実に良くなった。	His condition has got steadily better.
217	画像	がぞう	noun	image; picture; portrait	この画像、解像度が低すぎてすごく汚い。	The image quality is really bad - the resolution is so low.
218	発売	はつばい	noun	sale; offering for sale; putting on sale	その新型車は五月に発売される。	The new model car will be brought to market in May.
219	簡単	かんたん	na-adjective	simple; easy; uncomplicated	これらの問題はきわめて簡単に答えられる。	These questions can be answered quite simply.
220	約	やく	adverb	approximately; about	１マイルは約１６００メートルにあたる。	A mile is equal to about 1,600 meters.
221	絶対	ぜったい	adverb	absolutely; definitely; unconditionally	私の言ったことを絶対に忘れるな。	Don't forget what I told you.
222	まあ	まあ	adverb	just (e.g. "just wait here"); come now; now, now	まあ、そう言ってくださって本当にありがとう。	Oh, it's very kind of you to say so.
223	中国	ちゅうごく	noun	China	アメリカ大統領が中国を公式に訪問した。	The President of the U.S. paid a formal visit to China.
224	先生	せんせい	noun	teacher; instructor; master	田辺先生はただいま外出しております。	Mr Tanabe is out now.
225	実際	じっさい	noun	reality; actuality; truth	実際感じたままを話してよい。	You can speak as you actually feel.
226	気持ち	きもち	noun	feeling; sensation; mood	その贈り物は私の気持ちをよく表している。	The gift is expressive of my feelings.
227	確認	かくにん	noun	confirmation; verification; validation	「もう一度ご確認ください」「分かりました」	Please check again. "Certainly."
228	開催	かいさい	noun	holding (a conference, exhibition, etc.); opening; hosting (e.g. the Olympics)	その都市はフェアを開催している。	The city is hosting the fair.
229	すぎる	すぎる	verb	to pass through; to pass by; to go beyond	疲れすぎていて彼はほとんど歩けなかった。	He was so tired that he could hardly walk.
230	なし	なし	noun	without	馬鹿につける薬なし。	No medicine can cure folly.
231	ほしい	ほしい	i-adjective	wanting (to have); desiring; wishing for	民間企業に対する投資をもっと認めてほしい。	I'm eager to be allowed to do more private-sector investment.
232	まま	まま	noun	as (it is); remaining (in a state); keeping (the same)	おやすみなさい、ママ。	Good night, Mom.
233	今回	こんかい	noun	this time; now	今回だけ大目に見てください。	Let me go just once.
234	全部	ぜんぶ	noun	all; entire; whole	有り金全部無くなってしまった。	All the money was gone.
235	夜	よる	noun	night; evening	夜眠れなくて彼は疲労して顔色が悪かった。	He was pale with fatigue after his sleepless night.
236	テレビ	テレビ	noun	television; TV	どうぞテレビをつけてください。	Please turn on the television.
237	個人	こじん	noun	individual; private person; personal	個人はそれぞれ異なっている。	Each individual is different.
238	教え	おしえ	noun	teaching; instruction; teachings	人々の性格は彼らに与え得る、いかなる教えよりも、その職業に基づく。	The character of men depends more on their occupations than on any teaching we can give them.
239	早く	はやく	adverb	early; soon	遅れないよう早く出発した。	I left early so as not to be late.
240	機	き	noun	chance; opportunity	事務機が書類を次々とプリントアウトしている。	An office machine is cranking out a stream of documents.
241	法	ほう	noun	law; act; principle	新しい法が成立した。	A new law has come into existence.
242	結婚	けっこん	noun	marriage	彼らは１０年間ずっと結婚している。	They have been married for ten years.
243	ずっと	ずっと	adverb	continuously; the whole time; all the way	彼らは１０年間ずっと結婚している。	They have been married for ten years.
244	一つ	ひとつ	number	one	残ったものはなにひとつありませんでした。	There was nothing left over.
245	初めて	はじめて	adverb	for the first time	昨日はじめてその事故について聞きました。	I heard about the accident for the first time yesterday.
246	友達	ともだち	noun	friend; companion	友達もたくさんできました。	I've made lots of friends.
247	場	ば	noun	place; spot; space	その計画はこの場にふさわしいだろうか。	Will the plan meet the need?
248	生活	せいかつ	noun	life; living	こんな退屈な生活には我慢できない。	I can't settle for this boring life.
249	色	いろ	noun	colour; color; hue	君の色に対する好みは感心しない。	I don't like your taste in color.
250	かなり	かなり	adverb	considerably; fairly; quite	彼はかなり長い時間待っていた。	He did a good bit of waiting.
251	どんな	どんな	adjective	what kind of; what sort of; what	どんな子供だってそのくらい答えられる。	Any child can answer that.
252	にて	にて	conjunction	at; in	茶碗を投げれば綿にて受けよ。	A soft answer is a specific cure of anger.
253	人気	にんき	noun	popularity; public favor	テレビによって以前の映画人気が奪われた。	Television has robbed cinema of its former popularity.
254	公開	こうかい	noun	opening to the public; making available to the public; exhibiting	その映画はまもなく公開される。	That movie will be released by and by.
255	区	く	noun	ward; borough; city (in Tokyo)	彼はチェスター区選出の議員に当選した。	He got in for Chester.
256	新しい	あたらしい	i-adjective	new; novel; fresh	彼の新しいレコードは、よく売れる。	His new record sells well.
257	理解	りかい	noun	understanding; comprehension; appreciation	どうしてもそれが理解できない。	I cannot understand it for the life of me.
258	こう	こう	adverb	in this way; like this; so	こうしたら君のプラスになる。	If you do that, it will help you.
259	さらに	さらに	adverb	furthermore; again; after all	一緒に協力して、さらに頑張ろう。	Let's work together to do our best.
260	なぜ	なぜ	adverb	why; how; for what reason	イージス衝突 — なぜ避けられなかったか。	The Aegis collision - why couldn't it have been avoided?
261	内容	ないよう	noun	contents; content; substance	ホームページの人気は内容次第。	The popularity of a web site depends on its content.
262	大阪	おおさか	noun	Osaka (city, prefecture)	ただちに大阪に行ってもらいたい。	I want you to go to Osaka at once.
263	対応	たいおう	noun	correspondence (to); equivalence	彼はその事態に迅速に対応した。	He promptly coped with the situation.
264	放送	ほうそう	noun	broadcasting; broadcast; program	ＦＥＮは国内ニュースを放送していない。	FEN does not carry domestic news.
265	活動	かつどう	noun	activity (of a person, organization, animal, volcano, etc.); action; operation	そのグループは現在盛んに活動している。	That group is presently very active.
266	状況	じょうきょう	noun	state of affairs; situation; conditions	今日の政治状況はそれほど安定していない。	The current political situation is not very stable.
267	登場	とうじょう	noun	entrance (on the stage); appearance (in a book, film, etc.)	そこでベス下手より登場！	Now Beth enters, stage right!
268	販売	はんばい	noun	sale; sales; selling	その報告は販売に関しては思わしくない。	The report is not encouraging sales wise.
269	音	おと	noun	sound; noise	この音には全く我慢できません。	I can't stand all this noise.
270	みる	みる	verb	to see; to look; to watch	彼女を秘書として使ってみよう。	I'll try her out as a secretary.
271	ネット	ネット	noun	network	ネット経済は急進展している。	The net economy is booming.
272	全	ぜん	prefix	all; whole; entire	全学生はみんな図書館に入ることができる。	All students have access to the library.
273	出る	でる	verb	to leave; to exit; to go out	忙しいのでパーティーには出られません。	I'm so busy I can't attend the party.
274	夢	ゆめ	noun	dream	私の奇妙な夢を解釈して下さい。	Please interpret my strange dreams.
275	大変	たいへん	adverb	very; greatly; terribly	彼女について大変心配している。	I am very worried about her.
276	完全	かんぜん	na-adjective	perfect; complete	君の言うことはすべて完全に正しい。	All that you say is perfectly correct.
277	技術	ぎじゅつ	noun	technology; engineering	アメリカは宇宙技術において進んでいる。	America is ahead in space technology.
278	特に	とくに	adverb	particularly; especially; in particular	その件に関してはとくに意見はありません。	I really don't have an opinion about it.
279	研究	けんきゅう	noun	research; study; investigation	研究用として一部屋取っておいて。	Allocate a room for research purposes.
280	説明	せつめい	noun	explanation; exposition; description	彼の説明はあいまいすぎていて分からない。	His explanation is too obscure to understand.
281	せい	せい	noun	consequence; outcome; result	私の時計が５分遅れていたせいだった。	That was because my watch was five minutes slow.
282	そういう	そういう	adjective	such; like that; that sort of	そういう言い訳はとおらない。	That's no excuse.
283	式	しき	noun	way; style; fashion	式には出席するつもりですか。	Are you going to attend the ceremony?
284	発表	はっぴょう	noun	announcement; publication; presenting	大統領はその件について声明を発表した。	The president made a statement on the issue.
285	道	みち	noun	road; path; street	道を歩いているとき、その事故を見た。	Walking along the street, I saw the accident.
286	お金	おかね	noun	money	彼のお金は全部なくなっていた。	His money was all gone.
287	たくさん	たくさん	adjective	a lot; lots; plenty	分からない言葉がたくさんある。	There are many words that I don't understand.
288	もちろん	もちろん	adverb	of course; certainly; naturally	もちろん、じょうずに車を運転できます。	Of course I can drive a car very well.
289	イベント	イベント	noun	event	イベントを延期しました。	We postponed the event.
290	システム	システム	noun	system	そのシステムは現在とてもうまく動いている。	The system is working very well now.
291	一般	いっぱん	adjective	general; universal	私は日本人一般について言っているのだ。	I speak of the Japanese in general.
292	件	けん	noun	matter; affair; case	その件について調べてみましょう。	I will look into the matter.
293	攻撃	こうげき	noun	attack; assault; raid	敵はその建物に対して激しい攻撃をした。	The enemy made a strong attack on that building.
294	無	む	noun	nothing; naught; nought	無回答を拒否する。	Refuse to take no answer.
295	自身	じしん	noun	(one's) self; oneself; yourself	彼女自身悪くない。	She is not bad in herself.
296	部分	ぶぶん	noun	portion; section; part	その話の最も悲しい部分はまだ語られていない。	The saddest part of the story remains to be told.
297	電話	でんわ	noun	telephone call; phone call	落ち着いたら電話してください。	Call me when you get settled in.
298	ちゃんと	ちゃんと	adverb	diligently; seriously; earnestly	ちゃんと座ってろ。	Sit tight.
299	ニュース	ニュース	noun	news	そのニュースを聞いて泣きたくなった。	I felt like crying at the news.
300	予定	よてい	noun	plans; arrangement; schedule	ヒルサイドホテルに滞在する予定です。	I'm planning to stay at the Hillside Hotel.
301	全員	ぜんいん	noun	all members; all hands; everyone	明らかに全員出席しているように見えました。	It clearly looked as if everyone was present.
302	口	くち	noun	mouth	口自慢の仕事下手。	Great talkers are little doers.
303	愛	あい	noun	love; affection; care	私は彼女の他の人々に対する愛に感動した。	I was moved by her love for other people.
304	戦争	せんそう	noun	war	長かった戦争がやっと終わった。	The long war came to an end at last.
305	明日	あした	noun	tomorrow	明日帰ったら電話します。	I'll call them tomorrow when I come back.
306	登録	とうろく	noun	registration; accession; register	彼らは彼を陪審員として登録した。	They enrolled him as a jury member.
307	確か	たしか	na-adjective	sure; certain; positive	確かなことが一つある。	There is one thing that is certain.
308	紹介	しょうかい	noun	introduction; presentation; referral	紹介ありがとう。	Thank you for your referral.
309	花	はな	noun	flower; blossom; bloom	頼めば、その華はもらえる。	The flower is yours for the asking.
310	いつ	いつ	pronoun	when; at what time; how soon	車はいつ返したらよろしいでしょうか。	When should I return the car?
311	すべて	すべて	noun	everything; all; the whole	地上のすべての生物は互いに依存し合っている。	All living things on earth depend one another.
312	号	ごう	noun	number; edition; make	次のひかり号は９時１５分に到着する。	The next Hikari arrives at 9:15.
313	機能	きのう	noun	function; facility; faculty	このビデオは正しく機能しない。	This video recorder doesn't work right.
314	計画	けいかく	noun	plan; project; schedule	放課後、その計画について相談しよう。	Let's talk over the plan after school.
315	設定	せってい	noun	establishment; creation; posing (a problem)	設定料金に労務費用は含みません。	The stated price does not include labor charges.
316	調査	ちょうさ	noun	investigation; examination; inquiry	その問題をさらに調査しよう。	I'll check further into the matter.
317	重要	じゅうよう	na-adjective	important; essential; significant	彼はその事業において重要な役割を演じた。	He played an important part in the enterprise.
318	かわいい	かわいい	i-adjective	cute; adorable; charming	赤ちゃんは小さなかわいい指をしている。	The baby has pretty little fingers.
319	これから	これから	expression	from now on; after this; in the future	これからもっと勉強します。	I'll study harder in the future.
320	に対して	にたいして	expression	towards; against; regarding	困難に対してあくまでも抵抗した。	He breasted it out against difficulties.
321	チーム	チーム	noun	team	チームは５年間連続して優勝した。	The team won the championship for five years running.
322	人生	じんせい	noun	(one's) life	この本によって私の人生は変えられてしまった。	My life has been changed by this book.
323	使う	つかう	verb	to use (a tool, method, etc.); to make use of; to put to use	彼女を秘書として使ってみよう。	I'll try her out as a secretary.
324	員	いん	noun	member	野球部員ですか？	Do you belong to the baseball club?
325	形	かたち	noun	(physical) form; shape; figure	色や形が識別できる。	He identifies colors and shapes.
326	昔	むかし	noun	the old days; the past; former times	彼は随分変わってしまって昔の彼ではない。	He has changed a lot, and he is no longer what he used to be.
327	朝	あさ	noun	morning	朝起きた時むかむかします。	I feel sick when I get up in the morning.
328	目的	もくてき	noun	purpose; goal; aim	この部屋はいろいろな目的に使われる。	This room is used for various purposes.
329	自由	じゆう	noun	freedom; liberty	日本は自由国家群に受け入れられた。	Japan has been received into the family of free nations.
330	記事	きじ	noun	article; news story; report	いつも記事を書いています。	I write articles regularly.
331	開始	かいし	noun	start; commencement; beginning	警察は直ちにその事件の調査を開始した。	The police began to go into the matter in no time.
332	開発	かいはつ	noun	development; cultivation; application	鉄道という新しい交通手段が開発された。	A new means of communication was developed — the railway.
333	際	さい	noun	occasion; time; circumstances	また辞去する際に決して忘れないようにすること。	It is very important to be careful not to forget them when you leave.
334	うん	うん	interjection	yes; yeah; uh huh	う～む、相貌から判断するに上海からか。	Hrmmm, to judge from their looks they might be from Shanghai.
335	地	ち	noun	earth; ground; land	彼女はあきらめてその地に住むことにした。	She reconciled herself to living there.
336	家族	かぞく	noun	family	私の家族はここに２０年間住んでいます。	My family have lived here for twenty years.
337	影響	えいきょう	noun	influence; effect; impact	特に子供に与える影響は無視できない。	In particular, you cannot ignore the effect it has on the children.
338	政府	せいふ	noun	government; administration; ministry	学生たちは政府の決定に対して抗議している。	Students have been protesting against the government's decision.
339	男性	だんせい	noun	man; male	始めそれぞれの男性は１０ドルずつ払いました。	At first each man had paid $10.
340	部屋	へや	noun	room; chamber	部屋をきちんとしておかなくてはならない。	You must keep your room tidy.
341	限定	げんてい	noun	limit; restriction	この版は7,000部に限定されています。	This edition is limited to seven thousand copies.
342	韓国	かんこく	noun	South Korea; Republic of Korea	韓国は今や活気づいている。	Korea is now up and coming.
343	にとって	にとって	expression	to; for; from the standpoint of	その辞書は私にとってとても役に立つ。	The dictionary is of great use to me.
344	やっぱり	やっぱり	adverb	as expected; sure enough; just as one thought	疲れているが、やっぱり行くつもりだ。	I'm tired, but I'm going anyway.
345	地域	ちいき	noun	area; region; district	この地域の詳細な地図はまだ書かれていない。	Detailed maps of this area have not been drawn.
346	基本	きほん	noun	basics; fundamentals; basis	この基本単語は必ず暗記しなさい。	Don't fail to learn these basic words by heart.
347	夏	なつ	noun	summer	私の母は、この夏入院していました。	My mother was in the hospital during the summer.
348	姿	すがた	noun	figure; form; shape	飛行機の姿は見えなくなった。	The plane flew beyond our range of vision.
349	期間	きかん	noun	period; term; interval	期間内乗り放題チケットを利用しよう。	Let's get an open ticket.
350	注意	ちゅうい	noun	attention; notice; heed	どうぞ健康に注意してください。	Please be careful of your health.
351	率	りつ	noun	rate; ratio; proportion	賭け率２対１でレッズが勝つだろう。	The odds are two-to-one that the Reds win.
352	管理	かんり	noun	control; management (e.g. of a business)	新しい校長が学校を管理運営している。	A new principal is administering the school.
353	英語	えいご	noun	English (language)	毎日三時間英語を勉強することにしている。	I make it a rule to study English for 3 hours every day.
354	だから	だから	conjunction	so; therefore; accordingly	なぜなら彼女はすばらしい先生だからです。	The reason is that she is a wonderful teacher.
355	カード	カード	noun	card (information, filing, etc.)	私のカードにつけておいてくれ。	Charge this to my account.
356	大学	だいがく	noun	university; college	兵庫大学に通っています。	I go to Hyogo University.
357	室	しつ	noun	room	一番安い部屋を１室、４泊お願いします。	I'd like the most inexpensive room you have for four nights.
358	強い	つよい	i-adjective	strong; potent; competent	そんなに強く押さないで下さい。	Don't push me very hard. It's dangerous.
359	撮影	さつえい	noun	photography (still or motion); photographing; filming	この写真は彼によって撮影された。	This picture was taken by him.
360	質問	しつもん	noun	question; inquiry; enquiry	その質問は難しすぎて答えられなかった。	The question was too difficult to answer.
361	やすい	やすい	i-adjective	easy	決して付き合いやすい男じゃない。	He is by no means a pleasant fellow to associate with.
362	以前	いぜん	noun	before; prior to; ago	以前恐ろしい怪物が住んでいた。	A hideous monster used to live there.
363	安全	あんぜん	noun	safety; security	その機械は安全に作動している。	The machine is safely in operation.
364	戦	いくさ	noun	war; battle; campaign	オープン戦が終わり、いよいよ開幕だ。	The exhibition games are over and the regular season finally begins.
365	決定	けってい	noun	decision; determination	学生たちは政府の決定に対して抗議している。	Students have been protesting against the government's decision.
366	王	おう	noun	king; ruler; sovereign	王はその音楽を大いに楽しまれた。	The king was greatly entertained by the music.
367	見える	みえる	verb	to be seen; to be visible; to be in sight	明らかに全員出席しているように見えました。	It clearly looked as if everyone was present.
368	記念	きねん	noun	commemoration; celebration; remembrance	アメリカ旅行のよい記念になります。	This will be a good souvenir of my trip around the United States.
369	足	あし	noun	foot; paw; arm (of an octopus, squid, etc.)	彼女の骨折した足はまだ治っていない。	Her broken leg has not healed yet.
370	軍	ぐん	noun	army; armed forces; troops	敗北した軍はその国から撤退した。	The defeated army retreated from the country.
371	連絡	れんらく	noun	contacting; (making) contact; getting in touch	来れない場合は、できるだけ早く連絡してください。	If you can't make it, call us as soon as possible.
372	ライブ	ライブ	noun	live (broadcasting, music, etc.)	ガガ様のライブ一緒に行ける方いませんか？	Can anybody come with me to a Lady Gaga concert?
373	以下	いか	noun	not exceeding ...; not more than ...; ... and under	それ以下のものは受け取れない。	I cannot take less.
374	入り	いり	noun	entering; entrance; entry	１箱は２０本入りである。	Each package contains a score of cigarettes.
375	公式	こうしき	adjective	official; formal	アメリカ大統領が中国を公式に訪問した。	The President of the U.S. paid a formal visit to China.
376	大きな	おおきな	adjective	big; large; great	大きな声で言って下さい。聞こえません。	Could you speak up? I can't hear you.
377	大事	だいじ	na-adjective	important; serious; crucial	どうぞ大事になさって下さい。	Please take good care of yourself.
378	毎日	まいにち	noun	every day; daily	彼らは毎日その問題について議論する。	They discuss the matter every day.
379	終了	しゅうりょう	noun	end; close; conclusion	会議はもう終了いたしました。	The conference is already over, sir.
380	違い	ちがい	noun	difference; distinction; discrepancy	彼は答えた。「ちがいます」	He answered, No.
381	音楽	おんがく	noun	music	待っている間、録音した音楽でも聞いて下さい。	You can enjoy some recorded music while you wait.
382	ほとんど	ほとんど	adverb	almost; nearly; mostly	疲れすぎていて彼はほとんど歩けなかった。	He was so tired that he could hardly walk.
383	モデル	モデル	noun	model; dummy; mock-up	今年のモデルは全て売りきってしまいました。	We have closed out this year's model.
384	個	こ	counter	counter for (small) things or pieces	３個ずつください。	Please give me three of each kind.
385	効果	こうか	noun	effect; effectiveness; efficacy	最も効果の高い頭痛薬はどれですか。	What's your strongest type of headache pill?
386	寝	ね	noun	sleep	僕は寝が足りない。	I don't get enough sleep.
387	政治	せいじ	noun	politics; government	政治については語りたくない。	I'd rather not say anything about politics.
388	期待	きたい	noun	expectation; anticipation; hope	成功することはまったく期待してない。	We hold out no expectation of success.
389	病院	びょういん	noun	hospital; clinic; doctor's office	病院は彼の村から遠く離れていた。	The hospital was far away from his village.
390	着	ちゃく	counter	arrival; arriving at ...	私はズボンを２着買った。	I bought two pairs of trousers.
391	結構	けっこう	na-adjective	splendid; nice; wonderful	いや結構です。たくさんいただきました。	No more, thank you. I'm full.
392	行動	こうどう	noun	action; conduct; behaviour	グズグズしてないでさっさと行動しろ！	Quit lazing around and get moving!
393	過去	かこ	noun	the past; bygone days	過去５年間価格を上げてません。	We haven't had a price increase in the last five years.
394	あまり	あまり	noun	remainder; remnant; rest	結果についてはあまり心配していません。	As regards the result, you need not worry so much.
395	歴史	れきし	noun	history	そして歴史は永久に変わった。	And history was changed forever.
396	派	は	noun	group; faction; clique	物事をじっくり考える慎重派です。	I'm the type who likes to think things over very carefully.
397	米	こめ	noun	(husked grains of) rice	旅行中はほとんど米は食べられなかった。	We were able to eat little rice during the tour.
398	線	せん	noun	line; stripe; stria	こんなケーブル線ですら、６０００円もした。	Even this cable cost me 6000 yen.
399	覚え	おぼえ	noun	memory; sense; experience	この映画は以前見た覚えがある。	I remember having seen this movie before.
400	こいつ	こいつ	pronoun	he; she; this fellow	僕にはこいつが理解できない。	I can't understand this business.
401	において	において	expression	at (a time or place); in; on	彼らは建築においてとても進歩していた。	They were making great progress in architecture.
402	イメージ	イメージ	noun	image (in one's mind); impression; imagining	学生に黒人に対するイメージを聞いた。	I asked the student what image he had of black people.
403	レベル	レベル	noun	level; standard; grade	このレベルを守りましょう。	Let's keep this level.
404	一部	いちぶ	noun	one part; one portion; one section	一部君の意見に賛成する。	I partly agree with you.
405	再	さい	prefix	re-; again	今日ごみを再利用する大きな運動が見られる。	There is a big movement today to recycle trash.
406	台	だい	noun	stand; rest; base	車を２台もつ人はほとんどいない。	Few people have two cars.
407	同	どう	prefix	the same; the said	同世代の人は、仕事とか、買い物で留守ばかりです。	My contemporaries are, working, shopping, out and about, all the time.
408	実は	じつは	expression	as a matter of fact; by the way; to tell you the truth	実はその問題について何も知りません。	To tell the truth, I know nothing about the matter.
409	最終	さいしゅう	adjective	last; final; closing	最終成績に関しては、君の最終試験によります。	As to your final grade, that depends on your final examination.
410	楽しみ	たのしみ	noun	enjoyment; pleasure; amusement	彼はその楽しみを与えられなかった。	He was denied that pleasure.
411	海外	かいがい	noun	foreign; abroad; overseas	私は海外留学した学生がうらやましかった。	I was envious of the students who had studied abroad.
412	考える	かんがえる	verb	to think (about, of); to think over; to ponder	彼はその問題について考えています。	He is thinking about the problem.
413	評価	ひょうか	noun	valuation; appraisal; evaluation	彼の、能力を評価することは、難しい。	It's difficult to evaluate his ability.
414	警察	けいさつ	noun	police	彼は警察によって探される。	He has been looked for by the police.
415	追加	ついか	noun	addition; supplement; appending	エントリーはすべて、追加後にチェックします。	All entries are subject to review once added.
416	選手	せんしゅ	noun	player (of a sport); athlete; team member	彼はとてもすばらしいテニス選手です。	He is a good tennis player.
417	関連	かんれん	noun	relation; connection; relevance	この問題はあの問題と密接に関連している。	This question is closely related to that one.
418	サービス	サービス	noun	service; help; assistance	質の良いサービスが求められている。	Services of better quality are in demand.
419	作る	つくる	verb	to make; to produce; to manufacture	夕食を作ってあげましょう。	Let me fix dinner for you.
420	光	ひかり	noun	light	赤い光は危険信号としてよく用いられる。	A red light is often used as a danger signal.
421	全国	ぜんこく	noun	the whole country	英語は全国に普及した。	English has spread all over the country.
422	希望	きぼう	noun	hope; wish; aspiration	しかし人々はほとんど希望を持っていない。	But people have little hope.
423	怖い	こわい	i-adjective	scary; frightening; eerie	こわくてものが言えなかった。	I could not speak from fear.
424	教育	きょういく	noun	education; schooling; training	教育において試験が大きな役割を果たしている。	Examinations play a large part in education.
425	母	はは	noun	mother	母はそのことについて触れなかった。	My mother didn't mention it.
426	海	うみ	noun	sea; ocean; waters	あまりに寒くてまだ海には行けない。	It's too cold to go to the sea yet.
427	特別	とくべつ	na-adjective	special; particular; extraordinary	本日の特別料理について説明します。	Let me tell you about our special.
428	番組	ばんぐみ	noun	program (e.g. TV); programme	この番組、ビデオに録っておいて。	Will you record this program on video for me?
429	週間	しゅうかん	noun	week	ひどい風邪を引いて、1週間寝込んでいた。	I was flat on my back for a week with a terrible cold.
430	面白い	おもしろい	i-adjective	interesting; fascinating; intriguing	彼のこの本は全然おもしろくありません。	This book of his isn't interesting at all.
431	じゃあ	じゃあ	conjunction	then; well; so	じゃあ注文します。	OK, I'll order it.
432	なんで	なんで	adverb	why?; what for?	なんでもっと早くここに来なかったのだ。	Why didn't you get here sooner?
433	デザイン	デザイン	noun	design	もうこれ以上、デザインを考えられない。	I can't think about the design any more.
434	主	ぬし	noun	head (of a household, etc.); leader; master	主なクレジットカードは全てご利用いただけます。	We accept all major credit cards.
435	事故	じこ	noun	accident; incident; trouble	昨日はじめてその事故について聞きました。	I heard about the accident for the first time yesterday.
436	事業	じぎょう	noun	business; enterprise; venture	彼の事業はどんどん伸びている。	His business is growing rapidly.
437	全然	ぜんぜん	adverb	(not) at all; (not) in the slightest	彼のこの本は全然おもしろくありません。	This book of his isn't interesting at all.
438	千	せん	number	thousand; 1,000	あのレストランは毎日二千食準備している。	That restaurant prepares two thousand meals every day.
439	環境	かんきょう	noun	environment; surroundings; circumstances	彼女は不利な環境に合ってがんばった。	She bore up well under unfavorable circumstances.
440	経済	けいざい	noun	economy; economics	ネット経済は急進展している。	The net economy is booming.
441	議員	ぎいん	noun	member of an assembly; member of the Diet; member of parliament	彼は議員に自分から進んで立候補した。	He came forward as a candidate for Congress.
442	近く	ちかく	noun	near; neighbourhood; neighborhood	彼は生物研究所に１０年近く従事している。	He has been engaged in the study of biology for nearly ten years.
443	ええ	ええ	interjection	yes; that is correct; right	「この店は初めて？」「ええ、初めてです」	Is it the first time you've been here? "Yes, it's my first visit."
444	つまり	つまり	adverb	that is to say; that is; in other words	値段はほんの３千円、つまり約３０ドルだった。	The price was only three thousand yen, or about thirty dollars.
445	データ	データ	noun	data; datum	データはまだまとめていません。	The data hasn't been compiled yet.
446	ファン	ファン	noun	fan; enthusiast; lover (of)	我々は熱狂的な阪神タイガースファンである。	We are enthusiastic Hanshin Tigers fans.
447	メール	メール	noun	email	もっと早くＥメールしなくて、すみません。	Sorry I didn't e-mail you sooner.
448	リンク	リンク	noun	link; linking; linkage	よろしければ相互リンクをお願いできないでしょうか？	Would you like to exchange links?
449	ヶ月	かげつ	counter	counter for months	いや、１、２ヶ月とにかく頑張ってみましょう。	No, we'll be in fighting shape in just a month or two.
450	専門	せんもん	noun	speciality; specialty; special subject of study	私の専門は中世ヨーロッパ史です。	My major is medieval European history.
451	成功	せいこう	noun	success; achievement	彼の成功について聞いて、我々は喜んだ。	We were delighted to hear of his success.
452	持つ	もつ	verb	to hold (in one's hand); to take; to carry	恵一、天ぷら揚がったから、皿持って来い。	Keiichi, the tempura's done, so bring a plate.
453	文化	ぶんか	noun	culture; civilization; civilisation	私はギリシャ文化について学んだ。	I learned about Greek culture.
454	映像	えいぞう	noun	image (on a screen); picture (e.g. on a TV)	その映像はピントがあっていない。	The image is not in focus.
455	検索	けんさく	noun	looking up (e.g. a word in a dictionary); search (e.g. on the Internet); retrieval (of information)	この百科事典は検索に便利である。	This encyclopaedia is convenient for looking up things.
456	死ぬ	しぬ	verb	to die; to pass away	彼女が死んで５年たちます。	She has been dead five years.
457	父	ちち	noun	father	父は徐々に回復しています。	My father is getting better by degrees.
458	発見	はっけん	noun	discovery; detection; finding	先日父によって書かれた本を発見した。	The other day I discovered a book written by my father.
459	まず	まず	adverb	first (of all); firstly; to begin with	まず私に話させてください。	Please let me speak first.
460	主義	しゅぎ	noun	doctrine; rule; principle	自分の主義に基づいて行動した。	I acted up to my principles.
461	出演	しゅつえん	noun	appearance (in a film, play, TV show, etc.); performance	知事自らテレビに出演した。	The governor appeared on TV in person.
462	協力	きょうりょく	noun	cooperation; collaboration; help	一緒に協力して、さらに頑張ろう。	Let's work together to do our best.
463	嘘	うそ	noun	lie; fib; falsehood	トムは正直な少年だから嘘などつけない。	Tom is too honest a boy to tell a lie.
464	最大	さいだい	noun	biggest; greatest; largest	このホールは最大で１０００人収容できる。	This hall holds a maximum of 1,000 people.
465	本当	ほんとう	noun	truth; reality; actuality	帰ってきてホントに良かった。	So nice that you are back.
466	程度	ていど	noun	degree; amount; grade	正確な値段は忘れましたが、１７０ドル程度でした。	I forgot what the exact price was, but it was about 170 dollars.
467	量	りょう	noun	quantity; amount; volume	二酸化炭素の量は１０％増加している。	The amount of carbon dioxide has increased by 10 percent.
468	プロ	プロ	noun	professional; pro	最近のプロ野球はおもしろい。	Pro baseball is interesting these days.
469	メンバー	メンバー	noun	member; participant; attendee	全てのメンバーが彼女の意見を尊重した。	All the members made much of her opinion.
470	今年	ことし	noun	this year	今年、注目している選手は誰ですか。	Which player are you paying the most attention to this year?
471	代表	だいひょう	noun	representation; representative; delegate	現代の英雄はロックスターが代表している。	Modern heroes are represented by rock stars.
472	変更	へんこう	noun	change; modification; alteration	すみません、このチケットは変更できません。	I'm sorry, we can't make flight changes on this ticket.
473	多分	たぶん	adverb	probably; likely; perhaps	多分、２時間ぐらい勉強したよ。	I studied for perhaps two hours.
474	契約	けいやく	noun	contract; compact; agreement	それでは契約と違う。	That's against the contract.
475	心配	しんぱい	noun	worry; concern; anxiety	心配しないでください。調べてみましょう。	Don't worry. I'll look it up for you.
476	敵	てき	noun	opponent; rival; adversary	敵はその建物に対して激しい攻撃をした。	The enemy made a strong attack on that building.
477	昨日	きのう	noun	yesterday	昨日初めてテニスをしました。	I played tennis yesterday for the first time.
478	生まれ	うまれ	noun	birth; birthplace	彼女はアメリカで生まれ、日本で成人した。	She was born in America and grew up in Japan.
479	発生	はっせい	noun	occurrence; incidence; outbreak	毎年たくさんの事故が発生する。	Many accidents happen every year.
480	組	くみ	noun	class (of students)	パーシーという人が君の組にいますか。	Is there a Percy in your class?
481	経験	けいけん	noun	experience	すばらしい食事を経験下さい。	Have a wonderful eating experience.
482	絵	え	noun	picture; drawing; painting	これらの絵は、彼によって描かれた。	These pictures were painted by him.
483	興味	きょうみ	noun	interest (in something); curiosity (about something); zest (for)	興味を示してくださってありがとう。	Thank you for your interest.
484	話題	わだい	noun	topic; subject	話題を変えましょう。	Let's change the subject.
485	責任	せきにん	noun	duty; responsibility (incl. supervision of staff)	私の責任においてこの計画を進めます。	On my own responsibility, I will go on with this plan.
486	酒	さけ	noun	alcohol; sake	酒に飲まれてはいけません。	You must not get drowned in your sake.
487	難しい	むずかしい	i-adjective	difficult; hard; troublesome	医師は難しい手術についてじっくり考えた。	The doctor contemplated the difficult operation.
488	バス	バス	noun	bus	最終バスには乗客がほとんどいなかった。	There were very few passengers on the last bus.
489	ブログ	ブログ	noun	blog	トムがブログに私のサイトへのリンクを貼ってくれた。	Tom linked to my website from his blog.
490	ポイント	ポイント	noun	point (of a story, argument, etc.); key point; important part	株価指数は昨日200ポイント下げた。	The stock price index was off 200 points yesterday.
491	元気	げんき	na-adjective	lively; full of spirit; energetic	事態はよくなってきているよ、だから元気出せ。	The situation is improving, so cheer up!
492	入る	はいる	verb	to enter; to come in; to go in	彼は体育館に歩いて入って行きませんでした。	He did not walk into the gym.
493	商品	しょうひん	noun	commodity; article of commerce; goods	これらの商品は決して満足なものでない。	These goods are by no means satisfactory.
494	対象	たいしょう	noun	target; object (of worship, study, etc.); subject (of taxation, etc.)	彼の演技は格好の批判の対象だった。	His performance was fair game for criticism.
495	小	しょう	noun	smallness; small item	大か、小か。	Large or small?
496	年間	ねんかん	noun	(period of) a year	この４年間英語をずっと勉強している。	I have been learning English these four years.
497	支援	しえん	noun	support; backing; aid	その事件で彼は我々を支援してくれた。	He backed us up during that incident.
498	残念	ざんねん	na-adjective	regrettable; unfortunate; disappointing	残念だけどコーヒーがなくなりました。	I'm afraid I've run short of coffee.
499	決め	きめ	noun	agreement; rule; arrangement	彼らは時間ぎめで車を貸している。	They rent the car by the hour.
500	白	しろ	noun	white	赤白まだらのタオルを一本ください。	A red and spotted white towel, please.
501	百	ひゃく	number	hundred; 100	百歳以上生きる人はほとんどいない。	Few people live to be more than a hundred.
502	終わり	おわり	noun	end; ending; close	どんなに長い日にも必ず終わりがある。	Even the longest day will have an end.
503	被害	ひがい	noun	(suffering) damage; injury; harm	被害総額は１億円以上であった。	The gross amount of the loss was larger than 100 million yen.
504	試し	ためし	noun	trial; test; try	ためしにそれを１ヶ月使ってみよう。	Let's take it for a month on trial.
505	語	ご	noun	word; term	私は１分間５０語タイプできます。	I can type 50 words a minute.
506	運転	うんてん	noun	operation (of a machine); running; working	分かりました。気をつけて運転してください。	Okay. Drive safely.
507	選挙	せんきょ	noun	election	彼は選挙によって選ばれた。	He was chosen by election.
508	非常	ひじょう	noun	emergency	家を買おうとしている人が非常に多くいる。	There are a great many people trying buy houses.
509	面	めん	noun	face	彼は仕事の面できちんとしていた。	He was honest in business.
510	に対する	にたいする	expression	regarding; in; to	民間企業に対する投資をもっと認めてほしい。	I'm eager to be allowed to do more private-sector investment.
511	タイプ	タイプ	noun	type; kind; sort	私は１分間５０語タイプできます。	I can type 50 words a minute.
512	企画	きかく	noun	planning; plan; project	その企画については詳しく話した。	I've spoken amply about the project.
513	使い	つかい	noun	errand; mission; going on an errand	ひとことで言えば、彼はおべっか使いだ。	In a word, he is a flatterer.
514	億	おく	number	hundred million; 100,000,000; 10^8	輸出は３００億ドル増加した。	The exports increased by 30 billion dollars.
515	勉強	べんきょう	noun	study	今後もっと一生懸命勉強すると決意した。	I've made up my mind to study harder from now on.
516	報告	ほうこく	noun	report; information	彼の報告を聞いて嬉しかった。	I was glad to hear his report.
517	彼ら	かれら	pronoun	they; them	彼等はいろいろな問題について話した。	They talked about various subjects.
518	星	ほし	noun	star (usu. excluding the Sun); planet (usu. excluding Earth); heavenly body	星一つ見えなかった。	Not a star was to be seen.
519	服	ふく	noun	clothes (esp. Western clothes); clothing; dress	君の新しい服はとても似合っています。	Your new dress becomes you very well.
520	流れ	ながれ	noun	flow (of a fluid or gas); stream; current	静かな流れは深い。	Still waters run deep.
521	移動	いどう	noun	movement; transfer; migration	彼らはあちこちへと移動してきます。	They move from place to place.
522	行う	おこなう	verb	to perform; to do; to conduct oneself	データを収集するため、次の実験を行った。	They conducted the following experiment to collect the data.
523	表示	ひょうじ	noun	indication; expression; showing	製造年月日はふたに表示されています。	The date of manufacture is shown on the lid.
524	記録	きろく	noun	record; document; minutes	使った額を記録しておきなさい。	Keep a record of how much you spend.
525	間違い	まちがい	noun	mistake; error; blunder	全く間違いというわけでもない。	That is not all together false.
526	なお	なお	adverb	still; yet	彼の行けない理由がなおはっきりしない。	His reason for not going is still unclear.
527	スポーツ	スポーツ	noun	sport; sports	うちの大学にはすばらしいスポーツ施設がある。	Our university has excellent sports facilities.
528	チェック	チェック	noun	check (pattern); plaid	このリストの項目を全部チェックして下さい。	Please check all the items on this list.
529	全体	ぜんたい	noun	whole; entirety	まるで空全体が燃えているようである。	It is as if the whole sky were on fire.
530	変	へん	na-adjective	strange; odd; peculiar	私の説明は変に聞こえるかもしれない。	My explanation may sound strange.
531	文字	もじ	noun	letter (of an alphabet); character	そういう四文字言葉は使わないほうがいい。	You had better not use those four-letter words.
532	施設	しせつ	noun	facility; facilities; institution	うちの大学にはすばらしいスポーツ施設がある。	Our university has excellent sports facilities.
533	最も	もっとも	adverb	most; extremely	もっともやさしい問題から始めた方がいい。	You had better begin with easier questions.
534	楽しい	たのしい	i-adjective	enjoyable; fun; pleasant	退屈するどころか、とても楽しかった。	Far from being bored, we had a very good time.
535	秒	びょう	noun	second (unit of time)	１００メートル、１０秒切れる？	Will they break the ten-second mark in the hundred-metre race?
536	能力	のうりょく	noun	ability; faculty	成功は能力によるよりむしろ熱心さによる。	Success is due less to ability than to zeal.
537	観	かん	noun	look; appearance	私には彼のレジャー観が面白い。	I find his ideas about leisure interesting.
538	訳	わけ	noun	reason; cause; grounds	彼女の怒ったわけを言ってください。	Tell me the reason why she got angry.
539	誕生	たんじょう	noun	birth (of a person); nativity	私は誕生プレゼントを受け取りました。	I received my birthday present.
540	運動	うんどう	noun	exercise; physical training; workout	もっと運動しようと思います。	I'm going to get more exercise.
541	その他	そのほか	expression	the rest; the others	その他購入するものはありますでしょうか。	Will there be anything else?
542	つもり	つもり	noun	intention; plan; purpose	成功するつもりならもっと頑張れ。	Work harder if you are to succeed.
543	とりあえず	とりあえず	adverb	first of all; at once; right away	とりあえずこれをやってしまおう。	Let's do this first of all.
544	なかなか	なかなか	adverb	very; considerably; easily	ごめん。なかなかここが見つからなくて。	Sorry. I could hardly find this place.
545	もし	もし	adverb	if; in case; supposing	もし上手に使えば、お金はずいぶん役に立つ。	If wisely used, money can do much.
546	一方	いっぽう	noun	one (esp. of two); the other; one way	彼女の親切に感謝する一方負担にも感じる。	I appreciated her kindness, while I feel it burdensome.
547	価値	かち	noun	value; worth; merit	その博物館はいってみる価値がある。	The museum is worth visiting.
548	保護	ほご	noun	protection; safeguard; guardianship	老人はその子を保護してやった。	The old man gave the child shelter.
549	倍	ばい	noun	double; twice (as much)	彼女の家は我が家より２、３倍広い。	Her house is two or three times as large as ours.
550	意識	いしき	noun	consciousness	ちゃんと意識しないで気付いていたのでしょう。	I expect you realised that without being conscious of it.
551	感じる	かんじる	verb	to feel; to sense; to experience	そのニュースを聞いたとき、とても悲しく感じた。	I felt very sad when I heard the news.
552	木	き	noun	tree; shrub; bush	木はその実によってわかる。	A tree is known by its fruit.
553	権	けん	noun	right (to do something)	旦那も子供の引き取り権を望んでいた。	Her husband also wanted custody of the children.
554	詳細	しょうさい	noun	details; particulars; specifics	この事を詳細に説明する時間がありません。	I have no time to explain this in detail.
555	調べ	しらべ	noun	investigation; inspection; examination	先生はわれわれの答案調べに忙しい。	The teacher is busy looking over our tests.
556	黒	くろ	noun	black	彼女は黒のパーティードレスがとてもよく似合う。	She is very becoming in a black party dress.
557	こういう	こういう	adjective	such; this sort of; like this	こういうふうに考えてよろしいでしょうか。	Am I correct in thinking thus?
558	作り	つくり	noun	making; producing; manufacturing	彼はボート作りの過程を説明した。	He explained the process of building a boat.
559	味	あじ	noun	flavor; flavour; taste	塩を加えたら味が大いに良くなった。	The addition of salt greatly improved the flavor.
560	失敗	しっぱい	noun	failure; mistake; blunder	彼女は失敗して恥ずかしく思った。	She failed and felt humiliated.
561	展開	てんかい	noun	development; evolution; progression	その事件の展開について引き続きお知らせ下さい。	Please keep me informed of the development of the case.
562	担当	たんとう	noun	being in charge (of an area of responsibility); being responsible (for a work role, etc.)	佐藤先生が私のクラスを担当しています。	Miss Sato is in charge of my class.
563	提供	ていきょう	noun	offer; tender; providing	この情報をすぐに提供してくれ。	Supply me with this information as soon as possible.
564	時期	じき	noun	time; season; period	しかるべき時期にお支払いいたしました。	I paid at the appropriate time.
565	気分	きぶん	noun	feeling; mood	ブルーな気分になりたくない。	I don't want to feel blue.
566	答え	こたえ	noun	answer; reply; response	その問題に対する私の答えは間違っていた。	My answer to the problem came out wrong.
567	精神	せいしん	noun	mind; spirit; soul	彼の精神発達は遅かった。	His mental development was slow.
568	組織	そしき	noun	organization; organisation; formation	この組織は戦後生まれた。	This institution came into being after the war.
569	買う	かう	verb	to buy; to purchase	毎年私は学校用として新しいノートを買う。	Every year, I buy new notebooks for school.
570	高校	こうこう	noun	senior high school; high school	彼女は高校時以来ずっと変わった。	She has changed a lot since high school.
571	おく	おく	verb	to put; to place	部屋をきちんとしておかなくてはならない。	You must keep your room tidy.
572	しっかり	しっかり	adverb	tightly (holding on); firmly; securely	しっかり勉強して下さい。	Study hard.
573	そのまま	そのまま	adverb	without change; as is	電話を切らないでそのままお待ち下さい。	Hold the line, please.
574	それぞれ	それぞれ	adverb	each; respectively	個人はそれぞれ異なっている。	Each individual is different.
575	ほか	ほか	noun	another place; some other place; somewhere else	私は彼女の他の人々に対する愛に感動した。	I was moved by her love for other people.
576	タイトル	タイトル	noun	title	私はその歌のタイトルをどうしても思い出せなかった。	I failed to recall the song's title.
577	中心	ちゅうしん	noun	center; centre; middle	その町の中心にすてきな公園があります。	There's a splendid park in the centre of the town.
578	交換	こうかん	noun	exchange; interchange; switching	レンズだけ交換できますか。	Can I buy only the lenses?
579	原因	げんいん	noun	cause; origin; source	この病気の原因については、ほとんどわかっていない。	We know very little about the cause of this disease.
580	大人	おとな	noun	adult; grown-up	大人だけこの映画が見える。	Only adults can see this film.
581	嬉しい	うれしい	i-adjective	happy; glad; pleased	とにかく来てくださればうれしい。	At any rate, I hope you can come.
582	学生	がくせい	noun	student (esp. a university student)	私は留学した学生たちがうらやましかった。	I was envious of the students who had studied abroad.
583	安心	あんしん	noun	peace of mind; relief; (sense of) security	私、安心しています。	I feel at ease.
584	幸せ	しあわせ	noun	happiness; good fortune; luck	叔父は、幸せに暮らした。	My uncle lived a happy life.
585	投稿	とうこう	noun	contribution (to a newspaper, magazine, etc.); submission; post (on a blog, social media, etc.)	忘れずにその手紙を投稿しなさい。	Remember to post the letter.
586	歌	うた	noun	song; singing	この詩は昨夜彼によって書かれました。	This poem was written by him last night.
587	死	し	noun	death	むしろ名誉ある死を選びたい。	I would prefer an honorable death.
588	薬	くすり	noun	medicine; pharmaceuticals; (legal) drugs	馬鹿につける薬なし。	No medicine can cure folly.
589	表現	ひょうげん	noun	expression; representation; description	私はどんなに感謝しているか表現できない。	I can't express how grateful I am.
590	解決	かいけつ	noun	settlement; solution; resolution	解決しなければならない問題がたくさんある。	There are many problems to solve.
591	運営	うんえい	noun	management; administration; operation	新しい校長が学校を管理運営している。	A new principal is administering the school.
592	いろいろ	いろいろ	na-adjective	various; a variety of; all sorts of	彼等はいろいろな問題について話した。	They talked about various subjects.
593	ごめん	ごめん	interjection	I'm sorry; my apologies; excuse me	ごめん、君の言ったことよく聞こえなかった。	I'm sorry, I didn't quite catch what you said.
594	しかも	しかも	conjunction	moreover; furthermore	このバッグは素晴らしくて、しかも安い。	This bag is both good and inexpensive.
595	そんなに	そんなに	adverb	so much; so; like that	そんなに速く走るなんてできません。	Running so fast is impossible for me.
596	キャラ	キャラ	noun	(fictional) character	これも後で言うつもりだったんだけどカタハネのキャラに端役というのは存在しないのよね。	I planned to say this later on but in Katahane there is no such thing as a 'bit part'.
597	例	れい	noun	example; instance; illustration	例１，２のように訂正せよ。	Correct it, as in example 1.2.
598	危険	きけん	noun	danger; peril; hazard	危険な状態にあるとき、彼らは逃げます。	When they are in danger, they run away.
599	右	みぎ	noun	right; right-hand side	右よ～し、左よ～し・・・、よし。大丈夫。	Right - clear, left - clear..., OK, all clear.
600	営業	えいぎょう	noun	business; trade; operations	ビデオショップは３時まで営業しています。	The video shop is open until 3 o'clock.
601	当時	とうじ	noun	at that time; in those days	当時ドイツは強力な軍隊を持っていた。	Germany then had a powerful army.
602	感謝	かんしゃ	noun	thanks; gratitude; appreciation	援助していただいて本当に感謝しています。	I am very grateful to you for your help.
603	料理	りょうり	noun	cooking; cookery; cuisine	本日の特別料理について説明します。	Let me tell you about our special.
604	日本人	にほんじん	noun	Japanese person	私は日本人一般について言っているのだ。	I speak of the Japanese in general.
605	自然	しぜん	noun	nature	彼女の態度は極めて自然である。	She is extremely natural in her manner.
606	きっと	きっと	adverb	surely; undoubtedly; almost certainly	この失敗、きっと一生、言われつづけるなあ。	We'll never live this fiasco down.
607	カメラ	カメラ	noun	camera	そのカメラは少なくとも５００ドルする。	The camera will cost at least $500.
608	グループ	グループ	noun	group (usu. of people)	そのグループは現在盛んに活動している。	That group is presently very active.
609	セット	セット	noun	set (of things); combo	彼女は６人用のテーブルセットした。	She laid the table for six.
610	事実	じじつ	noun	fact; truth; reality	その事実はまだ知られていない。	The fact still remains to be known.
611	出す	だす	verb	to take out; to get out	もっと早く返事を出さないでいてすみません。	Sorry I didn't reply sooner.
612	判断	はんだん	noun	judgment; judgement; decision	公平に判断すれば、彼の意見は正しい。	To do him justice, he is right in his opinion.
613	動物	どうぶつ	noun	animal	彼はその動物についてほとんど知らない。	He knows almost nothing about that animal.
614	国内	こくない	adjective	within the country; inside the county; domestic	ＦＥＮは国内ニュースを放送していない。	FEN does not carry domestic news.
615	大会	たいかい	noun	mass meeting; convention; rally	オリンピック大会は４年毎に開催される。	The Olympic Games are held every four years.
616	大好き	だいすき	na-adjective	liking very much; loving (something or someone); adoring	この写真大好き。	I love this picture.
617	巻	まき	noun	roll (e.g. of cloth)	その辞書は全２巻です。	The dictionary comes in two volumes.
618	想像	そうぞう	noun	imagination; supposition; guess	そんな生活は想像できません。	I can't imagine such a life.
619	春	はる	noun	spring; springtime	春がきて、日ごとに暖かくなってきている。	Spring is here. It is getting warmer every day.
620	未	ひつじ	noun	the Sheep (eighth sign of the Chinese zodiac); the Ram; the Goat	大学卒業生の未就職者は４０００人以上に及んでいる。	The number of unemployed college graduates amounts to more than 4000.
621	準備	じゅんび	noun	preparation; arrangements; getting ready	あのレストランは毎日二千食準備している。	That restaurant prepares two thousand meals every day.
622	自動	じどう	adjective	automatic	ほとんどのエレベーターは自動で動く。	Most elevators operate automatically.
623	記憶	きおく	noun	memory; recollection; remembrance	その景色は強く私の記憶に残っている。	I was deeply impressed by the scenery.
624	試合	しあい	noun	match; game; bout	長く続いた試合がやっと終わった。	The long game came to an end at last.
625	身	み	noun	one's body; one's person	学生の身なのでまだ結婚する気になれない。	Being only a student, I can't afford to get married.
626	ページ	ページ	noun	page	さらに詳しくは１６ページ参照。	For further information, see page 16.
627	今度	こんど	noun	this time; now	今度遊びに来てください。	Come and see us sometime.
628	労働	ろうどう	noun	labor; labour; work	彼らは奴隷のように労働した。	They labored like slaves.
629	大切	たいせつ	na-adjective	important; significant; serious	彼女は彼にとって最もたいせつな人だ。	She is all in all to him.
630	未来	みらい	noun	(distant) future	君の未来計画について話してください。	Tell me about your program for the future.
631	沖縄	おきなわ	noun	Okinawa (city, prefecture)	台風のため沖縄へ旅行できなかった。	A typhoon prevented us from going on our trip to Okinawa.
632	現実	げんじつ	noun	reality; actuality; hard fact	賢い子供は人生や現実について知りたがる。	A bright child is curious about life and reality.
633	用意	ようい	noun	preparation; arrangements; provision	用意がほとんど出来ていなかった。	I was hardly prepared.
634	科学	かがく	noun	science	彼はあらゆる科学について知っている。	He's at home in all the sciences.
635	結局	けっきょく	adverb	after all; in the end; ultimately	彼女は結局、電話してこなかった。	She didn't telephone after all.
636	美	び	noun	beauty	彼女は美に対するセンスを持っていない。	She has no sense of the beautiful.
637	親	おや	noun	parent; parents; mother and father	親はこれに対して満足な答えを与えられない。	There is no satisfactory answer a parent can give to this.
638	アップ	アップ	noun	rise; increase; raising	物価は毎日アップしている。	Prices are going up every day.
639	ドラマ	ドラマ	noun	(non-documentary) television series; TV drama; teledrama	この秋は、珍しくドラマをたくさん見ている。	This autumn I am, unusually, watching many drama series.
640	上げ	あげ	noun	tuck (e.g. in a dress)	順風の時に帆を上げよ。	Hoist your sail when the wind is fair.
641	予約	よやく	noun	reservation; appointment; booking	おい、きみ、予約してくれ。	Hey you, make a reservation.
642	仲間	なかま	noun	companion; fellow; friend	仲間がすべて寝ていた。	My companions were all asleep.
643	位置	いち	noun	place; position; location	位置について、用意、ドン。	On your marks, get set, go!
644	作	さく	noun	work (e.g. of art); piece; production	彼の最近作は前作に比べて進歩がある。	His latest work is an advance on his previous one.
645	印象	いんしょう	noun	impression	この本の印象をどうぞ。	Give me your impression of this book.
646	反応	はんのう	noun	reaction; response	反応が早ければ点数が上がります。	You'll get brownie points if you respond quickly.
647	少ない	すくない	i-adjective	few; little; small (amount)	口少ないひとは、賢いしるし。	Few words show men wise.
648	日本語	にほんご	noun	Japanese (language)	日本語、英語、フランス語を話します。	I speak Japanese, English, and French.
649	本人	ほんにん	noun	the person in question; the person themselves; said person	彼本人がやってきた。	He came in person.
650	番号	ばんごう	noun	number; series of digits	どうしても彼女の電話番号が思い出せない。	I can't for the life of me remember her phone number.
651	空	そら	noun	sky; the air; the heavens	空には、星一つ見られなかった。	Not a star was to be seen in the sky.
652	裏	うら	noun	opposite side; bottom; other side	表が出たら僕の勝ち、裏が出たら君の勝ち。	Heads I win, tails you win.
653	近い	ちかい	i-adjective	near; close; short (distance)	あれ、そんなに近いとは知りませんでした。	Oh, I didn't know it was that close.
654	銀行	ぎんこう	noun	bank; banking institution	銀行に１０００ドル貯金した。	I made a deposit of $1,000 at the bank.
655	長い	ながい	i-adjective	long (distance, length)	彼のやたら長い話にはうんざりする。	He bored me with his endless tales.
656	いっぱい	いっぱい	noun	one cup (of); one glass (of); one bowl (of)	今月いっぱいここにいます。	I will stay here all this month.
657	もらう	もらう	verb	to receive; to take; to accept	短くしてもらわなければなりません。	I must have it shortened.
658	センター	センター	noun	centre; center	学生センターは話をするのに良いところだ。	The student center is a good place to strike up conversations.
659	不明	ふめい	na-adjective	unclear; obscure; indistinct	現在その病気の原因は不明である。	At present, the cause of the disease is unknown.
660	京都	きょうと	noun	Kyoto (city, prefecture)	京都には訪れる場所がたくさんあります。	There are many places to visit in Kyoto.
661	出会い	であい	noun	meeting; rendezvous; encounter	それは偶然の出会いであった。	It was a chance meeting.
662	参考	さんこう	noun	reference; consultation	辞書は優れた参考本だ。	A dictionary is an excellent reference book.
663	友人	ゆうじん	noun	friend	彼の友人はそれぞれこの夏、キャンプに行く。	Each of his friends is going to camp this summer.
664	地球	ちきゅう	noun	Earth; the globe	実際に地球はどんどん温かくなっている。	Actually, the earth is getting warmer.
665	実施	じっし	noun	enforcement; implementation; putting into practice	その組織はまもなく実施されます。	The system will go into operation in a short time.
666	必ず	かならず	adverb	always; without exception; necessarily	必ず二時に電話してください。	Never fail to call me up at two o'clock.
667	更新	こうしん	noun	renewal; update; replacement	私は先月、運転免許証を更新してもらった。	I had my driver's license renewed last month.
668	購入	こうにゅう	noun	purchase; buying	その他購入するものはありますでしょうか。	Will there be anything else?
669	階	かい	noun	storey; story; floor	どうぞ３階へ上がってください。	Please go up to the third floor.
670	馬	うま	noun	horse	あの馬の速くはしること！	How fast that horse runs!
671	ごと	ごと	noun	each; every	毎日曜日に教会に行きます。	I go to church every Sunday.
672	どうぞ	どうぞ	adverb	please; kindly; pray	どうぞ健康に注意してください。	Please be careful of your health.
673	シーン	シーン	noun	scene; sight	あの美しいシーンが目に浮かぶ。	The beautiful scene comes to my mind.
674	スーパー	スーパー	noun	supermarket	その新しいスーパーは先月開店した。	The new supermarket was opened last month.
675	人々	ひとびと	noun	people; men and women	彼は人々についてあまり知らなかった。	He knew little about the people.
676	卒業	そつぎょう	noun	graduation; completion (of a course)	やっと中学を卒業しました。	At last, I graduated from junior high school.
677	周り	まわり	noun	circumference; girth	太陽は地球の周りを回ると信じられていた。	It was believed that the sun went around the earth.
678	四	し	number	four; 4	四時間以上も歩きつづけています。	I have been walking for over four hours.
679	国民	こくみん	noun	people (of a country); nation; citizen	国民全体が大きな変化を望んでいる。	The country at large is hoping for great changes.
680	大統領	だいとうりょう	noun	president (of a country)	大統領は思わず笑ってしまった。	The president laughed in spite of himself.
681	宇宙	うちゅう	noun	universe; cosmos; space	アメリカは宇宙技術において進んでいる。	America is ahead in space technology.
682	対策	たいさく	noun	measure; step; countermeasure	これは有効な犯罪防止対策だ。	This is an effective remedy for crime.
683	少女	しょうじょ	noun	girl (usu. between 7 and 17); young lady	少女たちは並んで座っていました。	The girls were sitting side by side.
684	時点	じてん	noun	point in time; occasion	彼らは多くの労働者たちをその時点で一時解雇した。	They laid off many workers at that point.
685	村	むら	noun	village	その村はますます住みにくくなるだろう。	It will become more and more difficult to live in the village.
686	正直	しょうじき	na-adjective	honest; frank; candid	正直に言って彼は信頼できない。	Honestly, I can't trust him.
687	皆さん	みなさん	noun	all; everyone; everybody	みなさん、落ち着いてください。	Please keep yourselves calm.
688	真	しん	noun	truth; reality; genuineness	彼の真のねらいを理解できない。	I fail to understand his true aim.
689	肉	にく	noun	flesh	冷蔵庫には肉は残っていません。	There is no meat left in the fridge.
690	かかる	かかる	verb	to take (a resource, e.g. time or money)	手数料は３パーセントかかります。	We charge a commission of 3%.
691	どちら	どちら	pronoun	which way; which direction; where	彼らのうちどちらがうまく歌えるでしょうか？	Which of them can sing better?
692	なんと	なんと	adverb	what; how	なんと不思議な偶然の一致だろう。	What a coincidence!
693	コメント	コメント	noun	comment	コメントを用意してきてください。	Please come prepared to provide your comments.
694	トップ	トップ	noun	top	彼女は試験にトップで合格した。	She passed first in the exam.
695	以降	いこう	noun	on and after; from ... onward; since	九時以降はテレビを見ないことにしている。	I make it a rule not to watch television after nine o'clock.
696	価格	かかく	noun	price; value; cost	過去５年間価格を上げてません。	We haven't had a price increase in the last five years.
697	学	がく	noun	learning; scholarship; study	少年老い易く学成り難し。	Art is long, time is fleeting.
698	差	さ	noun	difference; variation	それは大変な差である。	It makes all the difference.
699	息子	むすこ	noun	son	彼女はひどく心配して息子を待っていた。	She was waiting for her son with great anxiety.
700	明らか	あきらか	na-adjective	clear; obvious; evident	明らかに全員出席しているように見えました。	It clearly looked as if everyone was present.
701	楽	らく	noun	comfort; ease; relief	この飛行機は楽に４００人運ぶことができる。	This airplane accommodates 400 passengers quite comfortably.
702	消費	しょうひ	noun	consumption; expenditure; spending	日本は紙を大量に消費する。	Japan consumes a lot of paper.
703	火	ひ	noun	fire; flame; blaze	それを取ってきてそして火に入れて下さい。	Get it and put it on the fire.
704	犯罪	はんざい	noun	crime; offence; offense	彼はその犯罪に関して無罪だった。	He was innocent of the crime.
705	監督	かんとく	noun	supervision; control; superintendence	監督に従って行動しなくてはいけない。	You must act under the leadership of your supervisor.
706	素晴らしい	すばらしい	i-adjective	wonderful; splendid; magnificent	要するに、そのパーティーはすばらしかった。	In brief, the party was splendid.
707	経営	けいえい	noun	management; administration; operation	ＡＢＣジャパンの経営チームにようこそ。	Welcome to the management team at ABC Japan.
708	船	ふね	noun	ship; boat; watercraft	船はまもなく見えなくなった。	A ship was out of sight soon.
709	良	りょう	noun	good (quality, condition, etc.)	今学期は良が２つあった。	I got two Bs this semester.
710	読み	よみ	noun	reading	案外、この本は読みやすいね。	This book is surprisingly easy to read, isn't it?
711	負け	まけ	noun	defeat; loss; losing (a game)	彼は負けを認めなかった。	He didn't acknowledge defeat.
712	通常	つうじょう	adjective	usual; ordinary; normal	病気は通常１つではなく、多様な原因によって起こる。	Illness usually has a variety of causes, not just one.
713	障害	しょうがい	noun	obstacle; impediment; hindrance	彼はあらゆる障害にも関わらず成功した。	He succeeded in spite of all difficulties.
714	電車	でんしゃ	noun	train; electric train	今朝もいつも乗る電車に間に合わなかった。	This morning I missed the train I usually take.
715	食べる	たべる	verb	to eat	毎日新鮮な野菜サラダを食べてます。	We eat a fresh, green salad every day.
716	または	または	conjunction	or; either ... or ...	紅茶またはコーヒーはいかが？	Would you like some tea or coffee?
717	よる	よる	verb	to be due to; to be caused by	造られたもので、この方によらずできたものは一つもない。	Without him nothing was made that has been made.
718	アイドル	アイドル	noun	performer (usu. in a boy band or girl group) with an image cultivated to foster a dedicated fan following; Japanese idol	彼女はいわば我々のアイドルだった。	She was, so to speak, our idol.
719	セックス	セックス	noun	sex; sexual intercourse	戦争するよりセックスしよう。	Make love, not war.
720	ホテル	ホテル	noun	hotel	そのホテルは５００人宿泊できる。	The hotel can accommodate 500 guests.
721	ロシア	ロシア	noun	Russia	ロシアは大変な財政困難に直面している。	Russia is facing great financial difficulties.
722	作業	さぎょう	noun	work; operation; task	これらの作業は技術的に不可能である。	These operations are technically impossible.
723	値	あたい	noun	price; cost	この本はもっと安い値で買った。	I bought this book for less.
724	国家	こっか	noun	state; country; nation	日本は自由国家群に受け入れられた。	Japan has been received into the family of free nations.
725	多数	たすう	noun	large number (of); many	この列車にはかなり多数の乗客が乗っている。	There are not a few passengers on this train.
726	役	やく	noun	role; assignment; responsibility	その２つの役は同一の女優によって演じられた。	The two parts were played by one and the same actress.
727	戦い	たたかい	noun	battle; war; fight	激しい戦いが兵士によってなされた。	A fierce battle was fought by the soldiers.
728	疲れ	つかれ	noun	tiredness; fatigue	熱心に勉強して彼らは疲れを感じた。	They felt weary after their hard work.
729	素敵	すてき	na-adjective	lovely; wonderful; charming	すてきなレストラン。連れてきてもらえて嬉しい。	This is a nice restaurant. Thanks for bringing me here.
730	続ける	つづける	verb	to continue; to keep up; to keep on	彼女は疲れ過ぎて働き続けられなかった。	She was too tired to go on working.
731	聞く	きく	verb	to hear	聞けば聞くほどますます面白くなる。	The more I hear, the more interesting it becomes.
732	脳	のう	noun	brain	彼らは脳の機能について研究している。	They study about the function of the brain.
733	行為	こうい	noun	act; deed; conduct	君の行為にはまったくがまんできない。	Your conduct is beyond bearing.
734	途中	とちゅう	noun	on the way; en route	昨日、家に帰る途中、夕立にあいました。	I was caught in a shower on my way home yesterday.
735	非	ひ	noun	fault; error; mistake	彼はどうしても非を認めなかった。	He would not admit his fault.
736	スタッフ	スタッフ	noun	staff; staff member	スタッフ全員が出席したわけではありません。	Not all of the staff was present.
737	ドイツ	ドイツ	noun	Germany	当時ドイツは強力な軍隊を持っていた。	Germany then had a powerful army.
738	仕方	しかた	noun	way; method; means	その仕方を教えてください。	Show me how to do it.
739	入れる	いれる	verb	to put in; to let in; to take in	熱いコーヒーを入れてあげましょう。	Let me make you a cup of hot coffee.
740	制度	せいど	noun	system; institution; organization	大手銀行の大半がこの制度を導入している。	The majority of big banks are introducing this system.
741	制限	せいげん	noun	restriction; restraint; limitation	彼はこの二ヶ月間食事制限をしている。	He has been on a diet for two months.
742	取引	とりひき	noun	transactions; dealings; business	あなたと取り引きします。	I make you a deal.
743	国際	こくさい	adjective	international	まもなく新東京国際空港に着陸します。	In a few minutes we'll be landing at New Tokyo International Airport.
744	地方	ちほう	noun	district; region; area	その変わった習慣はその地方特有のものだ。	The odd custom is peculiar to the region.
745	完成	かんせい	noun	completion; perfection; accomplishment	私は仕事を完成するよう努力しましょう。	I will endeavor to complete my task.
746	少年	しょうねん	noun	boy	少年は奴隷として売られた。	The boy was sold into slavery.
747	方向	ほうこう	noun	direction; orientation; bearing	軍隊は違う方向に進んでいた。	The army was advancing in the wrong direction.
748	有名	ゆうめい	na-adjective	famous; well-known	その有名な医者はエイズについて演説した。	The famous doctor made a speech on AIDS.
749	本気	ほんき	noun	seriousness; earnestness; truth	さあ、そろそろ本気で勉強を始めなくちゃ。	It's time to hit the books.
750	森	もり	noun	forest	彼女は恐くて森を通れなかった。	She was afraid to pass through the woods.
751	生産	せいさん	noun	production; manufacture	この工場の生産高は２０％増加している。	The output of this factory has increased by 20%.
752	石	いし	noun	stone; rock; pebble	世界中から集められた石が使われています。	Stones collected from all over the world are used.
753	自己	じこ	noun	self; oneself	消極的なその男はめったに自己表現しない。	The passive man seldom, if ever, expresses himself.
754	ちなみに	ちなみに	conjunction	by the way; in this connection; incidentally	ちなみに私は英語がからきし駄目なんです。	By the way, my English is absolutely hopeless.
755	よろしく	よろしく	expression	well; properly; suitably	お母さんによろしくお伝えください。	Please give my best regards to your mother.
756	ドル	ドル	noun	dollar	私は毎月１０ドルずつ貯金しています。	I put away 10 dollars each month.
757	会議	かいぎ	noun	meeting; conference; session	ただいまその問題について会議中です。	They are now sitting in conference on that question.
758	健康	けんこう	noun	health	彼の健康は徐々に回復している。	His health is improving little by little.
759	勝手	かって	noun	one's own convenience; one's way; selfishness	いつまでもぶつくさ言っているのは君の勝手だけどね、それじゃあ事態は何一つ変わらないよ。	You can complain 'til the cows come home, but it's not going to make a bit of difference.
760	北	きた	noun	north	２５号線北方面の入り口付近にいます。	I'm near the on ramp to 25 north.
761	北海道	ほっかいどう	noun	Hokkaido (island, prefectural-level administrative unit)	北海道がいつも寒いわけではない。	It is not always cold in Hokkaido.
762	半	はん	noun	half; semi-; partial	彼が出発して３時間半が経過した。	Three and a half hours have passed since he left.
763	器	うつわ	noun	bowl; vessel; container	彼は将来国家の棟梁たるべき器だ。	He has the capacity to be a future leader of the nation.
764	外国	がいこく	noun	foreign country	私の父は長年、外国貿易に従事しています。	My father has been engaged in foreign trade for many years.
765	大量	たいりょう	na-adjective	large quantity; massive (quantity); mass (e.g. mass production, mass transit, mass destruction)	日本は紙を大量に消費する。	Japan consumes a lot of paper.
766	委員	いいん	noun	committee member	委員たちは不思議な経験について次々に答えた。	The members told us about the strange experience in turns.
767	左	ひだり	noun	left; left-hand side	コンピューターは彼女の左にある。	The computer is placed to the left of the women.
768	平成	へいせい	noun	Heisei era (1989.1.8-2019.4.30)	昭和の次は平成です。	Heisei is next after the Showa era.
769	当然	とうぜん	adjective	natural; right; proper	君は当然参加するものと思っている。	I take it for granted that you will join.
770	恋	こい	noun	(romantic) love	彼女に恋している。	I fell in love with her.
771	旅	たび	noun	travel; trip; journey	旅はおよそ５時間くらいかかるでしょう。	The trip will take some five hours.
772	特徴	とくちょう	noun	feature; trait; characteristic	この計画の主要な特徴はまだ曖昧です。	The main feature of this scheme is still ambiguous.
773	選択	せんたく	noun	choice; selection; option	クリスの行動を選択して下さい。	Select action for Chris.
774	野球	やきゅう	noun	baseball	彼の野球生活はその時終わった。	His baseball life ended then.
775	雨	あめ	noun	rain	明日雨ならば行きません。	I would not go if it rains tomorrow.
776	食事	しょくじ	noun	meal (e.g. lunch, dinner)	冷たい食事は、避けてください。	You shouldn't eat anything cold.
777	魔法	まほう	noun	magic; witchcraft; sorcery	わたしは魔法を信じている。	I believe in magic.
778	これら	これら	pronoun	these	これらの問題はきわめて簡単に答えられる。	These questions can be answered quite simply.
779	に関して	にかんして	expression	regarding ...; concerning ...; about ...	私に関しては、すべてうまく行っている。	All is well with me.
780	ソフト	ソフト	na-adjective	soft	そのソフトは完璧からほど遠い。	That program is still far from perfect.
781	人物	じんぶつ	noun	person; character; figure	彼がどんな人物かよくわからない。	I can't figure him out.
782	反対	はんたい	noun	opposition; resistance; antagonism	反対に直面してそうせざるを得なかった。	He couldn't help doing so in the face of opposition.
783	名古屋	なごや	noun	Nagoya (city)	かつて彼らは名古屋にすんでいた。	At one time they lived in Nagoya.
784	客	きゃく	noun	guest; visitor	客として扱われて、彼女は満足だった。	She was pleased to be treated as a guest.
785	専用	せんよう	noun	(one's) exclusive use; private use; personal use	彼は自分専用の電話を持っている。	He has a telephone to himself.
786	弁護士	べんごし	noun	lawyer; attorney	彼は１０年以上も弁護士として開業してきた。	He has been in practice as a lawyer for more than ten years.
787	意見	いけん	noun	opinion; view; comment	彼の意見は受け入れられなかった。	His opinion was not accepted.
788	成長	せいちょう	noun	growth; development; growing up	彼女は成長するにつれて次第に美しくなった。	As she grew up, she became more and more beautiful.
789	指定	してい	noun	designation; specification; assignment	別の日をご指定いただけませんか。	Could you suggest an alternative date?
790	採用	さいよう	noun	use; adoption; acceptance	君の考えが気に入って、採用した。	I liked your idea and adopted it.
791	機関	きかん	noun	engine	調査機関がその効果を調べた。	A research organization investigated the effect.
792	無駄	むだ	noun	futility; waste; uselessness	時間を無駄に過ごしてしまう。	He idles away his time.
793	箱	はこ	noun	box; case; chest	この箱はトニー君によって作られました。	This box was made by Tony.
794	若い	わかい	i-adjective	young; youthful	彼女は若いときたいへん美しかった。	She was very beautiful when she was young.
795	製	せい	noun	make; manufacture; -made	この手作りのイタリア製チタン自転車は、恐ろしく軽い。	This handmade Italian-made titanium bicycle is terribly light.
796	赤	あか	noun	red; crimson; scarlet	危険な時には赤ランプが点きます。	The red lamp lights up in case of danger.
797	逮捕	たいほ	noun	arrest; apprehension; capture	あなたを逮捕します。	You are under arrest.
798	郡	ぐん	noun	district; county	これは豊能郡の地図です。	This is a map of the Toyono district.
799	髪	かみ	noun	hair (on the head)	彼の髪はますます薄くなった。	His hair got thinner and thinner.
800	パン	パン	noun	bread; (sweet) pastry	そうですね、パンを焼いたりします。	Well, I bake bread.
801	ライン	ライン	noun	line	ライン川はフランスとドイツの間を流れている。	The Rhine runs between France and Germany.
802	ロック	ロック	noun	rock (music)	彼はロック歌手として知られている。	He is known as a rock singer.
803	予想	よそう	noun	expectation; anticipation; prediction	そんな渋滞は予想していなかった。	I hadn't bargained on such a heavy traffic jam.
804	今後	こんご	noun	from now on; hereafter	今後もっと一生懸命勉強すると決意した。	I've made up my mind to study harder from now on.
805	医療	いりょう	noun	medical treatment; medical care	乳幼児に対する医療がもっと必要である。	We need more medical care for infants.
806	南	みなみ	noun	south	オーストラリアは南アメリカより小さい。	Australia is smaller than South America.
807	命	いのち	noun	life; life force	命ある限り希望あり。	While there is life, there is hope.
808	変化	へんか	noun	change; variation; alteration	世界はますます急速に変化している。	The world is changing more and more quickly.
809	夫	おっと	noun	husband	夫はまもなく帰ってきます。	It won't be long before my husband comes back.
810	新聞	しんぶん	noun	newspaper	新聞を読み終わったら渡してくれる？	Can I have the paper when you're finished with it?
811	特定	とくてい	adjective	specific; particular; designated	警察はいまだ犯人を特定できないでいる。	The police still can't point out who committed the crime.
812	男子	だんし	noun	boy	私たちのクラスには男子２５名、女子２０名いる。	Our class has twenty-five boys and twenty girls.
813	編集	へんしゅう	noun	editing; compilation	彼は多少編集の知識がある。	He has some knowledge of editing.
814	読む	よむ	verb	to read	彼の小説は全部読んでいます。	I have read all his novels.
815	賞	しょう	noun	prize; award	賞としてこのアルバムをあげよう。	You shall have this album as a prize.
816	通信	つうしん	noun	correspondence; communication; transmission	この会社は通信部門でよく知られている。	This corporation is well known for its communication equipment.
817	都	みやこ	noun	capital (esp. Kyoto, Japan's former capital); seat of government	奈良はとても古い都です。	Nara is a very old city.
818	さすが	さすが	adverb	as one would expect; just as you'd expect (from); just like (someone)	彼はさすが大学に行っただけのことはある。	He did not go to college for nothing.
819	つく	つく	verb	to be lit (of a lamp, burner, etc.); to catch fire; to ignite	突然その光はついた。	All of a sudden, the lights went on.
820	における	における	expression	in; at; on	彼の発見は輸送における革命をもたらした。	His discovery gave rise to a revolution in transport.
821	オリジナル	オリジナル	adjective	original	遅延便については、オリジナルの出発日に基づくシーズナリティを適用するため、マイル差額の払い戻しはいたしません。	For delayed flights, seasonal adjustments are made on the basis of the original flight date and so refunds of air-mile difference will not be made.
822	カップ	カップ	noun	cup (drinking vessel, measure, brassiere, prize, etc.)	素敵なカップを見つけた。	I found a nice cup.
823	テスト	テスト	noun	test (of ability, knowledge, etc.); exam; examination	そのテストはむずかしかった。	I found the test difficult.
824	五	ご	number	five; 5	私は五年間ずっと英語を勉強し続けている。	I have been studying English for five years.
825	制作	せいさく	noun	work (film, book)	彼の次の制作は非常に意欲的なミュージカルだった。	His next production was a very ambitious musical.
826	壁	かべ	noun	wall; partition	この壁はとても冷たい感じがする。	This wall feels very cold.
827	大きい	おおきい	i-adjective	big; large; great	もっと大きい声で言ってください。	Louder, please.
828	妹	いもうと	noun	younger sister	私の妹はいま勉強してません。	My sister isn't studying now.
829	席	せき	noun	seat	どうぞこの席にお座り下さい。	Take this seat, please.
830	掲載	けいさい	noun	publication (e.g. of an article in a newspaper); carrying (e.g. a story); running (e.g. a serial)	それは昨日の産経新聞に掲載された。	It came out in yesterday's Sankei.
831	新た	あらた	na-adjective	new; fresh; novel	それで間もなく新たな問題が明らかになってきた。	So a new problem soon became apparent.
832	条件	じょうけん	noun	condition; term; requirement	その条件ならば、同意しましょう。	We will only consent on that condition.
833	現場	げんば	noun	actual spot; scene (of a crime, accident, etc.)	私は現場に行ってみた。	I went to the scene of the crime.
834	直接	ちょくせつ	na-adjective	direct; immediate; personal	そのレポーターは戦争について直接に知った。	The reporter learned about war first hand.
835	福岡	ふくおか	noun	Fukuoka (city, prefecture)	父は福岡に小さな店を持っています。	My father owns a small business in Fukuoka.
836	耳	みみ	noun	ear	彼女の声はまだ私の耳に残っている。	Her voice still rings in my ears.
837	観光	かんこう	noun	sightseeing; tourism	今日の午後この町を観光した。	We saw the sights of the city this afternoon.
838	クラス	クラス	noun	class	その忙しいクラスで私の声は通らなかった。	I could not make myself heard in the noisy class.
839	コード	コード	noun	code; program	彼は機械にコードをつないだ。	He connected the cord to the machine.
840	ランキング	ランキング	noun	ranking	ランキング参加中です。面白ければ、ポチッと♪	This site is in a toplist. If you found it interesting, please click!
841	応援	おうえん	noun	aid; assistance; help	彼らは皆その候補者を応援した。	They all boosted the candidate.
842	持ち	もち	noun	having; holding; possessing	この種の洋服地は持ちがよくないだろう。	The suit materials of this sort will not stand up well.
843	枠	わく	noun	frame; framework	彼はドア枠の下に立った。	He stood under the door frame.
844	治療	ちりょう	noun	(medical) treatment; care; therapy	発見が間に合えば、ガンは治療できる。	Cancer can be cured if discovered in time.
845	法律	ほうりつ	noun	law; legislation; act	あの古い法律はみな廃止されてしまった。	Those old laws were all done away with.
846	破壊	はかい	noun	destruction; disruption	その火事が高いビルを破壊した。	The fire destroyed the tall building.
847	種類	しゅるい	noun	variety; kind; type	私は新聞を２種類購読している。	I subscribe to two newspapers.
848	級	きゅう	noun	(school) grade; year; class	彼はあしたヘビー級チャンピオンと対戦する。	He will fight the heavyweight champion tomorrow.
849	あたり	あたり	noun	(in the) neighbourhood; neighborhood; vicinity	雨があたりいっぱい降っている。	The rain is raining all around.
850	いくつ	いくつ	adverb	how many	幾つでも好きなだけ上げましょう。	I'll give you as many as you like.
851	すでに	すでに	adverb	already	最終列車はすでに出発してしまった。	The last train has already gone.
852	それでも	それでも	conjunction	but (still); and yet; nevertheless	それでもやはり、彼は罰せられた。	He was punished all the same.
853	はじめ	はじめ	noun	beginning; start; outset	初めよければすべてよし。	Well begun, well finished.
854	ツアー	ツアー	noun	tour	このツアーは一人いくらですか。	How much is the tour per person?
855	プレイ	プレイ	noun	play; recreation	彼はなんとうまくプレーしたことでしょう。	How well he played!
856	不安	ふあん	noun	anxiety; uneasiness; worry	彼が去った後、彼女は不安に感じ始めた。	After he left, she started feeling uneasy.
857	事務所	じむしょ	noun	office	彼女はある事務所で秘書として働いている。	She works as a secretary in an office.
858	動き	うごき	noun	movement; move; motion	母はいつも忙しく動きまわっている。	My mother is always on the go.
859	小説	しょうせつ	noun	novel; story; (work of) fiction	彼の小説は全部読んでいます。	I have read all his novels.
860	局	きょく	noun	bureau; department	この地区では三局受信できます。	We can get three stations in this area.
861	州	しゅう	noun	state (of the US, Australia, India, Germany, etc.); province (e.g. of Canada); county (e.g. of the UK)	州知事がテレビに自ら出演した。	The governor appeared on TV in person.
862	年齢	ねんれい	noun	age; years	彼も年齢には勝てなくなってきている。	His age is beginning to tell on him.
863	投票	とうひょう	noun	voting; ballot; poll	最終投票がすべてを決めた。	The final vote was decisive.
864	旅行	りょこう	noun	travel; trip; journey	旅行中はほとんど米は食べられなかった。	We were able to eat little rice during the tour.
865	機会	きかい	noun	chance; opportunity; occasion	この機会を与えてくださり深く感謝しております。	I'm so grateful to you for this opportunity.
866	活躍	かつやく	noun	activity (esp. energetic or successful); great efforts; active participation	元気で活躍していることと思います。	I hope things have been going well for you.
867	美しい	うつくしい	i-adjective	beautiful; pretty; lovely	彼女は若いときたいへん美しかった。	She was very beautiful when she was young.
868	趣味	しゅみ	noun	hobby; pastime	あなたの趣味について話してください。	Please tell me about your hobbies.
869	飲む	のむ	verb	to drink; to swallow; to take (medicine)	冷たいものを飲みたくてたまらない。	I'm dying for a cold drink.
870	おかしい	おかしい	i-adjective	funny; amusing; comical	おかしくない。変更した。	No, I changed it.
871	おはよう	おはよう	interjection	good morning	皆さんおはよう。	Good morning, everybody.
872	とる	とる	verb	to have (e.g. lunch); to take (e.g. vitamins)	朝食はたいてい軽くとります。	I usually have a light breakfast.
873	コーヒー	コーヒー	noun	coffee	残念だけどコーヒーがなくなりました。	I'm afraid I've run short of coffee.
874	テーマ	テーマ	noun	theme; topic; subject matter	両方の展望にはある共通のテーマがある。	A common theme underlies both perspectives.
875	トイレ	トイレ	noun	toilet; restroom; bathroom	バス・トイレ付きですか。	Does it have a toilet?
876	プレゼント	プレゼント	noun	present; gift	彼は私のプレゼントを受け取ってくれた。	He accepted my present.
877	ユーザー	ユーザー	noun	user	ゲイツ会長、広告収入をユーザーに還元する意向表明。	Bill Gates announces intent to return advertising revenue to the users.
878	丸	まる	noun	circle	円はドルに対して１０％上昇した。	The yen appreciated 10 percent against the dollar.
879	代わり	かわり	noun	substitute; replacement; substituting	行けない代わりに、贈り物をおくった。	Instead of going myself, I sent a gift.
880	勝利	しょうり	noun	victory; triumph; win	勝利をめざして闘った。	We fought hard for victory.
881	土	つち	noun	earth; soil; dirt	土日月の午前１０時半から午後４時まで開館。	Open from 10:30am to 4pm on Sat, Sun, and Mon.
882	地震	じしん	noun	earthquake	将来大きな地震が起きるかもしれない。	There will be a big earthquake in the future.
883	失礼	しつれい	noun	discourtesy; impoliteness	それではそろそろ失礼します。	Well, I must be going.
884	安定	あんてい	noun	stability; steadiness; consistency	今日の政治状況はそれほど安定していない。	The current political situation is not very stable.
885	広告	こうこく	noun	advertisement; advertising	その広告はたいへん注目を集めていた。	The ad really pulled.
886	早い	はやい	i-adjective	fast; quick; rapid	できるだけ早い返事をお待ちしています。	I look forward to receiving your reply as soon as possible.
887	武器	ぶき	noun	weapon; arms; ordnance	すべての武器を捨てよう。	Lay down all arms.
888	画面	がめん	noun	screen (of a TV, computer, etc.)	画面がもっと見えるように近づきたい。	Come closer in order that you may see the screen better.
889	社長	しゃちょう	noun	company president; manager; director	その時、社長の言った事が理解できなかった。	I could not understand what the president said then.
890	秘密	ひみつ	noun	secret; secrecy; confidentiality	秘密を守ってくれると思い安心している。	My mind is at ease believing you'll keep the secret.
891	胸	むね	noun	chest; breast	少し走ったら胸がどきどきした。	I felt my heart pound after running a little.
892	装置	そうち	noun	equipment; device; installation	みんな、その装置にとても感心した。	Everyone was really impressed with that machine.
893	複数	ふくすう	adjective	plural; multiple	アジアの宗教から閃きを得て、彼は複数の素晴らしい彫刻を生み出した。	Asian religions inspire him to create splendid sculptures.
894	謎	なぞ	noun	riddle; puzzle; enigma	ついにそのなぞの意味が解けた。	I finally penetrated the meaning of the riddle.
895	迎え	むかえ	noun	meeting; greeting; welcome	素晴らしき日をお迎えください。	All the best wishes on this wonderful day.
896	連続	れんぞく	noun	continuation; succession; series	チームは５年間連続して優勝した。	The team won the championship for five years running.
897	都市	とし	noun	town; city; municipal	その都市は最近急速に拡大した。	The city has rapidly expanded recently.
898	だめ	だめ	na-adjective	no good; not serving its purpose; useless	トム、死んじゃだめ。	Tom, don't die.
899	やはり	やはり	adverb	as expected; sure enough; just as one thought	それでもやはり、彼は罰せられた。	He was punished all the same.
900	サッカー	サッカー	noun	soccer; (association) football	サッカーをしますか、それともラグビー？	Do you play soccer or rugby?
901	例えば	たとえば	adverb	for example; for instance; e.g.	例えば、ジェニファーを見てごらんよ。	Take Jennifer for example.
902	処理	しょり	noun	processing; dealing with; treatment	その問題をすぐ処理しなければならない。	We must deal with the problem instantly.
903	及び	および	conjunction	and; as well as	私は妹と性格および習慣が大きく異なる。	I am widely different from my little sister in character and habits.
904	常に	つねに	adverb	always; constantly; at all times	彼の言動は常に矛盾していた。	His actions always contradicted his word.
905	株式会社	かぶしきがいしゃ	noun	stock company; corporation; kabushiki kaisha	三村・泰之氏（みむら・やすゆき＝コニチカ株式会社取締役）三日、心不全で死去。４５歳。	Mimura Yasuyuki (Konichika LTD, Managing Director) died of heart attack on the third, age 45.
906	正しい	ただしい	i-adjective	right; correct	彼の性格について君はまったく正しい。	You are absolutely right about his character.
907	満足	まんぞく	noun	satisfaction; contentment; gratification	彼はまったく満足していなかった。	He was not at all satisfied.
908	生徒	せいと	noun	pupil; student; schoolchild	生徒たちはずっと静かに座っていた。	The students sat quiet all the time.
909	米国	べいこく	noun	(United States of) America; USA; US	この小説は米国の作家によって書かれた。	This novel was written by an American writer.
910	紙	かみ	noun	paper	ほとんど紙が残っていません。	There's very little paper left.
911	練習	れんしゅう	noun	practice; training; drill	私は１５年間毎日ピアノを練習しています。	I have practiced piano every day for fifteen years.
912	食	しょく	noun	food; foodstuff	あのレストランは毎日二千食準備している。	That restaurant prepares two thousand meals every day.
913	あげる	あげる	verb	to raise; to elevate	熱いコーヒーを入れてあげましょう。	Let me make you a cup of hot coffee.
914	いずれ	いずれ	pronoun	which; where; who	最も効果の高い頭痛薬はどれですか。	What's your strongest type of headache pill?
915	っぽい	っぽい	suffix	-ish; -like	彼女は少し皮肉っぽく話した。	She spoke with a suggestion of sarcasm in her voice.
916	ゆっくり	ゆっくり	adverb	slowly; unhurriedly; without haste	すみません、もう一度ゆっくり言ってください。	Excuse me, could you say that again more slowly?
917	スタート	スタート	noun	start; beginning	裕子はとてもすばやくレースをスタートした。	Yuko started the race very quickly.
918	メッセージ	メッセージ	noun	message	メッセージをもう一度読みなさい。	Read the message once more.
919	メディア	メディア	noun	media	メディアが憎悪の痕跡を安売りする。	The media sells a trace of hatred at bargain prices.
920	メーカー	メーカー	noun	manufacturer (esp. a major company); producer; maker	我々はその自動車メーカーに部品を供給している。	We supply parts to the auto manufacturer.
921	主張	しゅちょう	noun	claim; insistence; assertion	弁護士は彼の無罪を強く主張した。	The lawyer insisted on his innocence.
922	会場	かいじょう	noun	assembly hall; meeting place; venue	コンサート会場はファンであふれていた。	The concert hall was alive with fans.
923	会話	かいわ	noun	conversation; talk; chat	彼らの会話は続いた。	Their conversation went on.
924	作戦	さくせん	noun	tactics; strategy	誰もその作戦に失敗しなかった。	Nobody failed in the tactics.
925	制	せい	noun	system; organization; organisation	あの新しい会社は競争を制するかもしれません。	That new company could flatten the competition.
926	同様	どうよう	adjective	same; similar; (just) like	あなた同様私は興奮などしていない。	I am no more excited than you are.
927	団体	だんたい	noun	group; party; team	議長はその団体に１０年間加入しています。	The chairperson has been associated with the organization for ten years.
928	定期	ていき	noun	fixed period; fixed term	定期雑誌類は閲覧室より帯出禁止。	Periodicals may not be removed from the reading room.
929	導入	どうにゅう	noun	introduction; bringing in; installation	大手銀行の大半がこの制度を導入している。	The majority of big banks are introducing this system.
930	市場	しじょう	noun	market (financial, stock, domestic, etc.); marketplace; exchange	その市場は急速に拡大している。	That market has been rapidly expanding.
931	弟	おとうと	noun	younger brother; little brother; kid brother	彼の弟はとてもよく勉強する。	His brother studies very hard.
932	杯	さかずき	noun	sake cup; cup for alcoholic beverages	私はほんの２、３杯飲んだだけです。	I've had only a couple of drinks.
933	様々	さまざま	na-adjective	various; varied; diverse	私はさまざまな困難を経験した。	I went through a lot of trouble.
934	横	よこ	noun	horizontal (as opposed to vertical)	家の横に回ってください。	Please go around to the side of the house.
935	物語	ものがたり	noun	story; tale; narrative	素敵に面白い冒険物語。	An absorbing tale of adventure.
936	瞬間	しゅんかん	noun	moment; instant; second	その瞬間、大音響とともに爆発した。	At that instant it exploded with a great noise.
937	罪	つみ	noun	crime; sin; wrongdoing	罪の意識が彼の顔にはっきり現れている。	The guilt manifests itself on his face.
938	電子	でんし	noun	electron	電子タイプライターはありますか。	Do you have an electronic typewriter?
939	電気	でんき	noun	electricity	この機械は小さな電気モーターで作動する。	This machine is driven by a small electric motor.
940	いくら	いくら	noun	how much	いくら探しても見つからなかった。	Search as we would, we could not find it.
941	とにかく	とにかく	adverb	anyway; anyhow; at any rate	いや、１、２ヶ月とにかく頑張ってみましょう。	No, we'll be in fighting shape in just a month or two.
942	コース	コース	noun	course; route; trail	これらのコースについての詳細な資料をお送りください。	Please send details of these courses.
943	ビル	ビル	noun	multi-floor building; multi-storey building	そのビルはすっかり壊された。	The building was completely destroyed.
944	フランス	フランス	noun	France	今、フランス風のドレスが流行している。	The French style of dress is in vogue now.
945	ブラック	ブラック	noun	black	私はコーヒーをブラックで飲みましょう。	I'll take my coffee black.
946	公演	こうえん	noun	public performance	この公演はもう終わりました。	This play has ended.
947	合	ごう	noun	gō; traditional unit of volume, approx. 180 ml	もちろん、実際に「はやぶさ」が太陽に近づいているわけではなく、図のように地球から見て太陽の反対側に位置するだけですが、このような現象を「合」と呼びます。	Of course "Hayabusa" is not actually closing in on the Sun, it is just positioned as in the figure so that, seen from the Earth, it is on the opposite side of the Sun; this is called 'conjunction'.
948	地元	じもと	noun	home area; home town	ここが地元の人気スポット？	Is this one of the local hot spots?
949	報道	ほうどう	noun	report (of news); reporting; news	その報道はまだ確認されてない。	The report has not been confirmed yet.
950	変わる	かわる	verb	to change; to be transformed; to be altered	私のE-mailアドレスが変わりました。	My e-mail address has been changed.
951	天	てん	noun	sky	富士山は天高くそびえている。	Mt. Fuji soars heavenward.
952	小さい	ちいさい	i-adjective	small; little; tiny	そのラジオ、今すぐ小さくしてくれ。	Turn that radio down at once.
953	小さな	ちいさな	adjective	small; little; tiny	小さな親切大きな成果。	A little kindness goes a long way.
954	川	かわ	noun	river; stream	静かに流れる川は深い。	Still waters run deep.
955	市民	しみん	noun	citizen (of a country); citizenry	怒った市民たちは直ちに行動を起こした。	The angry citizens took action immediately.
956	帰り	かえり	noun	return; coming back	帰りに買い物してきてくれる？	Would you mind picking up something on the way back?
957	感覚	かんかく	noun	sense; sensation; feeling	私の両腕は感覚がなくなってしまった。	My arms went numb.
958	指導	しどう	noun	guidance; leadership; instruction	よいコーチがこのチームを指導している。	A good coach trains this team.
959	操作	そうさ	noun	operation; management; handling	このコンピューターの操作は難しい。	Operating this computer is tricky.
960	普段	ふだん	adjective	usual; normal; everyday	普段私はコーヒーを飲みません。	As a rule, I don't drink coffee.
961	横浜	よこはま	noun	Yokohama (city)	彼女は横浜に住んでいる。	She lives in Yokohama.
962	現代	げんだい	noun	present age; present day; today	現代の英雄はロックスターが代表している。	Modern heroes are represented by rock stars.
963	禁止	きんし	noun	prohibition; inhibition; ban	すみません、禁止されています。	I'm sorry, you are not allowed to.
964	自体	じたい	noun	itself	彼女に口答えすること自体そもそも間違いだろ。	You're out of order in talking back to her in the first place.
965	遊び	あそび	noun	play; playing; game	この遊びの規則については多少知っています。	I know more or less about the rules of this game.
966	アクセス	アクセス	noun	access (to a place, esp. using public transport)	どういうわけかメールにアクセスできませんでした。	For some reason I couldn't access my e-mail.
967	サイズ	サイズ	noun	size	この靴は１サイズ大きい。	This pair of shoes is a size larger.
968	スタイル	スタイル	noun	(one's) figure; build; physique	このスタイルは大いにはやっている。	This style is much in vogue.
969	バンド	バンド	noun	band (group of musicians)	私の学校にはバンドがあります。	My school has a band.
970	体験	たいけん	noun	(practical) experience; personal experience; hands-on experience	彼の思想は彼の体験に基づいている。	His ideas are based on his experience.
971	借り	かり	noun	borrowing; debt; loan	私は君に3,000円借りがある。	I owe you 3,000 yen.
972	兄	あに	noun	older brother; elder brother	昨年私の兄は毎日学校に遅刻していました。	Last year, my brother was late for school every day.
973	八	はち	number	eight; 8	明日八時に起こしてください。	Please call me at eight tomorrow morning.
974	冬	ふゆ	noun	winter	たいへん寒い冬でした。	It was a very cold winter.
975	安い	やすい	i-adjective	cheap; inexpensive	このバッグは素晴らしくて、しかも安い。	This bag is both good and inexpensive.
976	平和	へいわ	noun	peace; harmony	完璧な平和を。 永遠なる平和を祈ろう。	Let us pray for a perfect, an eternal, peace.
977	機械	きかい	noun	machine; mechanism	わかった。機械が空きしだい送る。	OK. I'll send it out as soon as a machine is available.
978	穴	あな	noun	hole; opening; orifice	私のポケットにはたまたま穴があいていた。	It happened that there was a hole in my pocket.
979	舞台	ぶたい	noun	stage (of a theatre, concert hall, etc.)	今日の舞台には、とても感動しました。	Today's play really moved me.
980	設置	せっち	noun	establishment; institution	仕事場にコンピューターを設置した。	We have equipped our office with computers.
981	雰囲気	ふんいき	noun	atmosphere; mood; ambience	このレストランの雰囲気が好き。	I like the atmosphere of this restaurant.
982	そこで	そこで	conjunction	so; accordingly; now	そして、そこでその男は入ってきました。	And so the man came in.
983	そろそろ	そろそろ	adverb	soon; before long; any time now	それではそろそろ失礼します。	Well, I must be going.
984	なるほど	なるほど	interjection	I see; that's right; indeed	ああ、なるほど！	Ah, gotcha!
985	信頼	しんらい	noun	trust (in); confidence; faith	正直に言って彼は信頼できない。	Honestly, I can't trust him.
986	切れ	きれ	noun	piece; slice; strip	昔のような身体の切れを取り戻したい。	I wish I could get back the tone and nimbleness I once had.
987	勝ち	かち	noun	win; victory	事故は起こりがちなもの。	Accidents will happen.
988	募集	ぼしゅう	noun	recruitment; invitation; selection	その会の会員募集に応募した。	I applied for membership in the association.
989	友	とも	noun	friend; companion; comrade	彼には助けてくれる友がいなかった。	He had no friend to help him.
990	店舗	てんぽ	noun	shop; store; establishment	ようやく各店舗に監視カメラが設置されることになった。	Eventually it was decided that the stores be equipped with surveillance cameras.
991	感情	かんじょう	noun	emotion; feeling; feelings	彼女は彼に対する感情の変化を隠した。	She concealed the change in her feelings toward him.
992	批判	ひはん	noun	criticism; judgement; judgment	君はいつも僕を批判している。	You're always criticizing me!
993	業務	ぎょうむ	noun	business; work; operations	日曜日は郵便業務がありますか。	Is there postal service on Sunday?
994	業界	ぎょうかい	noun	business world; business circles; (the) industry	彼は衣料品業界で本当にうまく成功した。	He made out really well in the clothing business.
995	発言	はつげん	noun	statement; remark; observation	彼は自ら記者たちに向かって発言した。	He addressed himself to the reporters.
996	相当	そうとう	noun	corresponding to (in meaning, function, etc.); being equivalent to	彼の借金は相当な額になっている。	His debts amount to a considerable sum.
997	相談	そうだん	noun	consultation; discussion; discussing	放課後、その計画について相談しよう。	Let's talk over the plan after school.
998	維持	いじ	noun	maintenance; preservation; improvement	体力を維持するにはちゃんと食べなければいけません。	You must eat properly to keep up your strength.
999	表	おもて	noun	surface	この表から食べたいものを選べます。	You may choose what to eat from this list.
1000	西	にし	noun	west	西の空が真っ赤に輝いていた。	The western sky glowed with crimson.
1001	要素	ようそ	noun	component; factor; item (e.g. in list)	資本、土地、労働は生産の三大要素である。	Capital, land and labor are the three key factors of production.
1002	視聴	しちょう	noun	looking and listening; (television) viewing; watching	このレコード視聴できますか。	Can I hear a little bit of this record?
1003	解説	かいせつ	noun	explanation; commentary; exposition	Windows XPにはＣＤを焼く機能があるそうですが、その手順を解説しているページを教えてください。	I hear that you can burn CDs with Windows XP; could you tell me a website that explains the procedures involved?
1004	設計	せっけい	noun	plan; design; layout	このあたらしい町はうまく設計してある。	This new town is beautifully laid out.
1005	試験	しけん	noun	examination; exam; test	彼女は一生懸命勉強して試験にパスした。	She passed the examination by working hard.
1006	距離	きょり	noun	distance; range; interval	１０マイルと言えば短い距離ではない。	Ten miles is not a short distance.
1007	雑誌	ざっし	noun	magazine; journal; periodical	この雑誌は広く読まれている。	This magazine is widely read.
1008	青	あお	noun	blue; azure	あの青白く光っている星がシリウスです。	That blue-white shining star is Sirius.
1009	かつ	かつ	conjunction	and; moreover; besides	現代の金融は一段と複雑かつ高度になってきている。	Modern finance is becoming increasingly complicated and sophisticated.
1010	こんなに	こんなに	adverb	so; like this; in this way	こんなに長く待たせてほんとに悪かった。	It is bad of me to have kept you waiting so long.
1011	まったく	まったく	adverb	really; truly; entirely	彼の性格について君はまったく正しい。	You are absolutely right about his character.
1012	オープン	オープン	noun	opening (a new store, golf course, runway, etc.)	オープン戦が終わり、いよいよ開幕だ。	The exhibition games are over and the regular season finally begins.
1013	クラブ	クラブ	noun	club; fraternity; sorority	久美は彼女のクラブについて話しませんでした。	Kumi did not talk about her club.
1014	スター	スター	noun	star (actor, athlete, etc.); celebrity	現代の英雄はロックスターが代表している。	Modern heroes are represented by rock stars.
1015	タイム	タイム	noun	time (for, to do)	ちょっとタイム。	I'll take a time-out.
1016	リスト	リスト	noun	list	リストから私の名を落とさないで下さい。	Don't take my name off your list.
1017	仕様	しよう	noun	way; method; means	仕様、価格は変更することがあります。	Specifications and price are subject to change.
1018	公園	こうえん	noun	(public) park	その公園には楽しいものがたくさんある。	That park is full of amusements.
1019	努力	どりょく	noun	effort; exertion; endeavour	私の努力は全て役に立たなかった。	All my efforts went for nothing.
1020	同時に	どうじに	expression	at the same time; at once; simultaneously	我々はみな同時に叫んでいた。	We were all shouting at the same time.
1021	唯一	ゆいいつ	adjective	only; sole; unique	これが残された唯一のものです。	This is the only thing that was left.
1022	城	しろ	noun	castle	その城は素晴らしい博物館に変わった。	The castle was transformed into a marvelous museum.
1023	基準	きじゅん	noun	standard; criterion; norm	これは彼らの仕事の基準となろう。	This will serve as a check on their work.
1024	始める	はじめる	verb	to start; to begin; to commence	先週止めたところからまた読み始めましょう。	Let's resume reading where we left off last week.
1025	得る	える	verb	to get; to earn; to acquire	得やすいものは失いやすい。	Easy come, easy go.
1026	復活	ふっかつ	noun	revival (of an old system, custom, fashion, etc.); restoration; return	３０年前のファッションが復活した。	Fashions of thirty years ago have come back in style.
1027	性格	せいかく	noun	character (of a person); personality; disposition	彼の性格について君はまったく正しい。	You are absolutely right about his character.
1028	提案	ていあん	noun	proposal; proposition; suggestion	どうぞ遠慮なく提案して下さい。	Please feel free to make a suggestion.
1029	最新	さいしん	noun	latest; newest; late-breaking (news)	最新のカタログを送りください。	Please send me your latest catalogue.
1030	東	ひがし	noun	east	飛行機は東に向かって飛んだ。	The plane flew east.
1031	検査	けんさ	noun	inspection (e.g. customs, factory); examination; test	検査していただきたいのです。	I'd like to have a medical examination.
1032	確実	かくじつ	na-adjective	certain; sure; definite	それでは確実に死ぬことになる。	That means sure death!
1033	終わる	おわる	verb	to end; to come to an end; to finish	休暇は全くあっという間に終わってしまった。	I'll be only too pleased to help you.
1034	編	へん	noun	compilation (of a text); editing	私は今までシェークスピアの作品を３編読んだ。	I have read three of Shakspeare's works so far.
1035	自ら	みずから	noun	oneself	知事自らテレビに出演した。	The governor appeared on TV in person.
1036	製品	せいひん	noun	manufactured goods; finished goods; product	私の見た限りでは、なかなか良い製品だ。	From what I've seen of the product so far, it's pretty good.
1037	連れ	つれ	noun	companion; company	駅までお連れいたしましょう。	I'll show you to the station.
1038	どんどん	どんどん	adverb	drumming (noise); beating; pounding	彼の事業はどんどん伸びている。	His business is growing rapidly.
1039	アイテム	アイテム	noun	item	この指輪は、使用者に大いなる力を与えるマジックアイテムだ。	This ring is a magic item that gives great power to its user.
1040	カラー	カラー	noun	color; colour	カラーフィルムを一本ください。	I want a roll of color film for prints.
1041	ガス	ガス	noun	gas (as a fuel)	この部屋はガスくさい。	This room smells of gas.
1042	ボール	ボール	noun	ball	ボールを投げ返してください。	Throw the ball back to me.
1043	レース	レース	noun	race	次のレースに参加するつもりですか。	Are you going to take part in the next race?
1044	世代	せだい	noun	generation	同じことが若い世代についてもいえる。	The same thing holds good for the younger generation.
1045	以来	いらい	noun	since; henceforth	クリスマス以来、ずいぶん太ってしまった。	I've put on a lot of weight since Christmas.
1046	余裕	よゆう	noun	surplus; margin; leeway	そんな高い車を買う余裕はありません。	I can't afford to buy such an expensive car.
1047	停止	ていし	noun	stoppage; coming to a stop; halt	コンピューター・システムは午後８時に自動的に停止する。	The computer system shuts down automatically at 8pm.
1048	剣	けん	noun	sword (esp. a large, double-edged one); blade	ペンは剣よりも強し。	The pen is mightier than the sword.
1049	古い	ふるい	i-adjective	old; aged; ancient	このミルクは少し古くなってしまいました。	The milk's a bit off.
1050	同士	どうし	noun	fellow; mutual; companion	昔の学校友達同士は連絡をとりあおうとする。	Old school friends often try to keep in touch with one another.
1051	家庭	かてい	noun	home; household; family	この慣習はたいていの家庭で守られている。	This tradition is followed in most households.
1052	平均	へいきん	noun	average; mean	彼は平均して７マイル歩く。	He walks seven miles a day on an average.
1053	年代	ねんだい	noun	age; era; period	九〇年代にはいろんな事件が起こった。	The 1990's saw various incidents.
1054	後ろ	うしろ	noun	back; behind; rear	彼女のすぐ後ろにいます。	I'm immediately behind her.
1055	指	ゆび	noun	finger; toe; digit	赤ちゃんは小さなかわいい指をしている。	The baby has pretty little fingers.
1056	挑戦	ちょうせん	noun	challenge; defiance; dare	彼らがいつ挑戦してきても、準備はできています。	I'm ready whenever they challenge me.
1057	文	ぶん	noun	sentence	この文はもう少し短くしてください。	Make this sentence a little shorter.
1058	構造	こうぞう	noun	structure; construction; makeup	社会構造はそれほど変わらない。	The social structure is not much different.
1059	権利	けんり	noun	right; privilege	彼らにはそうする権利がある。	They have the right to do so.
1060	知識	ちしき	noun	knowledge; information	新しい世代はそれぞれ知識を利用する。	Each new generation makes use of the knowledge.
1061	続く	つづく	verb	to continue; to last; to go on	長く続いた試合がやっと終わった。	The long game came to an end at last.
1062	雪	ゆき	noun	snow; snowfall	ひどい雪のため外出できなかった。	The heavy snow kept us from going out.
1063	さっき	さっき	noun	a short while ago; a moment ago; just now	さっきなぜかマイクが入らなかった。	For some reason the microphone didn't work earlier.
1064	アルバム	アルバム	noun	album	賞としてこのアルバムをあげよう。	You shall have this album as a prize.
1065	キー	キー	noun	key (for a lock)	じゃあ、キーをもらえますか。	Can I have the key now, please?
1066	ファイル	ファイル	noun	file (for holding papers)	このファイルは削除して下さい。	Please delete this file.
1067	ベース	ベース	noun	base; basis; theme	彼女は、あのベースが好き。	She likes that bass.
1068	マーク	マーク	noun	mark; sign; symbol	＆のマークはａｎｄの文字を表す。	The sign "&" stands for "and".
1069	ラジオ	ラジオ	noun	radio	そのラジオ、今すぐ小さくしてくれ。	Turn that radio down at once.
1070	不思議	ふしぎ	na-adjective	wonderful; marvelous; strange	なんと不思議な偶然の一致だろう。	What a coincidence!
1071	中央	ちゅうおう	noun	centre; center; middle	彼女はその部屋の中央に立っていた。	She was standing in the middle of the room.
1072	主人公	しゅじんこう	noun	protagonist; main character; hero	しかし、主人公は自らの誤りに気づいている。	However the protagonist is aware of his own mistakes.
1073	保存	ほぞん	noun	preservation; conservation; storage	彼らはその建物を保存してきた。	They have preserved the building.
1074	保険	ほけん	noun	insurance	ＡＢＣ海外旅行障害保険を持っています。	I'm a holder of ABC Travel Insurance.
1075	優勝	ゆうしょう	noun	overall victory; championship; winning the title	チームは５年間連続して優勝した。	The team won the championship for five years running.
1076	助け	たすけ	noun	assistance; help; aid	できるだけお助けします。	I will help as much as I can.
1077	周辺	しゅうへん	noun	circumference; outskirts; environs	その州は周辺にさまざまな原料を供給している。	The province supplies its neighbors with various raw materials.
1078	土地	とち	noun	plot of land; lot; soil	彼は土地をたくさん持っている。	He holds a lot of land.
1079	字	じ	noun	character (esp. kanji); letter; written text	彼女の字は読めない。	It is impossible to read her handwriting.
1080	実験	じっけん	noun	experiment; experimentation	データを収集するため、次の実験を行った。	They conducted the following experiment to collect the data.
1081	対	たい	noun	versus; against; vs.	スワローズが４対１で勝っている。	The Swallows are ahead 4 to 1!
1082	建物	たてもの	noun	building	私のいたころはまだその建物はありました。	The building was still there in my time.
1083	急	きゅう	na-adjective	sudden; abrupt; unexpected	ネット経済は急進展している。	The net economy is booming.
1084	患者	かんじゃ	noun	patient	患者は日に日によくなっていった。	The patient was recovering daily.
1085	悪	あく	noun	evil; wickedness	金銭はすべてのあくの根である。	Money is the root of all evil.
1086	支配	しはい	noun	rule; domination; control	その男は５０年にわたってその国を支配した。	The man controlled the country for fifty years.
1087	民	たみ	noun	people; citizens; subjects	開拓民たちはキリスト教を信奉した。	The settlers embraced the Christian religion.
1088	規模	きぼ	noun	scale; scope; plan	その製品は世界的な規模で販売されている。	The products are sold on a world scale.
1089	闇	やみ	noun	darkness; the dark	光は闇の中に輝いている。	The light shines in the darkness.
1090	魂	たましい	noun	soul; spirit; mind	輝ける魂と共に。	Shine on my brilliant soul.
1091	こんにちは	こんにちは	interjection	hello; good day; good afternoon	こんにちは、スーザン。お元気ですか。	Hi, Susan. How are you?
1092	さて	さて	conjunction	well; now; then	さて、私の両親をあなたたちに紹介します。	Now I'll introduce my parents to you.
1093	しばらく	しばらく	adverb	for a moment; for a minute	しばらく座ってのんびりしていってください。	Sit down and take it easy for a while.
1094	ただし	ただし	conjunction	but; however; provided that	ただし、列をつくって並ばなくてはならないが・・・。	However, you have to queue...
1095	エネルギー	エネルギー	noun	energy	新しいエネルギーを開発しなくてはならない。	We need to develop a new kind of energy.
1096	チャンス	チャンス	noun	chance; opportunity	もう一度チャンスをくれ。	Give me a second chance.
1097	リアル	リアル	na-adjective	real; realistic; true to life	まさかリアルに借金の催促だったの？	No way, is this really a debt collection call?
1098	ルール	ルール	noun	rule	ルールが分かっていれば簡単。	It's so easy when you know the rules.
1099	交通	こうつう	noun	traffic; transportation	公共の交通輸送機関は正確に動いています。	The public transportation system runs like clockwork.
1100	他人	たにん	noun	another person; other people; others	彼らはいつも他人に文句ばかり言っている。	They always find fault with others.
1101	低い	ひくい	i-adjective	low (rank, degree, value, content, quality, etc.)	飛行機は大変低く飛んでいた。	The airplane flew very low.
1102	再生	さいせい	noun	restoration to life; coming to life again; resuscitation	録音が終わったらそれを再生して聞かせてください。	Please play it back for me after you've finished the recording.
1103	博士	はかせ	noun	expert; learned person	彼らはシュワイツァー博士を尊敬した。	They had a high opinion of Dr. Schweitzer.
1104	回復	かいふく	noun	restoration; recovery; rehabilitation	彼の健康は徐々に回復している。	His health is improving little by little.
1105	姫	ひめ	noun	young lady of noble birth; princess (esp. in Western contexts, tales, etc.)	姫は目を閉じて、横たわっておられた。	The princess lay with her eyes closed.
1106	実行	じっこう	noun	execution (e.g. of a plan); carrying out; (putting into) practice	説教することは実行することよりやさしい。	To preach is easier than to practice.
1107	恋愛	れんあい	noun	love; romance; tender passion	恋愛は理性では抑えられない。	Love is beyond reason.
1108	戦闘	せんとう	noun	battle; fight; combat	彼らの到着する前に戦闘は終わっていた。	The battle ended before they got there.
1109	政策	せいさく	noun	political measures; policy	製造部門は新しい金融政策に動揺しています。	The manufacturing sector is a frenzy over the new monetary policy.
1110	様子	ようす	noun	state (of affairs); situation; circumstances	しばらく様子をみましょう。	Let's wait for a while and see how you do.
1111	次第	しだい	suffix	depending on	君の最終成績について言えば、最終試験次第である。	When talking about your last results, it is dependent on the last examination.
1112	殺人	さつじん	noun	murder; homicide; manslaughter	その男は殺人で追われている。	The man is wanted for murder.
1113	爆発	ばくはつ	noun	explosion; detonation; blast	その爆発は偶然に起こった。	The explosion came about by accident.
1114	病気	びょうき	noun	illness (usu. excluding minor ailments, e.g. common cold); disease; sickness	病気のため彼のコンサートに行けなかった。	Illness prevented me from going to his concert.
1115	痛い	いたい	i-adjective	painful; sore	痛かったら教えてください。	Please let me know if it hurts.
1116	続き	つづき	noun	continuation; rest (of the story, work, etc.); next installment	この辺でやめて、つづきは明日やりましょう。	Let's quit here and continue tomorrow.
1117	総合	そうごう	noun	synthesis; combination; integration	このプロダクトはインテリジェント総合情報システムです。	This product is an intelligent integrated information system.
1118	面倒	めんどう	noun	trouble; bother	チップという面倒なことでいつも落ち着かない。	This tipping business always makes us uneasy.
1119	類	るい	noun	kind; sort; type	類をもって集まる。	Birds of a feather flock together.
1120	きれい	きれい	na-adjective	pretty; lovely; beautiful	借金をきれいに返済してもらいましょうか。	It's time to pay up all your debts and close out your loan.
1121	どうして	どうして	adverb	how; in what way; by what means	どうしてそんなに落ち着いていられるの？	How can you be so calm?
1122	まさに	まさに	adverb	exactly; just; precisely	彼女まさに出発しようとしていた。	She was about to start.
1123	やっと	やっと	adverb	at last; finally	昨夜なってやっとその知らせは届いた。	The news finally reached me last night.
1124	ケース	ケース	noun	case (container)	そのケースを運ばせてください。	Let me relieve you of that case.
1125	ステージ	ステージ	noun	stage (platform)	彼女はステージで歌っています。	She is singing a song on the stage.
1126	バック	バック	noun	back; rear	彼女はその狭い道を何とかバックで通り抜けた。	She managed to back through the narrow passage.
1127	パンツ	パンツ	noun	underpants; pants; briefs	パンツとブラジャー以外は全部脱いでください。	Please take off all your clothes except your underpants and bra.
1128	ビジネス	ビジネス	noun	business	彼は新しいビジネスでうまくいっている。	He's getting on well in his new business.
1129	プログラム	プログラム	noun	program (of events, music, etc.); programme	とにかくそのプログラムは成功だった。	At any rate, the program was a success.
1130	リリース	リリース	noun	release (of a film, product, etc.); publication	Ｍａｒｋ／Ｓｐａｃｅは７月１８日、Ｍａｃ　ＯＳ Ｘ用シンクロソフト、Ｍｉｓｓｉｎｇ　Ｓｙｎｃ　ｆｏｒ　Ｗｉｎｄｏｗｓ　Ｍｏｂｉｌｅのアップデート版をリリースした。	On Jul 18th Mark/Space released an updated version of Missing Sync for Windows Mobile for the Mac OS X.
1131	休み	やすみ	noun	rest; recess; respite	お休みはあっと言う間に終わってしまった。	The holiday was over very quickly.
1132	値段	ねだん	noun	price; cost	値段はあなたしだいで決めてください。	The price is up to you.
1133	別に	べつに	adverb	(not) particularly; (not) especially; (not) specially	「何を考えてるの？」「別に・・・」	What are you thinking about? "Nothin'..."
1134	取る	とる	verb	to take; to pick up; to grab	彼女の言うことは必ずメモを取って下さい。	Be sure to take a note of what she says.
1135	呼ぶ	よぶ	verb	to call out (to); to call; to invoke	呼んでいただきましてありがとうございます。	Thank you for inviting me.
1136	尻	しり	noun	buttocks; behind; rump	頭隠して尻隠さず。	Protect yourself at all points.
1137	工事	こうじ	noun	construction work	工事は着々と完成に近づいている。	The construction work is steadily nearing completion.
1138	工場	こうじょう	noun	factory; plant; mill	テレビを製造している工場を訪問します。	We'll visit a factory which produces television sets.
1139	我慢	がまん	noun	endurance; patience; perseverance	とても暑くて、それ以上我慢できなかった。	It was hot. I couldn't stand it any longer.
1140	段階	だんかい	noun	stage; step; phase	病気はまだ初期の段階です。	The disease is still in the primary stage.
1141	獣	けもの	noun	beast; brute; animal	原始人はどう猛な獣を見ておびえた。	The primitive man was frightened at the sight of a savage beast.
1142	突然	とつぜん	adjective	abrupt; sudden; unexpected	突然とてもうれしくなりました。	He was suddenly very happy.
1143	葉	は	noun	leaf; blade (of grass); (pine) needle	葉がときどき落ちてきた。	Leaves fell down every now and then.
1144	血	ち	noun	blood	彼らは血がつながっている。	They are related by blood.
1145	行い	おこない	noun	deed; act; action	彼の行いは言うことと一致しない。	His deeds do not accord with his words.
1146	週	しゅう	noun	week	父親は彼に小遣いを週１０ドル与えている。	His father allows him $10 a week as spending money.
1147	お話	おはなし	noun	story; tale	知っていることしかお話しできません。	I can only tell you what I know.
1148	それら	それら	pronoun	those; they	それら全部読むことができる。	I can read them all.
1149	ちょうど	ちょうど	adverb	exactly; precisely; just	ちょうどその時、うまい考えが浮かんだ。	Just then, a bright idea occurred to me.
1150	つける	つける	verb	to attach; to join; to connect	何とか都合つけて来週お目にかかりましょう。	I'll manage to fit you in next week.
1151	イラスト	イラスト	noun	illustration; picture; sketch	６００００キリリクイラスト：キリ番を踏んだBeikyuさんのサイト「小さなカエデの木のそばで」のイメージイラストを描いてほしいというリクエストを頂きました。	60,000 lucky number request: I got a request to draw an illustration for the site of Beikyu, who hit the lucky number, "Standing By A Little Maple Tree".
1152	シャツ	シャツ	noun	shirt (undergarment); undershirt; singlet	このシャツは小さすぎて着られない。	This shirt is too small for me to wear.
1153	ストーリー	ストーリー	noun	story; tale; legend	「双子のトラの子が離れ離れになって・・・」というストーリーでちょっとありふれたような感じでした。	The "twin tiger cubs get separated ..." story felt a bit trite.
1154	ゼロ	ゼロ	noun	zero; 0; nought	ゼロという概念はヒンドゥー文化に由来している。	The concept of zero sprang from the Hindu culture.
1155	ダンス	ダンス	noun	dance; dancing	明日ダンスに行く事になっています。	We are going to a dance tomorrow.
1156	バー	バー	noun	bar; tavern; barroom	このバーは学生のたまり場として知られている。	This bar is a popular student hangout.
1157	ベッド	ベッド	noun	bed	黄金のベッドで眠る金持ち。	There's a rich man sleeping on a golden bed.
1158	ラーメン	ラーメン	noun	ramen; Chinese-style noodles	私達は時々、ドライブを兼ねて大好きなラーメンを食べに行きます。	We sometimes combine going for a drive with eating the ramen we love so.
1159	一体	いったい	adverb	(what) the heck; (why) in the world; (who) on earth	いったいそのニュースは本当だろうか。	Can the news be true?
1160	午後	ごご	noun	afternoon; p.m.	次の土曜日の午後は空けておいてください。	Please leave next Saturday afternoon free.
1161	基地	きち	noun	base (military, expedition, etc.)	昨日、彼は基地に帰らなかった。	He didn't come back to the base yesterday.
1162	女優	じょゆう	noun	actress; female actor	あの女優は相変わらず美しい。	That actress is as beautiful as ever.
1163	姉	あね	noun	older sister; elder sister	彼女の姉は先月結婚した。	Her older sister got married last month.
1164	帯	おび	noun	obi (kimono sash)	帯に短し、襷に長し。	Too much spoils, too little is nothing.
1165	扱い	あつかい	noun	treatment; service; dealing (with)	彼は彼等の自分に対する扱いに不満を言った。	He grumbled about the way they treated him.
1166	支持	しじ	noun	support; backing; endorsement	できるだけあなたを支持します。	I'll support you as much as I can.
1167	教授	きょうじゅ	noun	professor	教授はフランスの歴史について講義した。	The professor lectured on French history.
1168	料	りょう	noun	fee; charge; rate	私のピアノレッスンの値段は、ピアノの使用料を含んでいます。	The price of my piano lessons includes the use of the piano.
1169	昭和	しょうわ	noun	Shōwa era (1926.12.25-1989.1.7)	昭和２０年に第二次世界大戦は終わった。	World War II came to an end in the 20th year of the Showa era.
1170	本来	ほんらい	adverb	originally; primarily	この詩は本来フランス語で書かれていた。	This poem was originally written in French.
1171	残り	のこり	noun	remainder; remnant; the rest	残り時間があまりなくなってきた。	The sands are running out.
1172	注目	ちゅうもく	noun	notice; attention; observation	来月やってくる彼の最近の映画に注目しなさい。	Watch out for his latest movie which comes out next month.
1173	無事	ぶじ	noun	safety; security; peace	私の乗った飛行機が無事に着陸してほっとした。	I felt relieved when my plane landed safely.
1174	異常	いじょう	na-adjective	abnormal; unusual; extraordinary	毎年、世界各地に異常な天気が起きています。	Every year brings stranger weather to many areas of the world.
1175	知る	しる	verb	to know; to be aware (of); to be conscious (of)	彼女は最近の流行についてよく知っている。	She knows much about recent fashions.
1176	要求	ようきゅう	noun	demand; firm request; requisition	その要求に対して怒った。	They set up their backs against the claim.
1177	証明	しょうめい	noun	proof; testimony; demonstration	私はデータによってその事実を証明した。	I proved the fact on the strength of the data.
1178	認識	にんしき	noun	recognition; awareness; perception	世界は彼を認識していなかった。	The world did not recognize him.
1179	集中	しゅうちゅう	noun	concentration (on a task); focusing one's attention	あなたは集中する力を失ってしまった。	You've lost the ability to concentrate.
1180	魅力	みりょく	noun	charm; fascination; glamour	彼女にはすばらしい魅力がある。	She has great charm.
1181	ずつ	ずつ	suffix	apiece; each	どうぞ一人ずつお入りください。	Please come in one by one.
1182	ひどい	ひどい	i-adjective	cruel; heartless; hard	私はひどく疲れていて立っていられなかった。	I was too tired to stand.
1183	ブロック	ブロック	noun	block (solid piece of material); chunk (e.g. of meat)	残り３ブロックだ、がんばれ！	The last three blocks! Come on! Cheer up!
1184	依頼	いらい	noun	request; commission; entrusting (with a matter)	君の依頼事は話にならない。	Granting that favor is out of the question.
1185	兄弟	きょうだい	noun	brothers and sisters; siblings	その兄弟はそれぞれ車を所有している。	Each of the brothers has a car.
1186	刑事	けいじ	noun	(police) detective	刑事たちは彼を追跡した。	The detectives pursued him.
1187	園	その	noun	garden; orchard; park	彼らは私の果実園を荒らした。	They robbed my orchard.
1188	完了	かんりょう	noun	completion; conclusion	すべて準備完了。	All systems are go.
1189	実現	じつげん	noun	implementation (e.g. of a system); materialization; materialisation	とうとう私の願いが実現した。	At length, my wish was realized.
1190	放題	ほうだい	suffix	(doing) as one pleases; to one's heart's content; letting (something) go unchecked	期間内乗り放題チケットを利用しよう。	Let's get an open ticket.
1191	政権	せいけん	noun	(political) administration; political power	時代遅れのその政権は崩壊寸前だ。	The obsolete regime is about to collapse.
1192	是非	ぜひ	adverb	certainly; without fail	ぜひ来てください。	Do come by all means.
1193	本物	ほんもの	noun	genuine article; real thing; real deal	そのダイヤモンドは本物らしい。	It seems that the diamond is real.
1194	案内	あんない	noun	guidance; leading (the way); showing around	お返しに案内してあげましょう。	I will show you around in return.
1195	検討	けんとう	noun	consideration; examination; investigation	いろいろな観点からその問題を検討できる。	We can consider the problem from several standpoints.
1196	構成	こうせい	noun	composition; construction; formation	国家はこれを構成する個人からできている。	A state is made up of individuals who compose it.
1197	死亡	しぼう	noun	death; dying; mortality	その墜落事故で乗っていた乗客は全員死亡した。	All the passengers were killed in the airplane crash.
1198	母親	ははおや	noun	mother	母親はひどく疲れていた。	The mother was practically worn out.
1199	異なる	ことなる	verb	to differ; to be different; to disagree	彼らはその事故について異なる説明をした。	They gave different versions of the accident.
1200	空気	くうき	noun	air; atmosphere	新鮮な空気を入れてください。	Please let in some fresh air.
1201	立場	たちば	noun	position; situation	私の立場になって考えてください。	Put yourself in my place.
1202	納得	なっとく	noun	consent; agreement; acceptance	彼と同じように私も納得していない。	I, as well as he, am not convinced.
1203	腕	うで	noun	arm	そして、ようやくその警官は腕を下げた。	Then, at last, the policeman lowered his arm.
1204	製造	せいぞう	noun	manufacture; production	テレビを製造している工場を訪問します。	We'll visit a factory which produces television sets.
1205	詐欺	さぎ	noun	fraud; swindle; graft	その計画は実にうまく考えた詐欺だった。	The plan was a masterpiece of fraud.
1206	魚	さかな	noun	fish	昨日食べた魚がどうも当たったようだ。	The fish I ate yesterday did not agree with me.
1207	すみません	すみません	expression	excuse me; pardon me; I'm sorry	もっと早くＥメールしなくて、すみません。	Sorry I didn't e-mail you sooner.
1208	エッチ	エッチ	noun	H; h	私よりもっとエッチな人もいて安心しました。	I was relieved that there are people more wanton than me.
1209	エンジン	エンジン	noun	engine	エンジンがどうしてもかからなかった。	The engine would not start.
1210	デビュー	デビュー	noun	debut; doing something for the first time	トムは映画界にデビューするとすぐに１０代の若者の間で人気が出た。	Tom became popular among teenagers as soon as he made his debut on the screen.
1211	人類	じんるい	noun	mankind; humanity	病気は人類にとって脅威である。	Disease is a threat to human beings.
1212	作成	さくせい	noun	making (a report, plan, contract, etc.); drawing up; writing out	彼は今書類を作成しています。	He is making the document now.
1213	内部	ないぶ	noun	interior; inside; internal	彼は日本の内部の事情をよく知っている。	He has a good knowledge of the internal affairs of Japan.
1214	到着	とうちゃく	noun	arrival	彼らの到着する正確な時刻を教えて下さい。	Please tell me the precise time of their arrival.
1215	収録	しゅうろく	noun	recording (in a book, the minutes, etc.); printing; including	完成した本のコピーを１部送っていただくという条件で、私どものソフトウエアを収録することを許可します。	You have our permission to include our software on condition that you send us a copy of the final product.
1216	含む	ふくむ	verb	to contain; to comprise; to have	この透明な液体には毒が含まれている。	This transparent liquid contains poison.
1217	固定	こてい	noun	fixing (in place); being fixed (in place); securing	その装置は天井にしっかりと固定されている。	The device is attached fast to the ceiling.
1218	始まる	はじまる	verb	to begin; to start; to commence	まもなく野球シーズンが始まる。	The baseball season opens before long.
1219	学園	がくえん	noun	educational institution; school; academy	学校では学園音楽祭の準備をしています。	My school is getting ready for the campus music festival.
1220	守る	まもる	verb	to protect; to guard; to defend	一度約束したらそれを守らねばなりません。	Once you have made a promise, you should keep it.
1221	将来	しょうらい	noun	future; (future) prospects	君の将来について真剣に話をしよう。	Let's have a serious talk about your future.
1222	手段	しゅだん	noun	means; way; measure	あらゆる可能な手段を選びました。	We tried all means possible.
1223	技	わざ	noun	technique; art; skill	一子相伝の技と言うわりには、彼の蹴りは大した事はないね。	For a guy who was chosen by his father as the only son to be taught the secrets of this martial art, he doesn't have much of a kick.
1224	指摘	してき	noun	pointing out; identification	彼の指摘はいつもたいへん要領を得ている。	His suggestions are always very much to the point.
1225	授業	じゅぎょう	noun	lesson; class; teaching	授業をよく聞いていれば成績は上がります。	Paying attention in class may lead to high marks.
1226	末	すえ	noun	end; tip; top	よく考えた末、私は家にいることに決めた。	After some careful thought, I elected to stay at home.
1227	業	ぎょう	noun	work; business; company	彼は輸出業に従事している。	He is engaged in export.
1228	毛	け	noun	hair	猿たちは互いに毛繕いし合っている。	The monkeys are grooming each other.
1229	確保	かくほ	noun	securing; obtaining; ensuring	コロンブスはこの地方を確保した。	Columbus secured this region of interests.
1230	腹	はら	noun	abdomen; belly; stomach	軽く食べておけばしばらく腹がもつだろう。	A snack will stay your hunger.
1231	連中	れんちゅう	noun	company; lot; people	彼らはそんなに悪い連中ではない。	They aren't such a bad lot.
1232	銃	じゅう	noun	gun; firearm; small arms (e.g. rifle, pistol, etc)	銃を掃除していたら、突然暴発してしまった。	The gun suddenly went off when I was cleaning it.
1233	隣	となり	adjective	next (to); adjoining; adjacent	隣の部屋からいすを１つ取ってきてください。	Go and get a chair from the next room, please.
1234	集団	しゅうだん	noun	group; mass	子供たちが集団で遊んでいた。	A group of children were playing.
1235	鳥	とり	noun	bird	鳥が２羽３羽飛んできた。	Birds came flying by twos and threes.
1236	それで	それで	conjunction	so; therefore; and	それで、彼女はとてもさびしく思っています。	And she misses them very much.
1237	つき	つき	noun	furnished with; including	バス・トイレ付きですか。	Does it have a toilet?
1238	もしくは	もしくは	conjunction	or; otherwise	７０年もしくは８０年が人間の普通の寿命期間である。	Seventy or eighty years is the normal span of a man's life.
1239	シングル	シングル	noun	single	シングルにしてください。	Single, please.
1240	フル	フル	na-adjective	full	我々の工場はフル操業している。	Our factories are working at full capacity.
1241	プロジェクト	プロジェクト	noun	project	そのプロジェクトの資金コストはとても高かった。	The cost of financing of the project was very high.
1242	ロボット	ロボット	noun	robot	そのコンピューターはいわゆるロボットである。	That computer is what we call a robot.
1243	会員	かいいん	noun	member; the membership	クラブ会員は１人残らずみな出席していた。	Each and every member of the club was present.
1244	便	びん	noun	flight (e.g. airline flight); trip (e.g. train trip); sailing (e.g. ferry voyage)	私の席は月曜日の午前８時１０２便です。	My seat is on flight 102 on Monday at 8 a.m.
1245	便利	べんり	na-adjective	convenient; handy; useful	便利な隠しコマンド教えてあげようか。	Want me to show you a really useful hidden command?
1246	信用	しんよう	noun	confidence; trust; faith	要するに、その男は信用できない。	The man, in short, is not to be trusted.
1247	券	けん	noun	ticket; coupon; bond	そのパーティー券は１０ドル以上で売れている。	The party tickets go for ten dollars and upward.
1248	地獄	じごく	noun	hell realm; Naraka	最近は、ローン地獄で破産する人が増えている。	More and more people these days are getting overwhelmed by housing loans.
1249	始まり	はじまり	noun	origin; beginning; start	始まりがよければ半分できたも同じ。	Well begun is half done.
1250	恋人	こいびと	noun	lover; sweetheart; boyfriend	昔の恋人に再会してみたい。	I would love to see my old flame again.
1251	捜査	そうさ	noun	search (esp. in criminal investigations); investigation; inquiry	警察は徹底的捜査をしようとしてた。	The police were heading for a shake down.
1252	板	いた	noun	board; plank	その漁師は浮かんでいる板によって助かった。	The fisherman saved himself by means of a floating board.
1253	比較	ひかく	noun	comparison	比較研究が今や急速に進歩している。	Comparative studies are now making rapid progress.
1254	派遣	はけん	noun	dispatch; despatch; deployment	社長はあなたの海外派遣を真剣に考えていました。	The president was very serious about your overseas assignment.
1255	演奏	えんそう	noun	musical performance	彼のピアノ演奏はすばらしい響きがした。	His piano playing sounded fantastic.
1256	父親	ちちおや	noun	father	私の父親は３年前、すなわち１９７７年に死んだ。	My father died three years ago, that is to say in 1977.
1257	玉	たま	noun	ball; sphere; globe	この銃には弾が入っていません。	This gun is out of bullets.
1258	病	やまい	noun	illness; disease	これらの感染病はミルクの汚染が原因だった。	These infections were caused by contaminated milk.
1259	社員	しゃいん	noun	company employee	残りの社員達は予告無しに解雇された。	The rest of the personnel were fired without notice.
1260	裁判	さいばん	noun	trial; judgement; judgment	裁判は三時間続いた。	The court session lasted for three hours.
1261	証拠	しょうこ	noun	evidence; proof	警察が来て、あらゆる証拠を調査した。	The police came and looked into all the evidence.
1262	誌	し	counter	magazine; journal	彼はタイム誌を予約購読している。	He subscribed to Time magazine.
1263	調子	ちょうし	noun	tune; tone; key	このエンジンは調子よく動く。	This engine works well.
1264	資金	しきん	noun	funds; capital	そのプロジェクトの資金コストはとても高かった。	The cost of financing of the project was very high.
1265	風呂	ふろ	noun	bath; bathing; bathtub	一旦風呂＆飯落ち、４０分ぐらいして帰還！	Break for bath & food, back in about 40 minutes!
1266	いろんな	いろんな	adjective	various; a variety of; all sorts of	九〇年代にはいろんな事件が起こった。	The 1990's saw various incidents.
1267	まるで	まるで	adverb	as if; as though; just like	まるで腫れ物に触るように扱った。	He treated it with utmost care.
1268	インターネット	インターネット	noun	Internet	インターネット中毒って、本当にあるみたいね。	There really is such a thing as Internet addiction.
1269	タイ	タイ	noun	sea bream (esp. Pagrus major); porgy	冷たいものを飲みたくてたまらない。	I'm dying for a cold drink.
1270	ダム	ダム	noun	dam	大きなダムができるそうだ。	They say that a huge dam will be built.
1271	ビデオ	ビデオ	noun	video (esp. a televised image)	この番組、ビデオに録っておいて。	Will you record this program on video for me?
1272	ベスト	ベスト	na-adjective	best	とにかくベストを尽くすつもりだ。	At any rate, I will do my best.
1273	ボタン	ボタン	noun	button (clothing)	コートのボタンが一つ取れてしまっている。	One of the buttons has come off my coat.
1274	ミス	ミス	noun	mistake; error; blunder	注意すればするほど、ミスをしなくなる。	The more careful you are, the fewer mistakes you make.
1275	伝説	でんせつ	noun	legend; folklore; tradition	その物語は伝説に基づいている。	The story is founded on tradition.
1276	修正	しゅうせい	noun	amendment; correction; revision	・テキストデータの誤字脱字を修正。	・ Corrected mistaken/missing characters in the text data.
1277	分析	ぶんせき	noun	analysis	彼はその問題を徹底的に分析した。	He made a thorough analysis of the problem.
1278	初期	しょき	noun	early days; early years; early stages	初期の人類は世界のあらゆる所に移住した。	Early man migrated to all parts of the world.
1279	強化	きょうか	noun	strengthening; intensifying; reinforcement	コーポレートガバナンスや説明責任を強化している。	Corporate governance and accountability are being strengthened.
1280	感想	かんそう	noun	impressions; thoughts; feelings	彼はその詩の感想を述べた。	He gave us his impression of the poem.
1281	感染	かんせん	noun	infection; contagion; becoming infected	これらの感染病はミルクの汚染が原因だった。	These infections were caused by contaminated milk.
1282	我々	われわれ	pronoun	we	彼の成功について聞いて、我々は喜んだ。	We were delighted to hear of his success.
1283	探す	さがす	verb	to search for; to look for; to hunt for	彼女はもっと広いマンションを探している。	She is looking for a large apartment.
1284	深夜	しんや	noun	late at night	乗れそうなフライトは来週の深夜便だけだ。	The only flight available is a red eye flight next week.
1285	温泉	おんせん	noun	hot spring	僕は偶然温泉を見つけた。	I hit on a spa.
1286	熱	ねつ	noun	heat	風邪を引いたらしい。少し熱がある。	I seem to have caught cold. I'm a little feverish.
1287	皆様	みなさま	noun	everyone	みなさま。ようこそご搭乗下さいました。	Ladies and gentlemen, welcome aboard.
1288	範囲	はんい	noun	extent; scope; sphere	進化論は私の想像できる範囲を超えている。	The theory of evolution is beyond the reach of my imagination.
1289	緑	みどり	noun	green	東京ミッドタウンは緑がいっぱい！	There's a lot of greenery in Tokyo Midtown!
1290	自信	じしん	noun	self-confidence; confidence (in oneself)	自信を無くしちゃいけません、マイク。	Don't lose confidence, Mike.
1291	自動車	じどうしゃ	noun	car; automobile; motorcar	この自動車は運転しやすい。	This car handles well.
1292	自殺	じさつ	noun	suicide	彼女が自殺した理由は知られていない。	The reason she killed herself is unknown.
1293	迷惑	めいわく	noun	trouble; bother; annoyance	あまり迷惑がかからないことを祈ります。	I hope this will not inconvenience you too much.
1294	運	うん	noun	fortune; luck; chance	人生において運は重要な役割を果たす。	Luck plays an important part in your life.
1295	道路	どうろ	noun	road; highway	道路は数マイルにわたってまっすぐ続いていた。	The road ran straight for several miles.
1296	達成	たっせい	noun	achievement; attainment; accomplishment	彼らはとうとう目的を達成した。	They attained their purpose at last.
1297	関西	かんさい	noun	Kansai (region comprising Kyoto, Osaka, Kobe and surrounding prefectures)	私は関西国際空港でトニー君を見送った。	I saw Tony off at Kansai International Airport.
1298	あいつ	あいつ	pronoun	he; she; that guy	あいつめ明日こそ痛い目にあわせてくれる。	I'll take my revenge on him at all costs tomorrow.
1299	おいしい	おいしい	i-adjective	good(-tasting); nice; delicious	このチョコレートはとっても甘くておいしい。	This chocolate is very sweet and tasty.
1300	そもそも	そもそも	adverb	in the first place; to begin with; from the start	そもそも君が来たとは驚いた。	I'm surprised you came at all.
1301	イン	イン	noun	in (of a ball; in tennis, etc.); inside the line	打球がインかアウトかを判定するのは難しいことが多い。	It is often difficult to see if a ball is in or out.
1302	キス	キス	noun	kiss	互いにキスをする習慣が発達した。	A custom developed in which they would kiss each other.
1303	タイミング	タイミング	noun	timing	まずはオシロでタイミングを確認してみて下さい。	First, try to confirm the timing by oscilloscope.
1304	デジタル	デジタル	adjective	digital	その年の流行語はデジタルで、例えばデジタル時計、デジタルマイクロウエーブオーブンとか、デジタルペンであった。	That year's buzzword was digital: digital clocks, digital microwave ovens, even digital pens.
1305	デート	デート	noun	date (with someone); (social) outing (for two); date night	夕べジェーンとデートした。	I had a date with Jane last night.
1306	バイト	バイト	noun	part-time job; side job	バイト探してるんだ。	I'm looking for a part-time job.
1307	パワー	パワー	noun	power	私には彼のパワーが必要です。	I need his power.
1308	ビール	ビール	noun	beer	ビールはあまりたくさん飲みません。	I don't drink much beer.
1309	与える	あたえる	verb	to give (esp. to someone of lower status); to bestow; to grant	機会を与えてくださればやれます。	I can do it if you give me a chance.
1310	事前	じぜん	adjective	prior; beforehand; in advance	事前に弁護士と相談した方がいいよ。	You'd better consult an attorney beforehand.
1311	出身	しゅっしん	noun	one's origin (e.g. city, country, parentage, school)	彼は北海道出身ではありません。	He is not from Hokkaido.
1312	前回	ぜんかい	noun	previous time; last time; previous installment	その証拠は彼の前回の証言と一致している。	The evidence corresponds to his previous statement.
1313	劇場	げきじょう	noun	theatre; theater; playhouse	劇場の前であいましょう。	Let's meet in front of the theater.
1314	収入	しゅうにゅう	noun	income; earnings; revenue	決して今の収入に満足していません。	I am by no means satisfied with my present income.
1315	投資	とうし	noun	investment	民間企業に対する投資をもっと認めてほしい。	I'm eager to be allowed to do more private-sector investment.
1316	拡大	かくだい	noun	expansion; extension	その都市は最近急速に拡大した。	The city has rapidly expanded recently.
1317	暮らし	くらし	noun	(way of) life; lifestyle; living	贅沢な暮らしをしたい。	I would like to live in luxury.
1318	書く	かく	verb	to write; to compose; to pen	勇気を失わないでどんどん書きつづけなさい。	Keep a good heart and go on writing.
1319	最低	さいてい	adjective	least; lowest; minimum	あの映画、最低！	That movie stinks!
1320	歓迎	かんげい	noun	welcome; (warm) reception	いつ来ても歓迎します。	Whenever you come, you are welcome.
1321	気軽	きがる	na-adjective	carefree; buoyant; lighthearted	気軽にして下さい。	Please make yourself at home.
1322	現れ	あらわれ	noun	embodiment; manifestation; materialization	日本人は必ずしも敬意の表れとしてお辞儀するわけではない。	The Japanese do not always make a bow as a mark of respect.
1323	窓	まど	noun	window	これらの窓は彼によって開けられる。	These windows are opened by him.
1324	約束	やくそく	noun	promise; agreement; arrangement	約束したことを思い出して下さい。	I must remind you of your promise.
1325	自転車	じてんしゃ	noun	bicycle; bike	この自転車はひどい。重すぎる。	This bike is awful; it's too heavy.
1326	草	くさ	noun	grass; weed; herb	草の長く伸びている所を指差して言いました。	He said, pointing at where tall grass is growing.
1327	計算	けいさん	noun	calculation; computation; reckoning	もう一度、その計算をやり直させてください。	Let me go over the accounts again.
1328	訓練	くんれん	noun	training; drill; practice	その訓練は彼女のためになった。	The exercises did her good.
1329	資料	しりょう	noun	material; materials; data	これらのコースについての詳細な資料をお送りください。	Please send details of these courses.
1330	進化	しんか	noun	evolution	他の動物より、ずっと進化している動物もいる。	Some animals have advanced far ahead of others.
1331	首相	しゅしょう	noun	prime minister; chancellor (Germany, Austria, etc.); premier	首相は彼の声明に対して怒りを感じています。	The Prime Minister is feeling the heat over his statement.
1332	かける	かける	verb	to hang up (e.g. a coat, a picture on the wall); to let hang; to suspend (from)	さあ、どうぞお掛けください。	Here, please have a seat.
1333	かつて	かつて	adverb	once; before; formerly	その王様はかつてあの宮殿に住んでいた。	The king once lived in that palace.
1334	ついに	ついに	adverb	finally; in the end; at last	熱心な勉強によって彼はついに成功した。	By dint of hard work he succeeded at last.
1335	はっきり	はっきり	adverb	clearly; plainly; distinctly	できるだけはっきりと話して下さい。	Please speak as clearly as possible.
1336	ひと	ひと	noun	person; someone; somebody	私よりもっとエッチな人もいて安心しました。	I was relieved that there are people more wanton than me.
1337	まだまだ	まだまだ	adverb	still; much more; (not) yet	彼にはどうしても勝てない。まだまだ甘いな。	I just can't seem to outdo him. I've got a lot to learn.
1338	イカ	イカ	noun	cuttlefish; squid	このイカは鮮度が落ちはじめた。	This cuttlefish has started to lose its freshness.
1339	イギリス	イギリス	noun	United Kingdom; UK; Britain	もう一度イギリスを訪れたいと思っている。	I am anxious to visit Britain once again.
1340	オリンピック	オリンピック	noun	Olympics; Olympic Games	彼らはオリンピックにさんかしたがっている。	They want to take part in the Olympic Games.
1341	ブランド	ブランド	noun	brand	有名なブランドですね。	That's a famous brand.
1342	一切	いっさい	noun	all; everything; entirety	それは他のいっさいに勝っている。	It is paramount to all the others.
1343	七	しち	number	seven	父はだいたいいつも七時に帰ってくる。	My father usually comes home at seven.
1344	不足	ふそく	noun	insufficiency; deficiency; shortage	彼なら相手にとって不足なし。	He is a good match for me.
1345	世紀	せいき	noun	century	科学的知識は１６世紀以来大いに進歩してきた。	Scientific knowledge has greatly advanced since the 16th century.
1346	久しぶり	ひさしぶり	adjective	a long time (since the last time); first in a long time	ほんと随分久しぶりじゃない。	Yeah, it's been a long time.
1347	事態	じたい	noun	situation; (present) state of affairs; circumstances	そういう事態は我慢できない。	Such a state of things cannot be put up with.
1348	以内	いない	noun	within; inside of; less than	発表は３０分以内に制限して下さい。	Please limit your presentation to 30 minutes.
1349	候補	こうほ	noun	candidate; contender; prospect	顧客候補に渡します。	We will take it to the potential customers.
1350	六	ろく	number	six; 6	六時ごろ来るって言ってたよ。	She told me she would be here about six.
1351	原作	げんさく	noun	original work	その映画は原作ほどおもしろくなかった。	The movie was less funny than the book.
1352	合う	あう	verb	to come together; to merge; to unite	彼女のスカートはぴったり合っている。	Her skirt fits tightly.
1353	変える	かえる	verb	to change; to alter; to transform	この本によって私の人生は変えられてしまった。	My life has been changed by this book.
1354	好み	このみ	noun	liking; taste; fancy	好みについて説明することはできない。	There is no accounting for tastes.
1355	掃除	そうじ	noun	cleaning; sweeping; dusting	そうですね、部屋を掃除したりします。	Well, I clean the rooms.
1356	接続	せつぞく	noun	connection; attachment; union	インターネットの接続が遮断された。	My internet connection was cut off.
1357	教師	きょうし	noun	teacher; instructor	教師に対して礼儀正しくしなければならない。	You should be respectful to your teachers.
1358	日常	にちじょう	adjective	everyday; daily; ordinary	日常の運動は体に良い。	Moderate exercise is good for your health.
1359	確定	かくてい	noun	decision; settlement; confirmation	彼がアメリカに行くのは、確定している。	It is definite that he will go to America.
1360	空間	くうかん	noun	space; room; airspace	光の波は空間や様々な種類の物質の中を通って進む。	Light waves travel through space and various kinds of materials.
1361	立ち	たち	noun	departure; setting off; start	誰もそのパーティーから立ち去ろうとしなかった。	No one was in a hurry to leave the party.
1362	筋	すじ	noun	muscle; tendon; sinew	その小説の筋はわからない。	I don't understand this novel's plot.
1363	職場	しょくば	noun	one's post; place of work; workplace	職場には出ないでください。	You shouldn't go to work.
1364	興奮	こうふん	noun	excitement; stimulation; agitation	まあそう興奮しないでお座り下さい。	Sit down and take it easy for a while.
1365	規制	きせい	noun	regulation; (traffic) policing; control	これらの古い規制を廃止しなければならない。	We must do away with these old rules.
1366	説	せつ	noun	theory; doctrine	厳密に言うと、その説は正しくない。	Strictly speaking, the theory is not correct.
1367	辛い	からい	i-adjective	spicy; hot	できるだけ辛くしてください。	Make it as spicy as you can.
1368	遅れ	おくれ	noun	delay; lag; falling behind	彼はどうやらやっと仕事の遅れを取りもどした。	He had enough to do to catch up on his work.
1369	なんとか	なんとか	expression	something; something or other; so-and-so	何とか都合して来てください。	Will you make every effort to come?
1370	ひとり	ひとり	noun	one person	一人を除いてみんな帰った。	Except for one person, everybody went home.
1371	カバー	カバー	noun	cover; covering; dust jacket	その本には黒いカバーがかかっていた。	There was a black jacket on the book.
1372	キャンペーン	キャンペーン	noun	(sales) promotion; (sales, advertising) campaign	彼らのキャンペーンに参加させてください。	Join me with them in their movement.
1373	シーズン	シーズン	noun	season (period in which regulated games are played)	まもなく野球シーズンが始まる。	The baseball season opens before long.
1374	ストレス	ストレス	noun	stress	いつもストレスを感じています。	I'm always under stress.
1375	パソコン	パソコン	noun	personal computer; PC	昨日新しいパソコンを買った。	I bought a new personal computer yesterday.
1376	ホーム	ホーム	noun	home	列車は１０番ホームに到着します。	The train will come in at platform ten.
1377	ボス	ボス	noun	boss; leader; head	彼はいつもボスの動きに注目しています。	He always takes note of his boss's movements.
1378	ライト	ライト	noun	light	ライトのスイッチを切ってください。	Please turn off the light.
1379	交渉	こうしょう	noun	negotiations; bargaining; discussions	交渉はほとんど進展しなかった。	The negotiations made little progress.
1380	住民	じゅうみん	noun	inhabitant; resident; citizen	その計画は住民の反対にあった。	The plan met with opposition from the inhabitants.
1381	再び	ふたたび	adverb	again; once more; a second time	彼らは１０マイル歩いて１０分間休み、また再び歩いた。	They walked for ten miles, rested for ten minutes, then walked again.
1382	噂	うわさ	noun	rumour; rumor; report	彼についていろいろな噂が流れていた。	Rumors were current about him.
1383	天使	てんし	noun	angel	眠っている子どもというのは天使のようだ。	A sleeping child looks like an angel.
1384	実	じつ	noun	truth; reality	木はその実によってわかる。	A tree is known by its fruit.
1385	小学校	しょうがっこう	noun	primary school; elementary school; grade school	あの小学校はサッカーが強い。	That primary school has a strong soccer team.
1386	展示	てんじ	noun	exhibition; display	展示中のバラは色別にまとめられてある。	The roses on exhibition are grouped together by colors.
1387	後半	こうはん	noun	second half; latter half	その試合の後半はとてもおもしろかった。	The latter half of the game was very exciting.
1388	所有	しょゆう	noun	possession; ownership	彼女はとても大きな家を所有している。	She owns a very big house.
1389	搭載	とうさい	noun	loading (on a ship); equipping (an aircraft, car, etc.) with; being equipped with	大容量のＲＡＭが搭載されていると、メモリ不足を示すエラーメッセージが表示される。	If a very large amount of memory is installed, an 'insufficient memory' error message is displayed.
1390	新作	しんさく	noun	new work; new production; new composition	彼の新作映画は見るだけの価値がある。	His new film is worth seeing.
1391	最悪	さいあく	na-adjective	worst	最悪を覚悟している。	I am prepared for the worst.
1392	模様	もよう	noun	pattern; figure; design	彼らの伝統的な生活模様は、もはや存在しない。	Their traditional life style no longer exists.
1393	産業	さんぎょう	noun	industry	その国は産業によって支えられている。	The country is supported by industry.
1394	祭り	まつり	noun	festival; feast; matsuri	お祭りの間頑張ってくれましたね。	I greatly appreciate your efforts during our festival.
1395	細胞	さいぼう	noun	cell	ガン細胞とはどのようなものですか。	What is a cancer cell like?
1396	肌	はだ	noun	skin	彼女の肌はすぐ日焼けする。	Her skin burns easily.
1397	背景	はいけい	noun	background; scenery; backdrop	木は空を背景にして黒く見えた。	The trees looked black against the sky.
1398	行	ぎょう	noun	line (of text); row; verse	私は１行読み落としていた。	I have left out one line in reading.
1399	言語	げんご	noun	language	すべての言語は話されている限りは変化する。	Every language continues to change as long as it is spoken.
1400	質	しつ	noun	quality; value	大気の質は過去数年において悪化した。	Air quality has deteriorated these past few years.
1401	近所	きんじょ	noun	neighbourhood; neighborhood; vicinity	ちょうど近所まで行ったので挨拶してきた。	As I happened to be in the neighborhood, I went and paid him compliments.
1402	ころ	ころ	noun	(approximate) time; around; about	この頃あなたらしくない。	You don't seem to be yourself these days.
1403	むしろ	むしろ	adverb	rather; better; instead	むしろ悪くなっているようだった。	It seemed rather bad.
1404	トラック	トラック	noun	truck; lorry	彼女はかつてトラック競技のスターだった。	She was a track star once.
1405	モード	モード	noun	mode (e.g. of a machine); setting; way	このプログラムはＤＯＳモードでは作動しません。	This program cannot be run in DOS mode.
1406	伝統	でんとう	noun	tradition; convention	この伝統は代々受け継がれている。	This tradition has been passed down from generation to generation.
1407	優先	ゆうせん	noun	preference; priority; precedence	何よりも安全を優先しなければならない。	We must put safety before anything else.
1408	先輩	せんぱい	noun	senior (at school, work, etc.); superior; elder	我々は彼をよき先輩として尊敬している。	We look up to him as a good senior.
1409	党	とう	noun	party (political)	党が連合して、新しい政府となった。	A combination of parties formed the new government.
1410	処分	しょぶん	noun	disposal; throwing away; selling off	とうとう使い慣れた車を処分しました。	We finally got rid of our old car.
1411	分野	ぶんや	noun	field; sphere; realm	コンピューターはあらゆる分野に侵入して来た。	Computers have invaded every field.
1412	医師	いし	noun	doctor; physician	医師は難しい手術についてじっくり考えた。	The doctor contemplated the difficult operation.
1413	図	ず	noun	drawing; picture; diagram	その市街地図をもう一度よく見て下さい。	Take another good look at the city map.
1414	宗教	しゅうきょう	noun	religion; religious affiliation; belief	日本人はあまり宗教にはこだわらない。	Japanese are not so particular about religion.
1415	寝る	ねる	verb	to sleep (lying down)	昨日、彼女は１０時間以上寝た。	She slept more than ten hours yesterday.
1416	巨大	きょだい	na-adjective	huge; gigantic; enormous	ニューヨークは巨大な都市だ。	New York is a huge city.
1417	最強	さいきょう	adjective	strongest	スペインは世界最強の国の一つだった。	Spain was one of the world's mightiest nations.
1418	生命	せいめい	noun	life; existence	彼の生命は危険な状態にあると思います。	I think his life is in danger.
1419	男女	だんじょ	noun	men and women; man and woman; both sexes	男女ともテニスに優勝した。	Both men and women won the tennis championship.
1420	緊急	きんきゅう	noun	urgency; emergency	もし緊急なことがあれば、私に連絡して下さい。	If there's anything urgent, you can get in touch with me.
1421	許可	きょか	noun	permission; approval; authorization	許可を与えていただきありがとうございます。	Thank you for granting your permission.
1422	靴	くつ	noun	shoe; shoes; boots	私の靴がなくなってしまった。	My shoes are gone.
1423	高速	こうそく	na-adjective	high-speed; rapid; express	運転者は高速を出し続けた。	The driver maintained a high speed.
1424	鬼	おに	noun	ogre; demon; oni	遅れたやつは鬼に食われろ。	Devil take the hindmost.
1425	うまい	うまい	i-adjective	skillful; skilful; skilled	私に関しては、すべてうまく行っている。	All is well with me.
1426	たった	たった	adverb	only; merely; but	彼女はたった1000円しか持っていない。	She has no more than one thousand yen.
1427	どうも	どうも	interjection	thank you; thanks	先生、どうもありがとうございました。	Thank you very much, doctor.
1428	キロ	キロ	prefix	kilo-; 1000	彼女の体重は増えて５０キロになった。	Her weight increased to 50 kilograms.
1429	テロ	テロ	noun	terror; terrorism	我々は絶対にテロを許さない。	We will never countenance terrorism.
1430	ニューヨーク	ニューヨーク	noun	New York	ニューヨークへ行きたくてたまらない。	I'm dying to go to New York.
1431	ヒット	ヒット	noun	hit; base hit; safe hit	彼の最新作は大ヒットした。	His latest work proved to be a great success.
1432	リスク	リスク	noun	risk	睡眠不足で、心筋梗塞リスクが上昇。	Sleep deprivation increases risk of heart attacks.
1433	中身	なかみ	noun	contents; interior; filling	彼はポケットから中身を出した。	He emptied his pockets of their contents.
1434	事情	じじょう	noun	circumstances; conditions; situation	私は事情があってお手伝いできませんでした。	Circumstances did not permit me to help you.
1435	交流	こうりゅう	noun	exchange (e.g. cultural); interchange; interaction	彼らは社会的交流の象徴を少し失った。	They lost some symbols of social intercourse.
1436	人口	じんこう	noun	population	人口はどんどん増加していた。	There was a steady increase in population.
1437	利益	りえき	noun	profit; gains	苦しみなくして利益なし。	No gains without pains.
1438	受け入れ	うけいれ	noun	receiving; acceptance; reception	当大学では身体障害者の受け入れを検討しているところだ。	Our university authorities are considering the admission of handicapped students.
1439	地下	ちか	noun	underground; below the ground	彼は今地下に眠っている。	He is dead and buried now.
1440	大臣	だいじん	noun	cabinet minister	大臣はその建築計画を認めた。	The minister approved the building plans.
1441	宣伝	せんでん	noun	publicity; advertisement; advertising	大修館は新しい辞書を出版すると宣伝した。	Taishukan advertised it would publish a new dictionary.
1442	小学生	しょうがくせい	noun	elementary school student; primary school student; grade school student	彼はまるで小学生のように赤くなった。	He reddened like a schoolboy.
1443	帰る	かえる	verb	to return; to come home; to go home	明日帰ったら電話します。	I'll call them tomorrow when I come back.
1444	建設	けんせつ	noun	construction; establishment	その遊園地を建設するのに１０年かかった。	It took ten years to build the amusement park.
1445	当たり前	あたりまえ	adjective	natural; reasonable; obvious	この問題はあたりまえのやり方では解決しない。	You cannot solve this problem in an ordinary way.
1446	本日	ほんじつ	noun	today; this day	本日の特別料理について説明します。	Let me tell you about our special.
1447	正確	せいかく	na-adjective	accurate; correct; precise	彼らの到着する正確な時刻を教えて下さい。	Please tell me the precise time of their arrival.
1448	物質	ぶっしつ	noun	material; substance	物質は温度によって形を変える。	Matter changes its form according to temperature.
1449	獲得	かくとく	noun	acquisition; possession	１００万円獲得したら、どうしますか。	If you won a million yen, what would you do?
1450	痛み	いたみ	noun	pain; ache; soreness	痛みがひどくなってきました。	The pain is getting worse.
1451	記者	きしゃ	noun	reporter; journalist	彼は自ら記者たちに向かって発言した。	He addressed himself to the reporters.
1452	認定	にんてい	noun	authorization; authorisation; acknowledgment	介護保険による介護サービスを利用するには、「介護が必要である」と認定される必要があります（要介護認定）。	In order to make use of the nursing services covered by long-term care insurance, an authorization form indicating their necessity must be filled out.
1453	調整	ちょうせい	noun	adjustment; regulation; coordination	自転車のブレーキを調整してもらった。	I had the brakes of my bicycle adjusted.
1454	あまりに	あまりに	adverb	too (much); overly; excessively	あまりに寒くてまだ海には行けない。	It's too cold to go to the sea yet.
1455	お腹	おなか	noun	belly; abdomen; stomach	どうもおなかの具合がよくない。	Something seems to be wrong with my stomach.
1456	インタビュー	インタビュー	noun	interview (on television, in a newspaper, etc.)	インタビューはあす午前１０時予定されている。	The interview is scheduled for 10:00 a.m. tomorrow.
1457	ダイエット	ダイエット	noun	diet; dieting	私はダイエットしています。	I'm on a diet.
1458	パーティー	パーティー	noun	party (social gathering)	要するに、そのパーティーはすばらしかった。	In brief, the party was splendid.
1459	世	よ	noun	world; society; public	エリザベス１世は１６０３年に死んだ。	Queen Elizabeth I passed away in 1603.
1460	住宅	じゅうたく	noun	residence; housing; residential building	工場は住宅地域にはふさわしくない。	A factory is not suitable for a residential district.
1461	優しい	やさしい	i-adjective	tender; kind; gentle	あの時彼女に優しくしていたら良かった。	I wish I had been kind to her then.
1462	単位	たんい	noun	unit (e.g. meters, grams, etc.); denomination	米はｋｇ単位で売られている。	Rice is sold by the kilogram.
1463	増加	ぞうか	noun	increase; rise; growth	輸出は３００億ドル増加した。	The exports increased by 30 billion dollars.
1464	少なくとも	すくなくとも	adverb	at least	そのカメラは少なくとも５００ドルする。	The camera will cost at least $500.
1465	建築	けんちく	noun	construction; architecture (of buildings)	彼らは建築においてとても進歩していた。	They were making great progress in architecture.
1466	心理	しんり	noun	state of mind; mentality; psychology	私にはそんな男の心理は理解できません。	I can't understand the psychology of such a man.
1467	手術	しゅじゅつ	noun	surgery; operation; procedure	医師は難しい手術についてじっくり考えた。	The doctor contemplated the difficult operation.
1468	書籍	しょせき	noun	book; publication	私は書籍売り場を担当している。	I'm in charge of the book department.
1469	株	かぶ	noun	stock; share	彼女はその会社の株を１０％所有している。	She has a 10 percent interest in the company.
1470	求める	もとめる	verb	to want; to wish for	彼女はその会社を辞任するよう求められた。	She was required to step down in the office.
1471	深い	ふかい	i-adjective	deep	息を深く吸ったり吐いたりしてください。	Take a deep breath in and out, please.
1472	無視	むし	noun	disregarding; ignoring	学生たちはこれらの指示を無視している。	The students have taken no notice of these instructions.
1473	生きる	いきる	verb	to live; to exist	私の生きている限り、君を援助しよう。	I'll help you as long as I live.
1474	章	しょう	noun	chapter; section	次の章を予習しておきなさい。	Study the next chapter.
1475	笑顔	えがお	noun	smiling face; smile	ナンシーはなかなか笑顔を見せない。	Nancy seldom smiles.
1476	継続	けいぞく	noun	continuation; continuance; maintenance	裁判は１０日間継続して行われた。	The trial lasted for ten consecutive days.
1477	美人	びじん	noun	beautiful woman; (a) beauty; belle	サンドラは成人して美人になりました。	Sandra has grown up to be a beautiful woman.
1478	角	かく	noun	angle	あの角には、かつて本屋があった。	There used to be a bookstore on that corner.
1479	議論	ぎろん	noun	argument; discussion; dispute	われわれは互いにその問題について議論した。	We discussed the matter with each other.
1480	資格	しかく	noun	qualifications; requirements; capabilities	その大学の入学資格を教えて下さい。	Please tell me the requirements for admission to the college.
1481	邪魔	じゃま	noun	hindrance; obstacle; nuisance	もし邪魔だったら、そう言ってくれ。	Please tell me if I get in your way.
1482	部隊	ぶたい	noun	force; unit; corps	部隊は全滅した。	The troop was altogether destroyed.
1483	銀	ぎん	noun	silver (Ag)	金は銀より重い。	Gold is heavier than silver.
1484	額	がく	noun	(picture) frame; framed picture	使った額を記録しておきなさい。	Keep a record of how much you spend.
1485	そば	そば	noun	(place) near by; (place) close by; (place) right next to	通りのどちら側にも駐車できます。	You can park on either side of the street.
1486	サポート	サポート	noun	support	リナックスをサポートしているベンダーもいます。	There are also vendors who support Linux.
1487	ショー	ショー	noun	show; performance	昨日の晩、私のショーを聞いてくれた？	Did you hear my show last night?
1488	バランス	バランス	noun	balance	彼はバランスを失って自転車から落ちた。	He lost his balance and fell off his bicycle.
1489	両方	りょうほう	noun	both; both sides; both parties	両方の展望にはある共通のテーマがある。	A common theme underlies both perspectives.
1490	中止	ちゅうし	noun	interruption; discontinuance; suspension	パーティーを中止しなければならなかった。	I had to call off the party.
1491	優秀	ゆうしゅう	na-adjective	superior; excellent; brilliant	ずば抜けて優秀な選手。	She is by far the best player in that country.
1492	出版	しゅっぱん	noun	publication	私の新しい本はまだ出版されていない。	My new book is not yet in print.
1493	分け	わけ	noun	division; splitting; classification	彼らは財産分けのことでもめている。	They are arguing about their share of the property.
1494	卵	たまご	noun	eggs; egg; spawn	この卵はすべて古い。	None of these eggs are fresh.
1495	厳しい	きびしい	i-adjective	severe; strict; rigid	彼もときには厳しくなる。	He gets tough at times.
1496	台湾	たいわん	noun	Taiwan	私たちは台湾経由で行った。	We went by way of Taiwan.
1497	和	わ	noun	sum	３角形のすべての角の和は１８０度に等しい。	The sum of all the angles in a triangle equals 180 degrees.
1498	太陽	たいよう	noun	Sun	きらきらする太陽が輝いていた。	The bright sun was shining.
1499	座	ざ	noun	seat; place	あなたは何座生まれですか。	What sign were you born under?
1500	弱い	よわい	i-adjective	weak; frail; delicate	彼の呼吸は次第に弱くなった。	His breathing became faint.
1501	得意	とくい	noun	satisfaction; pride; triumph	数学は彼の最も得意な科目です。	Mathematics is his strongest subject.
1502	思い出	おもいで	noun	memories; recollections; reminiscence	彼は嫌な思い出が消えることを願っている。	He wishes to erase bad memories.
1503	悪魔	あくま	noun	devil; demon; fiend	魔女集会で悪魔を召喚する。	Her coven conjures the demons.
1504	新規	しんき	adjective	new; fresh	新規開店した宝石店は私の御得意様を奪った。	The newly-opened jewelry shop took away some of my best customers.
1505	核	かく	noun	stone (of a fruit); pit; pip	この核時代にあっては、世界中どこの国だって安全ではない。	No country under the sun is safe in this nuclear age.
1506	業者	ぎょうしゃ	noun	trader; dealer; businessperson	国際貿易業者はどうにか切り抜けようと頑張っています。	International traders are struggling just to get by.
1507	残る	のこる	verb	to remain; to be left	残っていたら、少しください。	If there is any left, give me some.
1508	演出	えんしゅつ	noun	direction (of a play, film, etc.); production	その劇は彼によって演出された。	The play was produced by him.
1509	牛	うし	noun	cattle (Bos taurus); cow; bull	牛は大きくて、おとなしく見えました。	The cows looked big and docile.
1510	発展	はってん	noun	development; growth; expansion	ボストンはここ１０年間で急速に発展した。	Boston has grown rapidly in the last ten years.
1511	翻訳	ほんやく	noun	translation	この言葉はうまく翻訳できない。	This word does not translate well.
1512	記載	きさい	noun	mention (in a document); record; entry	次のように記載します。	We'll note it in the following way.
1513	話す	はなす	verb	to talk; to speak; to converse	彼等はいろいろな問題について話した。	They talked about various subjects.
1514	速度	そくど	noun	speed; velocity; pace	速度を測定する方法はいくつかある。	There are several ways to measure speed.
1515	アジア	アジア	noun	Asia	アジアはオーストラリアよりはるかに大きい。	Asia is much larger than Australia.
1516	カレー	カレー	noun	curry (esp. Japanese curry)	このカレーは辛すぎて食べられない。	This curry is too hot to eat.
1517	ブルー	ブルー	noun	blue	ブルーな気分になりたくない。	I don't want to feel blue.
1518	マスター	マスター	verb (suru)	to master (a skill)	彼は教えられたことはすべてマスターした。	What he was taught he mastered.
1519	二つ	ふたつ	number	two	兄ちゃん、こっち生中二つー。	Kiddo! Two medium-size drafts here.
1520	使い方	つかいかた	noun	way of using (something); way to use; how to use	このカメラの使い方を教えてください。	Will you show me how to use this camera?
1521	傾向	けいこう	noun	tendency; trend; inclination	若い人はそう考える傾向がある。	Young people tend to think so.
1522	働く	はたらく	verb	to work; to labor; to labour	彼女は疲れ過ぎて働き続けられなかった。	She was too tired to go on working.
1523	制御	せいぎょ	noun	control (of a machine, device, etc.)	ジムは怒りを制御することができた。	Jim was able to hold back his anger.
1524	前後	ぜんご	noun	front and rear; front and back; before and behind	ランプが前後にゆれていた。	The lamp was swinging back and forth.
1525	午前	ごぜん	noun	morning; a.m.	私は午前１０時ごろ出発するつもりです。	I'm going to leave about ten in the morning.
1526	大型	おおがた	adjective	large; large-sized; large-scale	大形航空機は大きな騒音公害をもたらした。	Large planes brought about large amounts of sound pollution.
1527	巨人	きょじん	noun	giant; great man	その巨人は誰にも愛されなかった。	The giant was not loved by anybody.
1528	抵抗	ていこう	noun	resistance; opposition; standing up to	困難に対してあくまでも抵抗した。	He breasted it out against difficulties.
1529	毎年	まいとし	adverb	every year; yearly; annually	世界は毎年ますます狭くなってきている。	Our world is getting smaller and smaller every year.
1530	比	ひ	noun	ratio; proportion	指標は前月比４％上昇した。	The index rose 4% from the preceding month.
1531	王子	おうじ	noun	prince	王子はその日、王になった。	The prince became a king that day.
1532	疑問	ぎもん	noun	doubt; question; suspicion	誰も私の疑問に答えてくれなかった。	Nobody answered my question.
1533	繰り返し	くりかえし	noun	repetition; repeat; reiteration	首都は繰り返し繰り返し爆撃された。	The capital was bombed again and again.
1534	自宅	じたく	noun	one's home; one's house	彼はゆうべ自宅で静かに息を引き取った。	He passed on quietly at his home last night.
1535	臭い	くさい	i-adjective	stinking; smelly	その部屋はたばこ臭かった。	The room smelled of tobacco.
1536	苦手	にがて	na-adjective	poor (at); weak (in); not very good (at)	物理は私の苦手な学科です。	Physics is my weak subject.
1537	選ぶ	えらぶ	verb	to choose; to select; to pick (out)	むしろ名誉ある死を選びたい。	I would prefer an honorable death.
1538	魔	ま	noun	demon; devil; evil spirit	株式市場は魔の市場だとよく言われる。	The stock market is often called a dangerous one.
1539	鼻	はな	noun	nose	「ハナ出てる」「ご、ごめん」	Your nose is dripping. "S-sorry."
1540	だが	だが	conjunction	but; however; (and) yet	だがすでに、賽は投げられた。	However, the die had already been cast.
1541	やり方	やりかた	noun	way (of doing); manner; method	どうしてもやり方が思い出せないんだ。	I can't recollect how to do it.
1542	オンライン	オンライン	noun	online	法律の変更で、電子商取引におけるオンライン販売が脅かされている。	Legal changes threaten online sales in digital commerce.
1543	スト	スト	noun	strike (i.e. industrial action)	列車のストにはまったく困りませんでした。	The train strike didn't bother me at all.
1544	ノー	ノー	interjection	no	彼女の言いたいことは結局「ノー」ということだ。	What she wants to say just adds up to a refusal.
1545	バイク	バイク	noun	motorcycle; motorbike; bike	彼は私のバイクを見つけてくれた。	He found my bike.
1546	バージョン	バージョン	noun	version	その２つのバージョンの違いははっきりしていない。	The difference between the two versions isn't clear.
1547	リーダー	リーダー	noun	leader	彼は彼らのリーダーとして尊敬された。	He was looked up to as their leader.
1548	体制	たいせい	noun	order; system; structure	爆破予告以来、空港の警備体制は強化された。	Security at the airport has been stepped up since the bomb scare.
1549	兵器	へいき	noun	arms; weapon; ordnance	日本は兵器にあまりお金を使うべきではない。	Japan should not spend much money on weapons.
1550	危機	きき	noun	crisis; critical situation; emergency	首相は財政的危機について詳しく話した。	The Prime Minister dwelt upon the financial crisis.
1551	待ち	まち	noun	waiting; waiting time	キャンセル待ちします。	Could you put my name on the waiting list?
1552	悲しい	かなしい	i-adjective	sad; miserable; unhappy	そのニュースを聞いたとき、とても悲しく感じた。	I felt very sad when I heard the news.
1553	段	だん	noun	step; stair; rung	私は一度に２段駆け上がった。	I ran upstairs two steps at a time.
1554	注文	ちゅうもん	noun	order (for an item)	じゃあ注文します。	OK, I'll order it.
1555	独自	どくじ	adjective	original; unique; distinctive	みんな独自の個性を持っている。	Everyone has a character of his own.
1556	生物	せいぶつ	noun	living thing; organism; creature	地上のすべての生物は互いに依存し合っている。	All living things on earth depend one another.
1557	発行	はっこう	noun	publication (of a newspaper, magazine, book, etc.); issue	新しい切手が来週発行される。	New stamps will be issued next month.
1558	監視	かんし	noun	monitoring; watching; observation	国連はその国の選挙を監視した。	The U.N. monitored the country's elections.
1559	目指す	めざす	verb	to aim at (for, to do, to become); to try for; to have an eye on	勝利をめざして闘った。	We fought hard for victory.
1560	確率	かくりつ	noun	probability; likelihood; chances	彼が回復する確率はあるにしても極めて少ない。	There is little if any hope for his recovery.
1561	神経	しんけい	noun	nerve	神経を抜いてもらいました。	I had the nerve removed from my tooth.
1562	職	しょく	noun	job; work; employment	彼が新しい職で成功するよう希望します。	I hope he will succeed in his new position.
1563	診断	しんだん	noun	diagnosis; medical examination	診断は医者に任せなければなりません。	You must leave diagnosis to your doctor.
1564	身長	しんちょう	noun	height (of a person); stature	うちの息子は去年身長が５インチ伸びた。	My son grew 5 inches last year.
1565	野菜	やさい	noun	vegetable	毎日新鮮な野菜サラダを食べてます。	We eat a fresh, green salad every day.
1566	防衛	ぼうえい	noun	defense; defence; protection	国内は防衛問題で沸騰した。	The country seethed over the issue of national defense.
1567	お母さん	おかあさん	noun	mother; mom; mum	お母さんによろしくお伝えください。	Please give my best regards to your mother.
1568	がる	がる	suffix	to show signs of being; to feel; to think	私が早く去るので彼らは残念がった。	My leaving early made them feel sorry.
1569	きっかけ	きっかけ	noun	chance; start; cue	松川先生との出会いをきっかけに、私の人生は変わった。	My life changed, sparked by meeting Mr Matsukawa.
1570	イタリア	イタリア	noun	Italy	どうしてもイタリアへ行きたい。	I do want to go to Italy.
1571	ケーキ	ケーキ	noun	cake	ケーキをまだ食べ終わっていない。	You haven't eaten the cake yet.
1572	コンビニ	コンビニ	noun	convenience store	省エネのためにコンビニの２４時間営業を廃止しろ！	Save energy by abolishing the convenience stores' 24-hour-a-day trading!
1573	スーツ	スーツ	noun	suit (clothing)	このスーツはまだまだ着られる。	There is plenty of wear left in this suit yet.
1574	ドア	ドア	noun	door	ドアはジムによって開けられます。	The door is opened by Jim.
1575	ワイン	ワイン	noun	wine	ワインはほとんど残っていない。	There is little wine left.
1576	上手	じょうず	na-adjective	skillful; skilled; proficient	もちろん、じょうずに車を運転できます。	Of course I can drive a car very well.
1577	乳	ちち	noun	milk	そのチーズは羊の乳から作られています。	That cheese is made from sheep's milk.
1578	共通	きょうつう	adjective	common; shared; mutual	彼らは共通の利害によって結ばれている。	They are bound together by common interests.
1579	別れ	わかれ	noun	parting (of people); separation; farewell	最愛の友人たちにも別れの時が来る。	The best of friends must part.
1580	動く	うごく	verb	to move; to stir; to shift	そのシステムは現在とてもうまく動いている。	The system is working very well now.
1581	台風	たいふう	noun	typhoon; hurricane	大きな台風が近づいている。	A big typhoon is approaching.
1582	否定	ひてい	noun	denial; negation; repudiation	その事実は否定できない。	The fact cannot be denied.
1583	回転	かいてん	noun	rotation; revolution; turn	月は地球の回りを回転している。	The moon revolves around the earth.
1584	塩	しお	noun	salt; common salt; table salt	塩を使い終わったら、まわしてください。	If you are done with the salt, please pass it to me.
1585	将軍	しょうぐん	noun	general	将軍は礼服を着てひときわ目立っていた。	The general cut a distinguished figure in his dress uniform.
1586	崩壊	ほうかい	noun	collapse; crumbling; breaking down	最も強大な帝国ですら崩壊する。	Even the mightiest of empires comes to an end.
1587	強制	きょうせい	noun	compulsion; coercion; forcing (to do)	我々は行動を強制されたり禁止されたりする。	We are constrained to and restrained from an action.
1588	当選	とうせん	noun	being elected	選挙運動は成功し、彼女は当選した。	The campaign succeeded and she won the election.
1589	感動	かんどう	noun	being deeply moved emotionally; excitement; passion	彼女の話を聞いて感動して泣いた。	I was moved to tears by her speech.
1590	憲法	けんぽう	noun	constitution	平等は憲法で守られている。	Equality is guaranteed by the Constitution.
1591	指示	しじ	noun	indication; denotation; designation	学生たちはこれらの指示を無視している。	The students have taken no notice of these instructions.
1592	教会	きょうかい	noun	church; congregation	母に対する義務だけで教会に行きます。	I only go to church out of duty to my mother.
1593	橋	はし	noun	bridge	空から見ればその橋はもっと美しく見える。	Seen from the sky, the bridge appears more beautiful.
1594	歯	は	noun	tooth; teeth	歯が痛くて眠れなかった。	A toothache deprived me of sleep.
1595	汗	あせ	noun	sweat; perspiration	このパジャマはよく汗を吸収します。	These pajamas absorb sweat well.
1596	涙	なみだ	noun	tear; tears; lachrymal secretion	彼女の深い悲しみは涙になって表れた。	Her grief expressed itself in tears.
1597	炎	ほのお	noun	flame; blaze	小さな火花はしばしば大きな炎を起こす。	A small spark often kindles a large flame.
1598	特殊	とくしゅ	na-adjective	special; particular; peculiar	特殊な才能を与えられた動物もいる。	Some animals are endowed with special gifts.
1599	現地	げんち	noun	actual place; actual location; the spot	現地時間で１０時だ。	The local time is 10:00.
1600	神戸	こうべ	noun	Kobe (city)	私は１９８０年以来、神戸にいます。	I have been in Kobe since 1980.
1601	職員	しょくいん	noun	staff member; employee; worker	その火事は職員が帰宅した後で起こった。	The fire broke out after the staff went home.
1602	術	じゅつ	noun	art; technique; skill	政府もなすすべがないようだ。	It sounds as if the government doesn't know what to do.
1603	装備	そうび	noun	equipment	私の車はＣＤプレーヤーを装備している。	My car is equipped with a CD player.
1604	負担	ふたん	noun	burden; load; responsibility	彼女の親切に感謝する一方負担にも感じる。	I appreciated her kindness, while I feel it burdensome.
1605	骨	ほね	noun	bone	コツが分かってきたよ。	I think I'm starting to get the hang of it.
1606	ご飯	ごはん	noun	cooked rice	ディック、ご飯ですよ。降りていらっしゃい。	Come down, Dick. It is time for dinner.
1607	そのもの	そのもの	expression	the very thing; itself	彼は、まさにそのものを探していた。	He was looking for this very thing.
1608	どうしても	どうしても	expression	by all means; at any cost; no matter what	どうしても彼女の電話番号が思い出せない。	I can't for the life of me remember her phone number.
1609	やばい	やばい	i-adjective	dangerous; risky	彼の計画はヤバイぞ。	I see a great danger in his plan.
1610	オフィス	オフィス	noun	office	このオフィスには有能な人がいっぱいいる。	The office is full of competent people.
1611	カット	カット	noun	cut; cutting	どのようにカットしますか。	How do you want your hair cut?
1612	カフェ	カフェ	noun	café; cafe; coffeehouse	カフェがありますか。	Is there a cafe?
1613	カー	カー	noun	car	彼らはＧＴカーが大好きだった。	They loved grand touring cars.
1614	クリスマス	クリスマス	noun	Christmas	クリスマス以来、ずいぶん太ってしまった。	I've put on a lot of weight since Christmas.
1615	グッズ	グッズ	noun	goods; merchandise; commercial items	ブースカ大好きの水田さんは、偶然入った店でめざとくブースカグッズを見つけて早速買うことにした。	Ms. Mizuta likes that "Buska" character so much that last time she happened by a store that had Buska goods, she homed in on them and bought one on the spot.
1616	パターン	パターン	noun	pattern	世界貿易の変動パターンが次の表で明らかにされている。	The shifting pattern of world trade is made clear in the following table.
1617	一生	いっしょう	noun	whole life; a lifetime; all through life	この失敗、きっと一生、言われつづけるなあ。	We'll never live this fiasco down.
1618	上司	じょうし	noun	(one's) superior; (one's) boss; the higher-ups	彼は上司についていつも不満を言っている。	He is always complaining about his boss.
1619	今夜	こんや	noun	this evening; tonight	今夜電話します。	I'll ring you up tonight.
1620	体重	たいじゅう	noun	(body) weight	彼女の体重は増えて５０キロになった。	Her weight increased to 50 kilograms.
1621	共同	きょうどう	noun	cooperation; collaboration; association	私は彼らと共同してそれを研究している。	I am studying it in cooperation with them.
1622	去年	きょねん	noun	last year	彼らの結婚生活は去年破たんした。	Their marriage broke up last year.
1623	命令	めいれい	noun	order; command; decree	前進命令を待っていた。	They were waiting for the go-ahead.
1624	奴隷	どれい	noun	slave; servant	奴隷たちは、まるで蟻のように働いていた。	The slaves were working like so many ants.
1625	床	とこ	noun	bed; bedding	床はとてもきれいでなければならない。	The floor must be very clean.
1626	当日	とうじつ	noun	day in question; appointed day; that very day	当日券はありますか。	Do you have today's tickets?
1627	怒り	いかり	noun	anger; rage; fury	彼女の怒りは彼の愚かな行動によって引き起こされた。	Her anger was aroused by his silly actions.
1628	戦略	せんりゃく	noun	strategy; tactics	我々の外交と戦略はあきらかに矛盾していた。	Our diplomacy and strategy ran in clear contradiction to each other.
1629	案	あん	noun	idea; plan; proposal	きみの案にはそうやすやすと賛成できない。	I'm not going to agree to your proposal so readily.
1630	理想	りそう	noun	ideal; ideals	理想は言葉によって表現される。	Thoughts are expressed by means of words.
1631	甘い	あまい	i-adjective	sweet-tasting; sweet; sugary	彼にはどうしても勝てない。まだまだ甘いな。	I just can't seem to outdo him. I've got a lot to learn.
1632	空港	くうこう	noun	airport	まもなく新東京国際空港に着陸します。	In a few minutes we'll be landing at New Tokyo International Airport.
1633	袋	ふくろ	noun	bag; sack; pouch	その袋は大きかった。おまけに重かった。	The bag was big, and moreover, it was heavy.
1634	見た目	みため	noun	appearance; look	その花は見た目にとても美しかった。	The flowers were very beautiful to look at.
1635	豚	ぶた	noun	pig (Sus scrofa domesticus)	豚は太ってきている。	The pig is growing fat.
1636	違反	いはん	noun	violation; offense; offence	それはルール違反です。	It's against the rules.
1637	都合	つごう	noun	circumstances; condition; convenience	何とか都合して来てください。	Will you make every effort to come?
1638	鍵	かぎ	noun	key	部屋に鍵をわすれてしまって入れません。	I've locked myself out of the room.
1639	関東	かんとう	noun	Kantō (region comprising Tokyo and surrounding prefectures)	台風が関東地方に上陸した。	The typhoon struck the Kanto district.
1640	食品	しょくひん	noun	food; food products; foodstuffs	私は食品についてどんな情報でも収集します。	I collect every bit of information about food.
1641	それとも	それとも	conjunction	or; or else	それとも、眠ってしまうようなものかな。	Or would it be like falling asleep?
1642	インド	インド	noun	India	日本にはほとんどインド人は住んでいない。	Few Indians live in Japan.
1643	ダウンロード	ダウンロード	noun	download	このチュートリアルではサンプルマンガを使用して、ダウンロードを含めてマンガを見る手順に慣れていただきます。	With this tutorial you will use the sample manga to become accustomed to the procedures for seeing the manga including download.
1644	モンスター	モンスター	noun	monster; monstrosity	パックマンが、ある条件を満たすと追ってくるモンスターを逆襲して食べることができる。	Pac-Man, when a certain condition is reached, can counter attack and eat the monsters chasing him.
1645	人数	にんずう	noun	the number of people	人数を数えてます。	I'm counting the number of people.
1646	匂い	におい	noun	smell; scent; odour	その匂いを説明する事は出来ない。	There is no accounting for tastes.
1647	協会	きょうかい	noun	association; society; organization	ＳＴＥＰという文字は日本英語検定協会を表している。	The letters STEP stand for the Society for Testing English Proficiency.
1648	単純	たんじゅん	na-adjective	simple; plain; uncomplicated	この問題は単純すぎる。	This problem is too simple.
1649	困難	こんなん	noun	difficulty; hardship; trouble	困難に対してあくまでも抵抗した。	He breasted it out against difficulties.
1650	垢	あか	noun	dirt; filth; grime	あの子はあかだらけだ。	The child is dirty.
1651	性能	せいのう	noun	ability; performance; efficiency	電気自動車の性能はよくなっている。	The performance of electric cars has improved.
1652	拒否	きょひ	noun	refusal; rejection; denial	その計画に同意することを拒否します。	I refuse to consent to that plan.
1653	新潟	にいがた	noun	Niigata (city, prefecture)	新潟は雪が多い。	They have much snow in Niigata.
1654	札幌	さっぽろ	noun	Sapporo (city in Hokkaido)	札幌に出張に行って、足が出てしまった。	I went to Sapporo on business and went over budget.
1655	独立	どくりつ	noun	independence; self-reliance; supporting oneself	エリザベスは両親から独立している。	Elizabeth is independent of her parents.
1656	理論	りろん	noun	theory	彼の理論は妥当なものとして広く認められている。	His theory is widely accepted as valid.
1657	真実	しんじつ	noun	truth; reality	その一見真実らしいことは実は嘘だった。	The apparent truth was really a lie.
1658	素材	そざい	noun	ingredient; (raw) material; resource	素材は何ですか？	What kind of stone is this?
1659	見かけ	みかけ	noun	outward appearance	人は必ずしも見かけ通りではない。	A man is not always what he seems.
1660	解放	かいほう	noun	release; unleashing; liberation	犯人は人質を解放しなかった。	The criminal didn't let the hostages go.
1661	許し	ゆるし	noun	pardon; forgiveness; exemption	遅れたことをお許しください。	Please pardon me for coming late.
1662	赤ちゃん	あかちゃん	noun	baby; infant	その赤ちゃんはまだ歩けません。	The baby doesn't walk yet.
1663	輪	わ	noun	ring; circle; loop	大きな輪を描こうよ。	Let's make a big circle.
1664	適当	てきとう	na-adjective	suitable; proper; appropriate	適当に入って勝手にやって。	Come on in and make yourself at home.
1665	金融	きんゆう	noun	finance; financing; credit transacting	製造部門は新しい金融政策に動揺しています。	The manufacturing sector is a frenzy over the new monetary policy.
1666	鏡	かがみ	noun	mirror; looking-glass	鏡を割らないでください。	Don't break a mirror.
1667	関心	かんしん	noun	concern; interest	相手に対する本物の関心を示す必要がある。	You need to show a genuine interest in the other person.
1668	サイド	サイド	noun	side	若い男の車がフェンスに接していたので、ベイカーさんは女子学生がすわっている、別のサイドに車を寄せた。	As the young man's car was close to the fence, Miss Baker had to drive up beside it on the other side, where the girl was sitting.
1669	トン	トン	noun	ton (esp. a metric ton, i.e. 1000 kg); tonne	全生産高はＸトンであった。	The overall output was tons.
1670	上位	じょうい	noun	superior (in rank); top; ranking	上位２社で市場の５０％を上回るシェアを占めている。	Between them, the two largest companies account for a share of more than 50% of the market.
1671	不可能	ふかのう	na-adjective	impossible	彼の計画は実行不可能のように思われる。	His plan sounds impracticable.
1672	九	きゅう	number	nine; 9	九〇年代にはいろんな事件が起こった。	The 1990's saw various incidents.
1673	予算	よさん	noun	estimate (of costs); budget	予算を検討し、コストを削減することにした。	I reviewed the budget, and decided to cut costs.
1674	会長	かいちょう	noun	president (of a society); chairman	ゲイツ会長、広告収入をユーザーに還元する意向表明。	Bill Gates announces intent to return advertising revenue to the users.
1675	作家	さっか	noun	author; writer; novelist	この小説は米国の作家によって書かれた。	This novel was written by an American writer.
1676	保証	ほしょう	noun	guarantee; security; assurance	そのショーの成功は保証します。	I guarantee the success of the show.
1677	備え	そなえ	noun	preparation; provision; arrangements	備えあれば患いなし。	Lay up for a rainy day.
1678	兵	へい	noun	(common) soldier; rank and file	その命令に嫌々従う兵もいた。	Some soldiers were reluctant to obey the commands.
1679	列	れつ	noun	row; line; file	この列の私の場所を取っておいてください。	Please keep my place in this line.
1680	匹	ひき	counter	counter for small animals	羊が２匹狼に殺されました。	Two sheep were killed by a wolf.
1681	取材	しゅざい	noun	gathering material (for an article, novel, etc.); collecting information; covering (an event, incident, etc.)	そのジャーナリストは自分の取材した事実を勝手に変えた。	The journalist took liberties with the facts he had gathered.
1682	困る	こまる	verb	to be troubled; to have difficulty; to be in a fix	困ったことがあったら、電話してください。	In case of trouble, please call me.
1683	学習	がくしゅう	noun	learning; study	日本語学習のむずかしい部分は何ですか。	What is the hard part of learning Japanese?
1684	完璧	かんぺき	na-adjective	perfect; complete; flawless	完璧な平和を。 永遠なる平和を祈ろう。	Let us pray for a perfect, an eternal, peace.
1685	容疑	ようぎ	noun	suspicion; charge	法廷は彼のその殺人容疑について無罪とした。	The court acquitted him of the charge of murder.
1686	役割	やくわり	noun	part; assigning (allotment of) parts; role	私の役割は何ですか。	Where do I come in?
1687	後悔	こうかい	noun	regret; repentance; remorse	もっと勉強しなかったことを後悔している。	I regret that I did not work harder.
1688	挨拶	あいさつ	noun	greeting; greetings; salutation	ちょうど近所まで行ったので挨拶してきた。	As I happened to be in the neighborhood, I went and paid him compliments.
1689	正義	せいぎ	noun	justice; right; righteousness	正義が行動によって表される。	Justice is expressed through actions.
1690	決して	けっして	adverb	(not) ever; (not) by any means; (not) in the least	彼の部屋は決してきちんとしていない。	His room is anything but neat.
1691	災害	さいがい	noun	calamity; disaster; misfortune	台風は毎年災害を引き起こしている。	Typhoons bring about damage every year.
1692	真面目	まじめ	na-adjective	serious; earnest; sober	まじめに取らないで下さい。	Don't take it seriously.
1693	肩	かた	noun	shoulder	彼女の髪は肩まで届いていた。	Her hair came down to her shoulders.
1694	衝撃	しょうげき	noun	impact; shock; impulse	彼女の死は私にとって大きな衝撃だった。	Her death was a great shock to me.
1695	課題	かだい	noun	subject; theme; issue	その課題に関しては、あとで議論しよう。	We will discuss that later.
1696	避難	ひなん	noun	taking refuge; finding shelter; evacuation	兵士は穴の中に避難した。	The soldier took shelter in the foxhole.
1697	野郎	やろう	noun	guy; fellow; chap	あの野郎は、いただきだ。	I am going to get that sucker.
1698	革命	かくめい	noun	revolution	彼の発見は輸送における革命をもたらした。	His discovery gave rise to a revolution in transport.
1699	あらゆる	あらゆる	adjective	all; every	彼はあらゆる科学について知っている。	He's at home in all the sciences.
1700	おそらく	おそらく	adverb	probably; (most) likely; in all likelihood	その計画は結局おそらく失敗するだろう。	That plan will probably fail in the long run.
1701	コピー	コピー	noun	copy; photocopy	もしも無料でしたら１部コピーしてください。	If it is free, please send me a copy.
1702	コーナー	コーナー	noun	corner; bend; turn	彼は第３コーナーを回ったところでレースを諦めた。	He threw away the race after rounding the third turn.
1703	サイン	サイン	noun	autograph; signature	この書類にサインして下さい。	Put your name on this document.
1704	プレイヤー	プレイヤー	noun	player	ホンミョンボはすばらしいプレイヤーです。	Hong Myong Bo is a great player.
1705	ロンドン	ロンドン	noun	London (UK)	私はそのとき、たまたまロンドンにいなかった。	It happened that I was not in London at that time.
1706	勤務	きんむ	noun	service; duty; work	勤務中は一生懸命働かねばならない。	You must work very hard on duty.
1707	医	い	noun	medicine; the healing art; healing	金髪女性が精神科医と会話をしている。	A blonde is speaking to her psychiatrist.
1708	同意	どうい	noun	agreement; consent; approval	その件に関してあなたに同意しません。	I don't agree with you on the matter.
1709	向こう	むこう	noun	opposite side; other side	その家は２マイル向こうにある。	The house is two miles off.
1710	地区	ちく	noun	district; area; zone	この地区は最近家がかなり建て込んできた。	This area has been considerably built up of late.
1711	天才	てんさい	noun	genius; prodigy; natural gift	彼は天才と言っても過言ではない。	It is not too much to say that he is a genius.
1712	天気	てんき	noun	weather	彼らは天気についておしゃべりした。	They chatted about the weather.
1713	奴ら	やつら	pronoun	they; those guys	奴等に殺されてしまいます。	They'll kill me.
1714	寒い	さむい	i-adjective	cold (e.g. weather)	とても寒かったので外出しませんでした。	I didn't go out because it was very cold.
1715	影	かげ	noun	shadow; silhouette; figure	影に驚いてしまいました。	I was taken aback at the shadow.
1716	彼氏	かれし	noun	boyfriend	彼氏が留置所に入って10日経ちました。	It's been 10 days since my boyfriend went to jail.
1717	恐怖	きょうふ	noun	fear; dread; dismay	彼女の恐怖は次第に収まった。	Her fears gradually quietened down.
1718	整備	せいび	noun	maintenance; servicing	車はいつも整備しておきなさい。	You should always keep your car in good order.
1719	暇	ひま	noun	spare time; free time; leisure	最も忙しい人こそもっとも暇が多い。	The busiest people have the most leisure.
1720	有効	ゆうこう	na-adjective	valid; effective	このパスポートは５年間有効です。	This passport is valid for five years.
1721	標準	ひょうじゅん	noun	standard; criterion; norm	彼らの作品を同じ標準では判断できない。	You can't judge their works by the same standards.
1722	決める	きめる	verb	to decide; to choose; to determine	ちょっと待ってください、まだ決めてない。	Just a moment. I haven't made up my mind.
1723	流し	ながし	noun	sink (e.g. in a kitchen)	彼は流しのタクシーを止めた。	He hailed a cruising taxi.
1724	白い	しろい	i-adjective	white	彼女の髪は白くなってきた。	Her hair is turning gray.
1725	育成	いくせい	noun	rearing; training; nurture	したがって、世界平和のためには、私達全てが地球という惑星の住人なのだ、という意識を絶え間ない国際的文化及び経済交流によって育成していかなければならない。	For world peace, therefore, we must develop the consciousness that we are all one people of planet Earth through continual international cultural and economic exchange.
1726	芸術	げいじゅつ	noun	art; the arts	彼は、芸術に対する鑑賞力がある。	He has an eye for art.
1727	解散	かいさん	noun	breaking up (a meeting, gathering, etc.); dispersal (e.g. of a crowd)	あの人気グループが解散するそうだ。	I hear that popular group will be disbanded.
1728	車両	しゃりょう	noun	(wheeled) vehicle; car; (railroad) car	どの車両がすいていますか。	Which car is less crowded?
1729	頼む	たのむ	verb	to request; to beg; to ask	有り難う、どうぞ頼みます。	Thank you. Please do.
1730	驚き	おどろき	noun	surprise; astonishment; wonder	驚きの余り話す力がなくなってしまった。	I was too astonished to speak.
1731	高校生	こうこうせい	noun	senior high school student	この辞書は高校生向きに作られている。	This dictionary is adapted for high school students.
1732	アホ	アホ	noun	fool; idiot; simpleton	マルチするなアホ。	Don't multi-post, idiot.
1733	スペシャル	スペシャル	na-adjective	special	今日は私達の記念日なので、夕御飯もスペシャルでいこう。	Today is our anniversary so let's make this a special dinner.
1734	スペース	スペース	noun	space; room	その新しい機械を置いたら、スペースが随分なくなるだろう。	The new machine will take a lot of room.
1735	ダメージ	ダメージ	noun	damage	敵に１２０ダメージを与えた！	You hit for 120 points!
1736	ポスト	ポスト	noun	postbox; mailbox; mail box	ポスト争いは厳しい。	Competition for the position is very intense.
1737	マシン	マシン	noun	machine	再び薬局へ出向き、混合物をマシーンに入れ、１０ドルを支払う。	He went back to the drug store, located the machine, poured in the sample and deposited the $10.00.
1738	一時	いちじ	noun	one o'clock	素敵な楽しいひと時でした。	We had a glorious time.
1739	一瞬	いっしゅん	noun	instant; moment; for an instant	一瞬魔が差して盗んでしまった。	I must have stolen it when I lost control of myself momentarily.
1740	世の中	よのなか	expression	society; the world; the times	世の中なんて、そんなものだ。	This is the big tough world.
1741	世界中	せかいじゅう	adjective	around the world; throughout the world	世界中から集められた石が使われています。	Stones collected from all over the world are used.
1742	両親	りょうしん	noun	parents; both parents	両親には従わねばなりません。	You are to obey your parents.
1743	今週	こんしゅう	noun	this week	彼は今週ずっと忙しくしています。	He has been busy this week.
1744	働き	はたらき	noun	work; labor; labour	能力に応じて働き、必要に応じて受け取る。	From each according to their ability, to each according to their needs.
1745	加工	かこう	noun	manufacturing; processing; treatment	牛乳は加工されてバターやチーズになる。	Milk is made into butter and cheese.
1746	史	し	noun	history	スーザンはアメリカ史を専攻しています。	Susan is majoring in American history.
1747	売り	うり	noun	sale; selling	彼女は美貌を売りにしています。	She uses her looks.
1748	妊娠	にんしん	noun	pregnancy; conception; gestation	妊娠しています。	I'm expecting.
1749	審査	しんさ	noun	judging; inspection; examination	「じゃあ、チェックしちゃいますね」「審査宜しく。頑張ったつもりだぜ」	Right, I'll check your work, OK? "Please go ahead and inspect. I think I gave it a good go."
1750	戦う	たたかう	verb	to make war (on); to wage war (against); to go to war (with)	その２チームは激しく戦った。	The two teams fought very hard.
1751	招待	しょうたい	noun	invitation	招待してくれてありがとう。	Thank you so much for inviting me.
1752	教室	きょうしつ	noun	classroom; lecture room	教室には生徒はほとんど残っていなかった。	There were few students left in the classroom.
1753	植物	しょくぶつ	noun	plant; vegetation	この奇妙な植物についてはほとんど知られていない。	Little is known of this curious plant.
1754	殺す	ころす	verb	to kill; to slay; to murder	奴等に殺されてしまいます。	They'll kill me.
1755	殺害	さつがい	noun	killing; murder	警察は少女を殺害した男を逮捕した。	The police arrested the man who had murdered the girl.
1756	毎回	まいかい	noun	every time; each round	私は、君が毎回遅れてくることが嫌いだ。	I don't like your coming late every time.
1757	波	なみ	noun	wave; billow; ripple	波が立ち始めた。	The waves are rising.
1758	特典	とくてん	noun	privilege; special favor; special favour	彼は外国で２年間研究する特典を得た。	He had the privilege of studying abroad for two years.
1759	看護	かんご	noun	nursing; (army) nurse	母親が、彼の看護にあたってる。	His mother is in attendance on him.
1760	義務	ぎむ	noun	duty; obligation; responsibility	とにかく義務だけ果たした。	At any rate, I did my duty.
1761	職業	しょくぎょう	noun	occupation; profession; job	彼の職業上のキャリアは破綻していた。	His professional career was bankrupt.
1762	複雑	ふくざつ	na-adjective	complex; complicated; intricate	事態はさらに複雑な問題に発展した。	The situation has evolved into a more complex problem.
1763	赤い	あかい	i-adjective	red; crimson; scarlet	彼女は青くなったり赤くなったりした。	She became pale and flushed by turns.
1764	起きる	おきる	verb	to get up; to rise; to blaze up (fire)	私は早くおきたくありませんでした。	I didn't want to get up early.
1765	通	つう	noun	authority; expert; connoisseur	彼はてがみを何通もかいていた。	He was employed writing letter.
1766	運命	うんめい	noun	fate; destiny; lot	彼らは決してあえない運命だった。	They were destined never to meet.
1767	食べ物	たべもの	noun	food	食べ物はすべてなくなってしまった。	All the food was gone.
1768	グリーン	グリーン	noun	green (colour)	君にはグリーンが似合う。	Green suits you.
1769	ショップ	ショップ	noun	shop	こちらはワンダーミュージックショップです。	This is Wonder Music Shop.
1770	タグ	タグ	noun	tag; label	htmlは、基本的ルールとして開始タグと終了タグでマークアップして要素とすると説明しました。	We have explained that HTML is, as a basic rule, elements marked up with open and close tags.
1771	トラブル	トラブル	noun	trouble; difficulty; problem	私は彼らのトラブルには関係ない。	I am not concerned with their trouble.
1772	パリ	パリ	noun	Paris (France)	パリに行きたくてたまりません。	I'm dying to see Paris.
1773	上昇	じょうしょう	noun	rising; ascending; climbing	円はドルに対して１０％上昇した。	The yen appreciated 10 percent against the dollar.
1774	不満	ふまん	noun	dissatisfaction; discontent; displeasure	彼は上司についていつも不満を言っている。	He is always complaining about his boss.
1775	仲	なか	noun	relation; relationship	だれも彼らの仲を引き裂けない。	No one can separate them.
1776	入手	にゅうしゅ	noun	acquisition; obtaining; procurement	警察は入手した情報にもとづいて動いている。	The police are acting on information received.
1777	列車	れっしゃ	noun	train; railway train	列車は１０分遅れて到着した。	The train arrived ten minutes behind schedule.
1778	勝負	しょうぶ	noun	victory or defeat	勝負は問題ではない。	It doesn't matter whether you win or not.
1779	向かう	むかう	verb	to face	彼は来週ニューヨークへ向かって出発する。	He leaves for New York next week.
1780	周囲	しゅうい	noun	surroundings; environs	この木は周囲３メートルある。	This tree measures three meters around.
1781	国会	こっかい	noun	National Diet; legislative assembly of Japan (1947-)	国会は近く解散するだろう。	The Diet will soon be dissolved.
1782	基礎	きそ	noun	foundation; basis	この理論は科学的な基礎の上に立っていた。	This theory was founded on a scientific basis.
1783	増える	ふえる	verb	to increase; to multiply	彼女の体重は増えて５０キロになった。	Her weight increased to 50 kilograms.
1784	売る	うる	verb	to sell	このいすはいくら出せば売ってくれますか。	What will you take for this chair?
1785	姿勢	しせい	noun	posture; pose; position	彼は楽な姿勢で横になった。	He lay down in a comfortable position.
1786	宣言	せんげん	noun	declaration; proclamation; announcement	その植民地はまだ独立を宣言していない。	The colony has not declared independence as yet.
1787	形式	けいしき	noun	form (as opposed to substance)	Gif画像ファイル形式しか読み込めません。	I can only import GIF files.
1788	忙しい	いそがしい	i-adjective	busy; occupied; hectic	母はいつも忙しく動きまわっている。	My mother is always on the go.
1789	思想	しそう	noun	thought; idea; ideology	彼の思想は彼の体験に基づいている。	His ideas are based on his experience.
1790	描く	えがく	verb	to draw; to paint; to sketch	これらの絵は、彼によって描かれた。	These pictures were painted by him.
1791	改正	かいせい	noun	revision; amendment; alteration	法律が改正された。	The law was changed.
1792	数字	すうじ	noun	numeral; digit; numeric character	これらの数字が合っているか調べて下さい。	Will you please check these figures?
1793	整理	せいり	noun	sorting; arrangement; organization	いつも仕事場をきちんと整理しておきなさい。	Always keep your office tidy.
1794	方針	ほうしん	noun	policy; course; plan (of action)	彼の議論はわれわれの方針と矛盾している。	His argument is inconsistent with our policy.
1795	時計	とけい	noun	clock; watch; timepiece	彼女の時計は１０分遅れている。	Her watch is ten minutes slow.
1796	機器	きき	noun	device; equipment; machinery	最近、我が社の機器を最新のものにした。	Recently we have brought our office equipment up to date.
1797	現状	げんじょう	noun	present condition; existing state; status quo	彼は彼の現状に満足している。	He is content with his present state.
1798	発射	はっしゃ	noun	firing (esp. a rocket or missile); launching; shooting	彼らはロケットを発射した。	They launched a rocket.
1799	発電	はつでん	noun	generation of electricity; power generation	太陽熱は日本では発電より太陽熱温水器として利用されています。	In Japan solar heat is used more for solar water heaters than for electricity generation.
1800	組み合わせ	くみあわせ	noun	combination; assortment; set	はい、今度はこれね！これとこれの組み合わせなんて超いけてるかも！	OK, this next! The combination of this and this might be way sexy!
1801	緊張	きんちょう	noun	tension; strain; nervousness	いつも緊張しています。	I'm always under pressure.
1802	若者	わかもの	noun	young person; youngster; young people	彼は成長してりっぱな若者になった。	He grew up to be a fine youth.
1803	荷物	にもつ	noun	luggage; baggage; package	大きな荷物を持っているので歩いて帰れない。	I have a lot of baggage, so I can't walk home.
1804	著作	ちょさく	noun	writing (a book); book; (literary) work	彼はこの著作に大変骨を折った。	He has taken much pains in this work.
1805	行政	ぎょうせい	noun	executive; government	府県はフランスや日本の行政区域である。	Prefectures are governmental divisions of France and Japan.
1806	衣装	いしょう	noun	clothing; costume; outfit	なんてすてきな衣装だ。	What a darling outfit!
1807	計	けい	noun	plan	一年の計は元旦にあり。	New Year's Day is the key to the year.
1808	買い物	かいもの	noun	shopping; purchased goods	帰りに買い物してきてくれる？	Would you mind picking up something on the way back?
1809	起こる	おこる	verb	to occur; to happen	我々は皆、起こったことについて深く考えた。	We all pondered over what had taken place.
1810	進む	すすむ	verb	to advance; to go forward	アメリカは宇宙技術において進んでいる。	America is ahead in space technology.
1811	進行	しんこう	noun	moving forward (e.g. of a vehicle); onward movement	その計画はゆっくりと進行している。	That project is proceeding slowly.
1812	遅い	おそい	i-adjective	slow	どんなに遅くなっても起こしてください。	However late you may be, be sure to wake me.
1813	限界	げんかい	noun	limit; bound	彼らの我慢も限界だった。	Their patience was about to give out.
1814	静岡	しずおか	noun	Shizuoka (city, prefecture)	静岡に来てから１０年になります。	It is ten years since I came to live in Shizuoka.
1815	飯	めし	noun	cooked rice	一週間メシ抜きだったよ。	I went without food for a week.
1816	駐車	ちゅうしゃ	noun	parking (a vehicle)	通りのどちら側にも駐車できます。	You can park on either side of the street.
1817	お客様	おきゃくさま	noun	guest; visitor	ただいま！あら？お客様、見えてるの？	I'm back! Oh? Have we got a guest?
1818	お気に入り	おきにいり	noun	favorite; favourite; pet (e.g. teacher's pet)	それが私のお気に入りの歌だ。	It's my favorite song.
1819	どうせ	どうせ	adverb	in any case; regardless; either way	どうせ英語をやるのなら徹底的にやれ。	If you learn English at all, learn it thoroughly.
1820	もはや	もはや	adverb	already; now	そのことはもはや容赦できない。	I can't put up with it any longer.
1821	コスト	コスト	noun	cost	そのプロジェクトの資金コストはとても高かった。	The cost of financing of the project was very high.
1822	ショック	ショック	noun	shock (emotional)	それはたいへんなショックでした。	It was such a shock.
1823	タバコ	タバコ	noun	tobacco; cigarette; cigar	タバコはなかなかやめられない。	It's hard to shake the smoking habit.
1824	ダウン	ダウン	noun	fall; decrease; drop	サーバーがダウンしていました。	The server was down.
1825	ネットワーク	ネットワーク	noun	network	ネットワークの発達で、かつてないほど大量の文が世界中を駆け巡っています。	With the development of networks a huge and unprecedented volume of messages flies around the world.
1826	パパ	パパ	noun	dad; daddy; papa	パパ、肩車して。	Give me a ride on your shoulders, Daddy.
1827	ホール	ホール	noun	hole	このホールには５０００人収容できる。	This hall can hold 5,000 people.
1828	ボックス	ボックス	noun	box; container; bin	あの町かどに公衆電話ボックスがある。	There is a telephone booth at the corner of the street.
1829	ヨーロッパ	ヨーロッパ	noun	Europe	ヨーロッパをあちらこちら旅行した。	I traveled about Europe.
1830	リング	リング	noun	ring	彼女は耳にリングをつけている。	She wears rings on her ears.
1831	一応	いちおう	noun	more or less; though not quite satisfactorily; after a fashion	ええ、先方から一応返事はありました。	Yeah, there was some sort of reply from them.
1832	信号	しんごう	noun	signal; signalling; signaling	我々は信号に注意しなければならない。	We must pay attention to traffic signals.
1833	傷	きず	noun	wound; injury; cut	傷はまだ治っていなかった。	The wound has not yet healed.
1834	入力	にゅうりょく	noun	input; (data) entry; typing	そのデータはコンピューターに入力された。	The data has been fed into the computer.
1835	共有	きょうゆう	noun	joint ownership; co-ownership; sharing (e.g. a viewpoint)	そのフォルダ、共有にしておいて。	Make that a shared folder.
1836	初心者	しょしんしゃ	noun	beginner	初心者なりによくやった。	He did well for a beginner.
1837	効率	こうりつ	noun	efficiency	このコンピューターは強力で効率がよく使いやすい。	This computer is powerful, efficient, and easy to use.
1838	名誉	めいよ	noun	honor; honour; credit	むしろ名誉ある死を選びたい。	I would prefer an honorable death.
1839	向上	こうじょう	noun	elevation; rise; improvement	我々は常にサービスの向上を目指している。	We are always aiming at improving the quality of service.
1840	喜び	よろこび	noun	joy; delight; rapture	彼の成功は私にとって大きな喜びでした。	His success was a great satisfaction to me.
1841	差別	さべつ	noun	distinction; differentiation; discrimination	大衆は差別問題に関して全く無知である。	The masses are entirely ignorant of the segregation problem.
1842	徒歩	とほ	noun	walking; going on foot	たいていの学生は徒歩で通学する。	Most students come to school on foot.
1843	手紙	てがみ	noun	letter; note	必ずこの手紙を渡して下さい。	Be sure to mail this letter.
1844	文章	ぶんしょう	noun	writing; composition; essay	彼女のは、まだ文章になっていない。	She can't build sentences yet.
1845	日々	ひび	adjective	daily; everyday	古きよき日々は去って、二度と戻らない。	The good old days have gone, never to return.
1846	明確	めいかく	na-adjective	clear; precise; definite	できるだけ明確に話したほうがいい。	You had better talk as clearly as you can.
1847	昼	ひる	noun	noon; midday	彼らは昼夜一生懸命働いた。	They worked hard day and night.
1848	本部	ほんぶ	noun	headquarters; head office; main office	割当て金は僅かなものだ。体育館を建てるにも足らないだろう。ましてや、本部を建てるのに、足りるわけがない。	The appropriation is pin-money; it wouldn't be enough even to build a gym, much less build the administration building.
1849	水着	みずぎ	noun	bathing suit; swimsuit; swimmers	あの水着は、とっても似合いますよ。	That swimsuit looks really good on you.
1850	永遠	えいえん	noun	eternity; perpetuity; permanence	完璧な平和を。 永遠なる平和を祈ろう。	Let us pray for a perfect, an eternal, peace.
1851	現象	げんしょう	noun	phenomenon	同一現象が観察された。	The same phenomenon has been observed.
1852	示す	しめす	verb	to (take out and) show; to demonstrate; to tell	興味を示してくださってありがとう。	Thank you for your interest.
1853	神社	じんじゃ	noun	Shinto shrine	その古い神社は以前はそこにありました。	The old shrine used to stand there.
1854	結婚式	けっこんしき	noun	marriage ceremony; wedding; nuptials	彼らの結婚式は明日行われます。	Their wedding will be tomorrow.
1855	英	えい	noun	United Kingdom; Britain	この本は我々英学生にとっては正に座右の書である。	This book is a must for every student studying English.
1856	血液	けつえき	noun	blood	血液のしみはたいてい落ちない。	Blood stains don't usually disappear.
1857	覚悟	かくご	noun	readiness; (mental) preparedness	最悪の事態に対して覚悟しなければならない。	You must prepare for the worst.
1858	詳しい	くわしい	i-adjective	detailed; full; minute	彼は詳しいことはそれ以上言わなかった。	He gave no further detail.
1859	語る	かたる	verb	to talk about; to speak of; to tell	政治については語りたくない。	I'd rather not say anything about politics.
1860	辺	へん	noun	area; vicinity; region	このへんはとてもさびしい。	This neighborhood is very lonely.
1861	送る	おくる	verb	to send; to dispatch; to forward	わざわざ家まで送っていただいてありがとう。	Thank you very much for driving me all the way to my house.
1862	鉄	てつ	noun	iron (Fe)	金門橋は鉄でできている。	The Golden Gate Bridge is made of iron.
1863	音声	おんせい	noun	voice; speech	テレビの音声を低くしてもいい？	Do you mind if I turn down the TV?
1864	いわゆる	いわゆる	adjective	what is called; what you call; what they call	彼の研究はいわゆる事実に基づいている。	His study is based on what is called fact.
1865	がん	がん	noun	cancer	発見が間に合えば、ガンは治療できる。	Cancer can be cured if discovered in time.
1866	アート	アート	noun	art	アートと家で静かに夜を過ごすのが大好き。	I love art and quiet evenings at home.
1867	コントロール	コントロール	noun	control	誰も私達をコントロールできない。	Nobody can control us.
1868	ジャンプ	ジャンプ	noun	jump	彼はジャンプして溝を越えた。	He jumped over a ditch.
1869	スピード	スピード	noun	speed	ジャックはスピードを出して運転しない。	Jack doesn't drive fast.
1870	ピン	ピン	noun	pin (e.g. hairpin, safety pin)	写真はピンでとめられていた。	The picture was held on by a pin.
1871	ピンク	ピンク	noun	pink	彼のピンクのタキシードには、みんな笑った。	We all laughed at his pink tuxedo.
1872	プラス	プラス	noun	plus; addition	こうしたら君のプラスになる。	If you do that, it will help you.
1873	上記	じょうき	noun	above-mentioned; above-named; above	失礼だが、上記の記事にある３つの誤りを指摘しておきたい。	Excuse me; allow me to point out three errors in the above article.
1874	事務	じむ	noun	office work; clerical work; administration	彼は事務に従事している。	He is engaged in business.
1875	人形	にんぎょう	noun	doll; puppet; marionette	なんてかわいい人形だろう。	What a lovely doll!
1876	修理	しゅうり	noun	repair; mending; fixing	修理所に行って修理してもらってください。	Take it to a mechanic, and get it fixed.
1877	児童	じどう	noun	children; juvenile	児童はみんなその新しい先生が好きになった。	Every child took to the new teacher.
1878	公共	こうきょう	adjective	public (facilities, service, etc.); communal	公共の交通輸送機関は正確に動いています。	The public transportation system runs like clockwork.
1879	原	はら	noun	field; plain; prairie	私達がよく野球をして遊んだ原は今すっかり家が建て込んでしまった。	The field where we used to play ball is now all built up.
1880	可	か	noun	acceptable; satisfactory; allowed	学生に限り入場可。	Admission to students only.
1881	喧嘩	けんか	noun	quarrel; brawl; fight	彼らはずっと喧嘩していた。	They fell out with each other over trifles.
1882	坂	さか	noun	slope; incline; hill	昔はその坂はとてもさびしかった。	In old times the slope was very lonely.
1883	学者	がくしゃ	noun	scholar; academic; scientist	彼はいつも偉大な学者として通っている。	He always passes for a great scholar.
1884	引退	いんたい	noun	retirement	彼女は引退するつもりでいることを発表した。	She announced her intention to retire.
1885	当たる	あたる	verb	to be hit; to strike	昨日食べたものがあたった。	Something I ate yesterday disagreed with me.
1886	成立	せいりつ	noun	formation; establishment; materialization	新しい法が成立した。	A new law has come into existence.
1887	推進	すいしん	noun	propulsion; drive	法案通過を推進しているロビイストは、運動資金に賄賂の金をまぎれこませました。	Lobbyists for the bill funneled bribes into a campaign fund.
1888	放置	ほうち	noun	leaving as is; leaving alone; leaving unattended	少女たちは縛り上げられて地下室に放置された。	The girls were trussed up and left in a cellar.
1889	料金	りょうきん	noun	fee; charge; fare	来月タクシー料金があがります。	Taxi fares will go up next month.
1890	旦那	だんな	noun	master (of a house, shop, etc.)	旦那様をしっかり捕まえていなさい。	Hold onto your husband.
1891	暴力	ぼうりょく	noun	violence; mayhem	彼はすべての暴力に強く反対した。	He was strongly against all violence.
1892	有	ゆう	noun	existence	無から有は生じ得ない。	Nothing can come of nothing.
1893	民間	みんかん	adjective	private; non-governmental; non-official	民間企業に対する投資をもっと認めてほしい。	I'm eager to be allowed to do more private-sector investment.
1894	源	みなもと	noun	source (of a river); fountainhead	青い色は喜びの源として神によって永久に定められている。	God appointed blue to be an everlasting source of delight.
1895	燃料	ねんりょう	noun	fuel	ガソリンは燃料として使われる。	Gasoline is used for fuel.
1896	知り合い	しりあい	noun	acquaintance	そのとき以来彼と知り合いになった。	I've got acquainted with him since then.
1897	素人	しろうと	noun	amateur; layman; ordinary person	それは素人考えだ。	That's a layman's idea.
1898	統一	とういつ	noun	unity; consolidation; uniformity	彼はレースにのぞんで精神統一した。	He psyched himself up for the race.
1899	背中	せなか	noun	back (of the body)	階段から落ちて背中を強く打ちました。	I fell down the stairs and hit my back very hard.
1900	解消	かいしょう	noun	cancellation; liquidation; resolution	カラオケはストレス解消によい。	Karaoke is good for reducing stress.
1901	財布	さいふ	noun	wallet; purse; coin purse	私の財布を見つけてください。	Please find me my wallet.
1902	遺産	いさん	noun	inheritance; bequest; legacy	彼女はその遺産を要求している。	She claims the inheritance.
1903	配置	はいち	noun	arrangement (of resources); deployment; stationing	神を称え、武器を配置せよ。	Praise the Lord and pass the ammunition.
1904	電力	でんりょく	noun	electric power	人工的な光は電力という手段によって作られた。	Artificial light is produced by means of electricity.
1905	なんだか	なんだか	adverb	(a) little; somewhat; somehow	何だか疲れました。	I'm sort of tired.
1906	わざわざ	わざわざ	adverb	expressly; especially; specially	わざわざ家まで送っていただいてありがとう。	Thank you very much for driving me all the way to my house.
1907	わずか	わずか	na-adjective	a little; a few; small	私はわずかな給料で何とかやっております。	I manage to get along on a small salary.
1908	スペイン	スペイン	noun	Spain	スペインは昔フィリピン諸島統治していた。	Spain once governed the Philippine Islands.
1909	チケット	チケット	noun	ticket	すみません、このチケットは変更できません。	I'm sorry, we can't make flight changes on this ticket.
1910	プール	プール	noun	(swimming) pool	その学校には立派なプールがある。	The school boasts a fine swimming pool.
1911	ルート	ルート	noun	route; path	今日ルート６６で衝突事故があったんだ。	There was a smash-up out on Route 66 today.
1912	ローン	ローン	noun	loan	もはやローンは必要ではない。	I do not need a loan anymore.
1913	一定	いってい	verb (suru)	to fix; to settle; to standardize	彼は高速道路で一定のスピードを維持した。	He maintained a steady speed on the highway.
1914	中学	ちゅうがく	noun	junior high school; middle school; lower secondary school	やっと中学を卒業しました。	At last, I graduated from junior high school.
1915	乗る	のる	verb	to get on (train, plane, bus, ship, etc.); to get in; to board	私の乗った飛行機が無事に着陸してほっとした。	I felt relieved when my plane landed safely.
1916	味方	みかた	noun	friend; ally; supporter	彼女が味方してくれてとてもうれしかった。	I was very glad that she took my side.
1917	回収	かいしゅう	noun	collection; recovery; withdrawal	しかし回収時間が早すぎるため、ゴミの日に出すことが難しいです。	Moreover it's difficult to get rubbish out for garbage day because the collection time is too early.
1918	回答	かいとう	noun	reply; answer	無回答を拒否する。	Refuse to take no answer.
1919	圧倒的	あっとうてき	na-adjective	overwhelming	彼らは圧倒的に優勢な敵と戦っていた。	They were attacking against overwhelming odds.
1920	地図	ちず	noun	map; atlas; chart	この地域の詳細な地図はまだ書かれていない。	Detailed maps of this area have not been drawn.
1921	報酬	ほうしゅう	noun	remuneration; recompense; reward	ニックは決してその報酬に満足していない。	Nick is by no means satisfied with the reward.
1922	場面	ばめん	noun	scene; setting; place (where something happens)	彼はその場面を見て驚いた。	He was surprised at the scene.
1923	変換	へんかん	noun	change; conversion; transformation	変換にはかなりの時間がかかる。	It takes a long time to convert.
1924	季節	きせつ	noun	season; time of year	天候は季節によって変わる。	The weather varies with seasons.
1925	就職	しゅうしょく	noun	finding employment; getting a job	彼女はタイピストとして就職した。	She found employment as a typist.
1926	幅	はば	noun	width; breadth	その川は幅が５０メートルある。	The river is 50 meters in breadth.
1927	平日	へいじつ	adverb	weekday; ordinary days (i.e. non-holiday)	彼女の平日はいつも忙しい。	She is always busy on weekdays.
1928	応募	おうぼ	noun	application; subscription; entry (competition, raffle, etc.)	夫婦でその仕事に応募できます。	Married couples can apply for the post.
1929	態度	たいど	noun	attitude; manner; behaviour	あの態度、きつく注意してやらんと。	I have to tell him off for his bad attitude.
1930	戦士	せんし	noun	soldier; combatant; warrior	その戦士は自分の強さも弱さも分かっている。	The warrior is conscious of both his strength and his weakness.
1931	扉	とびら	noun	door; gate; opening	その扉は今開きかけている。	The door is opening now.
1932	指揮	しき	noun	command; direction; supervision	ぜひオーケストラを立派に指揮してもらいたい。	You must conduct the orchestra well.
1933	掲示板	けいじばん	noun	bulletin board; display board; notice board	掲示板を荒らす人の精神状態がわかりません。	I just don't understand what goes through the minds of people who troll forums.
1934	改めて	あらためて	adverb	another time; again; over again	私はあらためて考えて気持ちを変えた。	After thinking about it some more, I changed my mind.
1935	直後	ちょくご	noun	immediately following	その国は戦争直後とは非常に違っている。	The country is very different from what it was just after the war.
1936	筋肉	きんにく	noun	muscle	彼らの筋肉は硬直している。	Their muscles are stiff.
1937	美容	びよう	noun	beauty; good figure; (beautiful) appearance	彼女は美容室に行った。	She went to the hairdresser's.
1938	腰	こし	noun	lower back; waist; hips	髪が腰まで伸びている少女を見た。	I saw a girl whose hair came down to her waist.
1939	航空	こうくう	noun	aviation; flying	航空料金の方が鉄道料金より高い。	The cost of the air fare is higher than of the rail fare.
1940	見事	みごと	na-adjective	splendid; magnificent; excellent	見事テストに合格しました。	I passed the test with flying colors.
1941	規則	きそく	noun	rule; regulation	これらの規則を覚えておきなさい。	Bear these rules in mind.
1942	規定	きてい	noun	stipulation; prescription; provision	この規定が当てはまらない場合もある。	There are some cases where the rule does not hold good.
1943	設備	せつび	noun	equipment; facilities; installation	このホテルは千人を収容する設備がある。	This hotel has accommodations for 1,000 guests.
1944	谷	たに	noun	valley; ravine; gorge	そのおおきな谷には川が流れている。	A river runs through the long valley.
1945	適用	てきよう	noun	application (of a rule, law, method, etc.)	この規則はその場合には適用できない。	This rule cannot be applied to that case.
1946	選択肢	せんたくし	noun	choices; alternatives; options	前者の選択肢を支持している人が多いが、私は後者のほうが好きだ。	Many support the former alternative, but I prefer the latter.
1947	鉄道	てつどう	noun	railroad; railway; rail transport	鉄道という新しい交通手段が開発された。	A new means of communication was developed — the railway.
1948	高級	こうきゅう	na-adjective	high-class; high-grade; high-quality	彼の祖父は高級軍人だった。	His grandfather was a soldier of high degree.
1949	お茶	おちゃ	noun	tea (esp. green or barley)	休憩してお茶を飲みましょう。	Let's take a break and drink some tea.
1950	せっかく	せっかく	adverb	with trouble; at great pains	私がせっかくやっていることにけちをつけた。	He threw cold water on what I was doing.
1951	みな	みな	noun	everyone; everybody; all	彼は働いて稼ぐだけみな貯金する。	He saves what he earns.
1952	ドライブ	ドライブ	noun	drive; trip by car; driving	海までドライブしましょう。	Let's drive as far as the sea.
1953	ニーズ	ニーズ	noun	needs; demands; requests	学校は能力に関係なく、すべての児童のニーズに応えることが期待されている。	Schools are expected to meet the needs of every child, regardless of ability.
1954	ハウス	ハウス	noun	house	そのデザイン・ハウスにとって、コンピューター製造にさらに急進的な色彩を導入することは適切な戦略であった。	For this design house it was an appropriate strategy to introduce even more radical colors into computer production.
1955	ハート	ハート	noun	heart	お前のハートは鳴っている、生きている。	Your heart's beating, alive and beating.
1956	一気に	いっきに	adverb	in one go; in one gulp; in one breath	彼は一気に１０時間働いた。	He worked ten hours at a stretch.
1957	上がる	あがる	verb	to rise; to go up; to come up	翌日、またバッテリーが上がってる。	The next day the battery was flat again.
1958	九州	きゅうしゅう	noun	Kyūshū (southernmost of the four main islands of Japan)	台風は発達しながら九州方面に向かっています。	The typhoon is gaining strength as it heads for Kyushu.
1959	人工	じんこう	noun	artificial; man-made; human work	その湖は自然のものではなく人工によって造られたものである。	The lake is made not by nature but by art.
1960	免許	めんきょ	noun	license; licence; permission	私は１週間前に、免許を更新してもらった。	I had my licence renewed a week ago.
1961	全力	ぜんりょく	noun	all one's power (strength, energy, efforts); one's utmost	全力をあげてたたかえ。	Fight with all your might.
1962	全身	ぜんしん	noun	whole (body); full-length (e.g. portrait)	毒が全身に回った。	The poison has pervaded his whole system.
1963	内閣	ないかく	noun	cabinet (of a government); ministry	たぶんその内閣はつぶれるでしょう。	In all probability, the cabinet will fall.
1964	同僚	どうりょう	noun	coworker; co-worker; colleague	同僚たちは私を温かく迎えてくれた。	My colleagues welcomed me very warmly.
1965	大手	おおて	noun	major company; big company	大手銀行の大半がこの制度を導入している。	The majority of big banks are introducing this system.
1966	夫婦	ふうふ	noun	married couple; husband and wife; man and wife	その夫婦は死ぬまで幸福に暮らした。	The couple lived a happy life to the end.
1967	奥	おく	noun	inner part; interior; back (of a drawer, one's throat, etc.)	彼は建物の奥に行ってみました。	He went to the back of the building.
1968	実家	じっか	noun	(one's parents') home	彼は実家に用があるため、すぐに出かけていった。	He had business at his family's home so he went at once.
1969	恐ろしい	おそろしい	i-adjective	terrible; dreadful; terrifying	以前恐ろしい怪物が住んでいた。	A hideous monster used to live there.
1970	戻る	もどる	verb	to turn back (e.g. half-way)	すみません、少しもどってもらえますか。	I'm sorry. Would you mind turning around?
1971	文句	もんく	noun	complaint; grumbling; objection	あなたはいつも文句ばかり言っている！	You're always complaining!
1972	文書	ぶんしょ	noun	document; writing; letter	その文書は全ての部長に配布された。	The document was distributed to all department heads.
1973	普及	ふきゅう	noun	diffusion; spread; popularization	中世において、ミルクはまだ薬として普及していた。	In the Middle Ages, milk was still popular as a medicine.
1974	来年	らいねん	noun	next year	来年もまた集まりましょう。	Let's get together again next year.
1975	歌詞	かし	noun	song lyrics; words of a song; libretto	その歌はどんな歌詞ですか？	How does that song go?
1976	毒	どく	noun	poison; toxicant; venom	この透明な液体には毒が含まれている。	This transparent liquid contains poison.
1977	活用	かつよう	noun	practical use; application; making good use of	休憩は短いから十分に活用しなさい。	You have only a short rest, so make the best of it.
1978	犯人	はんにん	noun	offender; criminal; culprit	犯人たちは全員逮捕されました。	The criminals have all been apprehended.
1979	申請	しんせい	noun	application; request; petition	彼女の休暇の申請は拒否された。	Her application for leave was refused.
1980	直し	なおし	noun	correction; rectification	直しはどれくらいかかりますか。	How long will it take for alterations?
1981	福祉	ふくし	noun	welfare; well-being; social welfare	その団体は老人福祉に関わっている。	The organization is concerned with the welfare of the aged.
1982	笑う	わらう	verb	to laugh	彼のジョークを聞いて思わず笑ってしまった。	I could not help laughing at his jokes.
1983	策	さく	noun	plan; policy; means	正直は必ずしも最上の策とは限らない。	Honesty is not always the best policy.
1984	解除	かいじょ	noun	termination (of a contract); cancellation; rescinding	津波警報は解除された。	The tidal wave warning has been canceled.
1985	長官	ちょうかん	noun	secretary (government); director; chief	長官は彼に全権を委任した。	The governor invested him with full authority.
1986	離婚	りこん	noun	divorce	彼らの離婚には本当にびっくりした。	Their divorce came as a complete surprise.
1987	飽き	あき	noun	weariness; boredom; tedium	彼らは待つことに飽きがきていた。	They were tired of waiting.
1988	高齢	こうれい	noun	advanced age; old age	彼は高齢な両親の健康について大変心配している。	He is very concerned about his elderly parent's health.
1989	さあ	さあ	interjection	come (on); come now; come along	さあ、楽しんでいらっしゃい。	Now, go have a good time.
1990	さくら	さくら	noun	cherry tree; cherry blossom; sakura	桜もそろそろじゃないでしょうか。	It's almost time for the cherry blossoms.
1991	ようやく	ようやく	adverb	finally; at last	ようやくすっかり終わった。	It is finally all over.
1992	ギター	ギター	noun	guitar	彼女はギターに合わせて歌っている。	She is singing with a guitar.
1993	コミュニティ	コミュニティ	noun	community	英語のコミュニティでお名前とコメントを拝見し、プロフィールを拝読しました。	I saw your name and posts in an English forum and took the liberty of reading your profile.
1994	ピアノ	ピアノ	noun	piano (instrument)	私は１５年間毎日ピアノを練習しています。	I have practiced piano every day for fifteen years.
1995	メートル	メートル	noun	metre (unit of length); meter	彼ら２００メートル前を歩いていた。	They were walking two hundred meters in advance.
1996	伝える	つたえる	verb	to convey; to report; to transmit	彼が戻っていたら、そう伝えて下さい。	Tell him so, when he comes back.
1997	削除	さくじょ	noun	deletion; elimination; erasure	このファイルは削除して下さい。	Please delete this file.
1998	勇気	ゆうき	noun	courage; bravery; valour	勇気を失わないでどんどん書きつづけなさい。	Keep a good heart and go on writing.
1999	勢い	いきおい	noun	force; vigor; vigour	ものすごい勢いで駆けていった。	He was flying down the road.
2000	参照	さんしょう	noun	reference (e.g. to a dictionary, passage, footnotes); consultation; comparison	さらに詳しくは１６ページ参照。	For further information, see page 16.
2001	合格	ごうかく	noun	passing (an exam); pass; success	ともかく合格してうれしい。	I'm glad to have passed at all.
2002	同じく	おなじく	adverb	in the same way; like; likewise	ジェーンと同じく彼女はスキーができない。	She can't ski any more than Jane can.
2003	多少	たしょう	adverb	a little; some; somewhat	多少、そわそわしています。	I have some butterflies in my stomach.
2004	学ぶ	まなぶ	verb	to learn; to study; to take lessons in	学べば学ぶほどますます学びたくなる。	The more you learn, the more you want to.
2005	対処	たいしょ	noun	dealing with; coping with	その会社は急激な変化に対処できなかった。	The company couldn't cope with sudden changes.
2006	当初	とうしょ	noun	beginning; start; outset	いや、当初の考えはそうでした。	Or that was the idea.
2007	必死	ひっし	na-adjective	frantic; frenetic; desperate	その奴隷は必死に逃げた。	The slave ran for his life.
2008	意思	いし	noun	intention; wish; purpose	にやりと笑って賛成の意思を示した。	She grinned her approval.
2009	所属	しょぞく	noun	belonging to (a group, organization, etc.); affiliation (with); being attached to	坂崎幸之助はアルフィーに所属しています。	Kounosuke Sakazaki belongs to "THE ALFEE".
2010	提出	ていしゅつ	noun	presentation (of documents); submission (of an application, report, etc.); production (e.g. of evidence)	必要書類を提出してください。	Please hand in the necessary papers.
2011	短い	みじかい	i-adjective	short	短くしてもらわなければなりません。	I must have it shortened.
2012	笑い	わらい	noun	laugh; laughter	彼女の笑いはその晩にはふさわしくなかった。	Her laughter was not becoming that evening.
2013	給料	きゅうりょう	noun	salary; wages; pay	私はわずかな給料で何とかやっております。	I manage to get along on a small salary.
2014	老人	ろうじん	noun	old person; senior citizen; the aged	その昔ある村にある老人が住んでいた。	Once there lived an old man in a village.
2015	落ちる	おちる	verb	to fall; to drop; to come down	木の葉はほとんどみんな落ちてしまった。	Almost all the leaves fell off the tree.
2016	表情	ひょうじょう	noun	facial expression; countenance	彼女はいつも真剣な表情をしている。	She always has a serious look on her face.
2017	週末	しゅうまつ	adverb	weekend	彼はたいてい毎週、週末に帰ってきます。	He comes home almost every weekend.
2018	静か	しずか	na-adjective	quiet; silent	もっと静かに話してください。	Speak more quietly, please.
2019	ありがたい	ありがたい	i-adjective	grateful; thankful; welcome	そう言っていただいてとてもありがたいです。	It is very good of you to say so.
2020	もともと	もともと	adverb	originally; from the start; from the beginning	彼らはもともと農業をやっていました。	Originally they were farmers.
2021	アクション	アクション	noun	action	今週、３日連続でカーアクションものの外国映画を字幕で見た。	This week I've watched foreign car-action movies with subtitles for three days in a row.
2022	ホワイト	ホワイト	noun	white	ホワイトブレッド、おねがいします。	White bread, please.
2023	レス	レス	noun	reply; response	男性からの投稿や記事へのレスは一切お断りしております。	Men are absolutely not allowed to post or reply to articles.
2024	一言	ひとこと	noun	single word; a few words; brief comment	彼の髪型について一言した。	I remarked on his hair style.
2025	中学生	ちゅうがくせい	noun	junior high school student; middle school pupil	私は中学生ではありません。	I'm not a junior high school student.
2026	具合	ぐあい	noun	condition; state	あまり具合がよくありません。	Not too well.
2027	化学	かがく	noun	chemistry	彼は化学はほとんど勉強しない。	He hardly studies chemistry.
2028	医者	いしゃ	noun	doctor; physician	良い医者を見つけてあげましょう。	I will find you a good doctor.
2029	受賞	じゅしょう	noun	winning a prize; receiving an award; being awarded	マザー・テレサはノーベル賞を受賞した。	Mother Teresa was given the Nobel prize.
2030	合計	ごうけい	noun	sum total; total amount	彼の借金は合計１０００ドル以上になる。	His debts amount to over $1000.
2031	外部	がいぶ	noun	outside (e.g. of a building); exterior	外部からの圧力がますます強くなってきている。	External pressure grows ever more intense.
2032	姉さん	ねえさん	noun	older sister; elder sister	彼女は姉さんと同じように美しい。	She is no less beautiful than her sister.
2033	定義	ていぎ	noun	definition	この語を明確に定義できますか。	Can you clearly define this word?
2034	左右	さゆう	noun	left and right; right and left	食べ物は健康を左右する。	Food works on our health.
2035	帝国	ていこく	noun	empire	こうしてその偉大な帝国が生まれた。	This is how the great empire came into existence.
2036	恥ずかしい	はずかしい	i-adjective	embarrassing; embarrassed; ashamed	ばかなことをしてしまって恥ずかしい。	I'm ashamed because I acted foolishly.
2037	悩み	なやみ	noun	trouble; troubles; worry	彼らには彼らなりの悩みがある。	They have their own troubles.
2038	悪化	あっか	noun	deterioration; getting worse; worsening	事態はますます悪化した。	Matters are getting worse and worse.
2039	意外	いがい	na-adjective	unexpected; surprising; unanticipated	その映画は意外と面白かった。	The movie was more interesting than I expected.
2040	日記	にっき	noun	diary; journal	昨日たくさん日記を読みました。	I read a lot in my diary yesterday.
2041	正解	せいかい	noun	correct answer; right solution; correct interpretation	正解に印をつけてください。	Please check the correct answer.
2042	江戸	えど	noun	Edo (shogunate capital; former name of Tokyo); Yedo	昔、人々は江戸から京都まで歩いた。	In former days people walked from Edo to Kyoto.
2043	相互	そうご	noun	mutual; reciprocal	相互理解は平和に役立つ。	Mutual understanding makes for peace.
2044	神様	かみさま	noun	God; god; deity	彼は人民にとって神様でした。	He was a god to his people.
2045	絶望	ぜつぼう	noun	despair; hopelessness	彼女は絶望してあきらめてしまった。	She gave up in despair.
2046	芸人	げいにん	noun	(TV) comedian	彼は芸人として成功した。	He made good as an entertainer.
2047	訪問	ほうもん	noun	call; visit	病気のためあなたを訪問できませんでした。	Illness prevented me from calling on you.
2048	走る	はしる	verb	to run	走るな、ゆっくり歩け。	Don't run, walk slowly.
2049	野	の	noun	field; plain	この野バラは甘い香りを放つ。	This wild rose gives off a sweet scent.
2050	集合	しゅうごう	noun	meeting up; gathering; assembly	日曜日に集合しよう。	Let's get together on Sunday.
2051	願い	ねがい	noun	desire; wish; hope	とうとう私の願いが実現した。	At length, my wish was realized.
2052	高度	こうど	noun	altitude; height; elevation	そのような高度経済成長が続くはずがない。	Such drastic economic growth cannot be sustained.
2053	おやすみ	おやすみ	noun	holiday; day off; absence	おやすみ、よく眠れ。	Good night, sleep tight.
2054	ないし	ないし	conjunction	from ... to; between ... and	月に三ないし四回映画を見に行く。	I go to the movies three or four times a month.
2055	やる気	やるき	noun	will (to do something); drive; motivation	とてもそんな男を助けてやる気にはなれない。	I cannot bring myself to help such a man.
2056	チーズ	チーズ	noun	cheese	チーズは簡単に消化しない。	Cheese doesn't digest easily.
2057	ナンバー	ナンバー	noun	number	車のナンバーを書き留められなかった。	I was unable to write down the number of the car.
2058	ノート	ノート	noun	notebook; copy-book; exercise book	毎年私は学校用として新しいノートを買う。	Every year, I buy new notebooks for school.
2059	ヒーロー	ヒーロー	noun	hero	彼は国民的ヒーローになった。	He became a national hero.
2060	ファッション	ファッション	noun	fashion	３０年前のファッションが復活した。	Fashions of thirty years ago have come back in style.
2061	プロフィール	プロフィール	noun	profile	英語のコミュニティでお名前とコメントを拝見し、プロフィールを拝読しました。	I saw your name and posts in an English forum and took the liberty of reading your profile.
2062	ペット	ペット	noun	pet	ペットのいない生活なんて考えにくい。	It's hard to imagine a life without pets.
2063	ポケット	ポケット	noun	pocket	私のポケットにはたまたま穴があいていた。	It happened that there was a hole in my pocket.
2064	下手	したて	noun	humble position; inferior	口自慢の仕事下手。	Great talkers are little doers.
2065	休日	きゅうじつ	noun	holiday; day off	休日は楽しかった？	Did you enjoy your holiday?
2066	充電	じゅうでん	noun	charging (electrically)	車のバッテリーを充電しなければならない。	I have to charge the battery of my car.
2067	出現	しゅつげん	noun	appearance; emergence; advent	１８５３年に青いジーンズが初めて出現した。	In 1853, the first blue jeans came out.
2068	刀	かたな	noun	sword (esp. Japanese single-edged); katana	その刀は王子にふさわしい。	That sword is fit for a prince.
2069	前半	ぜんはん	noun	first half	前半彼らは押せ押せムードとなった。	They went on the offensive in the first half.
2070	創作	そうさく	noun	creation; production; creative work (novel, film, etc.)	それは彼女の創作だろう。	I think she made up that story.
2071	奇跡	きせき	noun	miracle; wonder; marvel	彼の成功は奇跡というほかなかった。	His success was nothing short of a miracle.
2072	平気	へいき	na-adjective	cool; calm; composed	１週間タバコをすわなくても平気ですか。	Can you do without smoking for a week?
2073	幼稚園	ようちえん	noun	kindergarten (in Japan, non-compulsory education from age 3 until primary school); preschool	しげみちゃんを幼稚園に迎えに行けないの。	I will not be able to pick up Shigemi at the kindergarten.
2074	強力	きょうりょく	na-adjective	powerful; strong	当時ドイツは強力な軍隊を持っていた。	Germany then had a powerful army.
2075	心臓	しんぞう	noun	heart	心臓はゆっくり動いている。	The heart works slowly.
2076	新人	しんじん	noun	newcomer; new figure; new member	新人俳優がハムレット役をすると広告してあった。	A new actor was billed to appear as Hamlet.
2077	時々	ときどき	adverb	sometimes; occasionally; at times	彼はときどき極端な手段に訴えたくなった。	He sometimes wished to go to extremes.
2078	期限	きげん	noun	term; period; time frame	最終期限が近づいている。	The deadline is drawing near.
2079	本体	ほんたい	noun	substance; true form; true character	なんであれ物事の本体を捕らえる事が肝心だ。	No matter what the problem is, it's essential to get at the heart of the matter.
2080	流行	りゅうこう	noun	fashion; trend; vogue	彼女は最近の流行についてよく知っている。	She knows much about recent fashions.
2081	混乱	こんらん	noun	disorder; chaos; confusion	コンピューターは難しくて混乱する。	Computers are difficult, so I get confused.
2082	王国	おうこく	noun	kingdom; monarchy	王国や小さな国が現れた。	Kingdoms and small countries then developed.
2083	群	ぐん	noun	group; bunch; crowd	日本は自由国家群に受け入れられた。	Japan has been received into the family of free nations.
2084	考え方	かんがえかた	noun	way of thinking; point of view; opinion	彼を何とか説得して私の考え方に従わせた。	I managed to bring him around to my way of thinking.
2085	自衛隊	じえいたい	noun	Japan Self-Defense Forces; JSDF	政府が自衛隊に沖縄への災害派遣を要請した。	The government asked the SDF for a disaster relief deployment to Okinawa.
2086	見せる	みせる	verb	to show; to display	石にかじりついても成功してみせる。	I will succeed at any cost.
2087	貴重	きちょう	na-adjective	precious; valuable	健康が最も貴重なものである。	Health is the most precious thing.
2088	費用	ひよう	noun	cost; expense	学校を運営する費用が上昇し続けた。	The cost of operating schools continued to rise.
2089	軍事	ぐんじ	noun	military affairs	２００６年９月の軍事クーデターで失脚、事実上亡命中だったタイのタクシン元首相が２８日、約１年半ぶりに帰国した。	Deposed in a military coup in September 2006 and having effectively been in exile, the Former premier of Thailand Thaksin has returned after about a year and a half.
2090	雇用	こよう	noun	employment; hire	雇用が停滞し続けた。	Employment continued to lag.
2091	項目	こうもく	noun	item; heading; category	このリストの項目を全部チェックして下さい。	Please check all the items on this list.
2092	順	じゅん	noun	order; turn; sorting	見出し語はアルファベット順に並んでいます。	The entry words are arranged alphabetically.
2093	あそこ	あそこ	pronoun	there; over there; that place	あそこに進んでください。	Just step right over there.
2094	きちんと	きちんと	adverb	properly; accurately; exactly	彼の部屋は決してきちんとしていない。	His room is anything but neat.
2095	さっさと	さっさと	adverb	quickly; promptly; immediately	グズグズしてないでさっさと行動しろ！	Quit lazing around and get moving!
2096	まとも	まとも	noun	the front	まともな家に住んだらどう？	Why don't you get yourself a decent house?
2097	やや	やや	adverb	a little; partially; somewhat	中古車にしてはこの値段はやや高い。	The price is kind of high for a used car.
2098	キャリア	キャリア	noun	carrier	彼の職業上のキャリアは破綻していた。	His professional career was bankrupt.
2099	スマート	スマート	na-adjective	smart (clothing, etc.); stylish	あんなドレスが着られたらいいんだけど。もっとスマートにならなくちゃ。	I'd love to be able to wear a dress like that. But I'll have to lose some weight first.
2100	セール	セール	noun	sale	いま閉店前のセールをやっているとこがありますか。	Are there any stores with "going out of business" sales?
2101	ソース	ソース	noun	sauce	ソースを別にください。	I'd like the sauce on the side.
2102	チャレンジ	チャレンジ	noun	taking on (a challenge); attempt; try	今度の新人は、チャレンジ精神旺盛でいいね。	I like the new guy. He's not afraid to take on challenging work.
2103	ハード	ハード	na-adjective	hard; tough	ウーッ、今日の練習はいつになくハードで辛い。	Whoo! Today's practice is tough - much harder than usual.
2104	バッグ	バッグ	noun	bag	このバッグは素晴らしくて、しかも安い。	This bag is both good and inexpensive.
2105	不要	ふよう	na-adjective	unnecessary; unneeded	彼らは不用の物は捨てた。	They discarded unnecessary things.
2106	仕組み	しくみ	noun	structure; construction; arrangement	経済学は経済の仕組みを研究する学問である。	Economics is the study of economic mechanisms.
2107	任務	にんむ	noun	duty; function; office	大使はその任務に対して責任がある。	The ambassador is responsible for the assignment.
2108	低下	ていか	noun	fall; decline; lowering	その会社は売上が１５パーセント低下した。	The company suffered a 15% drop in sales.
2109	住む	すむ	verb	to live (of humans); to reside; to inhabit	日本にはほとんどインド人は住んでいない。	Few Indians live in Japan.
2110	余計	よけい	na-adjective	extra; more; too much	余計なことをして、すみません。	Sorry, that was none of my business.
2111	入学	にゅうがく	noun	admission (to a school or university); entrance; enrolment	その大学の入学資格を教えて下さい。	Please tell me the requirements for admission to the college.
2112	出発	しゅっぱつ	noun	departure; leaving; setting off	遅れないよう早く出発した。	I left early so as not to be late.
2113	制服	せいふく	noun	uniform	制服は学校によって違う。	Uniforms differ from school to school.
2114	危ない	あぶない	i-adjective	dangerous; risky; hazardous	私は危ないところを助かりました。	I had a narrow escape.
2115	原発	げんぱつ	noun	nuclear power plant; nuclear power generation	最近の原発事故に関して、大統領は特別に声明を出した。	The president made special remarks with reference accident in the nuclear reactor.
2116	受付	うけつけ	noun	reception (desk); information desk; receptionist	これを受付にお出しください。	Please hand this in at the front desk.
2117	受験	じゅけん	noun	taking an examination (esp. for entrance to a school or university)	来週受験できますか。	Can you sit for the exam next week?
2118	各種	かくしゅ	noun	every kind; all sorts	海は各種の資源を与えてくれる。	The ocean affords various kinds of resources.
2119	図書館	としょかん	noun	library	先生は図書館へ行って勉強するよう提案した。	The teacher suggested that we go to the library to study.
2120	嫁	よめ	noun	bride	どんな男にもそれ相当の嫁のきてがあるもの。	Every Jack must have his Jill.
2121	実績	じっせき	noun	achievements; actual results; accomplishments	彼は実業家として良い実績をあげている。	He has a good record as a businessman.
2122	思考	しこう	noun	thought; consideration; thinking	思考は言葉によって表される。	Thoughts are expressed by means of words.
2123	惑星	わくせい	noun	planet	動物と植物がこの惑星にはすんでいる。	Animals and plants live on this planet.
2124	把握	はあく	noun	grasp (of the situation, meaning, etc.); understanding; control	彼の状況を把握する力には感心する。	We admire his hold on the situation.
2125	方式	ほうしき	noun	form; method; system	我が校は彼の授業方式を採用した。	Our school adopted his teaching methods.
2126	書類	しょるい	noun	document; papers	必要書類を提出してください。	Please hand in the necessary papers.
2127	概念	がいねん	noun	general idea; concept; notion	ゼロという概念はヒンドゥー文化に由来している。	The concept of zero sprang from the Hindu culture.
2128	気温	きおん	noun	(air) temperature	平均気温が上昇した。	The average temperature has gone up.
2129	物理	ぶつり	noun	laws of nature; physical laws	私は今学期物理をあまり勉強しなかった。	I haven't studied physics much all semester.
2130	現金	げんきん	noun	cash; ready money; money on hand	現金ですかクレジットカードですか。	Cash or credit card?
2131	睡眠	すいみん	noun	sleep	睡眠を十分にとってください。	You have to get enough sleep.
2132	競技	きょうぎ	noun	game; match; contest	彼女はかつてトラック競技のスターだった。	She was a track star once.
2133	路線	ろせん	noun	route (bus, train, air, etc.); line	市はバス路線を１０Ｋｍ延長した。	The city expanded the bus route 10Km further.
2134	酸	さん	noun	acid	酸は、金属に作用する。	Acid acts on metals.
2135	重い	おもい	i-adjective	heavy; weighty	この自転車はひどい。重すぎる。	This bike is awful; it's too heavy.
2136	黒い	くろい	i-adjective	black	その本には黒いカバーがかかっていた。	There was a black jacket on the book.
2137	そいつ	そいつ	pronoun	he; she; that person	そいつは真っ赤なうそだ。	That's a blessed lie.
2138	わし	わし	noun	eagle (Accipitridae family)	ワシが空を飛んでいる。	An eagle is flying in the sky.
2139	ガラス	ガラス	noun	glass; pane	雨が窓ガラスに激しく当たっていた。	The rain was beating hard against the windowpane.
2140	コンピュータ	コンピュータ	noun	computer	そのコンピューターは大変役にたった。	The computer was very useful.
2141	ゴルフ	ゴルフ	noun	golf	彼のお父さんはゴルフをしません。	His father doesn't play golf.
2142	センス	センス	noun	taste (in fashion, music, etc.); sense (e.g. of humour); flair	彼女は美に対するセンスを持っていない。	She has no sense of the beautiful.
2143	ドライバー	ドライバー	noun	driver (of a vehicle); motorist	このドライバーは小さすぎて役に立たない。	This screwdriver is too small to be any use.
2144	レストラン	レストラン	noun	restaurant (esp. Western-style)	あのレストランは毎日二千食準備している。	That restaurant prepares two thousand meals every day.
2145	介護	かいご	noun	nursing; care; caregiving	来年から日本では介護保険制度が始まるね。	The new national elder-care insurance system starts next year, right?
2146	住所	じゅうしょ	noun	address (of a home, business, etc.); residence; domicile	この住所まで、行ってください。	Please take me to this address.
2147	依存	いぞん	noun	dependence; reliance	地上のすべての生物は互いに依存し合っている。	All living things on earth depend one another.
2148	像	ぞう	noun	image; figure; statue	この像は十年前に作られた。	This statue was erected ten years ago.
2149	出来事	できごと	noun	occurrence; happening; incident	彼の演説中に不思議な出来事が起こった。	A strange incident happened during his speech.
2150	勧め	すすめ	noun	recommendation; advice; suggestion	青はすすめの信号です。	The green light is the "go" signal.
2151	単に	たんに	adverb	simply; merely; only	彼は単に冗談としてそれを言った。	He said it merely as a joke.
2152	回数	かいすう	noun	number of times; frequency; count	彼の旅行は幅広く回数も多い。	His travels were wide and frequent.
2153	回避	かいひ	noun	evasion; avoidance	事態を回避する方法を見出す。	Discover a way around the situation.
2154	天皇	てんのう	noun	Emperor of Japan	天皇は国民の統合の象徴である。	The Emperor is the symbol of the unity of the people.
2155	市長	しちょう	noun	mayor	市長はその問題についてある程度妥協した。	The mayor compromised on the subject to a certain extent.
2156	店員	てんいん	noun	employee (of a store); shop assistant; clerk	店員が「いらっしゃいませ」と言った。	The clerk said, "What can I do for you, sir?"
2157	思い出す	おもいだす	verb	to recall; to remember; to recollect	どうしても彼女の電話番号が思い出せない。	I can't for the life of me remember her phone number.
2158	想定	そうてい	noun	hypothesis; supposition; assumption	想定の範囲外だ。	I never imagined anything like this.
2159	懐かしい	なつかしい	i-adjective	dear (old); fondly remembered; beloved	久々に聞いたこの曲。なつかしい。	Hearing this song after so long really brings back the old times.
2160	成果	せいか	noun	(good) result; outcome; fruits (of one's labors)	小さな親切大きな成果。	A little kindness goes a long way.
2161	手法	しゅほう	noun	technique; method	彼女の手法は私たちよりはるかに進んでいる。	Her method is far in advance of ours.
2162	抜き	ぬき	noun	leaving out; omitting; skipping	海に潜ったら耳抜きしてください。	If you go underwater, hold your nose and blow to clear your ears.
2163	披露	ひろう	noun	announcement; presentation; demonstration	彼らは娘の結婚をひろうした。	They announced the engagement of their daughter.
2164	方々	かたがた	noun	people; (all) persons; everyone	わからなかったら方々の人に聞いた方がいいよ。	If you don't know, you had better ask around.
2165	早	はや	adverb	already; now; by this time	早合点の早忘れ。	Soon learnt, soon forgotten.
2166	有料	ゆうりょう	adjective	fee-charging; paid; not free	配達は有料ですか。	Do you charge for delivery?
2167	氷	こおり	noun	ice	氷みたいに冷たい顔しないでくれよ。	Don't be cold as ice.
2168	油	あぶら	noun	oil	このエンジンが一番油を食う。	This engine consumes the most oil.
2169	減少	げんしょう	noun	decrease; reduction; decline	赤字は徐々に減少している。	The deficit has been diminishing little by little.
2170	無線	むせん	noun	radio (communication)	マルコーニは無線を発明した。	Marconi invented the radio.
2171	犠牲	ぎせい	noun	sacrifice	彼は成功するのに非常な犠牲をはらった。	He paid too high a price for success.
2172	狼	おおかみ	noun	wolf (Canis lupus)	羊が２匹狼に殺されました。	Two sheep were killed by a wolf.
2173	研究所	けんきゅうじょ	noun	research institute; (research) laboratory	彼は生物研究所に１０年近く従事している。	He has been engaged in the study of biology for nearly ten years.
2174	端末	たんまつ	noun	terminal; computer terminal	コンピューター端末はずっと一列に並んでいた。	The computer terminals were lined up in one long row.
2175	苦労	くろう	noun	trouble; hardship; difficulty	彼女はずいぶん苦労したらしい。	She seems to have had a very hard time.
2176	請求	せいきゅう	noun	claim; demand; charge	ご請求次第カタログをお送りします。	Our catalog will be sent on demand.
2177	資産	しさん	noun	property; fortune; means	彼女はちょっとした資産を持っている。	She has some money of her own.
2178	輸入	ゆにゅう	noun	import; importation; introduction	輸入車は８％未満しか占めていない。	Imported cars account for less than eight percent.
2179	返事	へんじ	noun	reply; answer; response	もっと早く返事を出さないでいてすみません。	Sorry I didn't reply sooner.
2180	遠く	とおく	noun	far away; distant place; a (great) distance	彼は故郷から遠く離れて住んでいる。	He lives far away from his hometown.
2181	部門	ぶもん	noun	division (of a larger group); branch; field	この会社は通信部門でよく知られている。	This corporation is well known for its communication equipment.
2182	長期	ちょうき	adjective	long-term	試験がすんだら長期休暇をとるつもりだ。	When I can get through my exams, I will take a long vacation.
2183	電源	でんげん	noun	source of electricity; electrical power	回路を調べる前に、電源のスイッチを切りなさい。	You must switch off the power before checking the circuit.
2184	領域	りょういき	noun	territory; domain	自然はあらゆる領域で侵されている。	Nature is under attack on all fronts.
2185	騎士	きし	noun	(medieval) knight	その騎士は勇敢と言うよりも向こう見ずだ。	The knight is not so much brave as reckless.
2186	いただける	いただける	verb	to be able to receive; to be able to take; to be able to accept	もっとゆっくり話していただけませんか。	Could you speak more slowly?
2187	きり	きり	noun	end; finish; place to stop	私の生きている限り、君を援助しよう。	I'll help you as long as I live.
2188	もう一度	もういちど	expression	once more; again	すみません、もう一度ゆっくり言ってください。	Excuse me, could you say that again more slowly?
2189	パス	パス	noun	passing (an examination, inspection, etc.)	私はそこのプールのパスを持っている。	I've got a pass for the swimming pool.
2190	パートナー	パートナー	noun	(dance) partner	彼は私のよきパートナーだ。	He is my good partner.
2191	ポール	ポール	noun	pole	そのポールは左に傾いた。	The pole inclined to the left.
2192	メモ	メモ	noun	note; memo; memorandum	彼女の言うことは必ずメモを取って下さい。	Be sure to take a note of what she says.
2193	リード	リード	noun	lead; leading; taking the lead	彼女が二メートルリードしている。	She is leading by two meters.
2194	世間	せけん	noun	world; society; people	彼は世間一般の学生とは違っている。	He differs from the common run of student.
2195	先日	せんじつ	noun	the other day; a few days ago	先日父によって書かれた本を発見した。	The other day I discovered a book written by my father.
2196	勘違い	かんちがい	noun	misunderstanding; mistaken idea; wrong guess	彼女が会いにくるだろうと思ったのは彼の勘違いだった。	He was in error in assuming that she would come to see him.
2197	北朝鮮	きたちょうせん	noun	North Korea	それだけ北朝鮮は（中国も）狡猾なんです。	That's just how cunning North Korea is (and China, too).
2198	同時	どうじ	noun	same time	彼は口と手が同時に出てしまう人だ。	He accompanies his words with blows.
2199	底	そこ	noun	bottom; sole	底を持ってくれ。	Grab the bottom.
2200	延長	えんちょう	noun	extension; elongation; prolongation	市はバス路線を１０Ｋｍ延長した。	The city expanded the bus route 10Km further.
2201	復帰	ふっき	noun	return; reversion; comeback	まもなく彼女は舞台に復帰するだろう。	Before long she will come back to the stage.
2202	承認	しょうにん	noun	recognition; acknowledgement; acknowledgment	みんなその計画を承認した。	All of us approved of the plan.
2203	散歩	さんぽ	noun	walk; stroll	散歩しましょう。	Let's take a walk.
2204	数学	すうがく	noun	mathematics	私は数学をまったく勉強しませんでした。	I didn't study math at all.
2205	新幹線	しんかんせん	noun	Shinkansen; bullet train	次の新幹線は９時ちょうどに出ます。	The next Shinkansen train leaves at just nine o'clock.
2206	熱い	あつい	i-adjective	hot (to the touch)	熱いコーヒーを入れてあげましょう。	Let me make you a cup of hot coffee.
2207	狙い	ねらい	noun	aim (of a gun, bow, etc.)	彼のねらいが何だかわかってきた。	I began to see what he was getting at.
2208	真剣	しんけん	na-adjective	serious; earnest	君の将来について真剣に話をしよう。	Let's have a serious talk about your future.
2209	移行	いこう	noun	transition; changeover; switchover	農場生活から都市の生活への移行は困難なことが多い。	The transition from farm life to city life is often difficult.
2210	競争	きょうそう	noun	competition; contest; rivalry	彼女はその１００メートル競争で優勝した。	She won the one hundred meter race.
2211	素直	すなお	na-adjective	obedient; meek; docile	素直に言えば、君は誤りを犯した。	Frankly speaking, you made a mistake.
2212	羽	はね	noun	feather; plume; down	６４４羽だ。そして彼女は眠ってしまった。	Six hundred and forty-four... and she went to sleep.
2213	自慢	じまん	noun	pride (in one's achievements, possessions, etc.); self-praise; boast	口自慢の仕事下手。	Great talkers are little doers.
2214	訪れ	おとずれ	noun	visit; call	昨年に比べて今年は春の訪れが遅かった。	Spring has come later this year compared with last year.
2215	訴訟	そしょう	noun	lawsuit; suit; (legal) action	私はその医者を相手取って訴訟を起こした。	I brought a suit against the doctor.
2216	貢献	こうけん	noun	contribution (furthering a goal or cause); services (to a cause)	市長は市に対する彼女の貢献に感謝した。	The mayor acknowledged her services to the city.
2217	軸	じく	noun	axis; shaft; axle	彼は軸のような重要な役割を演じた。	He played an important part like an axis.
2218	道具	どうぐ	noun	tool; implement; instrument	この道具はちゃんと使えばとても役に立つ。	If it is used properly, this tool will be a great help.
2219	遠い	とおい	i-adjective	far; distant; far away	そんなに遠くありません。	It's not so far.
2220	遺伝子	いでんし	noun	gene	後者の能力はすべて遺伝によって私達に伝えられる。つまり、親から受けつぐ遺伝子を通して私たちはそうした能力を受け取るのである。	All of these abilities are passed on to us by genetic transmission; we receive them by way of the genes that we inherit from our parents.
2221	配布	はいふ	noun	distribution	先生は生徒たちにプリントを配布した。	The teacher distributed the handouts to the students.
2222	里	り	noun	Japanese league; ri; old Japanese unit of distance, approx. 3.927 km or 2.44 miles	１００里を行く者は９９里を半ばとする。	There's many a slip between the cup and the lip.
2223	金属	きんぞく	noun	metal	雷は金属に落ちやすい。	Lightning is liable to hit metal.
2224	開く	あく	verb	to open (e.g. doors)	あんまお腹空いてないんだ。	I'm not really hungry.
2225	防止	ぼうし	noun	prevention; check	彼は、動物虐待防止会に入っています。	He belongs to the Society for the Prevention of Cruelty to Animals.
2226	飛行	ひこう	noun	flight; flying; aviation	大陸横断飛行はまだ大胆な冒険的な事業だった。	Flight across the continent was still a daring venture.
2227	飛行機	ひこうき	noun	airplane; aeroplane; plane	私の乗った飛行機が無事に着陸してほっとした。	I felt relieved when my plane landed safely.
2228	だいたい	だいたい	adverb	generally; on the whole; mostly	その仕事はだいたい終わっている。	The work is actually finished.
2229	コンサート	コンサート	noun	concert	病気のため彼のコンサートに行けなかった。	Illness prevented me from going to his concert.
2230	ゴール	ゴール	noun	goal (in soccer, hockey, etc.); basket (in basketball)	少年はゴールに向かって走りまくった。	The boy ran and ran toward the goal.
2231	ツール	ツール	noun	tool	生産性をあげるため新たなツールを探してます。	We'll employ a new tool to increase productivity.
2232	パート	パート	noun	part	その試験は２つのパートに分かれていた。	The exam was divided into two parts.
2233	ホームページ	ホームページ	noun	home page (of a website or browser); homepage	ホームページの人気は内容次第。	The popularity of a web site depends on its content.
2234	マスク	マスク	noun	(face) mask	花粉よりも小さな黄砂をマスクでどれだけ防ぐことが出来るのか？花粉よりもずっと厄介者のように思います。	Just how well can masks block the, even smaller than pollen, yellow sand dust? I think it much more of a nuisance than pollen.
2235	メニュー	メニュー	noun	menu	メニューを見せて下さい。	Please let me take a look at the menu.
2236	了解	りょうかい	noun	comprehension; consent; understanding	我々には互いに支持しあおうという暗黙の了解があった。	We had an implicit agreement that we would support each other.
2237	予測	よそく	noun	prediction; estimation	１９９８年の需要予測です。	Here is the demand forecast for 1998.
2238	付近	ふきん	noun	neighborhood; neighbourhood; vicinity	２５号線北方面の入り口付近にいます。	I'm near the on ramp to 25 north.
2239	作者	さくしゃ	noun	creator (of a work); author; writer	作者は恋人に対する情熱を表現している。	The author expresses his passion for his love.
2240	充実	じゅうじつ	noun	fullness; completeness; perfection	大いに充実した学生生活を送りたい。	I want to have a full and enriching student-life.
2241	先行	せんこう	noun	going ahead; going first	稲光は雷の音に先行する。	The flash of lightning precedes the sound of thunder.
2242	冒険	ぼうけん	noun	adventure; venture	素敵に面白い冒険物語。	An absorbing tale of adventure.
2243	冗談	じょうだん	noun	joke; jest; funny story	彼女の冗談のためみんな笑った。	Her jokes made us all laugh.
2244	出場	しゅつじょう	noun	participation (in a tournament, match, race, etc.); entry; taking part (in)	２０チームがトーナメントに出場した。	Twenty teams entered the tournament.
2245	前提	ぜんてい	noun	condition; assumption; prerequisite	私たちは結婚を前提として交際しています。	We are dating with a view to marriage.
2246	告白	こくはく	noun	confession (to a crime, wrongdoing, etc.); admission	牧師は彼女のキリスト信仰の告白を聞いた。	The minister listened to her profession of Christianity.
2247	国立	こくりつ	adjective	national; founded and run by the central government	老人のための国立の病院がもっとあってしかるべきだ。	There should be more national hospitals for old people.
2248	対戦	たいせん	noun	fighting (against); taking on (an opponent); facing	彼はあしたヘビー級チャンピオンと対戦する。	He will fight the heavyweight champion tomorrow.
2249	寿司	すし	noun	sushi; range of dishes made with vinegared rice combined with fish, vegetables, egg, etc.	寿司を食べてみませんか。	How about trying some sushi?
2250	従来	じゅうらい	noun	up to now; so far	彼は従来の習慣と違ったことをした。	He departed from the old custom.
2251	怪我	けが	noun	injury; wound	彼女のけがは、かなり悪かったようだ。	It appears that her injury was pretty bad.
2252	明治	めいじ	noun	Meiji era (1868.9.8-1912.7.30)	明治は５対３のスコアで慶応に敗れた。	Meiji was beaten by Keio by a score of three to five.
2253	材料	ざいりょう	noun	materials; ingredients	このケーキは最高の材料で作られている。	This cake is made of the finest ingredients.
2254	棒	ぼう	noun	pole; rod; stick	その棒は交差しておかれた。	The sticks were laid across each other.
2255	権力	けんりょく	noun	(political) power; authority; influence	国王は権力を奪われた。	The king was deprived of his power.
2256	機種	きしゅ	noun	model (of machine, device)	古い機種に比べてこちらの方がずっと使いやすい。	As compared with the old model, this is far easier to handle.
2257	次回	じかい	noun	next time (occasion)	次回はもっと早く来ていただけませんか。	Would you mind coming earlier next time?
2258	毎週	まいしゅう	noun	every week	彼は毎週２〜３ドル貯金していた。	He laid aside a few dollars each week.
2259	比較的	ひかくてき	adverb	comparatively; relatively	通貨市場、債券市場は比較的落ち着いている。	Currency and bond markets are relatively calm.
2260	民族	みんぞく	noun	people; race; nation	その当時、そこには未開民族が住んでいた。	A savage tribe lived there in those days.
2261	激しい	はげしい	i-adjective	violent; furious; tempestuous	その２チームは激しく戦った。	The two teams fought very hard.
2262	珍しい	めずらしい	i-adjective	rare; uncommon; unusual	この秋は、珍しくドラマをたくさん見ている。	This autumn I am, unusually, watching many drama series.
2263	票	ひょう	noun	vote; ballot	棄権が二票あった。	There were two abstentions.
2264	立つ	たつ	verb	to stand (up); to rise; to get to one's feet	私はひどく疲れていて立っていられなかった。	I was too tired to stand.
2265	総理	そうり	noun	prime minister (as the head of a cabinet government); premier	総理は辞職しなければならなかった。	The minister had to resign.
2266	考慮	こうりょ	noun	consideration; taking into account	彼らの考えを考慮しなくてはなりません。	You must take their ideas into account.
2267	茶	ちゃ	noun	tea	わたしはコーヒーよりも茶をこのむ。	I prefer tea to coffee.
2268	解釈	かいしゃく	noun	interpretation; explanation; reading	私の奇妙な夢を解釈して下さい。	Please interpret my strange dreams.
2269	警備	けいび	noun	defense; defence; guard	たくさんの警官がホールを警備した。	A lot of policemen guarded the hall.
2270	違法	いほう	na-adjective	illegal; illicit; unlawful	違法コピーはいけません。	You really shouldn't use pirated software.
2271	風俗	ふうぞく	noun	manners; customs	その地方ではその古い風俗がなお存続している。	The old custom is still kept up in that district.
2272	香り	かおり	noun	aroma; fragrance; scent	バラの香りがその部屋いっぱいに漂っていた。	The perfume of roses filled the room.
2273	うるさい	うるさい	i-adjective	noisy; loud	彼は食べ物についてとても好みがうるさい。	He is very particular about his food.
2274	ついてる	ついてる	expression	to be lucky; to be in luck	昨日は全くついていなかった。	It just was not my day yesterday.
2275	もっとも	もっとも	conjunction	but then; although; though	彼を解雇するもっともな理由がある。	There is a good argument for dismissing him.
2276	クロス	クロス	noun	cross	二本の道はそこでクロスしている。	The two roads cross there.
2277	コイン	コイン	noun	coin	これらの古いコインは彼女にもらった。	I got these old coins from her.
2278	コレクション	コレクション	noun	collection (of art, stamps, etc.); collecting	彼は私に切手のコレクションを見せてくれた。	He showed me his stamp collection.
2279	ジャパン	ジャパン	noun	Japan	ＡＢＣジャパンの経営チームにようこそ。	Welcome to the management team at ABC Japan.
2280	テーブル	テーブル	noun	table	みんなテーブルについて。	Sit at the table.
2281	ドレス	ドレス	noun	dress	彼女は新しいドレスをひどく欲しがっている。	She wants a new dress badly.
2282	バン	バン	noun	bun (hairstyle)	二台のバンが激突してめり込んだ。	The two vans telescoped together.
2283	パーツ	パーツ	noun	part; component	台座に心棒を立てて、各パーツをずらしながら重ねていきます。	You stand the axis on the base and then proceed to stack up each part, staggering their position.
2284	メキシコ	メキシコ	noun	Mexico	おいしいメキシコ料理のレストランを見つけました。	I found a good Mexican restaurant.
2285	ロゴ	ロゴ	noun	logo	デザインも、アーチ型のロゴデザインにより現代的で「登場感」「躍動感」のあるものに仕上げました。	The design was also given the finishing touch to have launch impact and dynamism provided by the novelty of the arch shaped logo design.
2286	休憩	きゅうけい	noun	rest; break; recess	彼は昨夜休憩しないで働き続けた。	He went on working without a break last night.
2287	作用	さよう	noun	action; operation; process	酸は、金属に作用する。	Acid acts on metals.
2288	供給	きょうきゅう	noun	supply; provision; service	最近、この製品に対する需要が供給を上まわっている。	Recently the demand for this product has increased faster than the supply.
2289	俳優	はいゆう	noun	actor; actress; player	やっとジェームス・ボンドは俳優として成功した。	At last, James Bond made it as an actor.
2290	公表	こうひょう	noun	official announcement; proclamation	ケリーはその事実を公表した。	Kelly brought the matter to light.
2291	判明	はんめい	noun	becoming clear; coming to light; being ascertained	彼の推測は結局正しいことが判明した。	His guess turned out to be right.
2292	動作	どうさ	noun	movement (of the body); action; motion	彼の娘は動作がきびきびしている。	His daughter is quick in her movements.
2293	勢力	せいりょく	noun	influence; power; might	彼の勢力は国中に及んでいる。	His influence extends all over the country.
2294	半年	はんとし	noun	half a year; six months	学生時代、イギリスに半年留学しました。	I studied in England for six months when I was a student.
2295	地上	ちじょう	noun	above ground; on the ground; earth's surface	地上のすべての生物は互いに依存し合っている。	All living things on earth depend one another.
2296	塾	じゅく	noun	cram school; private tutoring school; juku	彼は塾で勉強している。	He studies at a cram school.
2297	大半	たいはん	noun	majority; more than half; most (of)	大手銀行の大半がこの制度を導入している。	The majority of big banks are introducing this system.
2298	大幅	おおはば	na-adjective	big; large; drastic	大幅に昇給した。	I got a big pay raise.
2299	女王	じょおう	noun	queen; female monarch; female sovereign	女王はバッキンガム宮殿に住んでいる。	The Queen lives in Buckingham Palace.
2300	対立	たいりつ	noun	confrontation; opposition; antagonism	彼は対立を引き起こそうと、わざとしつこくした。	He deliberately kept on provoking a confrontation.
2301	市内	しない	noun	in the city; within the city	このバスに乗れば市内一周が出来ます。	This bus will take you around the city.
2302	廃止	はいし	noun	abolition; discontinuance; discontinuation	これらの古い規則を廃止しなければならない。	We must do away with these old rules.
2303	引用	いんよう	noun	quotation; citation; reference	彼はしばしばシェイクスピアから引用する。	He often quotes from Shakespeare.
2304	待つ	まつ	verb	to wait	電話を切らないでそのままお待ち下さい。	Hold the line, please.
2305	息	いき	noun	breath; breathing	息を深く吸ったり吐いたりしてください。	Take a deep breath in and out, please.
2306	意図	いと	noun	intention; aim; design	彼は君の仕事を妨害する意図など持っていない。	He has no intention to interfere with your business.
2307	晩	ばん	noun	evening; night	彼女の笑いはその晩にはふさわしくなかった。	Her laughter was not becoming that evening.
2308	暑い	あつい	i-adjective	hot; warm; sultry	とても暑くて、それ以上我慢できなかった。	It was hot. I couldn't stand it any longer.
2309	格好	かっこう	noun	shape; form; figure	こんな格好でしつれいします。	Pardon me for being in this dress.
2310	欄	らん	noun	section (e.g. in a newspaper); column; page	注はページの下欄についている。	The notes are at the bottom of the page.
2311	歩く	あるく	verb	to walk	疲れていてこれ以上歩けません。	I'm too tired to walk any further.
2312	民主党	みんしゅとう	noun	Democratic Party	彼女は民主党に所属しています。	She belongs to the Democratic Party.
2313	洗濯	せんたく	noun	washing; laundry	このシャツを洗濯する必要があります。	You need to wash this shirt.
2314	漢字	かんじ	noun	kanji; Chinese character	漢字を少し教えてください。	Teach me some kanji, please.
2315	田舎	いなか	noun	rural area; countryside; the sticks	田舎に滞在している間、私は楽しく過ごした。	I had a good time while I stayed in the country.
2316	症状	しょうじょう	noun	symptoms; condition (of a patient)	これらの症状の原因はまだ分かっていない。	What accounts for these symptoms hasn't been discovered yet.
2317	皮	かわ	noun	skin; hide; pelt	モモの皮は傷みやすい。	The skin of peaches bruises easily.
2318	直前	ちょくぜん	noun	just before; just prior to	私が電話したとき、ボブは出かける直前だった。	Bob was on the point of leaving when I rang him up.
2319	英国	えいこく	noun	United Kingdom; Britain; Great Britain	英国紳士のように振舞ってください。	Please behave like an English gentleman.
2320	視点	してん	noun	point of view; viewpoint; angle	うっ！日本酒が効いてきた。視点があわなくてまっすぐ歩けない。	Whoo! I'm feeling that sake. I'm getting blurred vision and I can't walk straight.
2321	観察	かんさつ	noun	observation; survey; watching	昨夜、屋上から星を観察した。	Last night, we watched the stars from the rooftop.
2322	閉鎖	へいさ	noun	closing; closure	その博物館は今は閉鎖している。	The museum is closed now.
2323	需要	じゅよう	noun	demand; need	コーヒーに対する需要は大きい。	There is a big market for coffee.
2324	めちゃくちゃ	めちゃくちゃ	na-adjective	absurd; unreasonable; nonsensical	仕事がめちゃくちゃ忙しかったんです。	I've been snowed under with work lately.
2325	アウト	アウト	noun	out (of a ball; in tennis, etc.); outside the line	最初の打者はアウトになった。	The first batter was caught out.
2326	ウイルス	ウイルス	noun	virus	私のウイルス対策用ソフトウエアは不良品でした。	Apparently my anti-virus software is not up to snuff.
2327	サンプル	サンプル	noun	sample; example; specimen	サンプルが必要でしたらご連絡下さい。	If you would like to have a sample, please let us know.
2328	スタジオ	スタジオ	noun	studio	スタジオに入れません。	We cannot go into the studio.
2329	タクシー	タクシー	noun	taxi	来月タクシー料金があがります。	Taxi fares will go up next month.
2330	一致	いっち	noun	agreement; accord; correspondence	なんと不思議な偶然の一致だろう。	What a coincidence!
2331	不正	ふせい	noun	injustice; unfairness; wrongdoing	ときどき不正出血があります。	I sometimes have abnormal vaginal bleeding.
2332	仲良く	なかよく	adverb	on good terms (with); on friendly terms (with); (getting along) well	我々はとても仲良くやっている。	We are getting on first-rate.
2333	出力	しゅつりょく	noun	output (electrical, signal, etc.)	ディスクと出力紙をかばんに詰めて下さい。	Please pack the disks and hard copies into the briefcase.
2334	収集	しゅうしゅう	noun	collecting; accumulating; gathering	データを収集するため、次の実験を行った。	They conducted the following experiment to collect the data.
2335	多様	たよう	na-adjective	diverse; various	彼の才能は大変素晴らしくそして多様であった。	His abilities were very great and various.
2336	姉妹	しまい	noun	sisters	その姉妹はとても良く似ている。	The sisters are quite alike.
2337	岩	いわ	noun	rock; boulder	上から岩が落ちてきた。	A rock fell from above.
2338	弁当	べんとう	noun	bento; Japanese box lunch	暖かい弁当が買える。	We can buy hot lunches.
2339	形成	けいせい	noun	formation; molding; making (up)	男は社会を形成する。	The men form a society.
2340	微妙	びみょう	na-adjective	subtle; delicate; fine	私はかなり微妙な立場にある。	I find myself in a rather delicate situation.
2341	我	われ	pronoun	I; me	我思う、故に我あり。	I think, therefore I am.
2342	才	さい	noun	ability; gift; talent	９０歳以上生きることは決してまれではない。	It is not rare at all to live over ninety years.
2343	族	ぞく	noun	tribe; race; people	インカ族は幅広い興味を持っていた。	The Incas had a wide range of interests.
2344	暗殺	あんさつ	noun	assassination	彼は自分を暗殺しようという陰謀を知らなかった。	He was ignorant of the plot to assassinate him.
2345	楽しむ	たのしむ	verb	to enjoy; to take pleasure in; to have a good time	さあ、楽しんでいらっしゃい。	Now, go have a good time.
2346	武装	ぶそう	noun	arms; armament; taking up arms	その兵士たちは武装していた。	The soldiers were equipped with weapons.
2347	池	いけ	noun	pond	その池は直径１００メートルある。	The pond is 100 meters in diameter.
2348	済む	すむ	verb	to finish; to end; to be completed	済んだら戻してください。	Bring it back when you are through.
2349	直	じき	na-adjective	soon; in a moment; before long	彼女はじきよくなるだろう。	She will get well soon.
2350	立派	りっぱ	na-adjective	splendid; fine; handsome	いっしょうけんめい勉強して、立派な人になりましょう。	Let's study hard and become great men.
2351	競馬	けいば	noun	horse racing	彼は競馬で時間をむだに過ごした。	He wasted his time on gambling at the horse races.
2352	缶	かん	noun	can; tin	この缶にはおよそ４ガロン入る。	This can holds about 4 gallons.
2353	脱出	だっしゅつ	noun	escape; getting away (from); getting out (of)	何とかそこから脱出した。	We made it out of there.
2354	自民党	じみんとう	noun	Liberal Democratic Party; LDP	自民党はみそぎが必要ですね。	The LDP needs a spiritual cleansing.
2355	英雄	えいゆう	noun	hero; heroine; great person	現代の英雄はロックスターが代表している。	Modern heroes are represented by rock stars.
2356	衛星	えいせい	noun	(natural) satellite; moon	衛星の中には爆発したものや衝突した物もある。	Some satellites have exploded or collided.
2357	補助	ほじょ	noun	assistance; support; help	共和党は民主党の地方人気とり補助金政策を非難しました。	The GOP accused the Democrats of pork barrel politics.
2358	要請	ようせい	noun	appeal; call for something; request	そういう事情なのでその要請は認められない。	Under the circumstances I cannot allow the request.
2359	設立	せつりつ	noun	establishment; founding	その企業はトンネル会社を設立しました。	The corporation set up a dummy company.
2360	財産	ざいさん	noun	property; fortune; assets	彼女の財産は少ない。	Her means are small.
2361	連合	れんごう	noun	union; combination; alliance	党が連合して、新しい政府となった。	A combination of parties formed the new government.
2362	連邦	れんぽう	noun	federation (of states); confederation; commonwealth	ＵＳＳＲはソビエト社会主義共和国連邦を表しています。	U.S.S.R. stands for the Union of Soviet Socialist Republics.
2363	もしか	もしか	adverb	if; in case; supposing	もしかこの方面に来るようなことがあったらお寄りください。	If you come this way by any chance, drop in to see me.
2364	アイデア	アイデア	noun	idea	昨日よいアイデアが浮かんだ。	Yesterday I hit on a good idea.
2365	オール	オール	noun	all	このボートは６本オールだ。	This boat has six oars.
2366	キリスト	キリスト	noun	Christ	牧師は彼女のキリスト信仰の告白を聞いた。	The minister listened to her profession of Christianity.
2367	クリック	クリック	noun	(mouse) click	画像をクリックすると次ページへ移ります！	Click the picture to go to the next page!
2368	クール	クール	na-adjective	cool (temperature, color, etc.)	彼女のクールな視線に、俺はドキッとした。	Her cool gaze made my heart skip a beat.
2369	コート	コート	noun	coat	このコートは素敵だけど高価すぎる。	This coat is nice, but too expensive.
2370	セクシー	セクシー	na-adjective	sexy	彼はとてもセクシーだ。	He's very sexy.
2371	ブーム	ブーム	noun	boom; craze; fad	ブームは峠を越した。	The boom has peaked out.
2372	不良	ふりょう	adjective	bad; poor; inferior	不良たちは彼を殴り倒して財布を奪った。	The delinquents knocked him down and stole his wallet.
2373	中古	ちゅうこ	adjective	used; second-hand; old	私の車は中古だ。	My car is a used one.
2374	体調	たいちょう	noun	physical condition; state of health; shape	よく眠った後で体調は最もよい状態だった。	I was at my best after a good sleep.
2375	先週	せんしゅう	noun	last week; the week before	先週止めたところからまた読み始めましょう。	Let's resume reading where we left off last week.
2376	刺激	しげき	noun	stimulus; stimulation; irritation (esp. of the body, e.g. skin, eyes)	辛くて刺激の多いものは食べないように。	You shouldn't eat anything spicy.
2377	創造	そうぞう	noun	creation	神は宇宙を創造した。	God made the universe.
2378	化粧	けしょう	noun	make-up; makeup; cosmetics	彼女はいつもうまく化粧している。	She is always well made up.
2379	吸収	きゅうしゅう	noun	absorption; suction; attraction	彼は新しい思想を吸収した。	He absorbed new ideas.
2380	天然	てんねん	noun	nature; spontaneity	天然物中に利用しえるものがたくさんあります。	There are many natural objects that we can put to use.
2381	実質	じっしつ	noun	substance; essence	彼の提案は実質上命令であった。	His suggestion was, effectively, an order.
2382	屋根	やね	noun	roof	その木は屋根よりも高く立っている。	The tree stands higher than the roof.
2383	才能	さいのう	noun	talent; ability	才能ある者を抑えておくことはできない。	You can't keep a good man down.
2384	改革	かいかく	noun	reform; reformation; reorganization	教育の改革はまだまだこれからだ。	Educational reforms still have a long way to go.
2385	構築	こうちく	noun	construction; building; putting up	ペリーはエメット理論がニュートン物理学とは無関係に構築されたと考えているが、それは誤っている。	Perry is mistaken in thinking that Emmet's theory was constructed without reference to Newtonian physics.
2386	正体	しょうたい	noun	true character; true form; true colors	猫かぶりしてもお前の正体は分かっているよ。	You are a wolf in sheep's clothing.
2387	港	みなと	noun	harbour; harbor; port	昔、この港は繁栄していた。	Formerly this harbor was prosperous.
2388	生まれる	うまれる	verb	to be born	彼は紳士として生れ育てられた。	He was born and bred a gentleman.
2389	相変わらず	あいかわらず	adverb	as usual; as always; as before	相変わらずまだ寒い。	It is still as cold as ever.
2390	突破	とっぱ	noun	breaking through; breakthrough; penetration	我が軍は敵の防御を突破した。	Our army broke through the enemy defenses.
2391	若干	じゃっかん	adjective	some; few; a number of	彼は話を和らげるために若干の冗談を必要とする。	He needs a few jokes to lighten up his talk.
2392	訴え	うったえ	noun	lawsuit; complaint	彼は僕の訴えを聞こうとしなかった。	He was deaf to my pleas.
2393	貸し	かし	noun	loan; lending; hire	今持っているお金はすべてお貸ししましょう。	I will lend you what little money I have now.
2394	通知	つうち	noun	notice; notification; report	その通知はひどい印刷だった。	The notice was badly printed.
2395	関わる	かかわる	verb	to be involved (in); to get involved (in); to concern oneself (with)	あいつとは今後関わらない。	I've done with him for the future.
2396	お菓子	おかし	noun	confections; sweets; candy	お母さんだけがこのお菓子をつくれます。	Mom alone can make this cake.
2397	どんなに	どんなに	adverb	how; how much; to what extent	もっと注意していればどんなによかったか！	How I wish I had been more careful!
2398	まくる	まくる	verb	to turn up; to roll up (e.g. sleeves)	少年はゴールに向かって走りまくった。	The boy ran and ran toward the goal.
2399	カップル	カップル	noun	couple	あのカップルはほとんど毎日酔っ払っている。	That couple gets soused nearly every night.
2400	ジャケット	ジャケット	noun	jacket	このジャケットはぴったり合う。	This jacket sets well.
2401	テニス	テニス	noun	tennis	昨日初めてテニスをしました。	I played tennis yesterday for the first time.
2402	パー	パー	noun	paper (in rock-paper-scissors)	「じゃんけんね」「ぐー」「ちょ・・パー」「後出しかよ！」	Rock-paper-scissors, OK? "Rock." "Sciss... paper." "You cheated!"
2403	ベル	ベル	noun	bell	電話はベルによって発明された。	The telephone was invented by Bell.
2404	メイド	メイド	noun	maid	メードがケーキを持って入って来た。	The maid came in bearing a cake.
2405	主人	しゅじん	noun	head (of a household); proprietor (of a store); proprietress	主人を呼んでいただけませんか。	Would you call up my husband?
2406	代理	だいり	noun	representation; agency; proxy	留守の間私の代理をしていただけますか。	Could you act for me while I'm out?
2407	保管	ほかん	noun	charge; custody; safekeeping	その書類に関しては私が保管しています。	As for the papers, I have custody of them.
2408	具	ぐ	noun	tool; means	ぎょうざの具のあまりは？餃子を家で作りましたが、皮が少なかったせいか、具が少し余ってしまいました。	Gyoza stuffing? I made some gyoza at home but, possibly because I didn't have enough dough, I had some of the filling left over.
2409	判決	はんけつ	noun	judicial decision; judgement; judgment	その裁判官は、最終判決をひるがえした。	The judge reversed the final decision.
2410	古代	こだい	noun	ancient times; distant past; antiquity	この習慣は古代から続いている。	This custom dates from ancient times.
2411	外交	がいこう	noun	diplomacy	彼は外交官として長年人生を送ってきた。	He has spent most of his working life as a diplomat.
2412	嬢	じょう	noun	unmarried woman	彼女は成長して、美しい娘になった。	She has grown into a beautiful young lady.
2413	拡散	かくさん	noun	spreading; disseminating; scattering	エイズウイルスの拡散は恐るべき速さで進んでいる。	The speed of the spread of AIDS is horrifyingly fast.
2414	新品	しんぴん	noun	brand-new article; new item	時計が故障してしまったので、新品が欲しい。	My watch is broken, so I want a new one.
2415	東北	とうほく	noun	north-east	東北地方は旅行する価値があります。	The Tohoku district is worth traveling to.
2416	極めて	きわめて	adverb	exceedingly; extremely; decisively	これらの問題はきわめて簡単に答えられる。	These questions can be answered quite simply.
2417	決勝	けっしょう	noun	decision of a contest	そのチームは準決勝に勝って決勝に進出した。	The team won the semifinals and advanced to the finals.
2418	浮気	うわき	noun	extramarital sex; affair; fooling around	彼は浮気していた。	He was cheating.
2419	温度	おんど	noun	temperature	私は温度を毎日記録している。	I keep a daily record of the temperature.
2420	現役	げんえき	noun	active duty; active service	現役を引退した後、テレサは孤児の世話に一身をささげた。	After retirement, Teresa devoted herself to caring for orphans.
2421	経過	けいか	noun	passage (of time); elapsing; lapse	彼が出発して３時間半が経過した。	Three and a half hours have passed since he left.
2422	統計	とうけい	noun	statistics	統計によれば世界の人口は増加している。	Statistics show that the population of the world is increasing.
2423	認める	みとめる	verb	to recognize; to recognise; to observe	民間企業に対する投資をもっと認めてほしい。	I'm eager to be allowed to do more private-sector investment.
2424	説得	せっとく	noun	persuasion	彼を何とか説得して私の考え方に従わせた。	I managed to bring him around to my way of thinking.
2425	講師	こうし	noun	speaker; lecturer	講師は公害問題について講演した。	The lecturer spoke on pollution problems.
2426	軽い	かるい	i-adjective	light (i.e. not heavy); feeling light (i.e. offering little resistance, moving easily)	軽く食べましょう。	Let's catch a bite.
2427	近年	きんねん	noun	recent years	近年、物価が徐々に上がっている。	Prices have been gradually rising in recent years.
2428	部下	ぶか	noun	subordinate person	彼は私の部下だ。	He works under me.
2429	部長	ぶちょう	noun	head (chief, director) of a section or department	部長が提案を受け入れました。	The section chief accepted the proposal.
2430	重視	じゅうし	noun	regarding as important; attaching importance to; taking a serious view of	彼らは私の意見を重視しなかった。	They didn't take much account of my opinion.
2431	金持ち	かねもち	noun	rich person; wealthy person	彼の叔父は金持ちらしかった。	His uncle appeared rich.
2432	騒動	そうどう	noun	riot; rebellion; turmoil	国民の怒りが噴出して騒動が繰り返された。	The anger of the people exploded, leading to a series of riots.
2433	うどん	うどん	noun	udon; thick Japanese wheat noodles	そばはそば粉から、うどんやきしめんは普通の小麦粉からできてるの。	Soba is made of buckwheat flour, and udon and kishimen are made of plain wheat flour.
2434	シート	シート	noun	sheet	自分のシートに戻りなさい。	Go back to your seat.
2435	ペン	ペン	noun	pen	私のペンはとても書きやすい。	My pen is very easy to write.
2436	マッチ	マッチ	noun	match (for lighting a fire)	マッチありますか。	Do you have a match?
2437	ミッション	ミッション	noun	mission; delegation	明日は朝イチで大事なミッションがあるのだ。こんなことしてる場合じゃない。	Tomorrow, I've got an important mission first thing in the morning. I shouldn't be wasting my time with this.
2438	メガネ	メガネ	noun	glasses; eyeglasses; spectacles	めがねを忘れるなんて恥ずかしいことだ。	Fancy forgetting my glasses, it's so embarrassing.
2439	付き合い	つきあい	noun	association; socializing; socialising	みなさん最後まで御付き合いください。	Stay with me, ladies and gentlemen.
2440	会見	かいけん	noun	interview; audience; meeting	首相は報道陣と会見した。	The Prime Minister met with the press.
2441	体育	たいいく	noun	physical education; PE; gym (class)	その学校は最新の体育器具を備えている。	That school is equipped with the latest gymnastics apparatus.
2442	切る	きる	verb	to cut; to cut through; to perform (surgery)	切らずにそのままお待ち下さい。	Hold the line, please.
2443	勝つ	かつ	verb	to win; to gain victory	彼にはどうしても勝てない。まだまだ甘いな。	I just can't seem to outdo him. I've got a lot to learn.
2444	受信	じゅしん	noun	receiving (a message, letter, email, etc.); reception (radio, TV, etc.)	受信状態がよくない。	The reception isn't good.
2445	各地	かくち	noun	each place; every place; various places	毎年、世界各地に異常な天気が起きています。	Every year brings stranger weather to many areas of the world.
2446	工作	こうさく	noun	handicraft	彼は工作がうまい。	He has skill in handwork.
2447	広い	ひろい	i-adjective	spacious; vast; wide	彼の理論は妥当なものとして広く認められている。	His theory is widely accepted as valid.
2448	待機	たいき	noun	standing by; awaiting an opportunity; being on alert	いつでも家で待機しています。	I'm always on call at home.
2449	必須	ひっす	adjective	indispensable; essential; requisite	この用紙に必須事項を記入してください。	Please fill out this form.
2450	戦後	せんご	noun	postwar period; period after Second World War	戦後大きな変化が生じた。	A great change has come about after the war.
2451	探偵	たんてい	noun	detective; investigator; sleuth	その探偵はずいぶん危ない橋を渡ってきた。	The detective has a lot of adventures.
2452	接触	せっしょく	noun	touch; contact; touching	彼はいろいろな人種の人と接触している。	He is in touch with all kinds of people.
2453	支払い	しはらい	noun	payment	彼は、なんだかんだ言って支払いを延期した。	He delayed payment on some pretext or other.
2454	日曜	にちよう	noun	Sunday	彼は日曜でさえ働かねばならなかった。	He had to work even on Sunday.
2455	柄	がら	noun	pattern; design	われわれはそんなりっぱな家に住む柄ではない。	It is not for us to live in such a fine house.
2456	格	かく	noun	status; position; rank	将軍の堂々とした格幅は誰でも威圧される。	The general's massive presence awes everyone.
2457	椅子	いす	noun	chair; seat; stool	なあに、その椅子？	What's this chair doing here?
2458	検証	けんしょう	noun	verification; confirmation; substantiation	公正を正確にするため、データの再検証が必要である。	Reexamination of the data is required to make the formula accurate.
2459	正式	せいしき	na-adjective	formal; official; regular	正式な契約書をお送りします。	I will send our formal agreement to you.
2460	汚い	きたない	i-adjective	dirty; filthy; foul	彼の部屋は汚い。	His room is untidy.
2461	爪	つめ	noun	nail (e.g. fingernail, toenail); claw; talon	猫が私の手につめを立てた。	The cat dug its claws into my hand.
2462	発揮	はっき	noun	show (of power, ability, etc.); exhibition; demonstration	利益は効果を発揮してる。	Benefits are in effect.
2463	真似	まね	noun	imitating; copying; mimicry	トムはその歌手をそっくりまねできる。	Tom can imitate that singer perfectly.
2464	稼ぎ	かせぎ	noun	earnings	我々の稼ぎは実力に比例している。	Our earnings are in proportion to our real ability.
2465	翼	つばさ	noun	wing	もし翼があれば、月まで飛んで行けるだろうか。	If we had wings, could we fly to the moon?
2466	背	せ	noun	back	彼は今年３センチ背が伸びた。	He has grown three centimeters this year.
2467	至る	いたる	verb	to arrive at (e.g. a decision); to reach (a stage); to attain	どんな言葉も彼を説得するには至らなかった。	No words availed to persuade him.
2468	表記	ひょうき	noun	expression in writing; written representation; notation	しかし、中国では、｢人権｣という言葉が使われず、基本的権利と表記される。	However, in China, they don't use a word for "human rights," but instead express it as "fundamental rights".
2469	表面	ひょうめん	noun	surface; face	人々は必ずしも表面に表われた通りではない。	People are not always what they seem.
2470	謝罪	しゃざい	noun	apology	彼女の謝罪はただの見せかけだった。	Her apology was nothing but show.
2471	輸送	ゆそう	noun	transport; transportation; transit	彼の発見は輸送における革命をもたらした。	His discovery gave rise to a revolution in transport.
2472	逆転	ぎゃくてん	noun	reversal (of a situation); turnaround; turnabout	松井、起死回生の逆転満塁サヨナラホームラン！	Matsui pulled the Giants back from the brink with a grand slam that gave them a come-from-behind victory.
2473	金額	きんがく	noun	amount of money; sum	使った金額は全部で幾らですか？	How much money did you spend in total?
2474	鍋	なべ	noun	pan; pot; saucepan	その鍋に触らないで。すごく熱いから。	Don't touch that pan! It's very hot.
2475	階段	かいだん	noun	stairs; stairway; staircase	慌てていて階段から落ちてしまいました。	I fell down the stairs in my haste.
2476	いじめ	いじめ	noun	bullying; teasing	いじめによる高校生の自殺が相次いでいました。	Suicides of high school students as a result of bullying continued one after another.
2477	いらっしゃい	いらっしゃい	interjection	come; go; stay	さあ、楽しんでいらっしゃい。	Now, go have a good time.
2478	お父さん	おとうさん	noun	father; dad; papa	お父さんによろしくお伝え下さい。	Please be sure to give my best regards to your father.
2479	それほど	それほど	adverb	to that degree; to that extent; that much	社会構造はそれほど変わらない。	The social structure is not much different.
2480	にかけて	にかけて	expression	till; to; over (a period)	私は週末にかけて伊豆へ行くつもりだ。	I'm going to Izu over the weekend.
2481	スイッチ	スイッチ	noun	switch	彼女はスイッチを押した。	She pressed the switch.
2482	ダイヤ	ダイヤ	noun	(railway) schedule; timetable	ダイヤは明るく光った。	The diamond shone brightly.
2483	ダブル	ダブル	noun	double	ダブルにしてください。	A double, please.
2484	テープ	テープ	noun	tape	明日そのテープを返してください。	Please bring back the tape tomorrow.
2485	パフォーマンス	パフォーマンス	noun	performance (e.g. music, dance, drama)	あれ？何だろ？パフォーマンスでもやってるのか？	Hello, what's that? Somebody doing street theatre or something?
2486	ラボ	ラボ	noun	lab	この山を登ればラボに着きます。	If you climb up this mountain, you'll reach the lab.
2487	乙	おつ	noun	(the) second (party, rank, etc.); B (grade); the latter	甲の食物は乙の毒。	One man's meat is another man's poison.
2488	亀	かめ	noun	tortoise; turtle	ある日、彼は弱いカメを助けた。	One day he helped a weak turtle.
2489	予告	よこく	noun	(advance) notice; preliminary announcement; warning	価格は予告なく変更されることがあります。	Prices are subject to change without notice.
2490	人材	じんざい	noun	capable person; talented person	彼は会社にとって重要な人材だ。	He is a valuable acquisition to our company.
2491	今月	こんげつ	noun	this month	今月いっぱいここにいます。	I will stay here all this month.
2492	体力	たいりょく	noun	physical strength; power; stamina	彼の体力は徐々に衰えた。	His strength slowly declined.
2493	兵士	へいし	noun	soldier	負傷した兵士はほとんど歩けなかった。	The wounded soldier could hardly walk.
2494	再開	さいかい	noun	reopening; resumption; restarting	集会は何時に再開するか明らかでない。	It is not clear when the meeting will open again.
2495	冷静	れいせい	noun	calmness; composure; coolness	そのケースは冷静に対処する必要がある。	The occasion demands a cool head.
2496	割引	わりびき	noun	discount; reduction; rebate	彼の話は割引して聞いたほうがいい。	You should discount his story.
2497	劇	げき	noun	drama; play	劇は残念なくらい早く終わった。	The play ended all too soon.
2498	呼吸	こきゅう	noun	breathing; respiration	彼の呼吸は次第に弱くなった。	His breathing became faint.
2499	圧力	あつりょく	noun	pressure	外部からの圧力がますます強くなってきている。	External pressure grows ever more intense.
2500	外れ	はずれ	noun	end; verge; extremity	彼は調子っぱずれに歌った。	He sang off key.
2501	妙	みょう	na-adjective	strange; weird; odd	彼女の言う事は妙に聞こえる。	What she says sounds strange.
2502	実感	じっかん	noun	real feeling; actual feeling	動けるようになると健康の有難さを実感しますよね。	It's when you become able to move that the real value of health hits home.
2503	届	とどけ	noun	report; notification; registration	明日は履修届けを出しに学校へ行きます。	Tomorrow we go to school to sign up for the classes we want to take.
2504	庭	にわ	noun	garden; yard; courtyard	彼はちょうど庭掃除をしていました。	I found him working in the garden.
2505	引く	ひく	verb	to pull; to tug; to lead (e.g. a horse)	引かないで押してあけるんです。	Don't pull it. Push it open.
2506	成人	せいじん	noun	adult; grown-up	私の成人した息子は今留学しています。	My grown-up son is studying abroad now.
2507	日曜日	にちようび	noun	Sunday	次の日曜日ぼくとつき合ってもらえないかな。	I wonder if you'd like to go out with me this Sunday.
2508	来週	らいしゅう	noun	next week	何とか都合つけて来週お目にかかりましょう。	I'll manage to fit you in next week.
2509	消滅	しょうめつ	noun	extinction; extinguishment; disappearance	虎は消滅しかかっている種族である。	The tiger is a vanishing species.
2510	滞在	たいざい	noun	stay; sojourn	３カ月滞在します。	I'll be staying here for three months.
2511	狩り	かり	noun	hunting; hunt; shooting	王様はけさ狩りに出かけた。	The king went hunting this morning.
2512	矢	や	noun	arrow	７歳の時、すでに自ら弓と矢を作った。	By the age of seven, he had already made his own bow and arrows.
2513	箇所	かしょ	noun	place; point; part	新聞はその演説から数箇所引用していた。	The newspaper extracted several passages from the speech.
2514	美女	びじょ	noun	beautiful woman	気の弱い男が美女を得たためしがない。	Faint heart never won fair lady.
2515	膝	ひざ	noun	knee	彼女の服は膝まで届いていない。	Her dress is above the knee.
2516	表紙	ひょうし	noun	cover (of a book, magazine, etc.); binding	父は表紙の取れた古い辞書を使っています。	My father uses an old dictionary whose cover has come off.
2517	論文	ろんぶん	noun	thesis; essay; treatise	彼の論文には決して満足出来ない。	His paper is far from satisfactory.
2518	議会	ぎかい	noun	congress; parliament; diet	女王は来週、議会で演説するつもりでいる。	The queen is going to address parliament next week.
2519	起こす	おこす	verb	to raise; to raise up; to set up	どんなに遅くなっても起こしてください。	However late you may be, be sure to wake me.
2520	退職	たいしょく	noun	retirement; resignation	退職したのでしばらくのんびり暮らすつもりです。	I've retired and I'm going to take it easy for a while.
2521	通貨	つうか	noun	currency	通貨市場、債券市場は比較的落ち着いている。	Currency and bond markets are relatively calm.
2522	通過	つうか	noun	passing through (a tunnel, station, town, etc.); passing by (e.g. of a typhoon); transit	その列車は元町駅を通過します。	The train will pass Motomachi Station.
2523	適切	てきせつ	na-adjective	appropriate; suitable; fitting	あれはどうも適切な発言ではなかった。	That was not at all an appropriate remark.
2524	録画	ろくが	noun	(video) recording	MPEG-4 AVC録画の実力テスト：使いやすさはもとより、画質・音質の実力も高い。	MPEG-4 AVC recording practical test: It was always easy to use, now the picture and sound quality is high too.
2525	驚く	おどろく	verb	to be surprised; to be taken aback; to be amazed	ニュースを聞いて、とても驚きました。	I was very surprised at the news.
2526	たとえ	たとえ	adverb	even if; no matter (what); if	誤りはたとえあるとしても少ない。	There are few, if any, mistakes.
2527	なんとなく	なんとなく	adverb	somehow; for some reason (or other); without knowing why	何となくはわかりました。	I sort of understand.
2528	はるか	はるか	na-adjective	far away; far off; far	はるかその島が見えます。	You can see the island in the distance.
2529	ガール	ガール	noun	girl	ボールボーイとボールガールはみな地元の学校の生徒だ。	The ballboys and ballgirls all come from local schools.
2530	コール	コール	noun	(telephone) call; ring (of a telephone)	帰る前に必ず「帰るコール」を入れてね。	Be sure to call home before you leave the office.
2531	ナイト	ナイト	noun	knight	クリスはヴァンパイア・ナイトを倒した！	Chris defeated the vampire knight!
2532	ヒロイン	ヒロイン	noun	heroine; female protagonist	その小説のヒロインは自殺した。	The heroine of the novel committed suicide.
2533	丁寧	ていねい	na-adjective	polite; courteous; civil	彼のふるまいはとても丁寧とは言えなかった。	His behavior was anything but polite.
2534	上映	じょうえい	noun	screening (a movie); showing	いま、何を上映していますか。	What movies are playing now?
2535	下着	したぎ	noun	underwear; undergarment; underclothes	下着までビショビショです。	I got soaked to the skin.
2536	人事	じんじ	noun	human affairs; mundane matters; things human	君はまるで人ごとみたいな顔をしているね。	You look as if it were none of your business.
2537	侵入	しんにゅう	noun	invasion; incursion; raid	コンピューターはあらゆる分野に侵入して来た。	Computers have invaded every field.
2538	信仰	しんこう	noun	(religious) faith; belief; creed	その古い信仰がまだ広く行われている。	The old belief is still widely current.
2539	前日	ぜんじつ	noun	previous day; day before; eve	私は前日無くした本を見つけた。	I found the book which I had lost the day before.
2540	史上	しじょう	adjective	in history; ever; historical	その年の鉄鋼生産は史上最高だった。	Steel production of the year was the highest on record.
2541	大学生	だいがくせい	noun	university student; college student	大学生として通用します。	He passes for a college student.
2542	実用	じつよう	noun	practical use; utility	実用性と芸術性が相まって住みよい家ができる。	Practical utility and artistic beauty combine to make a comfortable house to live in.
2543	寂しい	さびしい	i-adjective	lonely; lonesome; solitary	あなたが行ってしまったら寂しくなります。	I'll miss you when you're gone.
2544	対抗	たいこう	noun	opposition; rivalry; competition	私は彼に対抗して入札した。	I bid against him.
2545	届く	とどく	verb	to reach; to touch; to get to	２、３日たってはじめてその知らせが届いた。	It was not until a few days later that the news arrived.
2546	常識	じょうしき	noun	common sense; good sense; common knowledge	メアリーには常識が欠けている。	Mary is in want of common sense.
2547	憧れ	あこがれ	noun	yearning; longing; aspiration	彼女は兄にあこがれを抱いている。	She adores her elder brother.
2548	扱う	あつかう	verb	to deal with (a person); to treat; to handle	まるで腫れ物に触るように扱った。	He treated it with utmost care.
2549	損	そん	noun	loss; damage; harm	彼は言ったことをし損なった。	He failed to do what he said he would do.
2550	桁	けた	noun	column; beam; girder	医者なら６桁の収入は珍しくない。	A six-figure income is not uncommon for physicians.
2551	歌う	うたう	verb	to sing	歌ったり踊ったりしましょう。	Let's sing and dance.
2552	汚れ	よごれ	noun	dirt; filth; stain	トムはいつも自転車を汚れっぱなしにしている。	Tom always leaves his bicycle dirty.
2553	流れる	ながれる	verb	to stream; to flow (liquid, time, etc.); to run (ink)	彼についていろいろな噂が流れていた。	Rumors were current about him.
2554	現れる	あらわれる	verb	to appear; to come in sight; to become visible	彼の傑作はまだ現れていない。	His masterpiece has not appeared yet.
2555	発達	はったつ	noun	development; growth	彼の精神発達は遅かった。	His mental development was slow.
2556	竜	りゅう	noun	dragon (esp. a Chinese dragon)	竜は想像上の生物である。	The dragon is an imaginary creature.
2557	節	せつ	noun	occasion; time	この１節を読み、日本語に翻訳せよ。	Read this passage and translate it into Japanese.
2558	組合	くみあい	noun	association; union; guild	組合と会社は新しい契約で合意した。	The union and the company have come to terms on a new contract.
2559	経由	けいゆ	noun	going through; going via; going by way of	彼はヨーロッパ経由で帰国した。	He returned home by way of Europe.
2560	結論	けつろん	noun	conclusion (of an argument, discussion, study, etc.)	彼の結論はこれらの事実に基づいている。	His conclusion is based on these facts.
2561	翌日	よくじつ	noun	next day	翌日、またバッテリーが上がってる。	The next day the battery was flat again.
2562	舌	した	noun	tongue	舌を見せてください。	Let me see your tongue.
2563	見つける	みつける	verb	to find; to discover; to come across	彼は、ナタナエル見つけていった。	Philip found Nathanael and told him.
2564	誤解	ごかい	noun	misunderstanding	誤解しないでくれ。	Don't get me wrong.
2565	資本	しほん	noun	funds; capital	資本、土地、労働は生産の三大要素である。	Capital, land and labor are the three key factors of production.
2566	逃げる	にげる	verb	to run away; to flee; to get away (e.g. from danger)	あっという間に逃げてしまった。	He disappeared in an instant.
2567	通る	とおる	verb	to go by; to go past; to go along	彼はいつも偉大な学者として通っている。	He always passes for a great scholar.
2568	過程	かてい	noun	process; course; mechanism	彼はボート作りの過程を説明した。	He explained the process of building a boat.
2569	部品	ぶひん	noun	parts; accessories; components	彼は予備の部品を次々と調べていった。	He examined the spare parts one after another.
2570	録音	ろくおん	noun	(audio) recording	待っている間、録音した音楽でも聞いて下さい。	You can enjoy some recorded music while you wait.
2571	開放	かいほう	noun	opening (a door, window, etc.); leaving open	婦人に開放されている職業は多い。	There are many careers open to women.
2572	雲	くも	noun	cloud	雲一つ見えなかった。	Not a cloud was to be seen.
2573	電波	でんぱ	noun	radio wave; reception; signal	小笠原諸島では、ＮＨＫの電波しか入らない。	You can get only NHK in the Ogasawara islands.
2574	青い	あおい	i-adjective	blue; azure	彼女は青くなったり赤くなったりした。	She became pale and flushed by turns.
2575	魔女	まじょ	noun	witch	その怪しい女性は、魔女と考えられた。	The strange-looking woman was thought to be a witch.
2576	おか	おか	noun	hill; height; knoll	丘の上のあの教会はとても古い。	That church on the hill is very old.
2577	どうにか	どうにか	adverb	in some way or other; one way or another; somehow	どうにか私の考えを先生にわかってもらえた。	I managed to make the teacher understand my idea.
2578	アンケート	アンケート	noun	questionnaire; survey; poll	このアンケート、項目が多すぎて記入する気になれないよ。	I don't feel like filling out this questionnaire. There are too many items.
2579	オレンジ	オレンジ	noun	orange (fruit, colour)	オレンジはビタミンを多く含んでいる。	Oranges have a high vitamin content.
2580	コーチ	コーチ	noun	coach	よいコーチがこのチームを指導している。	A good coach trains this team.
2581	シェア	シェア	noun	sharing; share (on social media)	これは、市場シェアを拡大するすばらしいチャンスです。	This is a great opportunity to increase our market share.
2582	シャワー	シャワー	noun	shower	シャワーが止まりません。調べてください。	I can't turn the shower off. Could you check it for me?
2583	パッケージ	パッケージ	noun	package	使用許諾契約書の条項に同意されない場合は、未開封のメディアパッケージを速やかにABC社に返送していただければ、商品代金を全額払い戻し致します。	In the case of not agreeing to the conditions of the usage consent contract, promptly return the unopened media package to ABC for a full refund.
2584	マイナス	マイナス	noun	minus; subtraction; taking away	彼のまじめさがかえってマイナスになった。	His diligence turned out a disadvantage after all.
2585	レポート	レポート	noun	report; paper	君のレポートを読んでおきましょう。	I'll study your report.
2586	ロス	ロス	noun	loss; waste (e.g. of time)	君はロスを取り戻さなければならない。	You must make up for the loss.
2587	主演	しゅえん	noun	starring (in a film, play, etc.); playing the leading part	主演は誰ですか。	Who plays the lead?
2588	主要	しゅよう	na-adjective	chief; main; principal	彼はその運動で主要な役割を果たした。	He played a major part in the movement.
2589	借金	しゃっきん	noun	debt; loan; liabilities	出来るだけ早く借金は返済します。	I will pay my debt as soon as possible.
2590	偶然	ぐうぜん	noun	coincidence; chance; accident	その発明は、偶然にもたらされました。	The invention was brought about by chance.
2591	印刷	いんさつ	noun	printing	印刷の誤りがたくさん見つかった。	Many typographical errors were found.
2592	土曜日	どようび	noun	Saturday	次の土曜日の午後は空けておいてください。	Please leave next Saturday afternoon free.
2593	墓	はか	noun	grave; gravesite; tomb	彼らは墓を掘った。	They dug a grave.
2594	夕方	ゆうがた	noun	early evening (usu. from 3pm to 6pm); dusk	夕方になって少し雲が出てきました。	By evening, a few clouds had formed.
2595	夫人	ふじん	noun	wife; Mrs; Madam	はじめまして、ジョーンズ夫人。	How do you do, Mrs. Jones?
2596	奥さん	おくさん	noun	wife; your wife; his wife	奥さんによろしく伝えて下さい。	Please say hello to your wife.
2597	尊敬	そんけい	noun	respect; esteem; reverence	我々は彼をよき先輩として尊敬している。	We look up to him as a good senior.
2598	形態	けいたい	noun	form; shape; figure	政治の形態にはいくつかある。	There are several forms of government.
2599	我が	わが	adjective	my; our; one's own	人の振り見て我が振り直せ。	By other's faults wise men correct their own.
2600	指名	しめい	noun	naming; nominating; designating	議長としてドン・ジョーンズを指名したいと思います。	I would like to nominate Don Jones as chairman.
2601	方面	ほうめん	noun	direction; district; area	２５号線北方面の入り口付近にいます。	I'm near the on ramp to 25 north.
2602	某	ぼう	noun	certain; one	その事故は某映画スターの酔っぱらい運転のせいだった。	The accident was due to the drunken driving of a certain film star.
2603	権限	けんげん	noun	power; authority; jurisdiction	彼らを解雇する権限をくれた。	He gave me authority to fire them.
2604	毎月	まいつき	adverb	every month; each month; monthly	私は毎月１０ドルずつ貯金しています。	I put away 10 dollars each month.
2605	汁	しる	noun	juice; sap	奴が一人でうまい汁を吸いやがった。	That guy took the best for himself.
2606	海賊	かいぞく	noun	pirate	海賊ごっこをしようよ。	Let's make believe that we're pirates.
2607	消す	けす	verb	to erase; to rub out; to rub off	出かけるときは、必ず電気を消してくれ。	Be sure to turn out the light when you go out.
2608	演技	えんぎ	noun	acting; performance	彼の演技は決して完璧ではない。	His acting is far from being perfect.
2609	無限	むげん	noun	infinity; infinitude; eternity	彼はおもしろい笑い話を無限に知っている。	He has an endless store of good jokes.
2610	理事	りじ	noun	director; trustee	彼は理事なので、それにふさわしい扱いを受けるべきである。	He is a director, and should be treated as such.
2611	疑い	うたがい	noun	doubt; question; uncertainty	私は彼の死に対して疑いを持っている。	I have a suspicion about his death.
2612	眺め	ながめ	noun	scene; view; prospect	なんて美しい眺めでしょう。	What a beautiful view!
2613	確信	かくしん	noun	conviction; belief; confidence	彼女の無罪を確信しています。	I am convinced of her innocence.
2614	裁判所	さいばんしょ	noun	court; courthouse	あした裁判所で証言しなければならない。	I have to give a testimony in the courtroom tomorrow.
2615	裸	はだか	noun	nakedness; nudity	上半身裸になってください。	Please undress from the waist up.
2616	親友	しんゆう	noun	close friend; bosom friend; buddy	親友を少し作ってずっと付き合いなさい。	Make a few good friends and stick to them.
2617	読者	どくしゃ	noun	reader	こういう本は若い読者向きではない。	These books are not fit for young readers.
2618	講座	こうざ	noun	course (e.g. of lectures)	私は毎朝英語のテレビ講座を見ることにしている。	Every morning I make it a rule to watch the English course on TV.
2619	資源	しげん	noun	resources	何よりも貴重な唯一の資源は土地であった。	The one resource more precious than any other was land.
2620	賛成	さんせい	noun	approval; agreement; support	簡単に言えば、私は賛成しません。	To put it briefly, I do not agree.
2621	跡	あと	noun	trace; tracks; mark	多少あとが残るかもしれません。	There may be some scars.
2622	通し	とおし	noun	continuing from beginning to end; continuous run; consecutive run	彼らはその間ずっとしゃべり通しだった。	They kept talking all the time.
2623	面接	めんせつ	noun	interview (e.g. for a job)	面接にお越しいただきありがとうございました。	Thank you for coming in for the interview.
2624	お祝い	おいわい	noun	congratulation; congratulations; celebration	心からお祝いを申し上げます。	I offer you my hearty congratulations.
2625	なくなる	なくなる	verb	to be lost (e.g. luggage); to be missing	残念だけどコーヒーがなくなりました。	I'm afraid I've run short of coffee.
2626	アパート	アパート	noun	apartment building; apartment block; apartment house	私のアパートは日当たりがいいんです。	My apartment gets plenty of sunshine.
2627	アピール	アピール	noun	appeal (e.g. for peace); plea; request	学生達は扇動者のアピールに動かされた。	The students were animated by the agitator's appeal.
2628	アフリカ	アフリカ	noun	Africa	彼は永久にアフリカを去った。	He left Africa forever.
2629	エピソード	エピソード	noun	episode; anecdote; vignette	私はスターウォーズエピソード１を見ていません。	I didn't watch Star Wars episode 1.
2630	ケーブル	ケーブル	noun	cable	こんなケーブル線ですら、６０００円もした。	Even this cable cost me 6000 yen.
2631	シンプル	シンプル	na-adjective	simple; plain	私は彼女のドレスのシンプルなところが好きだ。	I like the simplicity of her dress.
2632	チョコ	チョコ	noun	chocolate	今日はバレンタインにちなんでチョコを作ってみましょう。	Let's make Valentine's Day chocolate today.
2633	デモ	デモ	noun	demonstration; protest	彼らの小さな抗議が大衆デモに発展した。	Their small protest triggered a mass demonstration.
2634	バッテリー	バッテリー	noun	battery	翌日、またバッテリーが上がってる。	The next day the battery was flat again.
2635	パイロット	パイロット	noun	pilot	パイロットは飛行機を操縦した。	The pilot flew the airplane.
2636	ビッグ	ビッグ	na-adjective	big	どうしてニューヨークのことをビッグアップルって呼ぶの？	Why do they call New York the Big Apple?
2637	ボード	ボード	noun	board	僕はボードの上の駒を一つ前に進めた。	I moved a chess piece on the board one forward.
2638	マンション	マンション	noun	condominium (usu. mid or high-rise); apartment building; apartment house	彼女はもっと広いマンションを探している。	She is looking for a large apartment.
2639	久々	ひさびさ	na-adjective	(in a) long time; long time (ago); while (ago)	久々に聞いたこの曲。なつかしい。	Hearing this song after so long really brings back the old times.
2640	争い	あらそい	noun	fight; dispute; feud	出来るだけ争いを避けなくてはならない。	We have to avoid a conflict as far as possible.
2641	事項	じこう	noun	matter; item; facts	彼はその連絡事項を電話で伝えてくれた。	He sent me the message by telephone.
2642	兄さん	にいさん	noun	older brother; elder brother	彼の兄さんはまもなく帰宅した。	His brother came home soon after.
2643	入院	にゅういん	noun	hospitalization; hospitalisation	私の母は、この夏入院していました。	My mother was in the hospital during the summer.
2644	単なる	たんなる	adjective	mere; simple; sheer	彼の性格には単なる正直以上のものがある。	There is more in his character than simple honesty.
2645	印	いん	noun	stamp; seal; chop	口少ないひとは、賢いしるし。	Few words show men wise.
2646	妖怪	ようかい	noun	ghost; apparition; phantom	一匹の妖怪がヨーロッパを徘徊している。共産主義という妖怪が。	A spectre is haunting Europe — the spectre of communism.
2647	宝	たから	noun	treasure	子に過ぎたる宝なし。	There is no treasure more precious than a child.
2648	尾	お	noun	tail (of an animal); cauda	彼女は列の最後尾に並んでしまった。	She went to the back of the line.
2649	布団	ふとん	noun	futon; Japanese bedding consisting of a mattress and a duvet	蒲団を干して下さい。	Air the futon.
2650	年金	ねんきん	noun	annuity; pension	彼女はわずかな年金で暮らしている。	She lives on a small pension.
2651	幸い	さいわい	noun	happiness; blessedness; luck	最近のカタログを送ってくだされば幸いです。	I'd appreciate it if you sent me your latest catalog.
2652	拠点	きょてん	noun	base (of operations); site; location	パリが１７８９年の革命以前ですら頻繁な暴動の拠点であったという見解には十分な根拠がある。	There are good grounds for the view that Paris was the scene of frequent riots even before the revolution of 1789.
2653	拡張	かくちょう	noun	expansion; extension; enlargement	彼らは征服によって、領土を拡張した。	They extended their territory by conquest.
2654	措置	そち	noun	measure; step; action	適切なときに適切な措置を講ずるべきです。	You should take the appropriate measures at the appropriate time.
2655	未満	みまん	noun	less than; under; below	輸入車は８％未満しか占めていない。	Imported cars account for less than eight percent.
2656	死刑	しけい	noun	death penalty; capital punishment	私は死刑を廃止します。	I will abolish capital punishment.
2657	残業	ざんぎょう	noun	overtime (work)	彼は今週１０時間残業した。	He put in ten hours of overtime this week.
2658	決まり	きまり	noun	rule; regulation	その会社には遅刻に対する厳しいきまりがある。	The company has hard and fast rules against lateness.
2659	泉	いずみ	noun	spring; fountain	彼はその泉の水を飲んだ。	He drank from the spring.
2660	由来	ゆらい	noun	origin; source; history	ゼロという概念はヒンドゥー文化に由来している。	The concept of zero sprang from the Hindu culture.
2661	相性	あいしょう	noun	affinity; compatibility; chemistry (between people)	あの投手とはどうも相性がよくない。	Somehow the pitcher always proves a tough customer to me.
2662	稼ぐ	かせぐ	verb	to earn (income); to make (money)	彼は働いて稼ぐだけみな貯金する。	He saves what he earns.
2663	純粋	じゅんすい	na-adjective	pure; true; genuine	その子は純粋な心を持っていた。	The child had a pure heart.
2664	観測	かんそく	noun	observation; survey; measurement	来年６月２２日に観測される皆既日食。	The total solar eclipse can be observed next year on June 22nd.
2665	評判	ひょうばん	noun	reputation; (public) estimation; popularity	大変評判になっている。	It's making a great stir.
2666	誘導	ゆうどう	noun	guidance; leading; induction	ジェット機は管制塔からの誘導で着陸した。	The jet plane landed following the instructions of the control tower.
2667	課	か	noun	lesson	第３課から始めましょう。	Let's begin with Lesson 3.
2668	警戒	けいかい	noun	vigilance; caution; alertness	警戒するに越したことはない。	You can't be too vigilant.
2669	走行	そうこう	noun	running (of a car, bus, etc.); traveling; travelling	走行中の箱乗りはご遠慮下さい！	Please don't lean out of the window when we're moving.
2670	返信	へんしん	noun	reply (e.g. email, fax, letter); answer	参加できない場合には、返信をください。	If you cannot join us, please reply.
2671	集まる	あつまる	verb	to gather; to collect; to assemble	明日集まりましょう。	Let's get together tomorrow.
2672	青春	せいしゅん	noun	youth; adolescence; springtime of life	青春を遊んで過ごしたことを後悔している。	I regret having idled away my youth.
2673	非難	ひなん	noun	criticism; blame; censure	彼女は動物に対する虐待行為を強く非難した。	She spoke out strongly against cruelty to animals.
2674	風邪	かぜ	noun	(common) cold; influenza; flu	この風邪はどうもよくならない。	I can't get rid of this cold.
2675	おっさん	おっさん	noun	middle-aged man	「おっさん、やさしいなー」ウィリーは言った。	That's very nice of you, Willie answered.
2676	ごく	ごく	adverb	quite; very	ところが地球の磁場はごく弱いものです。	But the earth's magnetic field is very weak.
2677	たまに	たまに	adverb	occasionally; once in a while; now and then	いつもと変えてたまに外で食事しよう。	Let's occasionally change where we go to eat out.
2678	アイス	アイス	noun	ice	捨てられたアイスのまわりにアリがウヨウヨたかっていた。	The area around the melting ice cream was crawling with ants.
2679	アレンジ	アレンジ	noun	arrangement (of music); adaptation (of a story, recipe, etc.); interpretation	たとえ、あまり洋服をもっていなくても、アレンジ次第でおしゃれは楽しめると声を大にして言いたい。	I want to get the word out - even if you don't have a lot of clothes you can enjoy dressing more fashionably by mixing and matching.
2680	インチ	インチ	noun	inch	彼女のウエストは２４インチある。	Her waist measures 24 inches.
2681	キャンプ	キャンプ	noun	camp; camping	彼の友人はそれぞれこの夏、キャンプに行く。	Each of his friends is going to camp this summer.
2682	コミュニケーション	コミュニケーション	noun	communication	我々はいろいろな方法でお互いにコミュニケーションする。	We can communicate with each other in many ways.
2683	スタンド	スタンド	noun	stands; bleachers	次のスタンドまでどのくらいありますか。	How far is the next gas station?
2684	メリット	メリット	noun	advantage; benefit; merit	禁煙するのが早ければ早いほど、そのメリットは大きくなる。	The sooner you give up smoking, the greater the benefits.
2685	不幸	ふこう	noun	unhappiness; sorrow; misfortune	幸福な者もいれば、また不幸な者もいる。	Some are happy; others unhappy.
2686	体操	たいそう	noun	gymnastics; physical exercises	健康のために体操する。	I take exercise for health.
2687	医学	いがく	noun	medicine; medical science	医学は常に進歩している。	Medical science is always on the march.
2688	原則	げんそく	noun	principle; general rule	文法の原則が含まれている。	There are grammatical principles involved.
2689	古	いにしえ	noun	antiquity; ancient times; bygone days	彼女は古新聞紙を山積みにして置いておいた。	She left the old newspapers lying in a heap.
2690	合意	ごうい	noun	(coming to an) agreement; consent; mutual understanding	我々は早く出発することに合意した。	We agreed to start early.
2691	哲学	てつがく	noun	philosophy	現代哲学は１９世紀に始まる。	Modern philosophy has its beginnings in the 19th century.
2692	孫	まご	noun	grandchild	孫たちは私に大きな喜びを与えてくれる。	My grandchildren give me such a delight.
2693	容易	ようい	na-adjective	easy; simple; plain	彼の興奮は容易に説明できる。	His excitement is easily accountable.
2694	成分	せいぶん	noun	ingredient; component; composition	子宮内の羊水は、海水とほぼ同じ成分だそうです。	They say amniotic fluid has roughly the same composition as sea water.
2695	払う	はらう	verb	to pay (e.g. money, bill)	多くて１００ドルしか払えません。	We can pay 100 dollars at most.
2696	排除	はいじょ	noun	exclusion; removal; elimination	暴力は排除しなければならない。	We must do away with violence.
2697	改造	かいぞう	noun	remodeling; remodelling; reconstruction	車庫を仕事場として使えるように改造した。	I adapted the garage for use as a workshop.
2698	政党	せいとう	noun	political party	二つの政党は提携してその法案をつぶした。	The two parties allied to defeat the bill.
2699	教える	おしえる	verb	to teach; to instruct	彼らの到着する正確な時刻を教えて下さい。	Please tell me the precise time of their arrival.
2700	書店	しょてん	noun	bookshop; bookstore	この地区には書店が少ない。	There are few bookstores in this area.
2701	林	はやし	noun	wood; woods; forest	京葉鉄鋼の林様よりご紹介いただきました。	Your name was given to us by Mr. Hayashi of Keiyo Steel Corporation.
2702	流出	りゅうしゅつ	noun	outflow; effluence; efflux	私が石油をいくらか流出させてしまった。	I ran off some of the oil.
2703	消える	きえる	verb	to disappear; to vanish; to go out of sight	流行は古くなって消えていく。	Fashions grow old and die.
2704	深刻	しんこく	na-adjective	serious; severe; grave	あまり深刻に考えるな。ゲームなんだから。	Don't be so serious. It's only a game.
2705	癖	くせ	noun	habit (usu. a bad one); tendency	悪い癖はなかなかとれない。	Bad habits die hard.
2706	真ん中	まんなか	noun	middle; centre; center	道の真ん中に故障した車がとまっていた。	A broken-down car was standing in the middle of the road.
2707	統合	とうごう	noun	integration; unification; unity	天皇は国民の統合の象徴である。	The Emperor is the symbol of the unity of the people.
2708	薄い	うすい	i-adjective	thin (of an object)	彼の髪はますます薄くなった。	His hair got thinner and thinner.
2709	豊か	ゆたか	na-adjective	abundant; plentiful; rich	彼女は豊かな髪をしている。	She has abundant hair.
2710	豪華	ごうか	na-adjective	extravagant; lavish; opulent	なんて豪華なコートを着ているのだろう。	What a gorgeous coat you're wearing!
2711	通勤	つうきん	noun	commuting to work	父はいつも歩いて通勤するわけではない。	My father does not always walk to work.
2712	通報	つうほう	noun	report; notification; tip	すぐ警察に通報してください。	You should notify the police at once.
2713	遊ぶ	あそぶ	verb	to play (games, sports); to enjoy oneself; to have a good time	青春を遊んで過ごしたことを後悔している。	I regret having idled away my youth.
2714	関与	かんよ	noun	participation; taking part in; participating in	ボブはその計画には関与しなかった。	Bob wasn't in on the plan.
2715	電池	でんち	noun	battery; cell	このコンピューターは電池で作動する。	This computer runs on batteries.
2716	いよいよ	いよいよ	adverb	more and more; all the more; increasingly	いよいよ彼女の番になった。	It was her turn at last.
2717	たっぷり	たっぷり	adverb	plentifully; amply; abundantly	観客はたっぷりと５分間拍手した。	The audience applauded for a full five minutes.
2718	ところで	ところで	conjunction	by the way; incidentally; well	ところでこの件は注意する必要がある。	This case requires watching, by the way.
2719	どうやら	どうやら	adverb	possibly; apparently; (seem) likely	どうやら、俺は微睡んでいたらしい・・・。	It looks like I must have dozed off.
2720	ふり	ふり	noun	swing; shake; sweep	こんな風に覚えていて下さってありがとう。	You were thoughtful to remember me in this way.
2721	オーバー	オーバー	noun	overcoat	どうか私のオーバーを捜して下さい。	Please find me my overcoat.
2722	カール	カール	noun	curl (of hair); ringlet	メグの髪は自然にカールする。	Meg's hair curls naturally.
2723	サーバー	サーバー	noun	server	サーバーがダウンしていました。	The server was down.
2724	ショット	ショット	noun	shot	ショットはとても速いものもある。	Some people have very fast serves.
2725	スカート	スカート	noun	skirt	彼女のスカートはぴったり合っている。	Her skirt fits tightly.
2726	タレント	タレント	noun	(TV or radio) entertainer; television personality; radio personality	私は子供のころ、松田聖子のようなタレントになりたかった。	When I was a kid, I dreamed of becoming a star like Seiko Matsuda.
2727	ピザ	ピザ	noun	pizza	このピザ、そう捨てたものでもないよ。	Hey, this pizza isn't bad. Not bad at all.
2728	マイル	マイル	noun	mile	２マイルぐらいあります。	It's about two miles.
2729	ローマ	ローマ	noun	Rome	昨年ローマを訪れるつもりでした。	I intended to visit Rome last year.
2730	上下	じょうげ	noun	top and bottom; high and low; above and below	私は体重７０キロ、数キロの上下はあるが。	I weigh 70 kilos, give or take a few kilos.
2731	下記	かき	noun	the following	下記は先週出荷しました。	We shipped the following to you last week.
2732	判定	はんてい	noun	judgement; judgment; decision	レースは写真判定となった。	The race was a photo finish.
2733	割合	わりあい	noun	rate; ratio; percentage	彼らは１時間３マイルの割合で歩いた。	They walked at the rate of three miles an hour.
2734	加入	かにゅう	noun	joining (a club, organization, etc.); becoming a member; entry	議長はその団体に１０年間加入しています。	The chairperson has been associated with the organization for ten years.
2735	外出	がいしゅつ	noun	going out; outing; leaving (one's home, office, etc.)	とても寒かったので外出しませんでした。	I didn't go out because it was very cold.
2736	帰宅	きたく	noun	returning home; going home; coming home	できるだけ早く帰宅してください。	Please come home as quickly as possible.
2737	徐々に	じょじょに	adverb	gradually; steadily; slowly	彼の健康は徐々に回復している。	His health is improving little by little.
2738	成績	せいせき	noun	results; record; grades	最終成績に関しては、君の最終試験によります。	As to your final grade, that depends on your final examination.
2739	拘束	こうそく	noun	restriction; restraint; binding	悪名高い反乱兵はついに捕らえられ、拘置所に身柄を拘束された。	The notorious rebel was ultimately captured and confined to jail.
2740	故障	こしょう	noun	fault; trouble; breakdown	この機械はしばらく故障していた。	This machine was out of order for a while.
2741	既存	きそん	adjective	existing	僕はもっとずっと後に、科学哲学を勉強していたとき、実験というのは既存の知識に対する現実の不満から生じるべきものだということを学んだ。	An experiment, I would learn much later when studying the philosophy of science, had to arise from a real dissatisfaction with existing knowledge.
2742	昨年	さくねん	noun	last year	昨年私の兄は毎日学校に遅刻していました。	Last year, my brother was late for school every day.
2743	朝日	あさひ	noun	morning sun	明日早く起きれば、朝日がみられますよ。	If you get up early tomorrow, you can see the rising sun.
2744	楽器	がっき	noun	musical instrument	何か楽器は演奏できますか。	Can you play any musical instruments?
2745	湯	ゆ	noun	hot water	風呂に湯を入れる。	Run hot water into the bath.
2746	研修	けんしゅう	noun	training (esp. in-service); induction course	研修によって、従業員の非常事態への対応を迅速化できる。	Training conditions workers to react quickly to an emergency.
2747	行方	ゆくえ	noun	(one's) whereabouts	容疑者の行方はまだ分からない。	The whereabouts of the suspect is still unknown.
2748	言い方	いいかた	noun	way of saying (something); way of putting it; wording	別の言い方で言ってみよう。	Let me put it in another way.
2749	郵便	ゆうびん	noun	mail service; postal service; mail	この郵便を出してください。	Mail this letter.
2750	重量	じゅうりょう	noun	weight	このバッグは４キロの重量オーバーです。	This bag is 4 kilograms overweight.
2751	阪神	はんしん	noun	Osaka-Kobe	大雨のために本日の阪神・巨人戦は中止になった。	Today's Tigers-Giants baseball game was called off due to heavy rain.
2752	除く	のぞく	verb	to remove; to get rid of; to take away	一人を除いてみんな帰った。	Except for one person, everybody went home.
2753	風景	ふうけい	noun	scenery; scene; landscape	この地方は美しい風景で知られている。	This district is known for its beautiful scenery.
2754	首都	しゅと	noun	(national) capital (city); metropolis	首都は繰り返し繰り返し爆撃された。	The capital was bombed again and again.
2755	すっかり	すっかり	adverb	all; completely; totally	ようやくすっかり終わった。	It is finally all over.
2756	まずい	まずい	i-adjective	bad(-tasting); unpalatable; unsavoury	彼の演説は、たいへんまずかった。	His speech was very poor.
2757	もしかして	もしかして	adverb	perhaps; possibly; maybe	もしかしてあなたのタイプ貸してもらえるかしら。	Is there any chance of my borrowing your typewriter?
2758	シナリオ	シナリオ	noun	script; screenplay	とある映画を文庫化した—いや、映画の為に書かれたシナリオを小説として加筆修正し、日本語にローカライズしたものだ。	A certain movie was novelized - rather it was a scenario written for a movie that was expanded as a novel and localized to Japanese.
2759	タオル	タオル	noun	towel	きれいなタオルは引き出しにありますよ。	The clean towels are in the drawer.
2760	タンク	タンク	noun	tank (of fluid); cistern; vat	タンクの容量は５０ガロンだ。	The tank has a capacity of fifty-gallons.
2761	ボーナス	ボーナス	noun	bonus	ボーナスをもらった。	I received my bonus.
2762	マナー	マナー	noun	manners; etiquette; polite behaviour	彼のマナーは感じのよいものとはとても言えなかった。	His manners were far from pleasant.
2763	ユダヤ	ユダヤ	noun	Judea (southern Palestine)	彼はユダヤ人を毛嫌いする。	He has a prejudice against Jews.
2764	ラップ	ラップ	noun	plastic wrap; cling film; cling wrap	私はお姉ちゃんの夕飯をラップに包んでしまわないと。	I have to wrap my sister's dinner in cling film.
2765	不動産	ふどうさん	noun	real estate	不動産が高すぎるという意見に賛成だ。	I agree with the opinion that real estate is overpriced.
2766	中華	ちゅうか	noun	China	鍋にごま油を中火で熱し、にんにく、鶏肉を入れて炒め、色が変わったら中華スープと白菜を入れて煮る。	Heat sesame oil in the pan on a medium flame, add the chicken meat, the garlic and fry, when the colour changes pour in the Chinese soup, add the Chinese cabbage and boil.
2767	中間	ちゅうかん	noun	middle; midway; halfway	奴隷の反乱によって妨害された中間航路。	Slave revolts interfered with the Middle Passage.
2768	事例	じれい	noun	example; precedent; case	この規則はその事例に適用できない。	This rule has no application to the case.
2769	今更	いまさら	adverb	now (when it is already much too late); at this stage	いまさら遅いよ。	It's too late now.
2770	今朝	けさ	noun	this morning	今朝起きたとき、頭痛がしました。	When I got up this morning, I had a headache.
2771	個別	こべつ	adjective	individual; separate; personal	税金のために彼は銀行口座を個別にしておきたかった。	He wished to keep the bank accounts separate for tax purposes.
2772	単語	たんご	noun	word; vocabulary	昨日調べた単語の意味が思い出せないんだ。	I can't remember the meaning of the word that I looked up yesterday.
2773	執行	しっこう	noun	execution; carrying out; performance	群集が警察の職務執行の妨げになった。	The crowd obstructed the police in the discharge of their duties.
2774	外科	げか	noun	surgery (branch of medicine)	外科へ行ってください。	Please go to the Surgery Department.
2775	好評	こうひょう	noun	favorable reception; good reputation; popularity	その映画は大好評です。	The film is going over big with audiences.
2776	実力	じつりょく	noun	(real) ability; true strength; merit	けっきょく、実力が勝つ。	Real ability wins in the end.
2777	小型	こがた	adjective	small-sized; small-scale; miniature	その少年は父親を小型にしたようだ。	The boy is his father in miniature.
2778	引き続き	ひきつづき	adverb	continuously; continually; without a break	その事件の展開について引き続きお知らせ下さい。	Please keep me informed of the development of the case.
2779	忘れる	わすれる	verb	to forget; to leave carelessly; to be forgetful of	名前をすっかり忘れてしまいました。	I've completely forgotten its name.
2780	恥	はじ	noun	shame; embarrassment; disgrace	誰も恥を感じるものはいない。	It's not something anyone would be ashamed of.
2781	払い	はらい	noun	payment; bill; account	その買い物は会社の払いになります。	The purchase is on the company's account.
2782	本社	ほんしゃ	noun	head office; main office; headquarters	新しい本社は東京にあります。	Our new head office is in Tokyo.
2783	根	ね	noun	root (of a plant)	この植物の根には水がものすごく必要。	The roots of the plant are greedy for water.
2784	機体	きたい	noun	fuselage; airframe	初期のジェット旅客機の墜落事故は、機体とエンジンの金属疲労のような、技術的欠陥が原因で起こることが多かった。	Crashes in the early days of commercial jets tended to be caused by technical faults, such as metal fatigue in the airframe or engines.
2785	機構	きこう	noun	mechanism; machinery	ＷＨＯとは世界保健機構を表す。	WHO stands for World Health Organization.
2786	正常	せいじょう	na-adjective	normal; regular	政府は事態を正常に戻す努力をしている。	The government is trying to bring things back to normal.
2787	正当	せいとう	na-adjective	just; justifiable; right	私はよい音楽を正当に評価する。	I appreciate good music.
2788	汚染	おせん	noun	pollution; contamination	環境を汚染する工場もある。	Some factories pollute the environment.
2789	泣き	なき	noun	weeping; lamenting	子供がお母さんと泣きさけんでいた。	The child was crying for her mother.
2790	湖	みずうみ	noun	lake	湖まで歩いていきましょう。	Let's walk to the lake.
2791	知事	ちじ	noun	prefectural governor	知事自らテレビに出演した。	The governor appeared on TV in person.
2792	移住	いじゅう	noun	migration; move; emigration	彼女の一家はブラジルへ移住して行った。	Her family moved to Brazil.
2793	網	あみ	noun	net; netting	子供達は昆虫網を直していた。	The children were mending their butterfly-nets.
2794	縦	たて	noun	the vertical; height	この部屋は縦１２フィート横２４フィートあります。	This room is twelve feet by twenty-four feet.
2795	美術	びじゅつ	noun	art; fine arts	彼は現代美術についての面白い放送をした。	He gave an interesting broadcast about modern art.
2796	走り	はしり	noun	running	私は彼の手紙を走り読みした。	I glanced at his letter.
2797	長年	ながねん	noun	many years; a long time	私の父は長年、外国貿易に従事しています。	My father has been engaged in foreign trade for many years.
2798	香港	ホンコン	noun	Hong Kong	おじは今香港に滞在している。	My uncle is staying in Hong Kong at present.
2799	たまたま	たまたま	adverb	by chance; by accident; accidentally	私はそのときたまたま外出していた。	It happened that I was out then.
2800	アドバイス	アドバイス	noun	advice	アドバイスありがとうございます。	Thank you for your advice.
2801	ショート	ショート	na-adjective	short	怪我をしたためにショートの選手は出場できなくなった。	An injury put the shortstop out of action.
2802	スープ	スープ	noun	(Western) soup	温かいスープが飲みたい。	I want to eat warm soup.
2803	デッキ	デッキ	noun	deck (of a ship)	彼女は長い髪を風になびかせてデッキに立っていた。	She stood on the deck with her long hair waving in the wind.
2804	ハンター	ハンター	noun	hunter	ぼくはトム・ハンターです。	I'm Tom Hunter.
2805	パイ	パイ	noun	pie; tart	そのパイ本当に自分で作ったの？	Did you really bake the pie by yourself?
2806	フォロー	フォロー	noun	follow	みんな、俺も全力でフォローする。このイベントかならず成功させるぞ。	Guys, I'll do my utmost to back you up. We'll make this event a success no matter what!
2807	マイク	マイク	noun	mike; mic; microphone	自信を無くしちゃいけません、マイク。	Don't lose confidence, Mike.
2808	ランチ	ランチ	noun	lunch	運んできてくれたランチは噂に違わず旨かった。	The lunch she brought to me was as delicious as rumoured.
2809	出席	しゅっせき	noun	attendance; presence; appearance	明らかに全員出席しているように見えました。	It clearly looked as if everyone was present.
2810	分類	ぶんるい	noun	classification; categorization; sorting	これらの本を主題別に分類してください。	Please classify these books by subject.
2811	加減	かげん	noun	degree; extent; amount	煮え加減がちょうどよい。	It is boiled just enough.
2812	口座	こうざ	noun	account (e.g. bank)	４５０ドル、私の口座に振り込んでください。	Please transfer 450 dollars to my account.
2813	同盟	どうめい	noun	alliance; union; league	ドイツはイタリアと同盟を結んだ。	Germany made an alliance with Italy.
2814	天国	てんごく	noun	paradise; heaven; Kingdom of Heaven	彼の魂は天国にいた。	His soul was in heaven.
2815	嫉妬	しっと	noun	jealousy; envy	少し嫉妬深く感じたと思う。	I suppose I felt a little jealous.
2816	寺	てら	noun	temple (Buddhist)	以前ここに古い寺があった。	There used to be an old temple here.
2817	怪しい	あやしい	i-adjective	suspicious; dubious; questionable	その怪しい女性は、魔女と考えられた。	The strange-looking woman was thought to be a witch.
2818	推測	すいそく	noun	guess; conjecture	彼の推測は結局正しいことが判明した。	His guess turned out to be right.
2819	損害	そんがい	noun	damage; injury; loss	我々はその損害に対して責任がある。	We are liable for the damage.
2820	時刻	じこく	noun	time; (the) hour	彼らの到着する正確な時刻を教えて下さい。	Please tell me the precise time of their arrival.
2821	机	つくえ	noun	desk	この机はトムによって使われる。	This desk is used by Tom.
2822	根拠	こんきょ	noun	basis; grounds; foundation	その結論はしっかりした根拠に基づいている。	The conclusion rests on a solid basis.
2823	消化	しょうか	noun	digestion (of food)	チーズは簡単に消化しない。	Cheese doesn't digest easily.
2824	班	はん	noun	group; party; team	マークは建設班の中では働き者だった。	Mark was a work horse on his construction crew.
2825	理	り	noun	reason; principle; logic	彼の言葉は理にかなっているようだ。	His words sound reasonable.
2826	畑	はたけ	noun	field (for growing wheat, fruit, vegetables, etc.); cultivated land; vegetable plot	彼の家族は畑で働いている。	His family works in the fields.
2827	着用	ちゃくよう	noun	wearing (e.g. a uniform, seat belt, helmet); having on	シートベルトを着用して下さい。	Please fasten your seat belt.
2828	究極	きゅうきょく	adjective	ultimate; final; last	教育の究極の目標とは何だろうか。	What is the ultimate purpose of education?
2829	経緯	けいい	noun	details; particulars; sequence of events	彼女が今の名声を得るに至ったいきさつは劇的である。	The events that led up to her present fame are quite dramatic.
2830	農業	のうぎょう	noun	agriculture; farming	彼らはもともと農業をやっていました。	Originally they were farmers.
2831	返す	かえす	verb	to return (something); to restore; to put back	この本はできるだけ早く返してくれ。	Return this book as soon as you can.
2832	過ごす	すごす	verb	to spend (time); to pass; to lead (a life)	我々はみんなとても楽しく過ごした。	We all had such a good time.
2833	配慮	はいりょ	noun	consideration; concern; attention	彼女がまだ若いという点を配慮しなければいけない。	We must make allowances for her youth.
2834	防ぐ	ふせぐ	verb	to defend against; to protect against	予防運転は事故を防ぎます。	Defensive driving can help you avoid accidents.
2835	駅前	えきまえ	noun	in front of a station	駅前の本屋はとても大きい。	The bookstore across from the station is very large.
2836	髪の毛	かみのけ	expression	hair (on the head); (a) hair	彼女の髪の毛は長くて美しい。	Her hair is long and beautiful.
2837	およそ	およそ	adverb	about; roughly; approximately	そうですね。バスでおよそ２時間ぐらいかかります。	Let me see. It takes about two hours by bus.
2838	それなら	それなら	conjunction	if that's the case ...; if so ...; that being the case ...	いや、それなら僕がやってみよう。	Nay, then, I will try it.
2839	よろしい	よろしい	i-adjective	good; OK; all right	こういうふうに考えてよろしいでしょうか。	Am I correct in thinking thus?
2840	アルコール	アルコール	noun	alcohol	彼はアルコールを一切飲まない。	He never drinks alcohol.
2841	キーボード	キーボード	noun	keyboard	今、キーボードがダブって見えるぐらい酔ってます。	I'm so drunk now that I'm seeing two keyboards.
2842	ゲイ	ゲイ	noun	gay person (esp. male)	このクラブはゲイ、それともストレートですか。	Is the club gay or straight?
2843	スルー	スルー	noun	ignoring; looking the other way; letting pass	くそっ、スルーしやがった。	Dammit, she completely ignored me.
2844	ソフトウェア	ソフトウェア	noun	software	彼らはソフトウエア製品を扱っている。	They deal in software products.
2845	タワー	タワー	noun	tower	東京タワーへ行く道を教えて頂けませんか。	Could you tell me the way to Tokyo Tower?
2846	プラン	プラン	noun	plan; scheme	じゃあ君のプランで行こう。	Let's build on your plan.
2847	ベルト	ベルト	noun	belt (worn around the waist)	赤いベルトが彼女の黒いドレスをひきたたせている。	The red belt makes her black dress look even better.
2848	ポスター	ポスター	noun	poster	ポスターは即刻壁から撤去された。	The posters were immediately removed from the wall.
2849	ミルク	ミルク	noun	milk	このミルクは少し古くなってしまいました。	The milk's a bit off.
2850	交代	こうたい	noun	change; alternation; rotation	交代に走りましょう。	Let's take turns at running.
2851	信じる	しんじる	verb	to believe; to believe in; to place trust in	信じられないくらいうまいね。	That was fabulous.
2852	個性	こせい	noun	individuality; personality; quirk	みんな独自の個性を持っている。	Everyone has a character of his own.
2853	区別	くべつ	noun	distinction; differentiation; discrimination	それらはよく似ていて私には区別できない。	They are so much alike that I don't know which is which.
2854	反映	はんえい	noun	reflection (of light)	この数字は原油輸入減を反映している。	This figure is a mirror of the decrease in imports of crude oil.
2855	反発	はんぱつ	noun	opposition; rebellion; revolt	若者達は本来、親の考えに対して反発するものだ。	It is quite natural for young people to rebel against their parents.
2856	向き	むき	noun	direction; orientation; aspect	この辞書は高校生向きに作られている。	This dictionary is adapted for high school students.
2857	回り	まわり	noun	rotation	月は地球の回りを回転している。	The moon revolves around the earth.
2858	地位	ちい	noun	(social) position; status; standing	重要な地位がトムに与えられました。	An important post was given Tom.
2859	守り	まもり	noun	protection; defense; defence	守りを固めろ！来るぞ！	Tighten the defences! They're coming!
2860	宝石	ほうせき	noun	gem; jewel; precious stone	彼女はその宝石を自分のものとして通した。	She passed the jewel off as her own.
2861	実践	じっせん	noun	practice; putting into practice; implementation	理論には実践が伴わなければならない。	A theory must be followed by practice.
2862	履歴	りれき	noun	personal history; background; career	彼の履歴についてはほとんど知られていない。	We know little of his personal history.
2863	復興	ふっこう	noun	revival; reconstruction; restoration	日本の戦後の復興は有名な話である。	Japan is a famous come-back story after World War II.
2864	所持	しょじ	noun	possession; having (on one's person); carrying (with one)	叔父は膨大な財産を所持している。	My uncle is possessed of great wealth.
2865	手続き	てつづき	noun	procedure; process; proceedings	入国手続きって緊張しちゃう。	I get nervous at immigration.
2866	文庫	ぶんこ	noun	library; book collection	それらの書物で立派な文庫ができるだろう。	Those books will make a fine library.
2867	日時	にちじ	noun	date and time (of a meeting, departure, etc.)	日時を決めて一緒にランチを食べよう！	Let's set a time and day and have lunch together!
2868	栄養	えいよう	noun	nutrition; nourishment	栄養のある朝食をとった。	I had a nutritious breakfast.
2869	死体	したい	noun	dead body; corpse; cadaver	死体はまだ上がらない。	The drowned body has not been recovered.
2870	無効	むこう	adjective	invalid; void; ineffective	この証書は完全に無効である。	This bond is null and void.
2871	狭い	せまい	i-adjective	narrow; confined; small	世界は毎年ますます狭くなってきている。	Our world is getting smaller and smaller every year.
2872	用語	ようご	noun	term; terminology	その手紙は商業用語で書かれた。	The letter was written using business terms.
2873	看板	かんばん	noun	signboard; sign; billboard	大きな看板があります。	There's a big sign.
2874	編成	へんせい	noun	composition; formation; organization	列車は１５両編成だ。	The train is made up of fifteen cars.
2875	肉体	にくたい	noun	the body; the flesh; the outer man	彼は肉体の苦痛と闘わねばならなかった。	He had to contend against physical suffering.
2876	藤	ふじ	noun	wisteria (esp. Japanese wisteria, Wisteria floribunda); wistaria	藤さんがあとに４人の子を残して死にました。	Mr. Fuji died, leaving 4 children behind him.
2877	虎	とら	noun	tiger (Panthera tigris)	虎は消滅しかかっている種族である。	The tiger is a vanishing species.
2878	衝突	しょうとつ	noun	collision; crash; impact	イージス衝突 — なぜ避けられなかったか。	The Aegis collision - why couldn't it have been avoided?
2879	親子	おやこ	noun	parent and child	親子は久しぶりにあった。	The father and son met after a long separation.
2880	論理	ろんり	noun	logic	彼の論理にはついていけない。	I cannot follow his logic.
2881	転換	てんかん	noun	conversion; diversion; changeover	欧州を参考にしつつ、超高齢化社会への政策対応、「経済大国」から「生活大国」への転換を２１世紀に向けて日本はしていかねばならない。	Learning lessons from Europe, Japan has to switch its economic-oriented policy to a consumer-conscious one, in order to cope with the coming unprecedented aging society towards the 21st century.
2882	金曜日	きんようび	noun	Friday	次の金曜日まで会合を延期しましょう。	Let's put off the meeting until next Friday.
2883	集まり	あつまり	noun	gathering; meeting; assembly	集まりに遅れないよう、すぐに出発しなさい。	Start at once so as not to be late for the meeting.
2884	飛ぶ	とぶ	verb	to fly; to soar	飛行機は大変低く飛んでいた。	The airplane flew very low.
2885	おもちゃ	おもちゃ	noun	toy	その子はおもちゃを欲しがってないていた。	She was crying for a toy.
2886	かわいそう	かわいそう	na-adjective	poor; pitiable; pathetic	かわいそうにその少女は死にかかっていた。	The poor girl was on the point of death.
2887	そっくり	そっくり	adverb	all; altogether; entirely	トムはその歌手をそっくりまねできる。	Tom can imitate that singer perfectly.
2888	オーストラリア	オーストラリア	noun	Australia	オーストラリアに行きたくてたまらない。	I'm aching to go to Australia.
2889	カナダ	カナダ	noun	Canada	私は５年近くカナダに住んでいます。	I have been living in Canada for almost five years.
2890	カリフォルニア	カリフォルニア	noun	California	彼は永久にカリフォルニアに帰ってしまった。	He has gone back to California for good.
2891	ギリシャ	ギリシャ	noun	Greece	私はギリシャ文化について学んだ。	I learned about Greek culture.
2892	ジュース	ジュース	noun	juice	ジュースをください。	Some juice, please.
2893	タイヤ	タイヤ	noun	tire; tyre	タイヤがパンクした。	I got a flat tire.
2894	ボランティア	ボランティア	noun	volunteer	その赤ちゃんはボランティアによって世話される。	The babies are taken care of by volunteers.
2895	マスコミ	マスコミ	noun	mass communication; mass media	マスコミが報道しなかったのはなぜ？	Why is it the mass media didn't report this?
2896	中世	ちゅうせい	noun	Middle Ages (in Japan esp. the Kamakura and Muromachi periods); medieval times; mediaeval times	中世において、ミルクはまだ薬として普及していた。	In the Middle Ages, milk was still popular as a medicine.
2897	予感	よかん	noun	presentiment; premonition; hunch	彼の予感があたった。	His predictions have come true.
2898	何より	なにより	expression	above anything else; above all; more than anything	彼らは何より平和に暮らしたい。	They want, above all things to live in peace.
2899	入場	にゅうじょう	noun	entrance; entering; admission	子供は入場できません。	Children are not admitted.
2900	利	り	noun	advantage; benefit; profit	漁夫の利を占めるつもりはない。	I have no intention of fishing in troubled waters.
2901	反省	はんせい	noun	reflection; reconsideration; introspection	彼女は重大な過ちを後悔した、反省した。	She showed her regret over the serious mistake.
2902	向かい	むかい	noun	facing; opposite; across the street	その青年は向かいの家から出てきた。	The young man came out of the house opposite.
2903	売却	ばいきゃく	noun	selling off; disposal by sale; sale	同社は赤字の子会社のいくつかを売却することにした。	The company has decided to sell some of its money-losing units.
2904	宿	やど	noun	lodging; inn; hotel	宿が見つからなかったら、野宿しかないね。	We'll have to camp out if we can't find a place to stay.
2905	快適	かいてき	na-adjective	pleasant; agreeable; comfortable	彼は快適に過ごしている。	He lives comfortably.
2906	愛する	あいする	verb	to love	細く愛して長く愛して。	Love me little, love me long.
2907	手間	てま	noun	time; labour; labor	お手間をおかけしました。	Thank you for your trouble.
2908	抗議	こうぎ	noun	protest; objection	彼らの小さな抗議が大衆デモに発展した。	Their small protest triggered a mass demonstration.
2909	援助	えんじょ	noun	assistance; aid; support	援助していただいて本当に感謝しています。	I am very grateful to you for your help.
2910	撤退	てったい	noun	evacuation; withdrawal; revocation	敗北した軍はその国から撤退した。	The defeated army retreated from the country.
2911	放棄	ほうき	noun	abandonment; renouncement; renunciation	会社はその計画を放棄した。	The company abandoned that project.
2912	文明	ぶんめい	noun	civilization; civilisation; culture	二大文明はゆっくりと衰退した。	Two great civilizations slowly fell into decay.
2913	最適	さいてき	na-adjective	most suitable; optimum; optimal	贈り物としても最適です。	This is also ideal as a gift.
2914	欧州	おうしゅう	noun	Europe	英国はイギリス海峡によって欧州大陸と隔てられている。	Britain is separated from the Continent by the Channel.
2915	止める	とめる	verb	to stop; to turn off	先週止めたところからまた読み始めましょう。	Let's resume reading where we left off last week.
2916	留学	りゅうがく	noun	studying abroad	私の成人した息子は今留学しています。	My grown-up son is studying abroad now.
2917	白人	はくじん	noun	white person; Caucasian	１９世紀は白人文明の時代だった。	The nineteenth century was the age of the white man's civilization.
2918	繰り返す	くりかえす	verb	to repeat; to do over again	私の後について繰り返してください。	Please repeat after me.
2919	習慣	しゅうかん	noun	habit	彼女はついに喫煙という悪い習慣がついた。	She eventually got into the bad habit of smoking.
2920	衣	ころも	noun	clothes; garment	衣ばかりで和尚はできぬ。	The robes do not make the monk.
2921	解析	かいせき	noun	analysis; analytical study	ヒートアイランド現象の実体解析と対策のあり方について。	An analysis of the nature of the heat island phenomenon and countermeasures.
2922	証言	しょうげん	noun	testimony; (verbal) evidence	あした裁判所で証言しなければならない。	I have to give a testimony in the courtroom tomorrow.
2923	試み	こころみ	noun	attempt; trial; experiment	彼は絶望してその試みをあきらめた。	He gave up the attempt in despair.
2924	象徴	しょうちょう	noun	symbol (of something abstract); emblem; (symbolic) representation	ハトは平和の象徴として知られている。	The dove is a famous symbol for peace.
2925	踊り	おどり	noun	dance	彼女の踊りはとても生き生きしていた。	Her dance was as fresh as a daisy.
2926	進出	しんしゅつ	noun	advance (into a new market, industry, etc.); expansion (into); launch (into)	軍隊は川のところまで進出した。	The army has advanced to the river.
2927	過激	かげき	na-adjective	extreme (measure, idea, etc.); radical; violent (language)	彼女はその問題についてとても過激な意見を持っている。	She has a very radical opinion about the problem.
2928	違和感	いわかん	noun	uncomfortable feeling; feeling out of place; sense of discomfort	感覚的にそれに違和感を感じるが、一体それが何なのかわからなかった。	Even though I felt that there was something strange, I just didn't know what it was.
2929	酸素	さんそ	noun	oxygen (O)	彼は酸素不足で死んだ。	He died from lack of oxygen.
2930	こっそり	こっそり	adverb	stealthily; secretly; in secret	こっそり教えてくれたら、礼をはずみますよ。	If you tip me off about it, I'll make it worth your while.
2931	さよなら	さよなら	interjection	goodbye; so long; farewell	さよなら、気楽にやってね。	Good-bye, take it easy.
2932	だけど	だけど	conjunction	but; however; although	残念だけどコーヒーがなくなりました。	I'm afraid I've run short of coffee.
2933	でかい	でかい	i-adjective	huge; big; enormous	あいつでかいことばかり言ってるけど、そのうちぼろを出すよ。	He's always talking like a big shot, but it won't be long before all his faults are exposed.
2934	チップ	チップ	noun	tip; gratuity	チップという面倒なことでいつも落ち着かない。	This tipping business always makes us uneasy.
2935	ハワイ	ハワイ	noun	Hawaii; Hawai'i	またハワイに来られて本当にすばらしい！	How nice to be in Hawaii again!
2936	フロント	フロント	noun	front (aspect, weather, war-front, etc.)	フロントの番号は一番です。	The number of the front desk is No 1.
2937	ライバル	ライバル	noun	rival; competitor; competition	我々のチームは強力なライバルと競った。	Our team competed with a powerful rival.
2938	リズム	リズム	noun	rhythm	あの歌のゆっくりしたリズムが好きです。	I like the slow rhythm of that song.
2939	上級	じょうきゅう	noun	upper level; upper grade; high rank	例えば、私は、来年進学する大学の単位が実際にもらえる数学の上級クラスにいます。	For example, I am in a high-level math class that actually gives me college credits for next year.
2940	人権	じんけん	noun	human rights; civil liberties	誰もあなたの人権を奪うことはできない。	No one can deprive of your human rights.
2941	北部	ほくぶ	noun	northern part; the north (of a region)	その川は島の北部を流れている。	The river flows along the north of island.
2942	取締役	とりしまりやく	noun	company director; board member	その取締役は自分の地位を自慢した。	The director boasted of his status.
2943	召喚	しょうかん	noun	summons; subpoena; citation	魔女集会で悪魔を召喚する。	Her coven conjures the demons.
2944	問い合わせ	といあわせ	noun	inquiry; query; enquiry	事故についての問い合わせが殺到している。	There's been a flood of inquiries about the accident.
2945	地下鉄	ちかてつ	noun	subway; metro; underground (railway)	地下鉄へ行く道を教えていただけませんか。	Could you tell me how to get to the subway station?
2946	塔	とう	noun	tower; steeple; spire	その塔には近づきやすかった。	The tower was easy of access.
2947	大した	たいした	adjective	considerable; great; important	たいした問題ではありません。	That doesn't matter.
2948	女子高	じょしこう	noun	girls' high school	シックで上品な制服と歴史ある静かな雰囲気が特徴の女子高なのだという。	It's said to be a girls' high school characterised by its quiet and traditional feel and a chic, high-class uniform.
2949	妨害	ぼうがい	noun	obstruction; hindrance; blocking	奴隷の反乱によって妨害された中間航路。	Slave revolts interfered with the Middle Passage.
2950	幹部	かんぶ	noun	management; (executive) staff; leaders	彼はその問題について幹部の何人かと協議した。	He consulted with some of the staff on the matter.
2951	戦車	せんしゃ	noun	tank (military vehicle)	彼らは戦車と銃器でその国を侵略した。	They invaded the country with tanks and guns.
2952	投入	とうにゅう	noun	throwing in; inserting; depositing (e.g. a ballot)	敵は新兵力を投入した。	The enemy flung fresh troops into the battle.
2953	指輪	ゆびわ	noun	(finger) ring	その指輪にはダイヤモンドがついている。	The ring has a diamond in it.
2954	提示	ていじ	noun	presentation (of a passport, ID, etc.); showing; production (e.g. of documents)	支払条件もご提示下さい。	Also, please inform us of your terms of payment.
2955	早速	さっそく	adverb	at once; immediately; without delay	この問題はさっそく処理する必要がある。	This problem demands immediate attention.
2956	株式	かぶしき	noun	share (in a company); stock	私の父は今、株式取引にとても夢中になっている。	My father is very much involved in the stock market now.
2957	次々	つぎつぎ	adverb	in succession; one by one	生徒たちは次々と質問した。	The students asked questions one after another.
2958	残す	のこす	verb	to leave (behind)	残さず飲んで食べなさい。	Eat and drink up.
2959	測定	そくてい	noun	measurement	測定には寸分の狂いもない精度が要求される。	Flawless precision is required in the measurements.
2960	略	りゃく	noun	abbreviation; omission	その仕事はほぼ終わった。	That job is pretty much finished.
2961	皿	さら	noun	plate; dish; platter	恵一、天ぷら揚がったから、皿持って来い。	Keiichi, the tempura's done, so bring a plate.
2962	糸	いと	noun	thread; yarn; string	長い糸はからまりやすい。	A long thread is easily entangled.
2963	細かい	こまかい	i-adjective	small	わたしはこまかい点までしらべました。	I went into details.
2964	花火	はなび	noun	fireworks	昨夜花火工場で、爆発事故が起こった。	Last night an explosion took place at a fireworks factory.
2965	衛生	えいせい	noun	hygiene; sanitation; cleanliness	衛生用品売り場はどこですか。	Where is the sanitary section?
2966	認証	にんしょう	noun	certification; attestation; authentication	管理人によってアカウントの認証が行われたあと、あなたに確認のメールが送られます。	You will receive a confirmation email after your account has been activated by an administrator.
2967	透明	とうめい	na-adjective	transparent; clear	この透明な液体には毒が含まれている。	This transparent liquid contains poison.
2968	避ける	さける	verb	to avoid (physical contact with)	イージス衝突 — なぜ避けられなかったか。	The Aegis collision - why couldn't it have been avoided?
2969	顧客	こきゃく	noun	customer; client; patron	顧客候補に渡します。	We will take it to the potential customers.
2970	いかに	いかに	adverb	how; in what way	彼女がいかに努力しようと、彼には勝てない。	Try as she may, she is unable to beat him.
2971	この間	このあいだ	noun	the other day; lately; recently	この間、君からＦＡＸが届いた。	I got your fax the other day.
2972	ふと	ふと	adverb	suddenly; casually; accidentally	うまい考えがふと浮かんだ。	A good idea came to me.
2973	アルバイト	アルバイト	noun	part-time job; side job	どんな所でアルバイトできるの。	Where can you get a part-time job?
2974	エース	エース	noun	ace	彼はエースピッチャーです。	He is an ace pitcher.
2975	コンセプト	コンセプト	noun	concept; general idea; notion	彼らは自分たちの新しいコンセプトを広めるためにあるコミュニケーションポリシーを採用した。	They implemented a communication policy so as to promote their new concept.
2976	スパイ	スパイ	noun	spy; spying	自らスパイと認める。	Confess himself to be a spy.
2977	チョコレート	チョコレート	noun	chocolate	このチョコレートはとっても甘くておいしい。	This chocolate is very sweet and tasty.
2978	トレーニング	トレーニング	noun	training (for a skill, job, sport, etc.); practice	厳しいトレーニングに、彼は音を上げた。	He gave up under the severe training he faced.
2979	フィルム	フィルム	noun	film	私のカメラは簡単にフィルムを入れられる。	My camera loads easily.
2980	作曲	さっきょく	noun	composition (of music); setting; writing music	私が彼女の歌を作曲しました。	I wrote the song for her.
2981	倉庫	そうこ	noun	storehouse; warehouse; godown	彼は倉庫の警備員として仕事をしている。	He is working as a security guard at a warehouse.
2982	冷たい	つめたい	i-adjective	cold (to the touch); chilly; icy	冷たいものを飲みたくてたまらない。	I'm dying for a cold drink.
2983	出産	しゅっさん	noun	childbirth; (giving) birth; delivery	去年、第一子を出産しました。	I delivered my first child last year.
2984	刃	は	noun	edge (of a knife or sword); blade	彼女はいつも人に対してやいばをといでいます。	She always has some axe to grind.
2985	分離	ぶんり	noun	separation; partition; detachment	最高裁が人種分離教育を攻撃。	The Supreme Court attacks school segregation.
2986	博物館	はくぶつかん	noun	museum	その博物館はいってみる価値がある。	The museum is worth visiting.
2987	国境	こっきょう	noun	border (between countries); national border	明日中には国境を越えます。	We'll be across the border by tomorrow.
2988	土曜	どよう	noun	Saturday	土曜の夜だった。	It was Saturday night.
2989	夏休み	なつやすみ	noun	summer vacation; summer holiday	夏休み中家にいませんでした。	I was away from home all through the summer vacation.
2990	居酒屋	いざかや	noun	izakaya; tavern, bar, etc. that also serves various dishes and snacks	居酒屋で変なおっさんにからまれた。	I was given a hard time by a strange guy at the tavern.
2991	工業	こうぎょう	noun	(manufacturing) industry	鋼材不足にも関わらず、工業生産高は５％だけ増加した。	Despite a shortage of steel, industrial output has increased by five percent.
2992	幸福	こうふく	noun	happiness; well-being; joy	私は幸福すぎて眠れなかった。	I was too happy to sleep.
2993	性欲	せいよく	noun	sexual desire; sex drive; lust	性欲がありません。	I have no sexual desire.
2994	捨てる	すてる	verb	to throw away; to cast away; to dump	なんということ、未来は捨てられてしまった。	For God's sake, tomorrow's left behind.
2995	新鮮	しんせん	na-adjective	fresh	毎日新鮮な野菜サラダを食べてます。	We eat a fresh, green salad every day.
2996	明るい	あかるい	i-adjective	light; bright; well-lit	太陽は明るく輝いていた。	The sun was shining brightly.
2997	晴れ	はれ	noun	clear weather; fine weather	恐らく明日は晴れでしょう。	It will be fine weather tomorrow, perhaps.
2998	暗い	くらい	i-adjective	dark; gloomy; murky	暗すぎてはっきりと見えない。	It is too dark to see clearly.
2999	月曜日	げつようび	noun	Monday	来週の月曜日に必ずお返しします。	I'll give it back next Monday without fail.
3000	東方	とうほう	noun	eastern direction	日本は中国の東方にある。	Japan is to the east of China.
3001	死者	ししゃ	noun	dead person; (the) deceased; (the) dead	車の衝突事故で死者が三名でた。	There were three deaths in the car crash.
3002	生き物	いきもの	noun	living thing; living creature; animal	植物や生き物は持っていませんね？	You don't have any plants or animals, right?
3003	疑惑	ぎわく	noun	doubt; misgivings; distrust	彼の言葉は疑惑を引き起こした。	His words gave rise to doubts.
3004	発想	はっそう	noun	idea; conception	トランプでインチキをするという良い発想を偶然思い付いた。	I hit on the terrific idea of cheating at cards by chance.
3005	発明	はつめい	noun	invention	その発明は、偶然にもたらされました。	The invention was brought about by chance.
3006	発覚	はっかく	noun	detection (of a plot, fraud, etc.); discovery; coming to light	スキャンダルが発覚したとき、その下院議員の支持者たちは激怒しました。	When the scandal broke, the Congressman's constituents were seething.
3007	皮膚	ひふ	noun	skin	毎日皮膚がなくなるって知ってた？	Did you know we lose skin every day?
3008	瞳	ひとみ	noun	pupil (of the eye)	彼女の濃いブルーの瞳がとても印象的だった。	Her eyes, a deep blue, were quite impressive.
3009	稼働	かどう	noun	operation (of a machine); running	工場はフル稼動している。	The factory is running at full capacity.
3010	突入	とつにゅう	noun	rushing into; breaking into; storming	我々は戦争の新しい段階に突入しつつある。	We are entering a new phase in the war.
3011	聞こえる	きこえる	verb	to be heard; to be audible; to reach one's ears	ごめん、君の言ったことよく聞こえなかった。	I'm sorry, I didn't quite catch what you said.
3012	脂肪	しぼう	noun	fat; grease; blubber	肉体は余分なカロリーを脂肪に変える。	The body converts extra calories into fat.
3013	落とす	おとす	verb	to drop; to lose; to let fall	リストから私の名を落とさないで下さい。	Don't take my name off your list.
3014	表明	ひょうめい	noun	declaration; indication; representation	多くの産業人が経済について懸念を表明している。	Many industrialists have expressed their concern about the economy.
3015	調べる	しらべる	verb	to examine; to look up; to investigate	心配しないでください。調べてみましょう。	Don't worry. I'll look it up for you.
3016	豊富	ほうふ	na-adjective	abundant; plentiful; rich	食べ物は豊富にある。	We have food in abundance.
3017	金曜	きんよう	noun	Friday	次の金曜に来てください。	Please come next Friday.
3018	食う	くう	verb	to eat	この車はあまりガソリンを食わない。	This car is very economical on gas.
3019	黄色	きいろ	noun	yellow; amber	その色は黄色から緑色へと次第に変わる。	The colors shade from yellow into green.
3020	しま	しま	noun	island	いつその島をはじめて見たか教えて下さい。	Tell me when you first saw the island.
3021	それでは	それでは	conjunction	well, ...; right, ...; now, ...	それではそろそろ失礼します。	Well, I must be going.
3022	ぴったり	ぴったり	adverb	tightly; closely	彼女のスカートはぴったり合っている。	Her skirt fits tightly.
3023	ゆり	ゆり	noun	lily (Lilium spp.)	彼女の名前を聞くとユリを連想する。	Her name is associated with a lily.
3024	カラオケ	カラオケ	noun	karaoke	カラオケはストレス解消によい。	Karaoke is good for reducing stress.
3025	ゲート	ゲート	noun	gate (for entry, boarding, etc.)	日本航空１２４便の搭乗ゲートはどこですか。	Where is the boarding gate for Japan Airlines 124?
3026	ショッピング	ショッピング	noun	shopping	彼らはショッピングに出かけている。	They are out shopping.
3027	ジン	ジン	noun	gin	ジン・トニックをください。	I'd like a gin and tonic.
3028	スコア	スコア	noun	score (in a game)	最終スコアは２対０であった。	The final score was two to nothing.
3029	スポット	スポット	noun	spot; dot; mark	ここが地元の人気スポット？	Is this one of the local hot spots?
3030	ブラジル	ブラジル	noun	Brazil	彼女の一家はブラジルへ移住して行った。	Her family moved to Brazil.
3031	ブレーキ	ブレーキ	noun	brake	ブレーキがきかなくなった。	The brake stopped working.
3032	ホット	ホット	na-adjective	hot	ホットレモンジュースを飲むと気分が良くなる。	I feel better when I drink hot lemon juice.
3033	ワシントン	ワシントン	noun	Washington, D.C. (United States)	私の叔父はワシントンに２年間住んでいました。	My uncle lived in Washington, D. C. for two years.
3034	中学校	ちゅうがっこう	noun	junior high school; middle school; lower secondary school	彼は中学校に入った。	He entered junior high school.
3035	中毒	ちゅうどく	noun	poisoning	インターネット中毒って、本当にあるみたいね。	There really is such a thing as Internet addiction.
3036	入荷	にゅうか	noun	arrival of goods; goods received	品物は昨日入荷しました。	The goods arrived yesterday.
3037	分解	ぶんかい	noun	disassembly; dismantling; disaggregating	その機械を分解してみよう。	Let's analyze the machine.
3038	効く	きく	verb	to be effective; to take effect; to be good (for)	薬がまったく効かなかった。	The medicine had no effect.
3039	協議	きょうぎ	noun	conference; consultation; discussion	貿易赤字について慎重に協議しなければならない。	We must deliberate seriously on trade deficit.
3040	寄付	きふ	noun	contribution; donation	君が寄付するお金は立派に使われるだろう。	The money you give them will be put to good use.
3041	強調	きょうちょう	noun	emphasis; stress; highlighting	私は強調構文なんて殆ど忘れていた。	I have pretty much forgotten the emphatic constructions.
3042	志	こころざし	noun	will; resolution; intention	でも、仲間たちは志はあっても、資金調達やマネジメントには無知でした。	However, although our companions were willing, they knew nothing about management or getting money.
3043	応用	おうよう	noun	(practical) application; putting to practical use	その発見はいろいろな用途に応用できる。	We can apply the discovery to various uses.
3044	思わず	おもわず	adverb	unconsciously; involuntarily; instinctively	彼のジョークを聞いて思わず笑ってしまった。	I could not help laughing at his jokes.
3045	意志	いし	noun	will; volition; intention	個人の意志は尊重しなければならない。	We must respect the will of the individual.
3046	戦場	せんじょう	noun	battlefield; battleground	敵は戦場からちりぢりに逃げ去った。	The enemy fled in disorder from the battlefield.
3047	戸	と	noun	door (esp. Japanese-style)	門はとても狭くてその車は通れません。	The gate is so narrow that the car can't pass through it.
3048	描写	びょうしゃ	noun	depiction; description; portrayal	その光景は描写できないほど美しかった。	The beauty of the scene was beyond description.
3049	教科書	きょうかしょ	noun	textbook; coursebook; schoolbook	原作は学校の教科書として書かれた。	The original was written as a school textbook.
3050	案件	あんけん	noun	matter (to discuss); item (on the agenda); issue	十把一からげにしないで、もう少し個別案件をきちんと検討してくださいよ。	Don't lump all these issues together. You need to give every single one careful consideration.
3051	永久	えいきゅう	noun	eternity; permanence; perpetuity	そして歴史は永久に変わった。	And history was changed forever.
3052	法則	ほうそく	noun	law; rule	全ての自然の法則が正しいわけではない。	Not all the laws of nature are correct.
3053	独特	どくとく	noun	peculiarity; uniqueness; characteristic	この習慣はアメリカ独特のものである。	This custom is unique to America.
3054	療法	りょうほう	noun	(method of) treatment; therapy; remedy	その療法は少し痛むのでしょうか。	Will the therapy cause me any pain?
3055	砂糖	さとう	noun	sugar	私のコーヒーには砂糖を入れないでください。	Don't put sugar in my coffee.
3056	答える	こたえる	verb	to answer; to reply	どんな子供だってそのくらい答えられる。	Any child can answer that.
3057	美術館	びじゅつかん	noun	art museum; art gallery	美術館には絵がたくさんかかっている。	Many paintings hang in art museums.
3058	職人	しょくにん	noun	craftsman; artisan; tradesman	下手な職人は道具にけちをつける。	A bad workman blames his tools.
3059	胃	い	noun	stomach	癌は彼女の胃に移転している。	The cancer has spread to her stomach.
3060	自覚	じかく	noun	self-consciousness; self-awareness	女として自覚なさ過ぎて怖い。	It's scary how little consideration she gives to being a woman.
3061	蘭	らん	noun	orchid	私は温室でランを栽培している。	I grow orchids in my greenhouse.
3062	要因	よういん	noun	main cause; primary factor	私は行動する前に様々な要因を考えた。	I thought of various factors before I acted.
3063	言い訳	いいわけ	noun	excuse	そういう言い訳はとおらない。	That's no excuse.
3064	記述	きじゅつ	noun	description; account	あの男は新聞の記述と一致する。	The man answers to the description in the newspaper.
3065	軍隊	ぐんたい	noun	armed forces; military; troops	軍隊は２０マイル前進した。	The troops advanced twenty miles.
3066	集める	あつめる	verb	to collect; to assemble; to gather	世界中から集められた石が使われています。	Stones collected from all over the world are used.
3067	餌	えさ	noun	(animal) feed; fodder; pet food	動物に餌をやらないでください。	Do not feed the animals.
3068	鶏	にわとり	noun	chicken (Gallus gallus domesticus); domestic chicken	にわとりが食べ物をさがしていました。	Chickens were looking for food.
3069	あえて	あえて	adverb	purposely (of something needless, unexpected or seemingly counterproductive, etc.); daringly (doing something); deliberately	彼はあえて私の計画に反対しなかった。	He dared not say no to my plan.
3070	おしゃれ	おしゃれ	na-adjective	stylish; fashionable; trendy	今日のあなたはとってもおしゃれ。	You're very stylish today.
3071	おや	おや	interjection	oh!; oh?; my!	おや、彼女はうれしくて泣いているの？	Oh my! Is she weeping for joy?
3072	きつい	きつい	i-adjective	tough; hard; severe	あの態度、きつく注意してやらんと。	I have to tell him off for his bad attitude.
3073	そしたら	そしたら	conjunction	then; and (then); in that case	ステーキを全部食べてしまいなさい、そしたらキャンディーを食べていいよ。	Eat up the steak and then you can have a candy.
3074	そちら	そちら	pronoun	that way; that direction	２、３分したらそちらにまいります。	I'll be with you in a few minutes.
3075	つながり	つながり	noun	connection; link; relationship	２つの間には重要なつながりがある。	There's a vital link between the two.
3076	オーク	オーク	noun	oak	どんぐりからオークが生まれる。	From acorns come oaks.
3077	ジェット	ジェット	noun	jet	私たちはジェット機が空を横切って飛ぶのを見た。	We saw a jet plane fly across the sky.
3078	トランプ	トランプ	noun	(Western) playing cards	トランプをよく切ってください。	Please shuffle the cards carefully.
3079	ホラー	ホラー	noun	horror	若い男女が人里離れた洋館で恐怖の一夜を過ごすという、ホラーの定番スタイルだ。	This is a horror staple - young men and women spend a night of terror in an isolated house.
3080	ライオン	ライオン	noun	lion (Panthera leo)	ライオンは他の動物を食べて生きている。	Lions live on other animals.
3081	仮面	かめん	noun	mask	男は帽子、眼鏡、仮面を脱ぎ始めた。	The man began to take off his hat, glasses and mask.
3082	会計	かいけい	noun	accounting; finance; account	会計をお願いします。	Could I have the check?
3083	伴う	ともなう	verb	to accompany; to go hand in hand with; to be consequent upon	気持ちだけ焦ってしまって、全然行動が伴わない。	For somebody who feels rushed all the time, I sure make slow progress.
3084	係	かかり	noun	charge; duty; person in charge	こちら国際電話の係りです。	Overseas service here.
3085	保持	ほじ	noun	retention; maintenance; preservation	コンピューターを使えば情報を保持することができる。	If you use a computer, you can retain information.
3086	初代	しょだい	noun	first generation; founder	ジョージワシントンはアメリカの初代大統領でした。	George Washington was the first President of the United States of America.
3087	到達	とうたつ	noun	reaching; attaining; arrival	水は１０メートルまで到達した。	The water rose to a level of 10 meters.
3088	単独	たんどく	adjective	sole; single; solo	不幸は単独でやってこない。	Misfortune never come single.
3089	双子	ふたご	noun	twins; twin	その双子は見分けられないな。	I can't tell one twin from the other.
3090	反乱	はんらん	noun	insurrection; mutiny; rebellion	反乱が起こりかけていた。	A rebellion was brewing.
3091	商業	しょうぎょう	noun	commerce; trade; business	その手紙は商業用語で書かれた。	The letter was written using business terms.
3092	増やす	ふやす	verb	to increase; to add to; to augment	それらは人生の楽しみを増やしてくれた。	They added to the enjoyment of my life.
3093	孤独	こどく	noun	solitude; loneliness; isolation	彼女は孤独な生活を送った。	She led a solitary life.
3094	布	ぬの	noun	cloth; fabric; material	彼女はドレスを作る布を６ヤード買った。	She bought six yards of cloth for a dress.
3095	廃棄	はいき	noun	disposal; abandonment; scrapping	その本はすべて廃棄せよと彼らは要求した。	They have demanded that all copies of the book be destroyed.
3096	引っ越し	ひっこし	noun	moving (dwelling, office, etc.); changing residence	来月引っ越しするんです。	We are moving next month.
3097	念	ねん	noun	sense; idea; thought	彼は神の絵に対して深い尊敬の念を示した。	He showed great reverence towards the pictures of the god.
3098	愛情	あいじょう	noun	love; affection	彼らの友情は徐々に愛情に変わっていった。	By degrees their friendship grew into love.
3099	所得	しょとく	noun	income; earnings	昨年の所得の実質成長は５％だった。	Last year's growth of income was 5% after inflation.
3100	接近	せっきん	noun	getting closer; drawing nearer; approaching	台風９号は四国に接近している。	Typhoon No.9 is approaching Shikoku.
3101	日程	にってい	noun	schedule; program; programme	彼は１日ごとに日程を変える。	He changes his schedule from day to day.
3102	月曜	げつよう	noun	Monday	私は、先週の月曜、釣りに行った。	I went fishing last Monday.
3103	有利	ゆうり	na-adjective	advantageous; favourable; better	私に有利なように言ってくれ。	Speak in my behalf.
3104	欲求	よっきゅう	noun	desire; want; will	妻は家を買いたい欲求に取りつかれている。	My wife is possessed with the desire to buy a house.
3105	海岸	かいがん	noun	seashore; coast; seaside	海岸にはほとんど人がいなかった。	There were few people on the beach.
3106	生存	せいぞん	noun	existence; being; life	爆発によって、彼らの生存はありえなくなってしまいました。	The explosion ruled out their survival.
3107	生涯	しょうがい	noun	life; lifetime; career	彼はあらゆる生涯にもかかわらず成功した。	He succeeded in spite of all the lifetimes.
3108	着る	きる	verb	to wear (from the shoulders down); to put on	このシャツは小さすぎて着られない。	This shirt is too small for me to wear.
3109	知的	ちてき	na-adjective	intellectual	誰にも知的な願いがある。	Everyone has his intellectual desire.
3110	脅威	きょうい	noun	threat; menace	病気は人類にとって脅威である。	Disease is a threat to human beings.
3111	襲撃	しゅうげき	noun	(surprise) attack; assault; raid	我々はその襲撃に対して準備ができていなかった。	We were not prepared for the assault.
3112	見つかる	みつかる	verb	to be found; to be discovered	ごめん。なかなかここが見つからなくて。	Sorry. I could hardly find this place.
3113	見解	けんかい	noun	opinion; point of view	私個人の見解を述べさせて下さい。	Let me give you my personal opinion.
3114	負ける	まける	verb	to lose; to be defeated; to be beaten	これ以上まけられませんか。	Is this the last price?
3115	財政	ざいせい	noun	public finance	ロシアは大変な財政困難に直面している。	Russia is facing great financial difficulties.
3116	買収	ばいしゅう	noun	acquisition (esp. corporate); buy-out; takeover	どんな人でも買収できるものだ。	Every man has his price.
3117	輸出	ゆしゅつ	noun	export; exportation	輸出は３００億ドル増加した。	The exports increased by 30 billion dollars.
3118	銀座	ぎんざ	noun	Ginza (district in Tokyo)	銀座を歩いている時、偶然友達に出会った。	I ran into a friend while walking in Ginza.
3119	集会	しゅうかい	noun	meeting; assembly; gathering	魔女集会で悪魔を召喚する。	Her coven conjures the demons.
3120	雷	かみなり	noun	lightning; thunder; thunderbolt	さらに悪いことに、激しく雷が鳴り始めた。	To make matters worse, it began to thunder fiercely.
3121	ほんの	ほんの	adjective	mere; only; just	ほんの一寝入りしたら、さっぱりした。	Just a spot of shut-eye has already refreshed my mind.
3122	イエス	イエス	noun	Jesus (Christ)	イエスは、彼らに答えて言われた・・・。	Jesus answered them.
3123	イラク	イラク	noun	Iraq	アメリカ軍はイラクでの戦闘任務を完了することを発表した。	American forces announced the completion of their mission in Iraq.
3124	グラス	グラス	noun	glass (drinking vessel)	このグラスを片付けてください。	Please put these glasses away.
3125	シフト	シフト	noun	shift; move	由紀子ちゃんは、明日以降、火木金のシフトで出勤してくれればいいから。	It's OK if Yukiko can do the Tuesday, Thursday and Friday shifts from tomorrow.
3126	チキン	チキン	noun	chicken	チキンをお願いします。	Chicken, please.
3127	テキスト	テキスト	noun	text	このテキストは易しい英語で書かれている。	This textbook is written in simple English.
3128	トマト	トマト	noun	tomato (Solanum lycopersicum)	去年トマトを作ったがとてもおいしかった。	I grew tomatoes last year and they were very good.
3129	トンネル	トンネル	noun	tunnel	その企業はトンネル会社を設立しました。	The corporation set up a dummy company.
3130	ドーム	ドーム	noun	dome	東京ドームの電話番号は何番ですか。	What's the number for the Tokyo Dome?
3131	パーク	パーク	noun	park (public, amusement, etc.)	我々はその夜、ロードサイドパークで寝た。	We bedded down at the roadside park for the night.
3132	ペース	ペース	noun	pace	自分のペースでやってください。	You can take your time.
3133	ポーズ	ポーズ	noun	pose	彼女は絵のためにポーズをとった。	She posed for a drawing.
3134	一族	いちぞく	noun	family; relatives; dependents	彼はその一族に縁がある。	He is related to the family.
3135	例外	れいがい	noun	exception	どんな規則にも例外はある。	There are exceptions to every rule.
3136	僕ら	ぼくら	pronoun	we; us	ぼくらはボートでその湖を横断した。	We crossed the lake in a boat.
3137	入社	にゅうしゃ	noun	joining a company; getting a job with a company; starting work at a company	あの男鳴り物入りで入社したけど、実力のほど看板に偽りなしだったね。	He came on board this company with a lot of fanfare and he turns out to have the skill and talent to live up to it.
3138	冷蔵庫	れいぞうこ	noun	refrigerator; fridge	私の冷蔵庫は故障しています。	My refrigerator is out of order.
3139	出典	しゅってん	noun	source (e.g. quotation); authority	私はこれらの引用句の出典をどうしても知る必要がある。	I must know where these quotations originate.
3140	出勤	しゅっきん	noun	going to work; leaving for work; attendance (at work)	明日、いつもより１時間早く出勤することはできますか。	Is it possible for you to come to the office an hour earlier than usual tomorrow?
3141	取れる	とれる	verb	to come off (of a button, handle, lid, etc.)	コートのボタンが一つ取れてしまっている。	One of the buttons has come off my coat.
3142	商店	しょうてん	noun	shop; store; firm	商店も彼を欲しがりませんでした。	The shop did not want him.
3143	喜ぶ	よろこぶ	verb	to be delighted; to be glad; to be pleased	彼の成功について聞いて、我々は喜んだ。	We were delighted to hear of his success.
3144	在庫	ざいこ	noun	stock; inventory	在庫がなくなりははじめている。	The supplies are beginning to give out.
3145	女神	めがみ	noun	goddess	運命の女神は勇者に味方する。	Fortune favors the bold.
3146	年収	ねんしゅう	noun	annual income	彼は少なくとも年収２０００万円は稼いでる。	He pulls down at least twenty million yen a year.
3147	広場	ひろば	noun	public square; square; plaza	彼の最新の作品がその広場に展示されている。	His latest works are on display at the square.
3148	性質	せいしつ	noun	nature (of a person); disposition; temperament	倹約なんて私の性質上できないことだ。	Thrift is alien to my nature.
3149	放射線	ほうしゃせん	noun	radiation	実は、その住民たちは放射線にずっとさらされてきた。	In fact, the inhabitants have been exposed to radioactive rays.
3150	数値	すうち	noun	numerical value	この表の数値は千単位で示されている。	The figures in this table are shown in thousands.
3151	文学	ぶんがく	noun	literature	彼女の父親は文学者として有名だ。	Her father is famous as a man of letters.
3152	昼間	ひるま	noun	daytime; during the day; time from sunrise until sunset	彼らは昼間だけ働きます。	They work only during the day.
3153	暗号	あんごう	noun	code; password; cipher	フランクは暗号による伝言を残した。	Frank left a message by means of a secret code.
3154	最中	さいちゅう	noun	(in) the middle of; (in) the midst of; (in) the course of	彼らは話をしている最中に電話を切られた。	They were cut off in the middle of their telephone conversation.
3155	火災	かさい	noun	conflagration; fire	地震が火災を引き起こした。	The earthquake brought about the fire.
3156	照明	しょうめい	noun	illumination; lighting	人のいない部屋の照明をこまめに消す。	Take care to turn off lights in rooms when nobody's in them.
3157	独占	どくせん	noun	monopoly; monopolization; exclusivity	彼はその大きな部屋を独占している。	He has the large room to himself.
3158	目撃	もくげき	noun	witnessing; observing; sighting	彼女はまさしくその事故を目撃したらしい。	She seems to have seen the very accident.
3159	端	はし	noun	end (e.g. of street); tip; point	こっちの端を持っててくれる？	Will you please hold this edge?
3160	署名	しょめい	noun	signature; autograph	そこに署名してください。	Sign your name there.
3161	見直し	みなおし	noun	review; reconsideration; revision	そこで、子供らしさが、徐々に失われていく現状への反省から、教育制度や社会の仕組みといった根本的なものの見直しが、今、真剣に考えられるようになってきている。	The loss of childhood spontaneity has caused widespread concern, as well as calls for review of the nation's educational and social structures.
3162	言及	げんきゅう	noun	reference; allusion	お願いだから、二度とこの件については言及しないで。	Don't refer to this matter again, please.
3163	警告	けいこく	noun	warning; caution; admonition	警告ありがとう。	Thank you for your warning.
3164	警官	けいかん	noun	police officer; policeman; constable	そして、ようやくその警官は腕を下げた。	Then, at last, the policeman lowered his arm.
3165	議長	ぎちょう	noun	chair; chairman; chairperson	議長はその団体に１０年間加入しています。	The chairperson has been associated with the organization for ten years.
3166	進み	すすみ	noun	progress	晩婚化傾向は今後もますます進みそうだ。	The trend towards late marriage is going to increase more and more.
3167	過剰	かじょう	noun	excess; surplus; superabundance	現在最も深刻な問題は人口過剰の問題である。	The most severe problem at present is that of over-population.
3168	頻繁	ひんぱん	na-adjective	frequent; incessant	できるだけ頻繁に辞書を引きなさい。	Refer to the dictionary as often as possible.
3169	黄金	おうごん	noun	gold (Au)	黄金のベッドで眠る金持ち。	There's a rich man sleeping on a golden bed.
3170	おまけ	おまけ	noun	something thrown in (with a purchase); something extra; free gift	この商品にはおまけが付く。	This article comes with a free gift.
3171	くり	くり	noun	Japanese chestnut (Castanea crenata)	彼は通りから栗を取り除いた。	He cleared the street of chestnuts.
3172	のり	のり	noun	riding; ride	このバスは50人乗りです。	This bus can hold fifty people.
3173	もしも	もしも	adverb	if; in case; supposing	もしも無料でしたら１部コピーしてください。	If it is free, please send me a copy.
3174	ウェブサイト	ウェブサイト	noun	website; web site	ウェブサイトのタグラインは、その企業が何を行っていて、競合他社とどこが違うのかがわかるようなものでなくてはならない。	The website's tagline has to let people know what that business does and how it differs from the competition.
3175	オーナー	オーナー	noun	owner (esp. of a business)	労働者達はオーナーと話をさせろと要求した。	The workers demanded that they talk with the owner.
3176	センチ	センチ	noun	centimeter; centimetre	１メートルは１００センチである。	A metre is 100 centimetres.
3177	トルコ	トルコ	noun	Turkey; Türkiye	かつてサルタンが今日のトルコを統治していた。	Once the Sultan ruled over what today is Turkey.
3178	パネル	パネル	noun	panel	１平方メートルの太陽光発電パネルの出力は約１ワットであり、今のところ大規模に太陽電力を利用するのは困難である。	The output power of a one square meter solar panel is about one watt, so it is difficult to use solar power on a large scale at present.
3179	ビーチ	ビーチ	noun	beach	ビーチに行きましょう。	Let's go to the beach.
3180	マウス	マウス	noun	mouse (esp. a laboratory mouse)	クリック：マウスの「左側」のボタンを素早く「一回」プチッと押す事です。	Click: Quickly pushing the mouse's left hand side button once.
3181	マラソン	マラソン	noun	marathon	たくさんの人々がそのマラソンに参加した。	Lots of people took part in the marathon.
3182	レコード	レコード	noun	(phonograph) record	彼の新しいレコードは、よく売れる。	His new record sells well.
3183	不能	ふのう	na-adjective	impossible; incapable (of doing); unable (to do)	不能になりました。	I've become impotent.
3184	予備	よび	noun	reserve; spare	彼は予備の部品を次々と調べていった。	He examined the spare parts one after another.
3185	予防	よぼう	noun	prevention; protection (against); precaution	予防運転は事故を防ぎます。	Defensive driving can help you avoid accidents.
3186	保育園	ほいくえん	noun	nursery school; day nursery; day care center	一番下の子は毎日午前中を保育園ですごしました。	The youngest child spent every morning at a nursery.
3187	再度	さいど	adverb	a second time; again; once more	ログインできませんでした。再度ログインしてください。	Your login attempt was not successful. Please try again.
3188	処刑	しょけい	noun	execution	彼はスパイとして処刑された。	He was executed as a spy.
3189	刑務所	けいむしょ	noun	prison; jail; gaol	彼女の夫は刑務所に入っている。	Her husband is in prison.
3190	削減	さくげん	noun	cut; reduction; curtailment	予算を検討し、コストを削減することにした。	I reviewed the budget, and decided to cut costs.
3191	国籍	こくせき	noun	nationality; citizenship	彼には国籍が不利に働いた。	His nationality counted against him.
3192	地味	じみ	na-adjective	plain; simple; subdued	彼女は地味な色を好む。	She favors quiet colors.
3193	大勢	おおぜい	noun	crowd of people; great number of people	大勢いればいるほど楽しい。	The more, the merrier.
3194	官僚	かんりょう	noun	bureaucrat; government official; bureaucracy	実際のところ、これは官僚支配の有力な手段なのである。	In fact, this is a major means of bureaucratic control.
3195	実態	じったい	noun	true state; actual condition; reality	また、親しい間柄であることから、暴力の被害を受けやすく、その被害を訴えにくいという実態がある。	Also as they are in an intimate relationship they are in a situation where it is easy for them to suffer from violence and difficult for them to bring complaints about that to court.
3196	対決	たいけつ	noun	confrontation; showdown	首相が政敵の挑戦と真っ向から対決しました。	The prime minister directly confronted the challenges of his political opponents.
3197	後輩	こうはい	noun	junior (at work, school, etc.); younger people; younger student	俺も後輩にアドバイスする歳になったか。	I guess I've reached the age where I have to dispense advice to my underlings.
3198	得点	とくてん	noun	scoring; score; points made	その試合の最終得点は３対１だった。	The final score of the game was 3 to 1.
3199	徹底	てってい	noun	thoroughness; completeness; consistency	彼は徹底した利己主義者だ。	He is a thorough-going egoist.
3200	悩む	なやむ	verb	to be worried; to be troubled	そして私はそれについていつも悩んだ。	And I always worried about it.
3201	慎重	しんちょう	na-adjective	careful; cautious; prudent	我々は慎重に行動しなければなりません。	We've got to move very carefully.
3202	懸念	けねん	noun	worry; fear; anxiety	多くの産業人が経済について懸念を表明している。	Many industrialists have expressed their concern about the economy.
3203	投手	とうしゅ	noun	pitcher	あの投手とはどうも相性がよくない。	Somehow the pitcher always proves a tough customer to me.
3204	拳	こぶし	noun	fist	彼らにこぶしで殴りかかった。	He went at them with his fists.
3205	操縦	そうじゅう	noun	steering; piloting; flying	パイロットは飛行機を操縦した。	The pilot flew the airplane.
3206	新型	しんがた	noun	new type; new style; new model	この新型自動車はとても人気がある。	This new model of car is so popular.
3207	旗	はた	noun	flag	旗が揚がっている。	The flag is up.
3208	旨	むね	noun	principle; aim; main purpose	彼女から結婚できませんという旨の手紙が届いた。	I received a letter from her to the effect that she couldn't accept my marriage proposal.
3209	本番	ほんばん	noun	performance (as opposed to practice); going before an audience or on-air; take	咳止めシロップ。本番前に一口飲まないと落ち着かない！	Cough syrup. If I don't drink a mouthful before going on stage I can't settle down!
3210	梅	うめ	noun	Japanese apricot (Prunus mume); Japanese plum; ume	私たちは梅の花で有名な水戸公園を見に行った。	We visited Mito Park, which is famous for its plum blossoms.
3211	欲	よく	noun	greed; craving; desire	欲の深い男はその報酬には決して満足しなかった。	The greedy man was by no means satisfied with the reward.
3212	水道	すいどう	noun	water supply; water service; waterworks	水道がでています。	The tap is running.
3213	決断	けつだん	noun	decision; determination	まだ決断はついてなかった。	The decision was still in the air.
3214	熊	くま	noun	bear (any mammal of family Ursidae)	彼女は彼女のクマをテッドと呼びました。	She called her bear Ted.
3215	移転	いてん	noun	moving; relocation; change of address	癌は彼女の胃に移転している。	The cancer has spread to her stomach.
3216	自社	じしゃ	noun	one's company; company one works for	会議場内で自社の製品の展示場を設けたいとお考えでしたら、早急にご連絡下さい。	Please let me know immediately if you would like to set up an area of the conference room for your products.
3217	要望	ようぼう	noun	demand for; request	彼はついに私の要望に従った。	He finally bent to my wishes.
3218	許す	ゆるす	verb	to permit; to allow; to approve	遅刻したことをゆるしてください。	Please forgive me for being late.
3219	講演	こうえん	noun	lecture; address; speech	彼の講演の間彼女は熱心に聞いていた。	During his speech she was all ears.
3220	電動	でんどう	adjective	electrically powered; electric	とうとう、病気のために、彼は歩くことができなくなり、動き回るのに電動の車椅子を用いなければならなくなった。	In the end, because of the disease, he became unable to walk and had to use a motorized wheelchair to get around.
3221	頑張り	がんばり	noun	tenacity; endurance	彼女は見かけによらず頑張りやだ。	She is persistent though she doesn't look so.
3222	飲み物	のみもの	noun	drink; beverage	飲み物でも作ってあげましょう。	Let's get you fixed up with a drink.
3223	飲食	いんしょく	noun	food and drink; eating and drinking	第一に飲食に注意しなければならない。	In the first place, we must be careful about what we eat and drink.
3224	いただく	いただく	verb	to receive; to get; to accept	援助していただいて本当に感謝しています。	I am very grateful to you for your help.
3225	うんこ	うんこ	noun	poop; poo; faeces	生き物なんだからウンコするに決まってんだろ。	It's a living being, so of course it shits.
3226	かく	かく	verb	to scratch	その社会学者は背中を掻く癖がある。	The sociologist has a habit of scratching his back.
3227	それにしても	それにしても	expression	nevertheless; at any rate; even so	それにしても男に綺麗って形容はやめろよな～。	In any case please stop using "pretty" when describing a man.
3228	ひたすら	ひたすら	adverb	intently; single-mindedly; devotedly	彼はひたすら成功を望んで懸命に働く。	He works hard because he is anxious to succeed.
3229	オプション	オプション	noun	option; choice	オプションとして４速自動変速機も選べる。	4-speed automatic transmission is available as an option.
3230	クイズ	クイズ	noun	quiz	彼にとってそのクイズに答えることは簡単だった。	It was easy for him to answer the quiz.
3231	クラシック	クラシック	noun	classical music	クラシックはありません。	I don't have any classical music.
3232	サラダ	サラダ	noun	salad	毎日新鮮な野菜サラダを食べてます。	We eat a fresh, green salad every day.
3233	タッチ	タッチ	noun	touch; touching	このタッチは彼女独自のものだ。	This touch is original with her.
3234	チリ	チリ	noun	Chile	今日の新聞によれば、昨日チリで大地震があったそうだ。	According to today's paper, there was a big earthquake in Chile yesterday.
3235	デザイナー	デザイナー	noun	designer	そんなデザイナーの名前聞いたことない。	I didn't quite catch the name of that designer.
3236	パスワード	パスワード	noun	password	パスワードは「Muiriel」です。	The password is "Muiriel".
3237	パンチ	パンチ	noun	punch (with the fist)	私のパンチで彼はよろめいた。	My punch sent him reeling.
3238	ファースト	ファースト	noun	first	ファーストがうちのチームのアキレスけんだ。	The first baseman is the Achilles heel of our team.
3239	フィリピン	フィリピン	noun	Philippines	スペインは昔フィリピン諸島統治していた。	Spain once governed the Philippine Islands.
3240	マジック	マジック	noun	magic	赤と黒のマジックかサインペン持ってない？	I need red and black markers or felt-tip pens. Do you have any?
3241	ルー	ルー	noun	roux	ルーは、バターと小麦粉を炒めながら作ります。	Roux is made while cooking flour and butter together.
3242	乾燥	かんそう	noun	dryness; aridity; drying (e.g. clothes)	肌が乾燥しています。	I have dry skin.
3243	仏	ほとけ	noun	Buddha; Shakyamuni	あの人は仏のような人だ。	He is a saint of a man.
3244	兄ちゃん	にいちゃん	noun	(one's) older brother	兄ちゃん、こっち生中二つー。	Kiddo! Two medium-size drafts here.
3245	共感	きょうかん	noun	sympathy; empathy; response	自分が生きている世界との共感がなければ、作家であることは無益である。	It is no use being a writer if one is not in sympathy with the world in which one is living.
3246	分間	ふんかん	counter	minutes (period of)	私は１分間５０語タイプできます。	I can type 50 words a minute.
3247	動かす	うごかす	verb	to move; to shift; to stir	なんとかその機械を動かした。	He managed to run the machine.
3248	各国	かっこく	noun	each country; every country; various countries	各国にはそれぞれの習慣がある。	Each country has its own customs.
3249	同社	どうしゃ	noun	the same company; the said firm	同社は私の兄が経営している。	The company is managed by my elder brother.
3250	地点	ちてん	noun	spot; point; place	この湖はこの地点が一番深い。	This lake is deepest at this point.
3251	奥様	おくさま	noun	wife; your wife; his wife	奥様によろしくお伝えください。	Please say hello to your wife.
3252	定着	ていちゃく	noun	sticking (in one place, position, etc.); settling; fixing	この習慣は日本人の間にすっかり定着した。	This custom has become firmly established among the Japanese.
3253	当局	とうきょく	noun	authorities; relevant authorities; authorities concerned	当局は事実を大衆から隠してきた。	The authorities have been hiding the facts from the public.
3254	復讐	ふくしゅう	noun	revenge	彼女はなんとかして復讐しようと焦っていた。	She wanted desperately to get her vengeance.
3255	月末	げつまつ	noun	end of the month	月末にはお金がほとんどなくなります。	I have so little money at the end of the month.
3256	望む	のぞむ	verb	to desire; to want; to wish for	彼女は通訳として働くことを強く望んでいる。	She has a strong wish to work as an interpreter.
3257	校長	こうちょう	noun	principal; head teacher; headmaster	新しい校長が学校を管理運営している。	A new principal is administering the school.
3258	桃	もも	noun	peach (Prunus persica)	昨年はモモがたくさん取れた。	There was a large harvest of peaches last year.
3259	法的	ほうてき	na-adjective	legal	製造業者はその製品の欠陥に対して法的な責任がある。	Manufacturers are liable for defects in their products.
3260	灯	ひ	noun	light; lamp	窓に灯がともっていた。	There was a light burning in the window.
3261	狙う	ねらう	verb	to aim at (with a weapon, etc.)	企業はそのあとをねらって競争しています。	Corporations are competing to fill the vacuum.
3262	生理	せいり	noun	physiology	生理が５週間遅れています。	My period is five weeks late.
3263	税金	ぜいきん	noun	tax; duty	人々は新しい税金に対して反対を叫んでいる。	People are crying out against the new tax.
3264	罠	わな	noun	trap (for catching animals); snare	罠かもしれん、油断するな。	It could be a trap; don't let your guard down.
3265	被告	ひこく	noun	defendant; the accused	被告は有罪と判明した。	The accused proved to be guilty.
3266	読書	どくしょ	noun	reading (books)	読書はあまり楽しくなかった。	I found little amusement in reading.
3267	調理	ちょうり	noun	cooking; food preparation	卵はどのように調理しましょうか。	How do you like your eggs done?
3268	遠慮	えんりょ	noun	reserve; constraint; restraint	ありがとう、でも遠慮しておきます。	I appreciate it, but I think I shouldn't.
3269	鈴	すず	noun	bell (often globular)	問題は誰が猫に鈴をつけるかだ。	The question is: Who will bell the cat.
3270	鑑賞	かんしょう	noun	appreciation (of art, music, poetry, etc.)	彼は、芸術に対する鑑賞力がある。	He has an eye for art.
3271	面積	めんせき	noun	area (measurement); square measure; size (of land)	三角形の面積を求めてくれ。	Please find the area of the triangle.
3272	食料	しょくりょう	noun	food	インドは今、食料が不足している。	India is now short of food.
3273	ところが	ところが	conjunction	even so; however; still	ところが実はどうすることもできないのです。	As it is, I can do nothing.
3274	なるべく	なるべく	adverb	as (much) as possible; as (much) as one can; wherever practicable	なるべくゆっくり話してもらえますか。	Could you speak as slowly as possible?
3275	まして	まして	expression	still more; to say nothing of; not to mention	彼はフランス語が話せる。まして英語は話せる。	He can speak French, not to mention English.
3276	ガイド	ガイド	noun	guide; tour guide; conductor	この国の旅行ガイドを見せてくれませんか。	Please show me some of the travel guides for this country.
3277	キッチン	キッチン	noun	kitchen	この２日間皿洗いする時間もないよ。キッチンの流しに山積みしているよ。	I haven't had time to do the dishes for two days; they are in a pile in the kitchen sink.
3278	ゴム	ゴム	noun	gum; rubber	マヤ族の人々はボールをゴムで作っていました。	The Mayas made their balls out of rubber.
3279	スキー	スキー	noun	skiing	このスキーウェアは冷たい風を通しません。	This ski wear keeps out the cold wind.
3280	プライベート	プライベート	na-adjective	private	彼はプライベートには誰も立ち入らせなかった。	He wouldn't let anybody interfere with his private affairs.
3281	ポップ	ポップ	na-adjective	pop; popular; fashionable	あなたはポップソングが好きではないのですね？	You don't like pop songs, do you?
3282	不快	ふかい	noun	displeasure; discomfort; unpleasantness	その腐った肉はひどく不快な匂いがした。	The spoiled meat had a nasty smell.
3283	二度と	にどと	adverb	never again	古きよき時代は去り、二度と戻らない。	The good old days have gone, never to return.
3284	人種	じんしゅ	noun	race (of people)	世界にはいろいろな人種がいる。	There are many different races in the world.
3285	体質	たいしつ	noun	constitution (physical); physical make-up; predisposition (to disease)	アレルギー体質ですか。	Do you have any allergies?
3286	倒す	たおす	verb	to throw down; to bring down; to blow down	倒した座席の背を少し戻していただけますか。	Could you put your seat back up a little?
3287	側面	そくめん	noun	side; flank; profile	さらにまた、その話にはもうひとつの側面がある。	Again, there is another side to the story.
3288	兼	けん	conjunction	and (concurrently; e.g. chauffeur and secretary); in addition to; at the same time	編集者兼出版者であるその人は私のいとこです。	The editor and publisher is my cousin.
3289	占い	うらない	noun	fortune-telling; divination	昨日の易者の占いなんか気にすることないよ。	What that fortuneteller said yesterday is nothing to be concerned about.
3290	呪い	のろい	noun	curse; spell; malediction	その家族には呪いがかけられているようだった。	The family seemed to be under a curse.
3291	国連	こくれん	noun	United Nations; UN	その国は国連に援助してくれるよう訴えた。	The country appealed to the United Nations for help.
3292	塗装	とそう	noun	coating; painting	明日には部屋の塗装が行われます。	The room will be painted tomorrow.
3293	大佐	たいさ	noun	colonel; (navy) captain	彼は大佐に昇進した。	He advanced to colonel.
3294	大陸	たいりく	noun	continent	ヨーロッパは強力な雑種民族大陸である。	Europe is a continent of energetic peoples.
3295	宅	たく	noun	house; home	貴殿宅の水道水は硬水過ぎます。軟水を使用しましょう。	Your tap water is too hard. Get a water softener.
3296	審議	しんぎ	noun	deliberation; discussion; consideration	評決は公平な審議の証拠である。	The verdict is a tribute to their fairness.
3297	役員	やくいん	noun	director; executive	私は役員になった。	I became a director.
3298	性別	せいべつ	noun	(distinction of) sex; gender	性別で人を分け隔てすべきでない。	You should not discriminate against people because of their sex.
3299	悲しみ	かなしみ	noun	sadness; sorrow; grief	彼女の悲しみに気づかなかった。	We didn't notice her sorrow.
3300	撮る	とる	verb	to take (a photograph)	この番組、ビデオに録っておいて。	Will you record this program on video for me?
3301	本質	ほんしつ	noun	essence; true nature; substance	その問題について相当に長く考えてようやくその本質が見えてきた。	I had to think about the problem for quite a while before I saw daylight.
3302	柱	はしら	noun	pillar; post	これらの柱が舞台を支えています。	These pillars support the stage.
3303	根本	こんぽん	noun	root; source; origin	想像力は、すべての文明の根本である。	Imagination is the root of all civilization.
3304	栽培	さいばい	noun	cultivation	ビニールハウスでトマトを栽培しています。	I grow tomatoes in plastic houses.
3305	比べる	くらべる	verb	to compare; to make a comparison (between)	この作品は君の前のに比べて進歩している。	This work is an improvement on your last.
3306	気味	きみ	noun	sensation; feeling	その事件には何となく気味の悪いところがあった。	There was something weird about the incident.
3307	濃い	こい	i-adjective	deep (colour); dark	霧がどんどん濃くなっている。	The fog is growing thicker.
3308	生成	せいせい	noun	creation; generation; formation	毎日大量の二酸化炭素が生成されている。	Massive amounts of carbon dioxide are generated every day.
3309	発音	はつおん	noun	pronunciation	彼の発音は決して完全ではない。	His pronunciation is far from perfect.
3310	盛り	さかり	noun	height (e.g. of summer); peak (e.g. of cherry blossom season); (in) season	息子たちは若い盛りだ。	My sons are in the heyday of youth.
3311	相続	そうぞく	noun	succession	長男がすべての財産を相続した。	The eldest son succeeded to all the property.
3312	竹	たけ	noun	bamboo (any grass of subfamily Bambusoideae)	厳密に言えば、竹は草の一種である。	Strictly speaking, bamboo is a kind of grass.
3313	結成	けっせい	noun	formation; combination	彼らは、アメリカ退職者協会という独自の全国組織を結成している。	They have formed their own nationwide association, the American Association of Retired Persons.
3314	緩和	かんわ	noun	relief; mitigation; alleviation	需給関係が緩和している。	The supply-demand balance is relaxing.
3315	罰	ばち	noun	(divine) punishment; curse; retribution	犯罪にはすべて罰が必要である。	Every crime calls for punishment.
3316	脇	わき	noun	armpit; under one's arm; side	脇でいろいろ言わないでくれよ。	Don't be a backseat driver.
3317	芸	げい	noun	art; craft; accomplishment	彼の芸はこなれていない。	His talent is green.
3318	若手	わかて	noun	young person	若手にもっと頑張ってもらいたい。	I want the young members to be more active.
3319	虐殺	ぎゃくさつ	noun	slaughter; massacre	捕虜を虐殺したのは残忍な行為だ。	The slaughter of the prisoners was a barbarous act.
3320	観客	かんきゃく	noun	spectator; audience	観客はたっぷりと５分間拍手した。	The audience applauded for a full five minutes.
3321	触れる	ふれる	verb	to touch; to feel	触れないでそのままにしておきなさい。	Don't touch it. Leave it as it is.
3322	通う	かよう	verb	to go to and from (a place); to go back and forth between; to run between (e.g. bus, train, etc.)	うちの子供は全員地元の学校に通っています。	Our children all go to the local school.
3323	選手権	せんしゅけん	noun	championship; title (of champion)	彼はまだヘビー級の選手権を保持している。	He still holds the heavyweight title.
3324	隊長	たいちょう	noun	commanding officer	隊長以下の者がこの建物に住む。	Men of the rank of captain and below live in this building.
3325	青年	せいねん	noun	youth; young man	ほとんど全ての偉大なことは青年によって成されて来た。	Almost everything that is great has been done by youth.
3326	頭痛	ずつう	noun	headache	今朝起きたとき、頭痛がしました。	When I got up this morning, I had a headache.
3327	いいえ	いいえ	interjection	no	いいえ、まだ書いていません。	No, I haven't written it yet.
3328	ともかく	ともかく	adverb	anyhow; anyway; somehow or other	ともかく合格してうれしい。	I'm glad to have passed at all.
3329	ジャズ	ジャズ	noun	jazz	ジャズは私の専門ではない。	Jazz is not my speciality.
3330	スケジュール	スケジュール	noun	schedule; program; calendar	いずれにしてもスケジュールは変更できない。	At any rate, we can't change the schedule.
3331	ソ連	ソれん	noun	Soviet Union; USSR	ソ連はわが国に対して強い態度をとった。	The Soviet Union took a hostile attitude toward us.
3332	バナナ	バナナ	noun	banana	このバナナは悪くなった。	These bananas went bad.
3333	ミリ	ミリ	prefix	milli-; 10^-3	目の前で繰り広げられるやり取りは、俺が入り込む隙なんて一ミリもない。	The exchange unfolding in front of my eyes had not a single millimetre of a gap in which for me to slip.
3334	ライター	ライター	noun	lighter	ライター持ってる？	Have you got a lighter?
3335	ワンピース	ワンピース	noun	dress	このワンピースは、君の雰囲気にぴったりだね。	This dress is YOU.
3336	下り	くだり	noun	down-train; train heading toward the ending point of its route	ひどい降りになってきたようだね。	I think the rain's getting heavier.
3337	不可	ふか	adjective	wrong; bad; improper	それは可でもなく不可でもなしというところだ。	It is neither good nor bad.
3338	不安定	ふあんてい	na-adjective	instability; insecurity; crankiness	この歯が不安定です。	This tooth is wobbly.
3339	並ぶ	ならぶ	verb	to line up; to stand in a line	並んでお待ちください。	Wait in line, please.
3340	人格	じんかく	noun	personality; character; individuality	人の人格を認め尊重する。	Recognize and respect the personality of a person.
3341	傘	かさ	noun	umbrella; parasol	どうぞ傘にお入りください。	Please share my umbrella.
3342	出口	でぐち	noun	exit; way out	火事の時にはこの出口を使ってください。	Please use this exit when there is a fire.
3343	分割	ぶんかつ	noun	partition; division; separation	よい投資方法としては月払いの分割がある。	A good method for investing is a monthly allotment.
3344	初日	しょにち	noun	first day; opening day	初日から番狂わせが多かった。	There were many upsets right from the first day.
3345	加速	かそく	noun	acceleration; speeding up	列車は加速した。	The train gathered speed.
3346	勘弁	かんべん	noun	pardon; forgiveness; forbearance	それだけは勘弁してください。	I would do anything but that.
3347	同期	どうき	noun	same period; corresponding period	同期の人間の売上があがってきたから、俺もウカウカしてられないな。	When one of my coworkers starts racking up good sales figures I can't let down my guard.
3348	品質	ひんしつ	noun	quality (of a product or a service)	それは品質がよく、しかも安い。	It is both good and cheap.
3349	回路	かいろ	noun	circuit	そのシステム中には保護回路が組み込まれています。	The protection circuit is built into the system.
3350	土産	みやげ	noun	local specialty or souvenir bought as a gift while travelling	旅行から帰るときの土産のことを考えておきなさい。	Make allowance for souvenirs on the return trip.
3351	夜中	よなか	noun	middle of the night; dead of night	夜中過ぎに起きました。	We woke up after midnight.
3352	妖精	ようせい	noun	fairy; sprite; elf	妖精を信じてるの？	Do you believe in fairies?
3353	屋敷	やしき	noun	residence; estate; grounds	彼女は大きな屋敷を持っている。	She has a large mansion.
3354	情熱	じょうねつ	noun	passion; enthusiasm; zeal	作者は恋人に対する情熱を表現している。	The author expresses his passion for his love.
3355	押す	おす	verb	to push; to thrust; to shove	そんなに強く押さないで下さい。	Don't push me very hard. It's dangerous.
3356	損失	そんしつ	noun	loss (of assets, profit, etc.)	損失は合計１００ドルになった。	The loss amounted to 100 dollars.
3357	摂取	せっしゅ	noun	intake (e.g. of salt); ingestion	十分な栄養摂取は幼児の発育にとって極めて重要です。	Good nutrition is vital for an infant's growth.
3358	朝食	ちょうしょく	noun	breakfast	朝食はたいてい軽くとります。	I usually have a light breakfast.
3359	水素	すいそ	noun	hydrogen (H)	水は、酸素と水素から成っている。	Water consists of hydrogen and oxygen.
3360	決意	けつい	noun	decision; determination; resolution	今後もっと一生懸命勉強すると決意した。	I've made up my mind to study harder from now on.
3361	泣く	なく	verb	to cry; to shed tears; to weep	映画を見て泣くなんて、お前らしくない。	It's not like you to cry at movies.
3362	泥	どろ	noun	mud; (wet) dirt	彼の靴に泥がぴったりくっついていた。	The mud clung to his shoes.
3363	砂	すな	noun	sand; grit; fine gravel	ガラスは砂から作られる。	Glass is made from sand.
3364	移民	いみん	noun	immigration; emigration	１９世紀には移民の数が急激に増大した。	In the 19th century, the number of immigrants swelled rapidly.
3365	紳士	しんし	noun	gentleman	彼は紳士として生れ育てられた。	He was born and bred a gentleman.
3366	絶滅	ぜつめつ	noun	extinction; extermination	さまざまな種類の生物が絶滅しつつある。	Many forms of life are disappearing.
3367	著者	ちょしゃ	noun	author (usu. of a particular book); writer	シェイクスピアはハムレットの著者である。	Shakespeare is the author of Hamlet.
3368	虹	にじ	noun	rainbow	何と美しい虹だろう。	What a beautiful rainbow!
3369	見方	みかた	noun	viewpoint; point of view; way of looking (at something)	彼の意見はその問題に新しい見方を加える。	His opinion adds a new light to the question.
3370	言	げん	noun	word; remark; statement	彼の言をまじめに考えるのはばかげている。	It is foolish to take his word seriously.
3371	誇り	ほこり	noun	pride; boast; credit (to)	彼女の態度は彼女の誇りを示していた。	Her manner marks her pride.
3372	誠	まこと	noun	truth; reality; fact	すべての人を照らすまことの光が世に来ようとしていた。	The true light that gives light to every man was coming into the world.
3373	負傷	ふしょう	noun	injury; wound	負傷した兵士はほとんど歩けなかった。	The wounded soldier could hardly walk.
3374	贅沢	ぜいたく	noun	luxury; extravagance	彼女はぜいたくに暮らしている。	She lives in an expensive style.
3375	転職	てんしょく	noun	change of job; change of occupation; career change	転職に関しては人それぞれ見解が分かれる。	Each person has different views with regard to changing jobs.
3376	近代	きんだい	noun	present day; modern times; recent times	近代技術は多くの物を与えてくれる。	Modern technology gives us many things.
3377	遺体	いたい	noun	(dead) body; corpse; remains	遺体はどのように処理されたのですか。	How were the bodies of those who died disposed of?
3378	重大	じゅうだい	na-adjective	serious; important; significant	かなり重大な知らせがある。	I've got some rather serious news.
3379	隠す	かくす	verb	to hide; to conceal	隠さないで話してくれ。	Don't hold back anything.
3380	お礼	おれい	noun	thanks; gratitude	心からお礼申し上げます。	I thank you from the bottom of my heart.
3381	ご存知	ごぞんじ	noun	knowing; being aware (of)	シンガポールについてご存じですか。	Do you know about Singapore?
3382	すなわち	すなわち	conjunction	that is (to say); namely; i.e.	私の父親は３年前、すなわち１９７７年に死んだ。	My father died three years ago, that is to say in 1977.
3383	ますます	ますます	adverb	increasingly; more and more	ますます暖かくなってきています。	It is getting warmer and warmer.
3384	カロリー	カロリー	noun	calorie	あなたは必要以上のカロリーをとっている。	You take more calories than are necessary.
3385	クッキー	クッキー	noun	cookie; biscuit	もっとクッキーをどうぞ。	Help yourself to more cookies.
3386	ケア	ケア	noun	care (e.g. medical); attention; nursing	高齢者のケアについて考えなければならない。	We must think about the care of old people.
3387	ストリート	ストリート	noun	street	４２ストリートのレストランの前です。	It's in front of a restaurant on 42nd Street.
3388	ストレート	ストレート	na-adjective	straight	このクラブはゲイ、それともストレートですか。	Is the club gay or straight?
3389	データベース	データベース	noun	database	進行状況は毎日確認され、データベースに記録されます。	Progress is monitored daily and stored in a database.
3390	フレーム	フレーム	noun	frame	私は新しい眼鏡のフレームを買わねばならない。	I need to buy new spectacle frames.
3391	モニター	モニター	noun	monitor (device, software or person); monitoring	医師は患者の心臓の鼓動と血圧をモニターで監視した。	The doctor monitored the patient's heartbeat and blood pressure.
3392	ロケット	ロケット	noun	rocket	ロケットは上がっていった。	The rocket went up.
3393	ワイド	ワイド	na-adjective	wide	いつもワイドな視野を持って、仕事をしなさい。	You should always keep a broad perspective on the work you do.
3394	一生懸命	いっしょうけんめい	adverb	very hard; with utmost effort; as hard as one can	今後もっと一生懸命勉強すると決意した。	I've made up my mind to study harder from now on.
3395	交際	こうさい	noun	company; friendship; association	彼は三年間メアリーと交際している。	He has been keeping company with Mary for three years.
3396	付く	つく	verb	to be attached; to be connected with; to adhere	彼女はついに喫煙という悪い習慣がついた。	She eventually got into the bad habit of smoking.
3397	侵略	しんりゃく	noun	invasion (e.g. of a country); raid; aggression	彼らはその国を侵略した。	They invaded the country.
3398	内側	うちがわ	noun	inside; interior; inner part	彼女はドアの内側にはいっていった。	She went inside the door.
3399	南部	なんぶ	noun	southern part; the south (of a region)	南部の売り上げは４７パーセント増加した。	In the southern region, sales were up 47 percent.
3400	原子力	げんしりょく	noun	atomic energy; nuclear power	原子力について２つのチームが討論した。	The two teams debated on the issue of nuclear power.
3401	同級生	どうきゅうせい	noun	classmate	私の姉は高校時代の同級生と結婚しました。	My sister married one of her high school classmates.
3402	地面	じめん	noun	ground; earth's surface	飛行機が地面に落ちた。	The airplane fell to the earth.
3403	夢中	むちゅう	na-adjective	absorbed in; immersed in; crazy about	彼女はうれしくて夢中になっていた。	She was beside herself with joy.
3404	大震災	だいしんさい	noun	great earthquake (disaster); highly destructive earthquake	東京の郊外に住む両親や弟は大震災で死んだ。	My parents and little brother, who lived in the suburbs of Tokyo, died in the big earthquake.
3405	委託	いたく	noun	entrusting (something to a person); consignment (of goods); putting in someone's charge	僕は、有り金をすべて彼に委託した。	I trusted him with all the money I had.
3406	寿命	じゅみょう	noun	lifespan; life; lifetime	彼の寿命は終わろうとしている。	His sands are running out.
3407	幻想	げんそう	noun	fantasy; illusion; vision	恒久的な平和など幻想に過ぎない。	Permanent peace is nothing but an illusion.
3408	性的	せいてき	na-adjective	sexual (i.e. relating to biological sex)	彼女は科学における性的偏見について書いた。	She wrote on gender bias in science.
3409	手順	てじゅん	noun	process; procedure; sequence	安全手順を守らないとけがしますよ。	You may injure yourself if you don't follow safety procedures.
3410	歌手	かしゅ	noun	singer	彼はロック歌手として知られている。	He is known as a rock singer.
3411	水分	すいぶん	noun	water; liquid; fluid	水分を控えてください。	You should not drink a lot of liquid.
3412	流通	りゅうつう	noun	circulation (of money, goods, etc.); distribution	貨幣は銀行制度を通じて流通する。	Money circulates through the banking system.
3413	牛乳	ぎゅうにゅう	noun	(cow's) milk	牛乳を２本買いました。	I bought two bottles of milk.
3414	甲	こう	noun	carapace; shell	甲の食物は乙の毒。	One man's meat is another man's poison.
3415	皇帝	こうてい	noun	emperor	姫君は皇帝に寛恕を請いました。	The princess begged forgiveness from the emperor.
3416	礼	れい	noun	thanks; gratitude	彼女の親切な助力に対して彼は礼を述べた。	He thanked her for her kind help.
3417	福	ふく	noun	good fortune; happiness; blessing	笑う門には福来る。	Fortune comes in by a merry gate.
3418	粒	つぶ	noun	grain; bead; drop	私は６時間ごとに２粒飲まなければなりません。	I have to take two pills every six hours.
3419	興味深い	きょうみぶかい	i-adjective	very interesting; of great interest	その話はとても興味深かった。	The story was very interesting.
3420	補給	ほきゅう	noun	supply; supplying; replenishment	補給はまもなく不足するでしょう。	The supplies will give out soon.
3421	覚醒	かくせい	noun	waking up; awakening; arousal	初めて催眠に入る人の場合、とても浅い催眠状態から、覚醒してもらって、催眠状態と普通に覚醒した状態とを比べてもらうことがよくあります。	When people are being put into a hypnotic state for the first time I often, after placing them in a very light hypnotic state, wake them and ask them to compare their wakening state to that when hypnotised.
3422	貯金	ちょきん	noun	putting money aside; savings; deposit (e.g. in a bank)	私は毎月１０ドルずつ貯金しています。	I put away 10 dollars each month.
3423	身分	みぶん	noun	(social) standing; status; position	身分相応に暮らせ。	Cut your coat according to your cloth.
3424	軍人	ぐんじん	noun	serviceman; servicewoman; soldier	彼の態度は軍人らしく堅苦しかった。	His bearing was stiff and military.
3425	軒	のき	noun	eaves	２軒の家が並んでたっている。	The two houses stand alongside of each other.
3426	迎える	むかえる	verb	to go out to meet; to receive; to welcome	彼らは暖かく迎えられた。	They got a warm reception.
3427	配達	はいたつ	noun	delivery	このスーパーマーケットは土曜日だけ配達する。	This supermarket delivers only on Saturday.
3428	針	はり	noun	needle; pin	変な魚が針にかかっている。	A strange fish is on the hook.
3429	開設	かいせつ	noun	establishment; opening; setting up	預金口座を開設したいのですが。	I'd like to open a savings account.
3430	防御	ぼうぎょ	noun	defense; defence; safeguard	最も効果的な防御は攻撃である。	The most effective defense is offense.
3431	頑張る	がんばる	verb	to persevere; to persist; to keep at it	いや、１、２ヶ月とにかく頑張ってみましょう。	No, we'll be in fighting shape in just a month or two.
3432	頼り	たより	noun	reliance; dependence	あなただけが頼りなのです。	You are my only resort.
3433	鶴	つる	noun	crane (any bird of the family Gruidae, esp. the red-crowned crane, Grus japonensis)	ツルは大きくて美しい鳥だ。	Cranes are big beautiful birds.
3434	お疲れ様	おつかれさま	interjection	thank you (for your hard work); good work	「おさきにしつれいします」「おつかれさまでした」	I'm finished for the day. "Much appreciated."
3435	そうですね	そうですね	expression	that's so, isn't it	そうですね、私としては、あまり好みません。	Well, personally, I don't really care for it.
3436	ねこ	ねこ	noun	cat (esp. the domestic cat, Felis catus); feline	その猫はゆっくりとねずみに近づいた。	The cat slowly approached the mouse.
3437	イスラエル	イスラエル	noun	Israel	先生、あなたは神の子です。イスラエルの王です。	Rabbi, you are the Son of God; you are the King of Israel.
3438	ドラム	ドラム	noun	drum; drums; drum kit	彼女はドラムたたくことができる。	She can play the drum.
3439	プレス	プレス	noun	pressing; stamping; printing	アイロンをかけるのが苦手だから永久プレス加工の服を買う。	I'm hopeless at ironing so I buy permanent press clothes.
3440	マネージャー	マネージャー	noun	manager	スケジュールについてマネージャーと相談したい。	I want to talk with the manager about the schedule.
3441	モール	モール	noun	(shopping) mall; shopping centre	モールに行きましょうか。	Should we go to the mall?
3442	レギュラー	レギュラー	noun	regular; standard	彼はサッカー部のレギュラーだった。	He was a regular member of the soccer club.
3443	レモン	レモン	noun	lemon	レモンには独特の風味がある。	The lemon has a flavor all of its own.
3444	レンズ	レンズ	noun	lens	レンズだけ交換できますか。	Can I buy only the lenses?
3445	一般人	いっぱんじん	noun	ordinary person; member of the general public; non-celebrity	彼の行動は一般人にはなじまない。	His behavior is alien to the public.
3446	世界一	せかいいち	noun	best in the world	彼は世界一の金持ちだと言われている。	It is said that he is the richest man in the world.
3447	主婦	しゅふ	noun	housewife; mistress (of the house); homemaker	ただの主婦にはなりたくありません。	I would hate to become just a housewife.
3448	予報	よほう	noun	forecast; prediction	天気は今夜から悪くなるという予報だ。	The forecast says it will begin to rain tonight.
3449	促進	そくしん	noun	promotion; acceleration; encouragement	相互理解は平和を促進する。	Mutual understanding promotes peace.
3450	修復	しゅうふく	noun	restoration; repair; mending	廃墟となったその城は現在修復中です。	The ruined castle is now under restoration.
3451	出会う	であう	verb	to meet (by chance); to come across; to run across	銀座を歩いている時、偶然友達に出会った。	I ran into a friend while walking in Ginza.
3452	助手	じょしゅ	noun	assistant; helper	エリオットさんの助手として働いている。	I work as Mr Eliot's assistant.
3453	反射	はんしゃ	noun	reflection; reverberation	時間をかけて反射しろ。	Take the time to reflect.
3454	国王	こくおう	noun	king; queen; monarch	民衆は国王に対して反乱を起こした。	People rose in revolt against the king.
3455	報	ほう	noun	information; news; report	我々は彼の急死の報に大いに驚いた。	We were greatly surprised at the news of his sudden death.
3456	失う	うしなう	verb	to lose	勇気を失わないでどんどん書きつづけなさい。	Keep a good heart and go on writing.
3457	実習	じっしゅう	noun	practice (in the field); training (esp. practical and hands-on); practical exercise	普通科目の他に機械についての基礎的な事柄を学習し、各種の機械の使用法や技術を身につける実習などを行います。	In addition to the general curriculum there are tutorials in the essentials of machinery, training is also carried out for skills in and learning how to use the various types of machinery.
3458	将棋	しょうぎ	noun	shogi; Japanese chess	私は将棋を少々やります。	I play shogi a little.
3459	少々	しょうしょう	adverb	a little; a bit; a small amount	少々お待ち下さい。いるかどうか見てきます。	Hold on a minute, please. I'll see if he is in.
3460	少数	しょうすう	noun	small number; few; minority	ほんの少数の人しかその事実を知らない。	Only a handful of people know the fact.
3461	幕	まく	noun	curtain	そのとき幕はあきかけていた。	The curtain was rising then.
3462	広がる	ひろがる	verb	to spread (out); to extend; to stretch	そのニュースは少しずつ広がりました。	The news spread little by little.
3463	延期	えんき	noun	postponement; deferment; adjournment	彼は、なんだかんだ言って支払いを延期した。	He delayed payment on some pretext or other.
3464	怒る	おこる	verb	to get angry; to get mad; to lose one's temper	その要求に対して怒った。	They set up their backs against the claim.
3465	悲劇	ひげき	noun	tragedy; tragic drama; tragic play	悲劇は突然起こった。	The tragedy happened suddenly.
3466	愛用	あいよう	adjective	favorite; favourite; habitually used	政府は国産品の愛用を奨励している。	The government is promoting the use of home products.
3467	抜ける	ぬける	verb	to come out; to fall out; to be omitted	風邪がなかなか抜けません。	I can't get rid of my cold.
3468	持ち主	もちぬし	noun	owner; proprietor; possessor (e.g. of talent, beauty, etc.)	トムは医者としてすばらしい経歴の持ち主だ。	Tom has a bright career as a medical doctor.
3469	放出	ほうしゅつ	noun	emission; release; radiation	植物は栄養物を作っているとき、酸素を放出する。	Plants give off oxygen as they make food.
3470	救う	すくう	verb	to rescue (someone); to save; to help (out of a difficulty)	その薬が彼女の命を救った。	The medicine saved her life.
3471	日付	ひづけ	noun	date; dating	名前を書き終わったら日付も書いておきなさい。	When you have written your name, write the date.
3472	槍	やり	noun	spear; lance	彼は敵目がけて槍を投げつけた。	He darted a spear at his enemy.
3473	欧米	おうべい	noun	Europe and the United States; Europe and America; the West	欧米では時間厳守は当然の事と考えられている。	In Europe and America, people regard punctuality as a matter of course.
3474	派手	はで	na-adjective	showy; loud; flashy	君はいつも派手なネクタイをしている。	You are always wearing a loud necktie.
3475	海軍	かいぐん	noun	navy; naval force	私は海軍に入った。	I went into the navy.
3476	特性	とくせい	noun	special characteristic; special quality; trait	泳者の呼吸機能の特性について。	Concerning the characteristics of respiratory function in swimmers.
3477	玄関	げんかん	noun	entrance; front door; entryway	ビル、玄関に出てくれ。	Bill, answer the door.
3478	登山	とざん	noun	mountain climbing; mountaineering; ascent of a mountain	人生はしばしば登山に例えられてきた。	Life has often been compared to climbing a mountain.
3479	移植	いしょく	noun	transplanting (a plant); transplant; grafting	母は庭へ花を移植した。	Mother transplanted the flowers to the garden.
3480	能	のう	noun	talent; gift; function	能は伝統的な日本の芸術である。	Noh is a traditional Japanese art.
3481	脚本	きゃくほん	noun	script; screenplay; scenario	彼は脚本を書いている。	He writes scripts.
3482	苦しい	くるしい	i-adjective	painful; difficult; tough	苦しい、やめろ。	It's so painful. Stop it!
3483	虐待	ぎゃくたい	noun	abuse; ill-treatment; maltreatment	彼女は動物に対する虐待行為を強く非難した。	She spoke out strongly against cruelty to animals.
3484	証券	しょうけん	noun	bond; bill; certificate	保険証券番号はＰＣ２３５７です。	The policy number of my insurance is PC-two-three-five-seven.
3485	調達	ちょうたつ	noun	supply; provision; raising	資金を調達する。	I raise funds.
3486	追求	ついきゅう	noun	pursuit (of a goal, ideal, etc.); search; chase	本物を追求しろ。	Make it real.
3487	通話	つうわ	noun	telephone call; speaking over the telephone; (Internet) voice call	ただいま通話中だ。	The line is busy now.
3488	連休	れんきゅう	noun	consecutive holidays	明日から５連休だから、みんなルンルン気分だね。	Everybody is in a good mood looking forward to the five-day holiday that starts tomorrow.
3489	進める	すすめる	verb	to advance; to move forward; to put (a clock, watch) forward	時間をむだにしないで、この仕事を進めよう。	Let's stop wasting time and get on with this work.
3490	進歩	しんぽ	noun	progress; advance; improvement	彼らは建築においてとても進歩していた。	They were making great progress in architecture.
3491	遺跡	いせき	noun	(archeological) remains; ruins; relics	その遺跡は訪れてみる価値がある。	The ruins are worth visiting.
3492	野生	やせい	adjective	wild	野生の虎はアフリカでは見られません。	No wild tigers are to be found in Africa.
3493	阻止	そし	noun	obstruction; prevention; hindrance	インフレを阻止しなければならない。	Inflation should be checked.
3494	雑	ざつ	na-adjective	rough; crude; sloppy	彼は仕事が雑だ。	He is careless and untidy in his work.
3495	順番	じゅんばん	noun	order; turn	順番をお待ち下さい。	Wait for your turn, please.
3496	騒ぎ	さわぎ	noun	uproar; disturbance	つまらないことで何という騒ぎだ。	What a fuss about nothing!
3497	おいおい	おいおい	interjection	hey!; wait a minute!; whoa!	犬が死んだ時彼はおいおいと泣いた。	When his dog died, he cried his heart out.
3498	っぱなし	っぱなし	suffix	leaving (on, open, unfinished, etc.)	彼女の手はうごきっぱなしだ。	Her hands are never still.
3499	ばか	ばか	noun	idiot; moron; fool	馬鹿につける薬なし。	No medicine can cure folly.
3500	もたらす	もたらす	verb	to bring (news, knowledge, etc.); to introduce	その発明は、偶然にもたらされました。	The invention was brought about by chance.
3501	やがて	やがて	adverb	before long; soon; shortly	やがて、また寒くなるでしょう。	By and by it will become colder again.
3502	イスラム	イスラム	noun	Islam	私たちの友達の中には、セルビア人もいるし、クロアチア人もいるし、イスラム教徒もいるのよ。	Among our friends, there are Serbs and Croats and Muslims.
3503	エレベーター	エレベーター	noun	elevator; lift	このエレベーターは十人乗ることができる。	This elevator is capable of carrying ten persons.
3504	オイル	オイル	noun	oil; petroleum	新聞によるとＸＹＺオイルは今日倒産したらしい。	The newspaper said that XYZ oil company went belly-up today.
3505	キャプテン	キャプテン	noun	captain	彼らはピーターをキャプテンに選んだ。	They chose Peter as captain.
3506	クリーム	クリーム	noun	cream	砂糖とクリームを少し入れてください。	Add a little sugar and cream.
3507	ステップ	ステップ	noun	step (of a staircase, etc.); running board (of a bus, train)	焦らずに、目の前のステップを一つ一つのぼっていきたい。	I want to take things one step at a time without getting flustered. I want to live in the moment.
3508	ズボン	ズボン	noun	trousers; pants	彼は毎日ズボンにアイロンをかけてもらう。	He has his trousers pressed every day.
3509	ドキドキ	ドキドキ	adverb	thump-thump; bang-bang; pit-a-pat	少し走ったら胸がどきどきした。	I felt my heart pound after running a little.
3510	ハロウィン	ハロウィン	noun	Halloween	ハロウィンおめでとう。	Happy Halloween!
3511	パチンコ	パチンコ	noun	pachinko; mechanical gambling game superficially resembling pinball	私たちは、パチンコをして時を過ごした。	We passed the time playing pachinko.
3512	フェア	フェア	na-adjective	fair	その都市はフェアを開催している。	The city is hosting the fair.
3513	フライ	フライ	noun	deep-fried food	彼はライトにフライを打ち上げた。	He hit a fly into right field.
3514	ブルース	ブルース	noun	blues	私はリズム＆ブルースが好きです。	I like R&B.
3515	マック	マック	noun	McDonald's (fast food restaurant)	「帰ろ」「マックよってかない？」	Let's head back. "Shall we drop by McDonald's?"
3516	リラックス	リラックス	noun	relaxing; relaxation	リラックスするには時間がかかる。	It takes time to relax.
3517	一種	いっしゅ	noun	a kind; a sort; a variety	熱はエネルギーの一種である。	Heat is a form of energy.
3518	並	なみ	adjective	average; medium; common	彼女の演技はプロ並みです。	Her acting is on the level of a professional.
3519	今や	いまや	adverb	now (esp. in contrast to the past); now at last; at present	今や彼は大学生として通用する。	He still passes as a college student now.
3520	休暇	きゅうか	noun	holiday; vacation; day off	休暇は全くあっという間に終わってしまった。	I'll be only too pleased to help you.
3521	保有	ほゆう	noun	possession; retention; maintenance	会社を経営することと保有することとは違う。	Management of a company is different from ownership of a company.
3522	偉大	いだい	na-adjective	great; grand; magnificent	彼はいつも偉大な学者として通っている。	He always passes for a great scholar.
3523	公務員	こうむいん	noun	public employee; government employee; public-sector worker	私は公務員です。	I'm a government worker.
3524	冒頭	ぼうとう	noun	beginning; opening; start	彼はほんの冒頭部分を書き終えた。	He finished the opening.
3525	出張	しゅっちょう	noun	business trip; official trip	出張を利用してパリ見学をした。	I took advantage of my business trip to see the sights of Paris.
3526	勤め	つとめ	noun	service; duty; business	万一勤めをやめたら、どうしますか。	If you were to quit your job, what would you do?
3527	協定	きょうてい	noun	arrangement; pact; agreement	協定が結ばれる可能性は極めて少ない。	There is very little probability of an agreement being reached.
3528	原理	げんり	noun	principle; theory; fundamental truth	彼はひとつの原理を考えだした。	He figured out a principle.
3529	商売	しょうばい	noun	trade; business; commerce	彼の商売はますます悪くなった。	His business has gone from bad to worse.
3530	喫煙	きつえん	noun	smoking (tobacco)	彼女はついに喫煙という悪い習慣がついた。	She eventually got into the bad habit of smoking.
3531	在住	ざいじゅう	noun	residing; living; dwelling	大阪在住です。	I stay in Osaka.
3532	地帯	ちたい	noun	zone; area; belt	兵隊達は全員その地帯の地図を持っていた。	The soldiers were all supplied with a map of the place.
3533	店長	てんちょう	noun	shop manager	彼は取引銀行の店長に好意的な印象を与えた。	He made a favorable impression on his bank manager.
3534	座席	ざせき	noun	seat (esp. in public places or places with assigned seating); seating	座席をとっておいてください。	Please save my place.
3535	打つ	うつ	verb	to hit; to strike; to knock	そんなに強くぶたないで。	Don't hit me so hard.
3536	教員	きょういん	noun	teacher; instructor; teaching staff	私は教員になったことを後悔している。	I regret becoming a teacher.
3537	札	ふだ	noun	ticket; token; check	全部２０ドル札で、お願いします。	Please give me the money in twenty-dollar bills.
3538	概要	がいよう	noun	outline; summary; overview	彼は私に事件の概要を説明した。	He gave me an outline of the affair.
3539	法案	ほうあん	noun	bill (law); measure	その法案に反対しているひとがおおい。	Many people are against the bill.
3540	爆撃	ばくげき	noun	bombing (raid)	首都は繰り返し繰り返し爆撃された。	The capital was bombed again and again.
3541	石油	せきゆ	noun	oil; petroleum	日本にはほとんど石油がありません。	There is little oil in Japan.
3542	確立	かくりつ	noun	establishment; settlement	保安官は、その町の秩序を確立した。	The sheriff established order in the town.
3543	秘書	ひしょ	noun	(private) secretary	彼女を秘書として使ってみよう。	I'll try her out as a secretary.
3544	絆	きずな	noun	bond (between people); (emotional) ties; bonds	彼らは強い愛情の絆で結ばれている。	There is a strong bond of affection between them.
3545	羊	ひつじ	noun	sheep (Ovis aries)	これらの雲は白い羊の群れのように見える。	These clouds look like a flock of white sheep.
3546	羨ましい	うらやましい	i-adjective	envious; jealous	私は留学した学生たちがうらやましかった。	I was envious of the students who had studied abroad.
3547	誘惑	ゆうわく	noun	temptation; allurement; lure	彼はあまりに子供だから誘惑にかてなかった。	He was so childish that he couldn't resist temptation.
3548	貿易	ぼうえき	noun	(foreign) trade; (international) commerce; importing and exporting	私の父は長年、外国貿易に従事しています。	My father has been engaged in foreign trade for many years.
3549	陰謀	いんぼう	noun	plot; intrigue; scheme	新聞によれば、彼はその陰謀に関わっていた。	According to the newspaper, he participated in the plot.
3550	陸上	りくじょう	noun	(on) land; ground; shore	彼は陸上競技会で見事な成績をあげた。	He acquitted himself admirably at the track meet.
3551	駆逐	くちく	noun	expulsion; driving out; driving away	彼らは日本品を市場から駆逐しようとしている。	They are trying to drive Japanese goods out of the market.
3552	鹿	しか	noun	deer (esp. the sika deer, Cervus nippon); cervid	鹿は驚いて急いで逃げていった。	The deer darted off in alarm.
3553	さっぱり	さっぱり	adverb	feeling refreshed; feeling relieved	彼らの関係についてはさっぱり分からない。	I am in the dark about the relation between them.
3554	やたら	やたら	adverb	indiscriminately; blindly; at random	彼のやたら長い話にはうんざりする。	He bored me with his endless tales.
3555	ゆえ	ゆえ	noun	reason; circumstances; grounds	彼の欠点のゆえにかえって人々は彼を好いた。	People liked him all the better for his faults.
3556	エンジニア	エンジニア	noun	engineer	父は私をエンジニアにするつもりです。	My father intends that I should become an engineer.
3557	キャンセル	キャンセル	noun	cancellation	キャンセル待ちします。	Could you put my name on the waiting list?
3558	ストップ	ストップ	noun	stop	戦争で彼らの研究はストップした。	The war brought their research to an end.
3559	デスク	デスク	noun	desk	新しいデスクをお願いします。	I'm going to ask for a new desk.
3560	ナイフ	ナイフ	noun	knife	ナイフとして用いられている。	It can be used as a knife.
3561	ネーム	ネーム	noun	name	昔の作品ですが、ネーム無しで好き放題やってしまったので無駄に長いです。	This is an early work, I did it freely without storyboarding so it's unreasonably long.
3562	バター	バター	noun	butter	どうぞバターを回して下さい。	Pass me the butter, will you please?
3563	フラッシュ	フラッシュ	noun	flash (esp. of a camera); flashlight; flashbulb	フラッシュを使ってもいいですか。	Is it all right to use a flash here?
3564	マット	マット	noun	mat	彼らはマットの上を歩いた。	They walked over the mat.
3565	マネー	マネー	noun	money	トムの友達は彼のことを「マネーバッグ」と呼んだ。	Tom's friends called him Mr Money Bags.
3566	ラウンド	ラウンド	noun	round (table, collar, etc.)	ジムは第７ラウンドにノックアウトを食らった。	Jim was counted out in the seventh round.
3567	ラッキー	ラッキー	na-adjective	lucky	私は自分が何てラッキーな少年かわかっています。	I know what a lucky boy I am.
3568	リクエスト	リクエスト	noun	request	６００００キリリクイラスト：キリ番を踏んだBeikyuさんのサイト「小さなカエデの木のそばで」のイメージイラストを描いてほしいというリクエストを頂きました。	60,000 lucky number request: I got a request to draw an illustration for the site of Beikyu, who hit the lucky number, "Standing By A Little Maple Tree".
3569	乗客	じょうきゃく	noun	passenger	最終バスには乗客がほとんどいなかった。	There were very few passengers on the last bus.
3570	互いに	たがいに	adverb	mutually; with each other; reciprocally	われわれは互いにその問題について議論した。	We discussed the matter with each other.
3571	伝わる	つたわる	verb	to spread (of a rumour, news, etc.); to travel; to circulate	音はとても早く伝わる。	Sound travels very quickly.
3572	侍	さむらい	noun	warrior (esp. of military retainers of daimyos in the Edo period); samurai	太郎には侍の血が流れている。	A samurai's blood runs in Taro's veins.
3573	再会	さいかい	noun	meeting again; reunion	あなたに再会できてうれしい。	I am pleased to see you again.
3574	助かる	たすかる	verb	to be saved; to be rescued; to survive	とても助かりました。	You've been very helpful.
3575	動機	どうき	noun	motive; incentive	動機についてはまったく考察されていない。	No speculation has taken place concerning the motives.
3576	奇妙	きみょう	na-adjective	strange; odd; peculiar	この奇妙な植物についてはほとんど知られていない。	Little is known of this curious plant.
3577	定番	ていばん	noun	standard item; usual thing; (a) classic	若い男女が人里離れた洋館で恐怖の一夜を過ごすという、ホラーの定番スタイルだ。	This is a horror staple - young men and women spend a night of terror in an isolated house.
3578	就任	しゅうにん	noun	assumption (of office); taking up (a post); inauguration	ケネディー氏は合衆国大統領として就任した。	Mr Kennedy was inaugurated as the President of the United States.
3579	巣	す	noun	nest; rookery; breeding place	鳥の巣が見られるかもしれない。	We may be able to see birds' nests.
3580	己	おのれ	pronoun	oneself (itself, etc.)	「おんどりゃー馬鹿言ってんじゃねー」農家は言った。	Don't say such rubbish! said the farmer.
3581	幻	まぼろし	noun	phantom; vision; illusion	私の罪は幻のように思える。	My crime seems unreal to me.
3582	後者	こうしゃ	noun	the latter; the second	前者が解決すれば後者も解決するであろう。	The solution of one may prove to be the solution of the other.
3583	手前	てまえ	noun	before oneself; in front of one; nearby	手前にひいて開けてください。	Pull it open.
3584	損傷	そんしょう	noun	damage; injury	このプラスチックは火によって損傷を受けない。	This plastic is not damaged by fire.
3585	救助	きゅうじょ	noun	relief; aid; rescue	溺れかかっていた乗客はすべて救助された。	All the passengers were saved from drowning.
3586	数々	かずかず	noun	many; numerous; various	私は彼の数々の親切が忘れられない。	I cannot forget his kindness.
3587	暮らす	くらす	verb	to live (on, by, etc.); to lead a life; to get along	彼女はぜいたくに暮らしている。	She lives in an expensive style.
3588	本音	ほんね	noun	real intention; motive; true opinion	彼は本音を出した。	He showed what he meant.
3589	枕	まくら	noun	pillow; bolster	予備の枕をください。	I need an extra pillow.
3590	棚	たな	noun	shelf; ledge; rack	これらの棚には本はたくさんありません。	There are not many books on these shelves.
3591	機嫌	きげん	noun	humour; humor; temper	彼は機嫌をそこねている。	He is in an angry mood.
3592	流す	ながす	verb	to drain; to pour; to run	ナポレオンはセントヘレナ島へ流された。	Napoleon was exiled to St. Helena.
3593	炎上	えんじょう	noun	going up in flames; destruction by fire (esp. of a large building)	家は炎上していた。	The house was in flames.
3594	煙	けむり	noun	smoke; fumes	タバコの煙はガンを引き起こす。	Tobacco smoke is productive of cancer.
3595	相撲	すもう	noun	sumo (wrestling)	相撲を見たことがありますか。	Have you ever watched sumo wrestling?
3596	祖父	そふ	noun	grandfather	祖父はまだ心身ともにしっかりしています。	My grandfather is still sound in mind and body.
3597	育てる	そだてる	verb	to raise; to rear; to bring up	クッキーはケイトによって育てられた。	Cookie was raised by Kate.
3598	自称	じしょう	noun	self-proclaimed; self-professed; self-styled	彼は財政の専門家であると自称した。	He claimed to be an expert in finance.
3599	西洋	せいよう	noun	the West; the Occident; Western countries	福沢諭吉は日本に西洋思想を広めた。	Yukichi Fukuzawa introduced Western ideas into Japan.
3600	豆腐	とうふ	noun	tofu; bean curd; beancurd	エミリーは夕食に豆腐をたべた。	Emily ate tofu at dinner.
3601	車内	しゃない	noun	inside a car (train, bus, etc.)	車内の彼の周りでは、ほかの乗客たちが前後左右に揺れていた。	Around him in the carriage, the other passengers rocked and swayed.
3602	逃亡	とうぼう	noun	escape; flight; running away	犯人は夜陰に乗じて逃亡した。	The prisoner escaped under cover of night.
3603	遠征	えんせい	noun	(military) expedition; campaign	私たちは遠征試合でほとんど負けてしまった。	We lost almost all our away games.
3604	雑談	ざつだん	noun	chatting; idle talk	彼はコーヒーを飲みながら彼女と雑談した。	He visited with her over a cup of coffee.
3605	食堂	しょくどう	noun	dining room; dining hall; cafeteria	彼らの家の食堂はとても広々としている。	Their dining room is very spacious.
3606	魔術	まじゅつ	noun	magic; sorcery; witchcraft	彼のボールさばきは魔術に近い。	His handling of the ball borders on wizardry.
3607	ちんちん	ちんちん	noun	penis	僕は犬にちんちんを教えた。	I have taught my dog to sit up and beg.
3608	できるだけ	できるだけ	expression	as much as one can; as much as possible; if at all possible	できるだけ早く帰ってきてください。	Please come back as soon as possible.
3609	アドレス	アドレス	noun	address	私のE-mailアドレスが変わりました。	My e-mail address has been changed.
3610	エアコン	エアコン	noun	air conditioner; air conditioning; aircon	エアコンを強くして下さい。	Please turn up the air conditioner.
3611	キチガイ	キチガイ	noun	madness; insanity; madman	気違いじみた愚かな世俗の競争から逃れたい。	I want to get away from the rat race.
3612	スイス	スイス	noun	Switzerland	彼はスイスへ行ってしまった。	He has gone to Switzerland.
3613	パスタ	パスタ	noun	pasta	パスタならフェルナンドのお得意だよ。	Pasta is Fernando's province.
3614	プレート	プレート	noun	plate (e.g. nameplate, license plate)	この板状の固い岩石の層をプレートと呼ぶ。	We call these slabs of the solid-rock layer 'plates'.
3615	プロセス	プロセス	noun	process	エメット理論が適用のプロセスにおいて多くの副産物を生み出したことは強調されなければならない。	It should be emphasized that Emmet's theory yielded a number of byproducts in the process of application.
3616	ボート	ボート	noun	boat	彼の乗ったボートを見つけた。	We caught sight of his boat.
3617	マックス	マックス	noun	max; maximum	乗せられるのは１００キロがマックスです。	A load of 100 kilograms is the max.
3618	ミュージック	ミュージック	noun	music	こちらはワンダーミュージックショップです。	This is Wonder Music Shop.
3619	世帯	せたい	noun	household; family	その家は二世帯の家族を収容できる。	The house could accommodate two families.
3620	何事	なにごと	noun	what; what sort of thing	彼らは何事においても古い習慣にこだわる。	They stick to old customs in everything.
3621	全般	ぜんぱん	noun	(the) whole	そのことは人間全般に言える。	That can be said of mankind at large.
3622	出荷	しゅっか	noun	shipping; shipment; forwarding	出荷ありがとうございました。	Thank you for the shipment.
3623	半端	はんぱ	noun	remnant; fragment; incomplete set	半端な時間に自転車に乗るだけだ。	I only ride a bicycle at odd times.
3624	友情	ゆうじょう	noun	friendship; fellowship; camaraderie	彼らの友情は徐々に愛情に変わっていった。	By degrees their friendship grew into love.
3625	同行	どうこう	noun	accompanying (someone); going with; travelling together	ご同行くださるなら大変ありがたく思います。	I'd be delighted if you'd come with me.
3626	告発	こくはつ	noun	indictment; prosecution; complaint	警察は彼を告発した。	The police accused him.
3627	売れる	うれる	verb	to sell (well)	彼の新しいレコードは、よく売れる。	His new record sells well.
3628	売買	ばいばい	noun	trade; buying and selling; trafficking (e.g. of humans, arms, drugs)	彼は革製品の売買をしている。	He buys and sells leather goods.
3629	婦人	ふじん	noun	woman; lady; adult female	彼女は成長して美しい婦人になった。	She grew up to be a beautiful lady.
3630	実在	じつざい	noun	actual existence; real existence; existing in real life	神の実在を信じますか。	Do you believe in God?
3631	帰国	きこく	noun	return to one's country	山田夫妻は来月帰国します。	Mr. and Mrs. Yamada will come home next month.
3632	往復	おうふく	noun	making a round trip; going and returning; coming and going	シカゴまで往復一枚ください。	I want a round-trip ticket to Chicago.
3633	徹底的	てっていてき	na-adjective	thorough; exhaustive; complete	その仮説は徹底的な実験に基づいている。	The hypothesis is based on the thorough experiments.
3634	我が家	わがや	expression	one's house; one's home; one's family	彼女の家は我が家より２、３倍広い。	Her house is two or three times as large as ours.
3635	抑制	よくせい	noun	control; restraint; suppression	彼はもはや自分を抑制することができなかった。	He could no longer restrain himself.
3636	改良	かいりょう	noun	improvement; reform	この制度には改良の余地がない。	There is no room for further improvement in this system.
3637	時給	じきゅう	noun	hourly pay; hourly wage	トムは勤務終了時間を超えて働くと、５割アップの時給をもらっていた。	Tom got time and a half when he worked beyond his usual quitting time.
3638	暗黒	あんこく	noun	darkness	「暗黒の王子」とは「悪魔」のことです。	The prince of darkness means "Satan."
3639	服装	ふくそう	noun	attire; dress; clothes	彼女はさっぱりした服装をしている。	She is neatly dressed.
3640	果て	はて	noun	end; extremity; limit	言葉は宇宙の果てへと飛び出していく。	Words travel across the universe.
3641	枝	えだ	noun	branch; bough; limb	枝を折らないでください。	Don't break the branches.
3642	気づく	きづく	verb	to notice; to realize; to realise	彼女の悲しみに気づかなかった。	We didn't notice her sorrow.
3643	演じる	えんじる	verb	to act (a part); to play (a role)	その２つの役は同一の女優によって演じられた。	The two parts were played by one and the same actress.
3644	現行	げんこう	noun	present; current; in operation	車の事故に関する現行の法は手直しが必要である。	The existing law concerning car accidents requires amending.
3645	発送	はっそう	noun	sending; forwarding; shipping	明日、この報告書を発送するよういって下さい。	Please remind me to mail the report tomorrow.
3646	目立つ	めだつ	verb	to be conspicuous; to stand out	彼はいないのでかえって目立った。	He was conspicuous by his absence.
3647	着替え	きがえ	noun	changing clothes; change of clothes	彼女は今夜のパーティーの前に着替えをしなければならない。	She has to change clothes before tonight's party.
3648	神話	しんわ	noun	myth; mythology	小説はおとぎ話や神話と同じぐらい古い。	Fiction is as old as fairy tales and myths.
3649	粉	こな	noun	flour; meal; powder	粉と卵２個を混ぜなさい。	Mix the flour with two eggs.
3650	聖書	せいしょ	noun	Bible; the Scriptures; Holy Writ	他のどんな本も聖書ほど読まれていない。	No other book is read as widely as the Bible.
3651	花粉	かふん	noun	pollen	花粉よりも小さな黄砂をマスクでどれだけ防ぐことが出来るのか？花粉よりもずっと厄介者のように思います。	Just how well can masks block the, even smaller than pollen, yellow sand dust? I think it much more of a nuisance than pollen.
3652	解雇	かいこ	noun	dismissal (of an employee); discharge; firing	残りの社員達は予告無しに解雇された。	The rest of the personnel were fired without notice.
3653	講義	こうぎ	noun	lecture	彼の講義には学生は皆うんざりしている。	All the students are fed up with his lecture.
3654	警察官	けいさつかん	noun	police officer; policeman; policewoman	警察官はその事件について調査することを約束した。	The police promised to look into the matter.
3655	貴族	きぞく	noun	nobility; aristocracy; peerage	出で立ちが何となく貴族っぽいような気がする。	His dress somehow gives an aristocratic impression.
3656	階級	かいきゅう	noun	(social) class	階級組織は長い間固定されてきた。	The hierarchy of rank has long been fixed.
3657	ずいぶん	ずいぶん	adverb	very; extremely; surprisingly	クリスマス以来、ずいぶん太ってしまった。	I've put on a lot of weight since Christmas.
3658	つながる	つながる	verb	to be connected (to); to be joined together; to be linked	つながれているという思いがつのった。	Thoughts of being trapped grew stronger.
3659	ばら	ばら	noun	rose	展示中のバラは色別にまとめられてある。	The roses on exhibition are grouped together by colors.
3660	わざと	わざと	adverb	on purpose; deliberately; intentionally	あの少年は、わざと彼女の子供をたたいた。	That boy hit her child on purpose.
3661	オランダ	オランダ	noun	Netherlands; Holland	オランダは狭い国です。	The Netherlands is a small country.
3662	ギア	ギア	noun	gear	西洋人と話をするとき、私はいわば頭の中のギヤを入れ換えなければならない。	When I speak to a Westerner, I have to shift mental gears, so to speak.
3663	ジャーナリスト	ジャーナリスト	noun	journalist	ジャーナリストになりたいんです。	I hope to be a journalist.
3664	チャンピオン	チャンピオン	noun	champion	武藤敬二はＩＷＧＰチャンピオンです。	Keiji Muto is IWGP champion.
3665	パイプ	パイプ	noun	pipe; tube	パイプが見つからないよ。	I can't find my pipe.
3666	メダル	メダル	noun	medal	彼は金でメダルを作った。	He made a medal of gold.
3667	世話	せわ	noun	care; looking after; help	世話しなくちゃならない子供がいる。	I have kids to take care of.
3668	主体	しゅたい	noun	main constituent; core; nucleus	「情報スーパーハイウェイ」の真のインパクトは、情報インフラの構築により経済が従来のハードやモノづくり中心の実体経済から知識、情報、ソフトを主体とした経済に移行し、そこから生まれる新しい産業や経済活動にある。	Forming an information infrastructure, the real impact of the information highway is an expectation of new economic development due to a shift from a tangible hardware-industry to brain-oriented software-industry.
3669	主役	しゅやく	noun	leading part; leading actor; leading actress	私の妹が主役を演じた。	My sister played the leading character.
3670	仁	じん	noun	benevolence (esp. as a virtue of Confucianism); consideration; compassion	巧言令色少なし仁。	Fair words butter no parsnips.
3671	光景	こうけい	noun	scene; spectacle; sight	彼女はその美しい光景に驚いて立っていた。	She stood astonished at the sight.
3672	冷凍	れいとう	noun	freezing; cold storage; refrigeration	とにかく冷凍エビを与えよう。	Have some frozen lobster at any rate.
3673	割り	わり	noun	rate; ratio; proportion	キャンセル料３割もとられるんだって。	Apparently there's a cancellation charge of 30 percent.
3674	勇者	ゆうしゃ	noun	hero; the brave; man of valour (valor)	運命の女神は勇者に味方する。	Fortune favors the bold.
3675	境界	きょうかい	noun	boundary; border; limit	彼らは石を並べて家の敷地の境界にした。	They marked off the land for their house with rows of stones.
3676	変動	へんどう	noun	change; fluctuation	消費者物価指数は激しく変動しています。	The consumer price index has been fluctuating wildly.
3677	天井	てんじょう	noun	ceiling	天井が落ちてきていぬが逃げていった。	Down came the ceiling and the dog went away.
3678	容赦	ようしゃ	noun	pardon; forgiveness; tolerance	そのことはもはや容赦できない。	I can't put up with it any longer.
3679	尊重	そんちょう	noun	respect; esteem; regard	全てのメンバーが彼女の意見を尊重した。	All the members made much of her opinion.
3680	小屋	こや	noun	hut; cabin; shed	我々は小屋に向かって進んでいた。	We headed for the mountain cottage.
3681	帰還	きかん	noun	return (home); repatriation	一旦風呂＆飯落ち、４０分ぐらいして帰還！	Break for bath & food, back in about 40 minutes!
3682	幽霊	ゆうれい	noun	ghost; specter; spectre	もし幽霊を見たら、どうしますか。	What would you do if you saw a ghost?
3683	手数料	てすうりょう	noun	(handling) fee; charge (e.g. for a cancellation); commission	手数料は３パーセントかかります。	We charge a commission of 3%.
3684	抜く	ぬく	verb	to pull out; to draw out; to extract	神経を抜いてもらいました。	I had the nerve removed from my tooth.
3685	救い	すくい	noun	help; rescue; aid	アフリカの難民が救いを求めている。	Refugees in Africa are seeking help.
3686	曖昧	あいまい	na-adjective	vague; ambiguous; unclear	彼の説明はあいまいすぎていて分からない。	His explanation is too obscure to understand.
3687	条約	じょうやく	noun	treaty; pact; convention	その条約が踏みにじられて戦争が起こった。	War broke out when the treaty was ignored.
3688	極端	きょくたん	noun	extreme; extremity	彼はときどき極端な手段に訴えたくなった。	He sometimes wished to go to extremes.
3689	熱心	ねっしん	na-adjective	zealous; enthusiastic; ardent	熱心な勉強によって彼はついに成功した。	By dint of hard work he succeeded at last.
3690	穏やか	おだやか	na-adjective	calm; quiet; gentle	私の父は穏やかな調子で話す。	My father speaks in a gentle tone.
3691	行事	ぎょうじ	noun	event; function	今回は特別な行事なんです。	This is a special occasion.
3692	起訴	きそ	noun	prosecution; indictment	彼は殺人で起訴される。	He is chargeable with murder.
3693	輝く	かがやく	verb	to shine; to sparkle; to twinkle	きらきらする太陽が輝いていた。	The bright sun was shining.
3694	遅刻	ちこく	noun	lateness; tardiness; arriving late	遅刻するなんて彼らしくない。	It is unlike him to be late.
3695	重力	じゅうりょく	noun	gravity; gravitation; gravitational pull	重力が物を地球の中心に引っ張っている。	Gravity pulls things toward the center of the earth.
3696	題	だい	noun	title; subject; theme	合わせて６００題はきつい。	600 problems will be tough going.
3697	願望	がんぼう	noun	desire; wish; aspiration	ほっそりとした姿に対する若い女性の願望は強い。	Young girls' desire for slim figures is strong.
3698	アレルギー	アレルギー	noun	allergy	ミルクアレルギーなんです。	I have an allergy to milk.
3699	ガソリン	ガソリン	noun	gasoline; petrol	ガソリンは燃料として使われる。	Gasoline is used for fuel.
3700	グレー	グレー	noun	grey; gray	冬にグレーのスーツを１着あつらえる事を考えています。	I have it in mind to have a gray suit made to order for the winter.
3701	ダイヤモンド	ダイヤモンド	noun	diamond	そのダイヤモンドは本物らしい。	It seems that the diamond is real.
3702	ディスク	ディスク	noun	disk; disc	ディスクと出力紙をかばんに詰めて下さい。	Please pack the disks and hard copies into the briefcase.
3703	ピース	ピース	noun	peace	うまくいけば一日に２、３ピース作れる。	I can produce several pieces a day if I'm lucky.
3704	ホスト	ホスト	noun	host (of a party, summit, etc.)	今夜のパーティーで彼は見事にホスト役を演じた。	He played an excellent host at today's party.
3705	マニア	マニア	noun	enthusiast	彼はスポーツカーのマニアだ。	He has mania for sports cars.
3706	リボン	リボン	noun	ribbon	そのリボンはドレスに合わない。	The ribbon doesn't match the dress.
3707	レジ	レジ	noun	(cash) register	レジでお願いします。	Please pay at the register.
3708	一員	いちいん	noun	one person; one member	彼女の夫は、織田家の一員ですから。	Her husband is a member of the Oda family.
3709	両手	りょうて	noun	both hands; both arms	彼は両手をポケットに入れて立っていた。	He stood with his hands in his pockets.
3710	乗り換え	のりかえ	noun	transfer (trains, buses, etc.); change; connection	いえ、シカゴで乗り換えがあります。	No, you have to make a connecting flight in Chicago.
3711	仮に	かりに	adverb	supposing; even if; granting that	今仮に突然目が見えなくなったら、どうしますか。	If you became blind suddenly, what would you do?
3712	住人	じゅうにん	noun	dweller; inhabitant; resident	彼はこの町の住人によって役人に選ばれた。	He was elected an official by the inhabitants of this town.
3713	儀式	ぎしき	noun	ceremony; rite; ritual	その儀式は順調に進んだ。	The ceremony went off well.
3714	原稿	げんこう	noun	manuscript; copy; draft	原稿を少し変えたいと思います。	I'd like to make some changes in the draft.
3715	収穫	しゅうかく	noun	harvest; crop; ingathering	今年はよい収穫を期待している。	We're expecting a good harvest this year.
3716	合流	ごうりゅう	noun	confluence (of rivers); flowing together; joining	私は後で君たちに合流する。	I'll join you later.
3717	四国	しこく	noun	Shikoku (smallest of the four main islands of Japan)	台風９号は四国に接近している。	Typhoon No.9 is approaching Shikoku.
3718	在籍	ざいせき	noun	being enrolled (at a school); being registered; being a member (of a team, organization, etc.)	ふたりの娘のうち、姉のほうは大学に在籍中である。	The older of the two daughters is in college.
3719	子育て	こそだて	noun	child rearing; child raising; raising children	彼は子育ての苦労を知らない。	He doesn't know the cares of raising children.
3720	弓	ゆみ	noun	bow (weapon)	７歳の時、すでに自ら弓と矢を作った。	By the age of seven, he had already made his own bow and arrows.
3721	推薦	すいせん	noun	recommendation; referral; endorsement	このレストランは推薦できます。	I can recommend this restaurant.
3722	敗北	はいぼく	noun	defeat; loss; reverse	敗北した軍はその国から撤退した。	The defeated army retreated from the country.
3723	沖	おき	noun	open sea	その島は海岸から約２マイル離れた沖にあります。	The island is about two miles off the coast.
3724	液体	えきたい	noun	liquid	この透明な液体には毒が含まれている。	This transparent liquid contains poison.
3725	無罪	むざい	noun	innocence; being not guilty	彼女の無罪を確信しています。	I am convinced of her innocence.
3726	物事	ものごと	noun	things; everything	もう少し物事に対して真面目になれ。	Take things a little more seriously.
3727	立てる	たてる	verb	to stand (something) up; to put upright; to set up	次の質問を立てることから分析を始めよう。	Let us begin our analysis by positing the following question.
3728	経歴	けいれき	noun	personal history; background; career	彼女は素晴らしい経歴を持っている。	She has had a magnificent career.
3729	親戚	しんせき	noun	relative; relation; kin	彼は結婚して親戚になった。	He is related to me by marriage.
3730	角度	かくど	noun	angle	別の角度から問題を検討する。	Approach the problem from a different angle.
3731	解禁	かいきん	noun	lifting a ban; raising an embargo; opening a season (hunting, fishing, etc.)	その記事は昨日記事解禁となった。	The press ban on the case was removed yesterday.
3732	誇る	ほこる	verb	to boast of; to be proud of; to take pride in	あんなに長所が多いのに彼女は誇らなかった。	With all her merits she was not proud.
3733	貧困	ひんこん	noun	poverty; penury; need	人々は貧困に苦しんだ。	People were ground down by poverty.
3734	賃金	ちんぎん	noun	wages; pay	最低賃金はこのところほとんど変わっていません。	The minimum wage has hardly budged as of late.
3735	賢い	かしこい	i-adjective	wise; clever; smart	彼女はとても美しい。その上、とても賢い。	She is very beautiful, and what is more, very wise.
3736	軌道	きどう	noun	orbit; trajectory	ロケットは月を回る軌道に乗っている。	The rocket is in orbit around the moon.
3737	農家	のうか	noun	farmer; farming family	「ヘイ、ウィリー」農家は大声で叫んだ。	Hey, Willie, the farmer shouted out.
3738	追放	ついほう	noun	exile; banishment; eviction	汚職政治家を追放せよ。	Down with corrupt politicians.
3739	還元	かんげん	noun	restoration; return	ゲイツ会長、広告収入をユーザーに還元する意向表明。	Bill Gates announces intent to return advertising revenue to the users.
3740	都会	とかい	noun	city	彼は都会のペースにまだ慣れきっていない。	He's never quite adjusted to the pace of the city.
3741	長時間	ちょうじかん	noun	long time; several hours; long spell	彼らはその計画について長時間話し合った。	They talked over the plan for hours.
3742	あちこち	あちこち	pronoun	here and there; various places; all around	ヨーロッパをあちらこちら旅行した。	I traveled about Europe.
3743	のんびり	のんびり	adverb	at leisure; in a relaxed manner; in a carefree manner	しばらく座ってのんびりしていってください。	Sit down and take it easy for a while.
3744	まもなく	まもなく	adverb	soon; shortly; before long	飛行機はまもなく見えなくなった。	The airplane soon went out of sight.
3745	めんどくさい	めんどくさい	i-adjective	bothersome; tiresome; bother to do	そこまで歩いて行くのはめんどうくさい。	It's too much trouble to walk there.
3746	カウンター	カウンター	noun	counter; counting device	このカウンターで支払ってください。	Please pay at this counter.
3747	グラフ	グラフ	noun	graph; chart; diagram	コンピューターを使えば数字やグラフを扱うときに多くの時間と労力が省ける。	Computers will save you much time and energy when you deal with figures and graphs.
3748	ドロップ	ドロップ	noun	drop (candy)	せき止めのドロップはありますか。	Do you have cough drops?
3749	ラッシュ	ラッシュ	noun	rush (of people or activity)	彼女はラッシュを避けるために早く出発した。	She started early in order to avoid the rush hour.
3750	レッスン	レッスン	noun	lesson	私のピアノレッスンの値段は、ピアノの使用料を含んでいます。	The price of my piano lessons includes the use of the piano.
3751	一見	いっけん	noun	look; glimpse; glance	その一見真実らしいことは実は嘘だった。	The apparent truth was really a lie.
3752	中国人	ちゅうごくじん	noun	Chinese person	彼らは日本人ですか、それとも中国人ですか。	Are they Japanese or Chinese?
3753	例え	たとえ	noun	example	たとえどんなことがあってもあきらめません。	No matter what happens, I won't give up.
3754	倫理	りんり	noun	ethics; morals	美の認識は倫理の検査となり得る。	The perception of beauty is a moral test.
3755	健全	けんぜん	na-adjective	healthy; sound; wholesome	彼女はその健全な投資から利益を得た。	She benefited from the sound investment.
3756	収容	しゅうよう	noun	accommodation; taking in; receiving	このホールには５０００人収容できる。	This hall can hold 5,000 people.
3757	合わせる	あわせる	verb	to match (rhythm, speed, etc.)	ピントだけ合わせてください。	Please just focus it.
3758	唇	くちびる	noun	lip; lips	物言えば唇寒し・馬鹿ほど言いたがる。	He knows most who speaks least.
3759	売り上げ	うりあげ	noun	amount sold; sales; proceeds	南部の売り上げは４７パーセント増加した。	In the southern region, sales were up 47 percent.
3760	大衆	たいしゅう	noun	general public; the masses	彼らの小さな抗議が大衆デモに発展した。	Their small protest triggered a mass demonstration.
3761	学部	がくぶ	noun	faculty (of a university); school; college	学部の選択で迷った。	He was at a loss as to which faculty to choose.
3762	宿泊	しゅくはく	noun	accommodation; lodging	そのホテルは５００人宿泊できる。	The hotel can accommodate 500 guests.
3763	岸	きし	noun	bank; coast; shore	ボートは岸へ打ち上げられた。	The boat was cast ashore.
3764	必ずしも	かならずしも	adverb	(not) always; (not) necessarily; (not) entirely	この仕事は必ずしもやさしくない。	This work is not necessarily easy.
3765	悲惨	ひさん	na-adjective	disastrous; tragic; miserable	彼女は悲惨な死に方をした。	She died a miserable death.
3766	手軽	てがる	na-adjective	easy; simple; informal	年来の経済病には手軽にきく万能薬などありません。	There is no easy cure-all for old economic ills.
3767	提携	ていけい	noun	cooperation; tie-up; joint business	提携しましょう。	Let's join hand in hand.
3768	敷地	しきち	noun	site; plot; lot	学校の敷地はこの垣根まで続いている。	The school grounds extend as far as this fence.
3769	景色	けしき	noun	scenery; scene; landscape	なんて素晴らしい景色でしょう。	What a fine view!
3770	有名人	ゆうめいじん	noun	celebrity; famous person; public figure	多数の有名人がその動きを後援している。	Many famous people are behind the movement.
3771	本店	ほんてん	noun	head office; main office; main store	このタイプのセーターはただ今、全部品切れでございます。東京の本店から取り寄せましょう。	All sweaters of this type are out of stock now. We'll order them from the main store in Tokyo.
3772	株主	かぶぬし	noun	shareholder; stockholder	株主は同社の急速な海外での事業展開を懸念した。	Shareholders were concerned about the company's swift expansion overseas.
3773	株価	かぶか	noun	stock prices	昨日あの会社の株価が暴落した。	That company's stock price fell yesterday.
3774	演説	えんぜつ	noun	speech; address	彼の演説は、たいへんまずかった。	His speech was very poor.
3775	生じる	しょうじる	verb	to produce; to yield; to cause	戦後大きな変化が生じた。	A great change has come about after the war.
3776	用品	ようひん	noun	articles; supplies (e.g. office supplies); things (for)	この店は紳士用品を扱っている。	This shop carries men's clothing.
3777	真相	しんそう	noun	truth; real situation	昨日になってようやく真相を知りました。	Not until yesterday did I know the truth.
3778	短期	たんき	adjective	short-term	短期契約社員達は予告なしに解雇された。	The short term contract employees were dismissed without notice.
3779	花嫁	はなよめ	noun	bride	花嫁が突然笑った。	The bride suddenly laughed.
3780	蓋	ふた	noun	cover; lid; cap	蓋が開けられないんです。	I cannot get the lid off.
3781	表す	あらわす	verb	to represent; to signify; to stand for	正義が行動によって表される。	Justice is expressed through actions.
3782	覚える	おぼえる	verb	to memorize; to memorise; to commit to memory	こんな風に覚えていて下さってありがとう。	You were thoughtful to remember me in this way.
3783	観点	かんてん	noun	point of view; viewpoint; standpoint	いろいろな観点からその問題を検討できる。	We can consider the problem from several standpoints.
3784	訪れる	おとずれる	verb	to visit; to call on	もう一度イギリスを訪れたいと思っている。	I am anxious to visit Britain once again.
3785	踊る	おどる	verb	to dance (orig. a hopping dance)	歌ったり踊ったりしましょう。	Let's sing and dance.
3786	追跡	ついせき	noun	chase; pursuit; tracking	彼らは泥棒を追跡している。	They are pursuing the robber.
3787	開ける	あける	verb	to open (a door, etc.); to unwrap (e.g. parcel, package); to unlock	ドアが突然マイクによってあけられました。	The door was suddenly opened by Mike.
3788	願う	ねがう	verb	to desire; to wish; to hope	私は彼らの幸福を心から願っています。	I sincerely hope for their happiness.
3789	髪型	かみがた	noun	hair style; coiffure; hairdo	彼の髪型について一言した。	I remarked on his hair style.
3790	つまらない	つまらない	i-adjective	dull; uninteresting; boring	あの新しい映画は、つまらんかった。	That new movie was a bummer.
3791	むら	むら	noun	unevenness (of colour, paint, etc.); irregularity; nonuniformity	赤白まだらのタオルを一本ください。	A red and spotted white towel, please.
3792	ようこそ	ようこそ	interjection	welcome	みなさま。ようこそご搭乗下さいました。	Ladies and gentlemen, welcome aboard.
3793	エジプト	エジプト	noun	Egypt	私はいつかエジプトに行きたい。	I wish to visit Egypt someday.
3794	カレンダー	カレンダー	noun	calendar	このカレンダーには美しい写真が、たくさんある。	The calendar has many pretty pictures.
3795	キャッチ	キャッチ	noun	catch; catching; obtaining (e.g. information)	私はいまだに高く上げたバトンをうまくキャッチできない。	I am still clumsy catching batons thrown high up.
3796	サラリーマン	サラリーマン	noun	office worker; company employee; company man	彼は普通のサラリーマンだ。	He's just an ordinary office worker.
3797	シカゴ	シカゴ	noun	Chicago	シカゴに２ヶ月以上滞在した。	I stayed in Chicago over two months.
3798	テロリスト	テロリスト	noun	terrorist	王はテロリストに襲われた。	The King was assaulted by terrorists.
3799	フォード	フォード	noun	ford	私のおじはフォードに乗っている。	My uncle drives a Ford.
3800	ユーロ	ユーロ	noun	euro (currency)	３０ユーロになります。	This will cost €30.
3801	三つ	みっつ	number	three	ボーイさん、コーヒー３つください。	Waiter, three coffees, please.
3802	上陸	じょうりく	noun	landing; going ashore; disembarkation	台風が関東地方に上陸した。	The typhoon struck the Kanto district.
3803	代替	だいたい	noun	substitution	代替案を現在検討中です。	An option is now under consideration.
3804	便秘	べんぴ	noun	constipation	慢性的な便秘で苦しんでいます。	I'm suffering from chronic constipation.
3805	先月	せんげつ	noun	last month	その新しいスーパーは先月開店した。	The new supermarket was opened last month.
3806	刑	けい	noun	penalty; sentence; punishment	被告は懲役１０年の刑を宣告された。	The accused was condemned to ten years in prison.
3807	半ば	なかば	noun	middle; halfway; midway	始めよければ半ば成功。	Well begun is half done.
3808	回る	まわる	verb	to turn; to rotate; to revolve	母はいつも忙しく動きまわっている。	My mother is always on the go.
3809	国産	こくさん	adjective	domestically produced; domestic; Japanese-made	しかし、国産ワインといっても、国内で瓶詰めされたものは全て国産ワインとなります。	Having said 'domestic wine', anything bottled domestically is deemed to be domestic wine.
3810	基づく	もとづく	verb	to be based (on); to be founded (on); to be grounded (on)	彼女の議論は事実に基づいていなかった。	Her argument was not based on facts.
3811	堂々	どうどう	adverb	magnificent; grand; impressive	堂々としなさい。	Walk tall, son.
3812	婚約	こんやく	noun	engagement; betrothal	私の息子は、彼の秘書と婚約している。	My son is engaged to his secretary.
3813	寮	りょう	noun	hostel; dormitory	私の大学には寮があります。	My university has a dorm.
3814	年末	ねんまつ	noun	end-of-year; year-end	年末は猫の手も借りたいほど忙しくなる。	We become very shorthanded at the end of the year.
3815	幼い	おさない	i-adjective	very young; little	彼の考えはとても幼い。	His way of thinking is very childish.
3816	推定	すいてい	noun	presumption; assumption	彼女は３０歳過ぎだと推定する。	I guess that she is over thirty.
3817	暴行	ぼうこう	noun	assault; outrage; act of violence	警官による暴行事件はあやうく暴動に火をつけるところでした。	The police brutality incidents nearly set off a riot.
3818	沿い	ぞい	suffix	along (a river, coast, railway, etc.); on (e.g. a street)	彼は海岸沿いに歩いた。	He walked along the shore.
3819	洋服	ようふく	noun	Western-style clothes (cf. traditional Japanese clothes)	この洋服は決して値段は安くない。	This suit is anything but cheap.
3820	無断	むだん	noun	absence of permission; lack of permission	無断キャンセルにはほとほと困っています。	These cancellations without notice are a real pain.
3821	眠り	ねむり	noun	sleep; sleeping	ときどき死は眠りにたとえられる。	People sometimes compare death to sleep.
3822	足元	あしもと	noun	at one's feet; underfoot; one's step (as in "watch your step")	足下に注意して下さい。	Watch your step.
3823	鋼	はがね	noun	steel	この鋼は錆びない。	This steel is stainless.
3824	順調	じゅんちょう	na-adjective	favourable; favorable; doing well	すべて順調にいっていらっしゃることでしょう。	You must be doing wonderfully in everything.
3825	飾り	かざり	noun	decoration; ornament; trimmings	それは飾りにすぎない。	It is merely an ornament.
3826	麻薬	まやく	noun	narcotic; drug; dope	多くの国には、麻薬に対する厳しい法律がある。	A number of countries have strict laws against drugs.
3827	いつの間にか	いつのまにか	adverb	before one knows; before one becomes aware of; unnoticed	何時の間にか暗くなった。	It became dark before I knew it.
3828	じっくり	じっくり	adverb	(slowly and) carefully; without haste; thoroughly	医師は難しい手術についてじっくり考えた。	The doctor contemplated the difficult operation.
3829	そういった	そういった	expression	like that; this type	私は、そういった音はすべて我慢できない。	I cannot put up with all that noise.
3830	エラー	エラー	noun	error	ｍｅｄｉａ　ｐｌａｙｅｒで音楽を聞こうとしてもエラーが出てファイルを再生できません。	When I try to listen to music with media player there's an error and I can't play the file.
3831	コマンド	コマンド	noun	command	下記のｑｕｉｔコマンドを使うとアプリケーションを終了させることが出来ます。	If you use the quit command noted below, you can make the application exit.
3832	ボーイ	ボーイ	noun	boy	ボーイさん、コーヒー３つください。	Waiter, three coffees, please.
3833	乗車	じょうしゃ	noun	boarding (a train, bus, etc.); getting into (e.g. a taxi)	ご乗車ありがとうございます。	Welcome aboard!
3834	仏教	ぶっきょう	noun	Buddhism	我々は仏教を信仰している。	We believe in Buddhism.
3835	令	れい	noun	command; order; dictation	初めての奴隷制度禁止令は１９世紀半ばに行われた。	The first prohibition of slavery was in the mid-nineteenth century.
3836	信者	しんじゃ	noun	believer; adherent; devotee	彼は最近改宗したカトリック信者です。	He is a recent convert to Catholicism.
3837	免疫	めんえき	noun	immunity; immunization; immunisation	今ではみんな天然痘には免疫になっている。	Everybody is immune to smallpox nowadays.
3838	典型	てんけい	noun	type; pattern; model	彼はまさに英国紳士の典型だ。	He is certainly a model English gentleman.
3839	原子	げんし	noun	atom	水素の原子番号は１である。	The atomic number for hydrogen is 1.
3840	受け入れる	うけいれる	verb	to accept; to receive; to agree	彼の意見は受け入れられなかった。	His opinion was not accepted.
3841	国土	こくど	noun	country; territory; domain	国土の８割近くが山です。	Nearly 80 percent of the land is mountains.
3842	外側	そとがわ	noun	exterior; outside; outer	そのお城の外側は白く塗られていた。	The outside of the castle was painted white.
3843	大地	だいち	noun	earth; ground; the solid earth	地震が大地を揺すった。	The earthquake shook the ground.
3844	大学院	だいがくいん	noun	graduate school	後藤教授が大学院の研究を指導してくださった。	Professor Goto directed my graduate work.
3845	幼児	ようじ	noun	young child; toddler	幼児は母親が育ててくれることを信じている。	The infant has faith in his mother taking care of him.
3846	引き上げ	ひきあげ	noun	pulling up; drawing up; salvage	関税引き上げの提案国はお互いに反目しています。	Proponents of increased import duties are at odds with each other.
3847	循環	じゅんかん	noun	circulation; rotation; cycle	きついバンドは血液の循環を妨げる。	A tight belt will interfere with circulation of the blood.
3848	手伝い	てつだい	noun	helper; assistant	彼はわざわざ私の手伝いをしてくれた。	He went out of his way to help me.
3849	救出	きゅうしゅつ	noun	rescue; extricate; reclaim	救出されてはじめて、彼女は食べた。	She did not eat anything until she was rescued.
3850	杉	すぎ	noun	Japanese cedar (Cryptomeria japonica)	昔そこにはスギの大木があった。	There used to be a large cedar tree there.
3851	滝	たき	noun	waterfall	そこですばらしい滝を見た。	I saw a wonderful fall there.
3852	特急	とっきゅう	noun	limited express (train for which a limited-express ticket is required)	特急のホームは何番ですか。	What's the track for the limited express?
3853	直す	なおす	verb	to repair; to mend; to fix	なおして下さい。	Can you get it repaired?
3854	知恵	ちえ	noun	wisdom; wit; sagacity	知恵は経験なしには得られない。	Wisdom cannot come without experience.
3855	知能	ちのう	noun	intelligence; intellect; brains	普通の知能があればそれはわかるはずだ。	A person with average intelligence would understand that.
3856	砂漠	さばく	noun	desert	これはその砂漠で見つけられた動物だ。	This is an animal found in that desert.
3857	祈り	いのり	noun	prayer; supplication	彼女の祈りから何も起こらなかった。	Nothing has resulted from her prayer.
3858	祖母	そぼ	noun	grandmother	彼は祖母によって育てられた。	He was brought up by her grandmother.
3859	絡み	からみ	noun	linkage; entanglement; involvement	宗教がらみの裁判で、野心的な弁護士は教団の指導者の代理をする。	In the religious-cult trial, the ambitious lawyer will represent the cult leader.
3860	考察	こうさつ	noun	consideration; inquiry; enquiry	動機についてはまったく考察されていない。	No speculation has taken place concerning the motives.
3861	良心	りょうしん	noun	conscience	私の良心にやましいところはありません。	My conscience is clear.
3862	芽	め	noun	sprout; shoot; bud	今日新しい葉が芽を出した。	Today the new leaf sent out a bud.
3863	著	ちょ	noun	(written) work; book	階層問題に対する、消費社会論の著である。	It is a literary work confronting the class problem of a consumer society.
3864	葬儀	そうぎ	noun	funeral; funeral service	私は彼の葬儀に参加した。	I attended his funeral.
3865	親切	しんせつ	na-adjective	kind; gentle; considerate	質問に対しては親切に答えて下さった。	He kindly answered questions.
3866	賞金	しょうきん	noun	prize money; monetary award; reward	協力者に対しては賞金が出ます。	You'll get a reward for your cooperation.
3867	贈り物	おくりもの	noun	present; gift	すばらしい贈り物をありがとう。	Thank you for the wonderful gift.
3868	運ぶ	はこぶ	verb	to carry; to transport; to move	そのケースを運ばせてください。	Let me relieve you of that case.
3869	金銭	きんせん	noun	money; cash	私の父は私の金銭的問題を助けてくれた。	My father helped me out of my financial difficulties.
3870	銀河	ぎんが	noun	Milky Way	宇宙にはたくさんの銀河がある。	There are many galaxies in the universe.
3871	食材	しょくざい	noun	foodstuff; ingredient	来る途中、お店に寄って食材を買って来たんです。備えあれば憂いなし、です。	On the way we dropped in at the shops and bought foodstuffs. They say well prepared means no worries.
3872	高額	こうがく	noun	large sum (of money); large amount	彼女は高額の修理費用を予算に計上しなかった。	She didn't factor the high cost of repairs into the budget.
3873	やさしい	やさしい	i-adjective	easy; plain; simple	やさしい言葉で説明してください。	Explain it in plain terms, please.
3874	やりとり	やりとり	noun	giving and taking; exchange (of letters); arguing back and forth	両親とは手紙のやりとりを続けています。	I keep in touch with my parents by mail.
3875	カート	カート	noun	(shopping) cart	手荷物用のカートはどこにありますか。	Where are the luggage carts?
3876	ストア	ストア	noun	store; shop	どうぞわたしにＸＹＺストアへ行く道を教えて下さい。	Please tell me the way to the XYZ store.
3877	ハム	ハム	noun	ham (cured pig meat)	ハムを１きれ薄く切ってくれませんか。	Would you slice me a piece of ham, please?
3878	一家	いっか	noun	a family; a household; a home	彼女の一家はブラジルへ移住して行った。	Her family moved to Brazil.
3879	丈	たけ	noun	height; stature	彼は働いて稼ぐだけみな貯金する。	He saves what he earns.
3880	何者	なにもの	noun	who; what kind of person	向こうにいるあの男は、いったい何者なんだ？	Who in the world is the fellow over there?
3881	入り口	いりぐち	noun	entrance; entry; gate	リンダ・ウッドが入口に立っていました。	Linda Wood was standing at the door.
3882	公平	こうへい	noun	fairness; impartiality; justice	これらの人々を公平に扱わなくてはならない。	We must deal fairly with these people.
3883	切断	せつだん	noun	cutting; severance; section	強風のため電線が数箇所で切断された。	The strong wind cut the electric wires in several places.
3884	前年	ぜんねん	noun	the preceding year; the previous year; last year	前年の総所得金額はいくらでしょうか。	What was the gross income in the previous calendar year?
3885	区域	くいき	noun	area; zone; district	府県はフランスや日本の行政区域である。	Prefectures are governmental divisions of France and Japan.
3886	右手	みぎて	noun	right hand	質問があれば右手を挙げて下さい。	If you have a question, please raise your right hand.
3887	否	ひ	noun	no; the noes	いや、１、２ヶ月とにかく頑張ってみましょう。	No, we'll be in fighting shape in just a month or two.
3888	大使館	たいしかん	noun	embassy	彼はアメリカ大使館に出入りしている。	He has access to the American Embassy.
3889	尺	しゃく	noun	shaku (unit of distance approximately equal to 30.3 cm)	寸を与えれば尺を望む。	Give him an inch and he will take a yard.
3890	平野	へいや	noun	plain; open field	川はうねるように平野を流れている。	The river meanders across the plain.
3891	年上	としうえ	noun	older; senior	そしてトニーは一番年上でした。	And Tony was the oldest.
3892	手元	てもと	adverb	at hand; on hand; nearby	手元に１００万円あるとしてみよう。	Let's make believe we have one million yen hand.
3893	承知	しょうち	noun	knowledge; awareness	君に行ってもらわねば承知しない。	I'm adamant that you should go.
3894	暖かい	あたたかい	i-adjective	warm; mild; (pleasantly) hot	ますます暖かくなってきています。	It is getting warmer and warmer.
3895	暴露	ばくろ	noun	disclosure; exposure; revelation	彼らの秘密が暴露された。	Their secret was laid bare.
3896	業績	ぎょうせき	noun	achievement; performance; results	素晴らしい業績に拍手を送ります。	Kudos for your outstanding achievement!
3897	歩行	ほこう	noun	walking; walk	長距離の歩行には慣れていない。	I am not accustomed to walking long distances.
3898	水準	すいじゅん	noun	level; standard	彼は水準を満たしていなかった。	He didn't meet the standards.
3899	泥棒	どろぼう	noun	thief; burglar; robber	そんなことするなんて、彼は泥棒に他ならない。	He is nothing less than a thief to do such a thing.
3900	注	ちゅう	noun	annotation; explanatory note; comment	このテキストにはたくさんの注がついている。	This textbook has a lot of notes.
3901	活発	かっぱつ	na-adjective	lively; active; vigorous	うちの母は活発です。	My mother is active.
3902	減る	へる	verb	to decrease (in size or number); to diminish; to abate	彼の観客は最近減ってきている。	His audience is falling off these days.
3903	火星	かせい	noun	Mars (planet)	火星には生物がいないといわれている。	It is said that there is no life on Mars.
3904	爆笑	ばくしょう	noun	roar of laughter (from multiple people); burst of laughter; uproarious laughter	彼の冗談はクラス全員を爆笑させた。	His joke made all the class burst into laughter.
3905	独身	どくしん	adjective	unmarried; single	彼女は生涯独身であった。	She remained single all her life.
3906	瓶	びん	noun	bottle; jar; decanter	ビンにはほとんどミルクが残っていません。	There is little milk left in the bottle.
3907	生き方	いきかた	noun	way of life; how to live	彼は彼女の生き方がうらやましかった。	He was envious of her way of living.
3908	痴漢	ちかん	noun	molester; groper; masher	痴漢は本当に女の敵。絶対に許さないです。	A molester is truly the enemy of women. I'll never let them get away with it.
3909	社内	しゃない	adjective	within a company; in-house	社内はそのニュースのことで持ちきりだった。	They talked about nothing but the news in the company.
3910	空き	あき	noun	space; room; gap	わかった。機械が空きしだい送る。	OK. I'll send it out as soon as a machine is available.
3911	節約	せつやく	noun	saving (e.g. time, money, resources); economising; economizing	コンピューターで時間が多く節約できます。	Computers will save you a lot of time.
3912	紅茶	こうちゃ	noun	black tea	そこで飲んだ紅茶はなかなかおいしかった。	The tea we had there was excellent.
3913	育ち	そだち	noun	growth; breeding	ロス育ちかと思いました。	I thought you were raised in L.A.
3914	苦痛	くつう	noun	pain; agony; suffering	この苦痛には我慢できない。	The pain is killing me.
3915	蛇	へび	noun	snake	その大きなヘビを見て彼はとても驚いた。	He was very much frightened at the sight of the big snake.
3916	見学	けんがく	noun	inspection; study by observation; field trip	出張を利用してパリ見学をした。	I took advantage of my business trip to see the sights of Paris.
3917	護衛	ごえい	noun	guard; convoy; escort	後になると王の護衛がサテライトと呼ばれた。	Later the personal guards of kings were called satellites.
3918	酸化	さんか	noun	oxidation; oxidization	アルコールが酸化するとアルデヒドとなりますが、アルデヒドが酸化するとどうなりますか。	If you oxidise an alcohol you get an aldehyde but what do you get if you oxidise an aldehyde?
3919	露	つゆ	noun	dew	私は露に濡れていた。	I was wet with dew.
3920	頻度	ひんど	noun	frequency (of occurrence)	彼女の論文に提出された統計データは、その頻度を見積もるのに大いに役立つ。	The statistical data presented in her paper is of great use for us in estimating the frequency of the movement.
3921	飲料	いんりょう	noun	beverage; drink	不純な飲料水は病気の媒体となりうる。	Impure drinking water can be a carrier of diseases.
3922	ただいま	ただいま	interjection	I'm home!; I'm back!; it's me!	田辺先生はただいま外出しております。	Mr Tanabe is out now.
3923	インパクト	インパクト	noun	impact (on); (strong) impression; effect	エメット理論が生物学に与えたインパクトに関しては扱わない。	It is not my purpose to investigate the impact of Emmet's theory on biology.
3924	エンディング	エンディング	noun	ending	映画「ファイトクラブ」のエンディングには驚かされた。	The movie "Fight Club" has a surprise ending.
3925	オート	オート	noun	auto; automatic	ホワイトバランスをオートにした場合と白いコピー用紙でプリセットした場合の比較です。	It's a comparison of setting the white balance to "auto" versus presetting it with white copy paper.
3926	ドラッグ	ドラッグ	noun	drug; medicine	この先ネタバレ♪大丈夫な方はドラッグ（反転）して読んでね♪	Spoilers ahead! If you don't mind that then read after highlighting (colour inverting).
3927	ネズミ	ネズミ	noun	mouse; rat	ネズミはどんどん繁殖する。	Rats breed rapidly.
3928	マイナー	マイナー	na-adjective	minor; small; unimportant	まだまだマイナーだが、遠からず近隣に出荷されるだろう。	It's still minor league but in the not so distant future they'll be coming to a place near you.
3929	マニュアル	マニュアル	noun	(instruction) manual	パソコンのマニュアルを書ける人を探しています。	I am seeking a person who can write a personal computer manual.
3930	ミュージカル	ミュージカル	noun	musical	そのミュージカルはとても成功とは呼べなかった。	The musical was far from being a success.
3931	上場	じょうじょう	noun	listing (on the stock exchange, etc.); taking (a company) public	同社は東証に上場している。	The company is listed on the Tokyo Stock Exchange.
3932	仕上げ	しあげ	noun	finish; finishing; finishing touches	今、最後の仕上げをするところです。	I'm adding the finishing touches now.
3933	体内	たいない	noun	interior of the body	患者の体内で再び脈打ち始める。	In the patient's body the pulse began beating again.
3934	個室	こしつ	noun	single (room); room for one; one's own room	個室ですか、２人部屋ですか。	Single or double room?
3935	先進	せんしん	adjective	advanced; developed	先進７カ国の首脳は２０００年、沖縄に集まる。	The leaders of seven industrial democracies will meet in Okinawa in 2000.
3936	勧誘	かんゆう	noun	invitation; solicitation; canvassing	部活の勧誘にももう慣れた。	I'm already used to invitations to participate in club activities.
3937	受け取り	うけとり	noun	receiving; receipt	手荷物受取所で待っています。	I will be waiting for you at baggage claim.
3938	古典	こてん	noun	classic (work, esp. book); the classics	古典を読むことは容易ではない。	Reading classics is not easy.
3939	叩く	たたく	verb	to strike; to hit; to beat	あの少年は、わざと彼女の子供をたたいた。	That boy hit her child on purpose.
3940	回す	まわす	verb	to turn; to rotate; to spin	塩を使い終わったら、まわしてください。	If you are done with the salt, please pass it to me.
3941	基盤	きばん	noun	base; basis; foundation	自由諸国の基盤は民主主義である。	The foundation of free nations is democracy.
3942	墜落	ついらく	noun	fall; crash (of an aircraft)	その飛行機は突然墜落した。	The plane crashed suddenly.
3943	富	とみ	noun	riches; wealth; fortune	富があっても、彼は満足していない。	Despite his riches, he's not contented.
3944	常	つね	noun	usual state of things	その時代の人の常として彼女もまた迷信深かった。	She was superstitious, as the people of that period usually were.
3945	年寄り	としより	noun	old person; elderly person; senior citizen	私の父はとても年寄りなので働けません。	My father is too old to work.
3946	広がり	ひろがり	noun	spread; span; expanse	外国人を悩ますもう一つの、多くの日本人のもつ傾向は、「すべての」「あらゆる」というような言葉を使ったり、仄めかしたりして、あまりにも一般的であり、あまりにも広がりのある表現をする点にある。	Another tendency of many Japanese speakers that bothers foreigners is to make statements that are too general and too broad by using or implying words like "all" and "every".
3947	役立つ	やくだつ	verb	to be useful; to be helpful; to serve the purpose	彼のライターは１０年も役立ってきた。	His lighter has done ten years' service.
3948	後方	こうほう	noun	rear; back; behind	後方の敵は現状あくまで退路を断つだけの存在。	The enemy behind us presently exists solely to cut off our retreat.
3949	心から	こころから	adverb	from the bottom of one's heart; heartily; sincerely	本当に心からこんなことを思った。	This is really from my heart.
3950	戻す	もどす	verb	to put back; to return; to give back	済んだら戻してください。	Bring it back when you are through.
3951	支給	しきゅう	noun	provision; supply; payment	この学校は、生徒に教科書を支給します。	This school supplies students with textbooks.
3952	斜め	ななめ	adjective	slanting; tilted; sloping	彼女はご機嫌斜めだ。	She is in a mood.
3953	日本一	にほんいち	noun	Japan's best; number one in Japan	そのビルは日本一高い建物です。	That building is the tallest in Japan.
3954	本能	ほんのう	noun	instinct	彼は闘争本能が強い。	He is possessed of a strong fighting instinct.
3955	欲望	よくぼう	noun	desire; appetite; lust	彼女は金に対して異常なほど欲望を持っていた。	She had an unnatural desire for money.
3956	注射	ちゅうしゃ	noun	injection; jab; shot	麻酔の注射をします。	I'll give you anaesthesia.
3957	渡す	わたす	verb	to ferry across (e.g. a river); to carry across; to traverse	新聞を読み終わったら渡してくれる？	Can I have the paper when you're finished with it?
3958	特有	とくゆう	adjective	characteristic (of); peculiar (to)	その変わった習慣はその地方特有のものだ。	The odd custom is peculiar to the region.
3959	祝日	しゅくじつ	noun	national holiday; public holiday	今日は祝日です。	We have a holiday today.
3960	経つ	たつ	verb	to pass (of time); to elapse	２、３日たってはじめてその知らせが届いた。	It was not until a few days later that the news arrived.
3961	統治	とうち	noun	rule; reign; government	スペインは昔フィリピン諸島統治していた。	Spain once governed the Philippine Islands.
3962	職務	しょくむ	noun	professional duties	彼は職務を与えられた。	He was assigned a task.
3963	肝心	かんじん	na-adjective	essential; important; crucial	落ち着きが肝心です。	We must keep calm.
3964	芝居	しばい	noun	play; drama	その芝居はとても面白かった。	The play was a lot of fun.
3965	行使	こうし	noun	use; exercise (of one's right, authority, power, etc.)	権利を行使する。	I exercise my rights.
3966	観戦	かんせん	noun	watching a (sports) game; spectating; observing (military operations)	私達はその試合を観戦して興奮した。	We were excited as we watched the game.
3967	警報	けいほう	noun	warning; alarm; alert	今、暴風雨警報がでてる。	A storm warning is out now.
3968	辞任	じにん	noun	resignation (from a position)	彼女はその会社を辞任するよう求められた。	She was required to step down in the office.
3969	途端	とたん	noun	just (now, at the moment, etc.); just as; in the act of	私が抱いたとたん、赤ちゃんは泣き出した。	The moment I held the baby in my arms, it began to cry.
3970	通学	つうがく	noun	commuting to school; school commute	彼女はいつも歩いて通学する。	She usually walks to school.
3971	連動	れんどう	noun	operating together; working together; being linked (to)	エンジンを前輪に連動させてください。	Gear the engine to the front wheels.
3972	長男	ちょうなん	noun	eldest son (may be the only son); first-born son	長男がすべての財産を相続した。	The eldest son succeeded to all the property.
3973	陰	かげ	noun	shade; shadow	太陽がまもなく雲の陰から現れてきた。	The sun soon emerged from behind the clouds.
3974	陸	りく	noun	land; shore	陸が見えてきた。	Land came in sight.
3975	飢え	うえ	noun	hunger; starvation	毎年何百万という人が飢えで死んでいる。	Millions of people starve to death every year.
3976	餅	もち	noun	mochi; small rice cake made from glutinous rice	彼は餅をすっかり食べたわけではない。	He didn't eat all of the rice cakes.
3977	あて	あて	noun	aim; object; purpose	その手紙は私宛に来た。	The letter is for me.
3978	シンガポール	シンガポール	noun	Singapore	シンガポールについてご存じですか。	Do you know about Singapore?
3979	テキサス	テキサス	noun	Texas	テキサス州はメキシコと接している。	Texas borders on Mexico.
3980	トレード	トレード	noun	trade; trading	彼は競争相手の会社にいわばトレードされたのです。	He was traded, so to speak, to the rival firm.
3981	ヒント	ヒント	noun	hint; clue	彼は私にヒントをくれた。	He gave me a hint.
3982	ピーク	ピーク	noun	peak	朝のラッシュは今がピークだ。	The morning rush is at its peak now.
3983	フランス語	フランスご	noun	French (language)	日本語、英語、フランス語を話します。	I speak Japanese, English, and French.
3984	プリント	プリント	noun	print; printing; (printed) copy	先生は生徒たちにプリントを配布した。	The teacher distributed the handouts to the students.
3985	ベンチ	ベンチ	noun	bench	そのベンチにすわらないで下さい。	Please don't sit on that bench.
3986	レア	レア	noun	rhea (bird of family Rheidae)	レアでお願いします。	I would like mine rare.
3987	一貫	いっかん	noun	consistency; coherence; integration	彼女の考えは首尾一貫している。	She is consistent in her opinions.
3988	一連	いちれん	noun	series; chain; sequence	先駆者達は一連の障害を克服してきた。	The pioneers have overcome a series of obstacles.
3989	中日	ちゅうにち	noun	China and Japan; Chinese-Japanese; Sino-Japanese	中日間は本当にお互いを知り合うところまでは到達していない。	The point of true mutual understanding has not yet been reached between Japan and China.
3990	似合う	にあう	verb	to suit; to match; to become	そのネクタイとても似合っています。	That tie suits you very well.
3991	先頭	せんとう	noun	head (of a line, group, etc.); front; lead	市長は行列の先頭に立って歩いた。	The mayor walked at the head of the procession.
3992	内緒	ないしょ	noun	secrecy; confidentiality; privacy	この話は内緒にしておこう。	Let's keep this matter between ourselves.
3993	凍結	とうけつ	noun	freezing (e.g. water)	多くの事故が、道路の凍結状態から生じた。	Many accidents resulted from the icy road conditions.
3994	処置	しょち	noun	measure; step; dealing with	私は必要と思われる処置は取るつもりだ。	I will take such action as seems necessary.
3995	双方	そうほう	noun	both parties; both sides	双方が互いに歩み寄らねばならなかった。	Both sides had to compromise with each other.
3996	右側	みぎがわ	noun	right side; right-hand side	右側通行をしなさい。	Keep to the right.
3997	喪失	そうしつ	noun	loss; forfeit	最近は何をやっても旨く行かないから、自信喪失だよ。	Nothing I do lately seems to turn out right. I'm losing confidence in myself.
3998	大胆	だいたん	na-adjective	bold; daring; audacious	彼の大胆な計画は大きな論争を巻き起こした。	His bold plan gave rise to much controversy.
3999	寸前	すんぜん	noun	just before; on the verge of; on the brink of	世界が核戦争寸前にならないよう願いましょう。	Let us hope the world will never be on the brink of a nuclear war.
4000	工夫	くふう	noun	devising (a way); contriving; inventing	これは私が工夫した計画です。	This is a plan of my own devising.
4001	強烈	きょうれつ	na-adjective	strong; intense; severe	その液体は強烈な匂いを発した。	The liquid gave off a strong smell.
4002	忍者	にんじゃ	noun	ninja; person trained in ninjutsu and employed for covert purposes in feudal Japan	『カムイの剣』は、1868年の徳川将軍時代の崩壊と、明治天皇下での日本の復興という変革期を舞台にした、一種の侍/忍者物語だ。	Kamui no Ken was a sort of samurai/ninja story set during the transition of the fall of the Tokugawa Shogunate and the re-establishment of Japan under the Emperor Meiji in 1868.
4003	悪質	あくしつ	na-adjective	malicious; vicious; malignant	悪質な迷惑電話、ワンギリにご注意！！	Beware of 'One Ring' malicious nuisance calls!!
4004	戦術	せんじゅつ	noun	tactics	戦術を変えてみたら。	Why don't you try a different tack?
4005	拉致	らち	noun	taking captive; carrying away; kidnapping	今日のトピックは「北朝鮮による日本人拉致問題」です。	Today's topic is "the problem of Japanese people abducted by North Korea".
4006	支店	してん	noun	branch office; branch store	新しい支店が来月シカゴに開店する。	A new branch will be opened in Chicago next month.
4007	書き込み	かきこみ	noun	writing	そのフロッピー、念の為書きこみ禁止にしておいて。	Make that floppy uncopiable, just in case.
4008	来店	らいてん	noun	coming to a store (restaurant, bar, shop, etc.)	来週またご来店下さい。	Check back next week.
4009	格闘	かくとう	noun	(hand-to-hand) fight; grapple; scuffle	彼は襲撃者を格闘して地面に倒した。	He wrestled his attacker to the ground.
4010	標的	ひょうてき	noun	target	銃を標的にあわせろ。	Aim the gun at the target.
4011	水曜日	すいようび	noun	Wednesday	彼女はこの前の水曜日からずっと休んでいる。	She has been absent since last Wednesday.
4012	減らす	へらす	verb	to abate; to decrease; to diminish	私は体重を減らしたい。	I want to lose weight.
4013	潜水	せんすい	noun	diving; submerging; going underwater	潜水して泳げるかい。	Can you swim underwater?
4014	濃厚	のうこう	na-adjective	rich (flavor, color, etc.); strong (e.g. odor); heavy	インサイダー取引に当たる疑いが濃厚になってきた。	Suspicion that this amounts to insider trading has strengthened.
4015	火曜日	かようび	noun	Tuesday	本を読んでしまったら火曜日にお返しします。	I will return your book on Tuesday if I have finished it.
4016	焼肉	やきにく	noun	yakiniku; Japanese dish of grilled meat similar to Korean barbecue	焼き肉の火加減を見なさい。	Please check if the meat is being roasted at the right heat.
4017	片方	かたほう	noun	one side; one party; the other side	彼女の片方の靴が脱げました。	One of her shoes dropped off.
4018	狂気	きょうき	noun	madness; insanity	怒りは狂気の１形態です。	Anger is a form of madness.
4019	王様	おうさま	noun	king	その王様はかつてあの宮殿に住んでいた。	The king once lived in that palace.
4020	矛盾	むじゅん	noun	contradiction; inconsistency	彼の言動は常に矛盾していた。	His actions always contradicted his word.
4021	窓口	まどぐち	noun	counter; window; teller window	乗車券を売っている窓口はどこですか。	Where is the ticket-selling window?
4022	給与	きゅうよ	noun	pay; salary; wages	賃金や給料は定期的に受け取る給与のことです。	Wages and salary are pay received at regular times.
4023	鑑定	かんてい	noun	judgement; judgment; expert opinion	鑑定をする時には、絵の真贋や保存状態等を調べる為、持ち主に本物を借りたりしなければいけなくなる。	When it is appraised, in order to check the authenticity and state of preservation of the painting, the real thing has to be borrowed from its owner.
4024	いちいち	いちいち	noun	one-by-one; separately	人の好みにはいちいち理由がつけられない。	There is no accounting for tastes.
4025	おち	おち	noun	slip; omission	オチの意味がわからなかったらすいません・・・。	If you don't get the punch line, I'm sorry.
4026	お昼	おひる	noun	lunch	さて、お昼にしましょう。	Well, let's have lunch.
4027	やってくる	やってくる	expression	to come along; to come around; to turn up	歩いてやってきました。	I walked to school.
4028	アンテナ	アンテナ	noun	antenna	その男はアンテナを取り付けようとした。	The man tried to install his own antenna.
4029	ウエスト	ウエスト	noun	waist; waistline; waist measurement	彼女のウエストは２４インチある。	Her waist measures 24 inches.
4030	キラキラ	キラキラ	adverb	glittering; sparkling; glistening	きらきらする太陽が輝いていた。	The bright sun was shining.
4031	グラフィック	グラフィック	noun	graphics; graphic	これらのグラフィック・デザインの背景に配置されているレイヤーの機能に注目しよう。	Note the function of the background layers of these graphic designs.
4032	ステーキ	ステーキ	noun	steak	ステーキはすばらしく美味しかった。	The beefsteak tasted marvelous.
4033	ハンドル	ハンドル	noun	handle	このハンドルがどうしても回らないんだ。	This handle will not turn.
4034	ポンプ	ポンプ	noun	pump	心臓とポンプは似かよっている。	The human heart is analogous to a pump.
4035	ランプ	ランプ	noun	lamp; light	危険な時には赤ランプが点きます。	The red lamp lights up in case of danger.
4036	不利	ふり	noun	disadvantage; handicap; unfavorable position	彼女は不利な環境に合ってがんばった。	She bore up well under unfavorable circumstances.
4037	不在	ふざい	noun	absence	すみません、不在のようです。	Sorry sir, I'm afraid he may not be in.
4038	会談	かいだん	noun	talks (i.e. formal discussions); conference; meeting	平和会談は今週始まる。	The peace talks begin this week.
4039	余地	よち	noun	space; room; unused land	君の結論には議論の余地がたくさんある。	Your conclusion is highly arguable.
4040	侵害	しんがい	noun	infringement; violation; invasion	彼は彼女の私事に立ち入った、プライバシーを侵害した。	He intruded on her privacy.
4041	区分	くぶん	noun	division; section; demarcation	土地は８つに区分された。	The land was divided into 8 lots.
4042	叫び	さけび	noun	shout; cry; outcry	彼の声はその叫びでかき消された。	His voice was drowned by the yells.
4043	図る	はかる	verb	to plan; to attempt; to devise	その会社はイメージアップをはかっている。	The company is trying to improve its image.
4044	声明	せいめい	noun	declaration; statement; proclamation	大統領はその件について声明を発表した。	The president made a statement on the issue.
4045	好意	こうい	noun	kindness; favor; favour	好意だけ受け取っておく。	Thanks, though. I appreciate it.
4046	害	がい	noun	injury; harm; evil influence	たばこは健康に害がある。	Smoking is dangerous to health.
4047	尿	にょう	noun	urine	尿量がとても多いです。	I urinate a tremendous amount at a time.
4048	弟子	でし	noun	pupil; disciple; adherent	弟子達はイエスを信じた。	And his disciples put their faith in him.
4049	役に立つ	やくにたつ	expression	to be helpful; to be useful	もし上手に使えば、お金はずいぶん役に立つ。	If wisely used, money can do much.
4050	復旧	ふっきゅう	noun	restoration; restitution; rehabilitation	国土安全保障省の主要業務は、米国内のテロ攻撃を未然に防ぎ、万一、発生した場合は、被害を最小限に食い止め、速やかな復旧を実施することにある。	The Department of Homeland Security's primary function is the prevention of terrorist attacks occurring within America and, in the extreme case of an attack happening, holding losses to the smallest possible level and swiftly carrying out restoration.
4051	怪獣	かいじゅう	noun	monster	次の瞬間ヘラクレスは怪獣を捕まえた。	The next instant Hercules caught hold of the monster.
4052	意義	いぎ	noun	meaning; significance	私はしばしば人生の意義について深く考えることがある。	I often meditate on the meaning of life.
4053	抜群	ばつぐん	adjective	outstanding; excellent; exceptional	彼女抜群ですよ。	She stands out from the rest.
4054	支部	しぶ	noun	branch; branch office; subdivision	彼らは、カルカッタからニューヨーク市に至るまで、世界中に支部を持っている。	They have branches all over the world, from Calcutta to New York City.
4055	救済	きゅうさい	noun	relief; aid; help	彼らは難民救済の資金を集めている。	They are appealing for money to help refugees.
4056	数多く	かずおおく	expression	in great numbers	リチャード・ロバーツには数多くの著書がある。	Richard Roberts is the author of numerous books.
4057	早朝	そうちょう	noun	early morning	早朝から雨が降り続いています。	It's been raining since early morning.
4058	有する	ゆうする	verb	to have; to possess; to own	すべての人は対等の権利を有する。	All men have equal rights.
4059	止まる	とまる	verb	to stop (moving); to come to a stop	シャワーが止まりません。調べてください。	I can't turn the shower off. Could you check it for me?
4060	津波	つなみ	noun	tsunami; tidal wave	津波警報は解除された。	The tidal wave warning has been canceled.
4061	灰	はい	noun	ash; ashes	その古い家は焼けて灰になった。	The old house was burned to ashes.
4062	熱中	ねっちゅう	noun	being enthusiastic about; being wild about; being absorbed in	彼は仕事にたいへん熱中している。	He shows great enthusiasm for his work.
4063	知人	ちじん	noun	friend; acquaintance	仕事上の知人はこの電話番号を知っている。	My business acquaintances know this number.
4064	種族	しゅぞく	noun	race; tribe; ethnic group	虎は消滅しかかっている種族である。	The tiger is a vanishing species.
4065	絵画	かいが	noun	painting; picture	これは小さくて極めて美しい絵画だ。	This is an exquisite little painting.
4066	継承	けいしょう	noun	inheritance; succession; accession	彼はその仕事を継承した。	He has agreed to do the task.
4067	縮小	しゅくしょう	noun	reduction; curtailment; cut	工場は生産を縮小せざるをえなかった。	The factory had to cut back its production.
4068	背後	はいご	noun	back; rear	支配人の背後で暗躍した。	He acted behind the manager's back.
4069	落ち着く	おちつく	verb	to calm down; to compose oneself; to regain presence of mind	落ち着いたら電話してください。	Call me when you get settled in.
4070	融資	ゆうし	noun	financing; loan	政府はその計画に参加する企業には無利子の融資を行う。	The government will provide interest-free loans to firms that participate in the program.
4071	解明	かいめい	noun	elucidation; explication; explaining	彼は秘密を解明した。	He found out the secret.
4072	言動	げんどう	noun	speech and conduct; words and actions; words and deeds	彼の言動は常に矛盾していた。	His actions always contradicted his word.
4073	誘拐	ゆうかい	noun	abduction; kidnapping; kidnaping	検察側は被告が子供を誘拐したと激しく非難した。	The prosecution condemned the defendant for kidnapping a child.
4074	身近	みぢか	na-adjective	near oneself; close to one; familiar	身近にいないと忘れ去られる。	Out of sight, out of mind.
4075	通路	つうろ	noun	passage; pathway; roadway	車が通路を防いでいた。	A car was blocking the gateway.
4076	連結	れんけつ	noun	connection; linking; joining	その男は二本の電線を連結した。	The man connected two wires.
4077	適応	てきおう	noun	adaptation; accommodation; conformity	彼女はいつも新しい環境に適応した。	She always adapted to new circumstances.
4078	野党	やとう	noun	opposition party; the opposition	政府はすべての野党を抑圧しようとした。	The government tried to suppress all opposition parties.
4079	開業	かいぎょう	noun	opening a business; opening a practice	彼は１０年以上も弁護士として開業してきた。	He has been in practice as a lawyer for more than ten years.
4080	うっかり	うっかり	adverb	carelessly; thoughtlessly; inadvertently	裁判官はついうっかり笑ってしまった。	The judge laughed in spite of himself.
4081	お返し	おかえし	noun	return gift; return favour	お返しに案内してあげましょう。	I will show you around in return.
4082	つら	つら	noun	face; mug	彼女のほおは氷のように冷たかった。	Her cheeks were as cold as ice.
4083	とうとう	とうとう	adverb	finally; at last; in the end	彼はとうとう本当にやってきた。	He did come at last.
4084	なす	なす	verb	to form; to make; to constitute	君の言うことなすこと、私にはさっぱりわからない。	I can make nothing of what you do or say.
4085	オーダー	オーダー	noun	order (for goods or services)	あなたのオーダーをチェックしろ。	Check your order.
4086	キャップ	キャップ	noun	cap (hat)	インキ補充瓶のキャップを外し、スポイトでインキを吸い上げ、マーカーの吸収体へ適量、滴下してください。	Remove the cap from the ink refill bottle, fill the dropper with ink, and drip an appropriate amount onto the marker's core.
4087	サロン	サロン	noun	salon; saloon; reception room	あなたのサロン風のスカートが好きです。	I like your sarong style skirt.
4088	パズル	パズル	noun	puzzle	そのパズルの解き方がわからないんだ。	I can't figure out how to solve the puzzle.
4089	ビタミン	ビタミン	noun	vitamin	この食事にはビタミンがたくさんはいっている。	This diet is full of vitamins.
4090	プラスチック	プラスチック	noun	plastic	プラスチックは燃えにくい。	Plastic does not burn easily.
4091	レール	レール	noun	rail (track)	彼女はレールのように痩せていた。	She was as thin as a rail.
4092	介入	かいにゅう	noun	intervention	彼女のプライバシーに介入するな。	Don't intrude on her privacy.
4093	伸びる	のびる	verb	to stretch; to extend; to lengthen	彼の事業はどんどん伸びている。	His business is growing rapidly.
4094	加える	くわえる	verb	to add; to add up; to sum up	指を加えて立っていただけ。	He stood with his finger in his mouth.
4095	助ける	たすける	verb	to save; to rescue; to spare	助けていただいて、感謝します。	I want to express my appreciation for your help.
4096	塊	かたまり	noun	lump; mass; bundle	血のかたまりが出ました。	I passed clots.
4097	大いに	おおいに	adverb	very; very much; greatly	彼は大いに努力して出世した。	He exerted himself and made his way in life.
4098	天下	てんか	noun	the whole world	金は天下の回りもの。	Money comes and goes.
4099	太平洋	たいへいよう	noun	Pacific Ocean	その船は太平洋を横断した。	The boat sailed across the Pacific Ocean.
4100	学科	がっか	noun	subject (of study); course of study	英語は私の好きな学科になった。	English has become my favorite subject.
4101	家事	かじ	noun	housework; domestic chores	家事を分担する夫婦がますますふえています。	More and more married couples share household chores.
4102	容器	ようき	noun	container; receptacle; vessel	空の容器は一番音を立てる。	Empty vessels make the most sound.
4103	宿題	しゅくだい	noun	homework; assignment	宿題を助けてくれて感謝しています。	I'm thankful to you for your helping me with my homework.
4104	強盗	ごうとう	noun	robber; mugger	昨夜その銀行に強盗が入った。	The bank was held up last night.
4105	感心	かんしん	noun	admiration; being impressed	みんな、その装置にとても感心した。	Everyone was really impressed with that machine.
4106	技能	ぎのう	noun	technical skill; ability; capacity	彼の技能はその仕事にうってつけだった。	His skills qualified him for the job.
4107	捕虜	ほりょ	noun	prisoner (of war); POW; captive	彼らは捕虜になった。	They were taken prisoner.
4108	支払う	しはらう	verb	to pay	このカウンターで支払ってください。	Please pay at this counter.
4109	早期	そうき	noun	early stage	それでも、早期の退職を選択する人は多い。	Nevertheless, many are choosing early retirement.
4110	果たして	はたして	adverb	as was expected; just as one thought; sure enough	その知らせははたして本当だろうか。	Can the news be true?
4111	民衆	みんしゅう	noun	people; populace; masses	民衆は国王に対して反乱を起こした。	People rose in revolt against the king.
4112	気候	きこう	noun	climate	寒い気候が長く続いている。	We have had a long spell of cold weather.
4113	治る	なおる	verb	to get better; to get well; to recover (from an illness)	彼女の骨折した足はまだ治っていない。	Her broken leg has not healed yet.
4114	犯行	はんこう	noun	crime; criminal act; offence	彼はベンが犯行と何らかの関連があることを疑わなかった。	He didn't doubt that Ben had something to do with the crime.
4115	発掘	はっくつ	noun	excavation; exhumation; digging up	新しい遺跡で未発掘はいくつだったのですか。	How many new sites were uncovered?
4116	目当て	めあて	noun	mark; guide; landmark	彼女の求婚者は皆彼女の金が目当てだった。	Her suitors were all after her money.
4117	神秘	しんぴ	noun	mystery; mysteriousness; secret	宇宙は神秘に満ちている。	Space is full of mystery.
4118	科目	かもく	noun	(school) subject; curriculum; course	数学は彼の最も得意な科目です。	Mathematics is his strongest subject.
4119	筆	ふで	noun	writing brush; paintbrush; pen	弘法筆を選ばず。	A bad carpenter quarrels with his tools.
4120	精度	せいど	noun	precision; accuracy	測定には寸分の狂いもない精度が要求される。	Flawless precision is required in the measurements.
4121	繊維	せんい	noun	fibre; fiber	繊維産業をとりまく状況は変化した。	Circumstances surrounding the textile industry have changed.
4122	菓子	かし	noun	confectionery; sweets; candy	菓子類は歯に悪いとよく言われる。	It is often said that sweets are bad for your teeth.
4123	裁判官	さいばんかん	noun	judge	裁判官はついうっかり笑ってしまった。	The judge laughed in spite of himself.
4124	見かける	みかける	verb	to (happen to) see; to notice; to catch sight of	彼は最近あまり見かけなくなった。	He hasn't been much in evidence recently.
4125	視線	しせん	noun	one's line of sight; one's gaze; one's eyes (looking)	彼女のクールな視線に、俺はドキッとした。	Her cool gaze made my heart skip a beat.
4126	辞める	やめる	verb	to resign; to retire; to quit	彼は自分自ら辞めた。	He did so of his own accord.
4127	近隣	きんりん	noun	neighbourhood; neighborhood; vicinity	まだまだマイナーだが、遠からず近隣に出荷されるだろう。	It's still minor league but in the not so distant future they'll be coming to a place near you.
4128	進学	しんがく	noun	advancing to the next stage of education; going on to (high school, college, etc.)	少なくとも４９％の生徒が大学に進学する。	At least 49 percent of students go on to university.
4129	遺伝	いでん	noun	heredity; (genetic) inheritance	この動物には何か遺伝的な問題があるようだ。	There seems to be some genetic problem with this animal.
4130	部活	ぶかつ	noun	club activities; extracurricular activities	彼女は部活を休んだ。	She was absent from the club activities.
4131	閉店	へいてん	noun	closing up shop (for the day)	何時閉店ですか。	What time does it close?
4132	降伏	こうふく	noun	surrender; capitulation; submission	兵士たちは決して降伏しないように言われた。	The soldiers were told never to surrender.
4133	響き	ひびき	noun	echo; reverberation	彼のピアノ演奏はすばらしい響きがした。	His piano playing sounded fantastic.
4134	顎	あご	noun	jaw; chin	笑いすぎて、顎がはずれそうになった。	I was laughing so hard I nearly dislocated my jaw.
4135	飼い主	かいぬし	noun	(pet) owner; keeper	私はその飼い主がずっと捜していた迷子の猫を見つけた。	I found a lost cat for which its owner had been searching.
4136	飼育	しいく	noun	breeding; raising; rearing	父は牧場を持っていて牛や馬を飼育している。	My father has a ranch and breeds cattle and horses.
4137	餃子	ギョーザ	noun	gyoza; pot sticker; crescent-shaped pan-fried dumplings stuffed with minced pork and vegetables	ぎょうざの具のあまりは？餃子を家で作りましたが、皮が少なかったせいか、具が少し余ってしまいました。	Gyoza stuffing? I made some gyoza at home but, possibly because I didn't have enough dough, I had some of the filling left over.
4138	麻雀	マージャン	noun	mahjong; mah-jongg	あの人達はさかんに麻雀を楽しんでいた。	They indulged in mahjong.
4139	いったん	いったん	adverb	once	いったん始めたら、やり続けてください。	Once you start, carry it on.
4140	おかしな	おかしな	adjective	funny; amusing; comical	ちょっと、おかしな話聞きたくない？	Want to hear something funny?
4141	おにぎり	おにぎり	noun	onigiri; rice ball (often triangular, sometimes with a filling and wrapped in nori)	サンドイッチとおにぎりじゃ、どっちが重いかしら。	Which are heavier, sandwiches or onigiris?
4142	にわたって	にわたって	expression	throughout; over a period of ...; over a span of ...	その男は５０年にわたってその国を支配した。	The man controlled the country for fifty years.
4143	インドネシア	インドネシア	noun	Indonesia	その船は原料をインドネシアから輸送している。	The ship transports raw materials from Indonesia.
4144	コンテスト	コンテスト	noun	contest	彼女は美人コンテストに参加した。	She participated in the beauty contest.
4145	セッション	セッション	noun	session	数人から、その日の後半にあたるテクニカルセッションの中にも出席したいセッションがあるという意見が出ました。	A few people mentioned they would like to attend some sessions later in the day on the Technical Session Agenda.
4146	ボルト	ボルト	noun	volt	掲示板には「危険！１万ボルト」と書いてある。	The notice says, "Danger! 10,000 VOLTS."
4147	マーケティング	マーケティング	noun	marketing	Webマーケティングの弱点を克服するウィジェットです。	It's the widget that overcomes web marketing's weaknesses.
4148	上り	のぼり	noun	ascent; climbing; ascending (path)	上りのエスカレーターはどこですか？	Where's the up-escalator?
4149	中断	ちゅうだん	noun	interruption; suspension; break	話し合いはちょっと中断した。	There was a brief break in the discussion.
4150	偽物	にせもの	noun	spurious article; forgery; counterfeit	彼は本物と偽物を区別できない。	He can't tell the real thing from the fake.
4151	全滅	ぜんめつ	noun	total destruction; complete destruction; annihilation	部隊は全滅した。	The troop was altogether destroyed.
4152	副作用	ふくさよう	noun	side effect; adverse reaction	この薬には悪い副作用はありません。	This medicine is free from harmful effects.
4153	卓球	たっきゅう	noun	table tennis; ping-pong	卓球をしたいのですが。	I'd like to play a game of ping-pong.
4154	反撃	はんげき	noun	counterattack; counteroffensive; counterblow	すべての将兵が力を合わせて反撃した。	All the officers and men joined their efforts against the attack.
4155	収益	しゅうえき	noun	earnings; proceeds; returns	売り上げが増えるにつれて収益も上がる。	In proportion as the sales increase, the profit will rise.
4156	同情	どうじょう	noun	sympathy; compassion; pity	あなたに深く同情します。	I feel for you deeply.
4157	同等	どうとう	na-adjective	equality; equal; same rights	男と女は同等だと切に感じる。	I feel strongly that men and women are equal.
4158	名義	めいぎ	noun	name (esp. on a deed, contract, work, etc.); formal name; published name	彼は娘の名義で毎月収入から１万円貯蓄した。	Every month, he saved ten thousand yen out of his income for his daughter.
4159	嘘つき	うそつき	noun	liar; fibber	メロスは、決してうそつきではない。	Meros is anything but a liar.
4160	夕食	ゆうしょく	noun	evening meal; dinner	その夕食はとても楽しかった。	We had a very good time at the dinner.
4161	外見	がいけん	noun	outward appearance; looks	彼はずいぶん外見が変わった。	He's changed a lot in his looks.
4162	夜間	やかん	noun	night; nighttime	多くの商品がトラックによって夜間に運ばれる。	Many goods are transported at midnight by truck.
4163	大使	たいし	noun	ambassador	大使はその任務に対して責任がある。	The ambassador is responsible for the assignment.
4164	学年	がくねん	noun	academic year; school year	その先生は第３学年のクラスを担任している。	The teacher is in charge of the third-year class.
4165	学歴	がくれき	noun	academic background; academic credentials; academic record	彼女はいつも自分の学歴を自慢している。	She always prides herself on her academic background.
4166	対話	たいわ	noun	dialogue; conversation; talk	外交的な対話によって、その紛争に終止符を打つことができた。	Diplomatic dialogue helped put an end to the conflict.
4167	工学	こうがく	noun	engineering	その大学生は工学を学んでいます。	That college student is studying engineering.
4168	干渉	かんしょう	noun	interference; intervention; meddling	私の個人的な問題に干渉しないで下さい。	Don't stick your nose into my personal affairs.
4169	幹事	かんじ	noun	executive secretary; coordinator; organizer	その女性幹事は彼の傲慢さにどうしても我慢できなかった。	The hostess couldn't possibly tolerate his arrogance.
4170	当事者	とうじしゃ	noun	person concerned; interested party; related party	当事者同士の話し合いがもっと必要だ。	There should be more communication between the persons concerned.
4171	恐竜	きょうりゅう	noun	dinosaur	私は恐竜の進化にとても興味を持っている。	The evolution of dinosaurs interests me greatly.
4172	意向	いこう	noun	intention; inclination; mind	彼の意向をもう一度確認すべきだ。	We should confirm his intentions once more.
4173	投下	とうか	noun	throwing down; dropping; airdrop	１９４５年広島に原子爆弾が投下された。	An atomic bomb was dropped on Hiroshima in 1945.
4174	旬	しゅん	noun	season (for fruit, seafood, etc.); best time of the year (for)	イチゴは今が旬です。	Strawberries are in season now.
4175	有無	うむ	noun	existence or nonexistence; presence or absence	排卵の有無を調べる方法はありますか？	Is there some way to check for ovulation?
4176	末期	まっき	noun	last years; closing years; last days	その物語の舞台は明治末期の日本である。	The setting of the story is Japan in the late Meiji period.
4177	来日	らいにち	noun	coming to Japan; visit to Japan; arrival in Japan	ボブがいつ来日したか分からない。	I don't know when Bob came to Japan.
4178	果たす	はたす	verb	to accomplish; to achieve; to carry out	とにかく義務だけ果たした。	At any rate, I did my duty.
4179	正月	しょうがつ	noun	New Year (esp. first three days)	まもなく楽しい正月だ。	I'm looking forward to the New Year holidays.
4180	潮	しお	noun	tide; current	潮が引いている。	The tide is on the ebb.
4181	爆破	ばくは	noun	destructive blast; blowing up; explosion	その施設は爆破によって廃虚になった。	The explosion reduced the facilities to ruins.
4182	相場	そうば	noun	market price	今は下がり相場だ。	It's a bearish market now.
4183	私立	しりつ	noun	private (establishment)	あなたは、私立高校の生徒ですか。	Are you a student of a private high school?
4184	結末	けつまつ	noun	end; conclusion	悲しい結末の物語が好きです。	I like stories that have sad endings.
4185	脅迫	きょうはく	noun	threat; menace; coercion	彼女は彼の発言を脅迫と解釈した。	She interpreted his remarks as a threat.
4186	落下	らっか	noun	fall; drop; descent	この穴はいん石の落下でできたものです。	This hole was formed by a falling meteorite.
4187	装飾	そうしょく	noun	ornament; decoration	その絵は装飾の施された額に入れられた。	The drawing was mounted in a fancy frame.
4188	話し合い	はなしあい	noun	discussion; talk; tête-à-tête	我々は真剣な話し合いを始めた。	We entered into a serious conversation.
4189	諸国	しょこく	noun	various countries; various regions; various provinces	アセアン諸国は着実に努力してきました。	The ASEAN nations have come a long way.
4190	貨物	かもつ	noun	cargo; freight	その貨物にはあらゆる危険に対する保険が掛けられた。	The freight was insured against all risks.
4191	賭け	かけ	noun	bet; wager; stake	賭け率２対１でレッズが勝つだろう。	The odds are two-to-one that the Reds win.
4192	転送	てんそう	noun	transfer (of a call, patient, etc.); forwarding (a letter, email, etc.); redirection	総会に出席し、データ転送の新技術を知ることができました。	Participating in the general meeting raised my awareness of the new technologies in data transportation.
4193	除去	じょきょ	noun	removal; getting rid of	政府は公害を除去しようと努めている。	The government is trying to get rid of pollution.
4194	類似	るいじ	noun	resemblance; similarity; likeness	このデザインは彼の初期の作品と類似している。	This design resembles his earlier work.
4195	骨折	こっせつ	noun	bone fracture	彼女の骨折した足はまだ治っていない。	Her broken leg has not healed yet.
4196	いい加減	いいかげん	na-adjective	irresponsible; perfunctory; careless	いい加減に寝たら。	Isn't it about time you went to bed?
4197	それに	それに	conjunction	besides; in addition; also	それに私も加えておいて。	Count me in.
4198	アナウンサー	アナウンサー	noun	announcer; presenter; broadcaster	私は将来テレビのアナウンサーになりたい。	I want to become a TV announcer in the future.
4199	コラム	コラム	noun	column (e.g. in newspaper); stand-alone feature article framed by a box	私はいつも彼のコラムを興味をもって読む。	I'm always interested in reading his column.
4200	ゴリラ	ゴリラ	noun	gorilla (Gorilla spp., esp. western gorilla, Gorilla gorilla)	彼女はカリフォルニアのゴリラ財団研究所にいる。	She lives at the Gorilla Foundation in California.
4201	スタジアム	スタジアム	noun	stadium	スタジアムには大勢の人がいた。	There were lots of people in the stadium.
4202	テクニック	テクニック	noun	technique	先生の秘書のおかげで秘密の登録テクニックがわかった。	I found out about a back-door registration technique from his secretary.
4203	ナンパ	ナンパ	noun	seducer; smooth talker; ladies' man	誰かをナンパしよう。	Let's pick up a chick.
4204	パーセント	パーセント	noun	percent; per cent; percentage	手数料は３パーセントかかります。	We charge a commission of 3%.
4205	フレーズ	フレーズ	noun	phrase	このフレーズの意味はどうなるでしょうか。	I wonder what this phrase means.
4206	プライバシー	プライバシー	noun	privacy	彼女のプライバシーに介入するな。	Don't intrude on her privacy.
4207	ボストン	ボストン	noun	Boston	ボストンはここ１０年間で急速に発展した。	Boston has grown rapidly in the last ten years.
4208	ロープ	ロープ	noun	rope	このロープは１メートル２００円です。	This rope is 200 yen a meter.
4209	上海	シャンハイ	noun	Shanghai (China)	上海には東京よりずっとたくさん美人がいる。	There are many more beautiful ladies in Shanghai than in Tokyo.
4210	中東	ちゅうとう	noun	Middle East	教授は中東問題について講義をした。	The professor gave a lecture on the Middle East.
4211	人前	にんまえ	noun	portion of food	彼は３人前注文した。	He ordered three dinners.
4212	休む	やすむ	verb	to be absent; to take a day off	少し休ませてください。	I want to take a rest.
4213	何とも	なんとも	adverb	really; very; extremely	何とも言えないな。	I can't say for sure.
4214	使命	しめい	noun	mission; errand	我々は無事使命を果たした。	We carried out our mission successfully.
4215	保つ	たもつ	verb	to keep; to preserve; to hold	万一に備えて連絡をたもってください。	Try to keep in touch with me, just in case.
4216	傑作	けっさく	noun	masterpiece; masterwork; chef d'oeuvre	彼の傑作はまだ現れていない。	His masterpiece has not appeared yet.
4217	公正	こうせい	noun	justice; fairness; impartiality	その判断は双方に対して大変公正なものである。	The judgement is very fair to both parties.
4218	分裂	ぶんれつ	noun	split; division; break up	内部分裂した家は倒れる。	A house divided against itself can't stand.
4219	同一	どういつ	adjective	identical; same; one and the same	その２つの役は同一の女優によって演じられた。	The two parts were played by one and the same actress.
4220	和解	わかい	noun	reconciliation; amicable settlement; accommodation	ようやく彼らは和解した。	At last, they were reconciled.
4221	守備	しゅび	noun	defense; defence	私達のチームは守備が良い。	Our football team has a good defense.
4222	容姿	ようし	noun	(physical) appearance (of a person); one's face and figure	彼女は自分の容姿にとても満足している。	She takes great pride in her appearance.
4223	引き出し	ひきだし	noun	drawer	それは引き出しに入れておきました。	I put it in the drawer.
4224	従う	したがう	verb	to obey (an order, law, etc.); to abide by (a rule, custom, etc.); to follow	両親には従わねばなりません。	You are to obey your parents.
4225	恩	おん	noun	favour; favor; obligation	生きている限りご恩は決して忘れません。	I'll never forget your kindness as long as I live.
4226	投げる	なげる	verb	to throw; to hurl; to fling	ボールを投げ返してください。	Throw the ball back to me.
4227	捜索	そうさく	noun	search (esp. for someone or something missing); manhunt	脱走者に対する捜索が始まっている。	A hunt is on for the runaway.
4228	握手	あくしゅ	noun	handshake	握手しましょう。	Please shake hands.
4229	昨夜	ゆうべ	noun	last night; yesterday evening	昨夜なってやっとその知らせは届いた。	The news finally reached me last night.
4230	本文	ほんぶん	noun	text (of a book, document, etc.); body (of a letter)	この情報は注釈ではなく本文で扱うべきだ。	You should treat this information in the main body of the text, not in the notes.
4231	東西	とうざい	noun	east and west	この国では東西の文化が交じり合っている。	Cultures of the East and the West are mixed in this country.
4232	果実	かじつ	noun	fruit; nut; berry	木は果実を見ればわかる。	A tree is known by its fruit.
4233	格安	かくやす	adjective	(very) cheap; (very) inexpensive; cut-price	最近は、航空券の格安チケットも仕組みが複雑すぎて、わかりにくいことが多い。	Lately the discount airline ticket system has gotten so complicated that there's a lot about it I can't figure out.
4234	案外	あんがい	adverb	unexpectedly; surprisingly	案外、この本は読みやすいね。	This book is surprisingly easy to read, isn't it?
4235	死後	しご	noun	after death	彼の死後、私の人生は１８０度変わった。	After he died, my life was turned upside down.
4236	殻	から	noun	shell; husk; hull	卵の殻は壊れやすい。	The shell of an egg is easily broken.
4237	気配	けはい	noun	indication; sign; hint	秋の気配が感じられた。	There was a hint of fall in the air.
4238	激怒	げきど	noun	rage; fury	彼は話を聞いて激怒した。	He went mad when he heard the story.
4239	琴	こと	noun	koto (13-stringed Japanese zither)	彼女は琴を弾くことがとても好きだ。	She likes to play the koto very much.
4240	疲労	ひろう	noun	fatigue; weariness; exhaustion	夜眠れなくて彼は疲労して顔色が悪かった。	He was pale with fatigue after his sleepless night.
4241	皮肉	ひにく	noun	irony; sarcasm; cynicism	彼女は少し皮肉っぽく話した。	She spoke with a suggestion of sarcasm in her voice.
4242	破産	はさん	noun	bankruptcy; insolvency	その会社は破産した。	The company went bankrupt.
4243	細い	ほそい	i-adjective	thin; slender; fine	細く愛して長く愛して。	Love me little, love me long.
4244	腸	ちょう	noun	intestine; bowel	はらわたの煮えくり返る思いをした。	I was having thoughts that made my blood boil.
4245	自動的	じどうてき	na-adjective	automatic	その機械は自動的に動く。	The machine works by itself.
4246	行列	ぎょうれつ	noun	line; queue; procession	市長は行列の先頭に立って歩いた。	The mayor walked at the head of the procession.
4247	見込み	みこみ	noun	hope; promise; possibility	うちのチームが勝つ見込みはかなり大きい。	The chances are very good that our team will win.
4248	誤り	あやまり	noun	error; mistake; slip	私の誤りを指摘して下さい。	Please point out my mistake.
4249	難民	なんみん	noun	refugee; displaced person	彼らは難民を助けるという立派な行為をした。	They did a good deed in helping refugees.
4250	食欲	しょくよく	noun	appetite (for food)	食欲なんてありません。	I don't feel like eating.
4251	高価	こうか	na-adjective	highly priced; expensive; valuable	このコートは素敵だけど高価すぎる。	This coat is nice, but too expensive.
4252	がっかり	がっかり	verb (suru)	to be disappointed; to be dejected; to be downhearted	その知らせを聞いて大変がっかりした。	I was very disappointed at the news.
4253	たか	たか	noun	hawk; falcon	タカは空を旋回した。	The hawk circled round in the sky.
4254	ウェア	ウェア	noun	ware; goods	このスキーウェアは冷たい風を通しません。	This ski wear keeps out the cold wind.
4255	ガンガン	ガンガン	adverb	clanging; banging; booming	まだ頭はがんがんするけど熱はもうないよ。	My head's still pounding but I don't have a temperature any more.
4256	ギャラリー	ギャラリー	noun	gallery; corridor	ニューヨークタイムズは彼女のギャラリーにいつも取材にくるんだから。	The New York Times reviews her gallery all the time.
4257	バブル	バブル	noun	bubble	バブルのときにあの土地を売っておけば大損しなかったのに。	If only I'd sold that property during the economic bubble, I wouldn't have suffered such a big loss.
4258	パッド	パッド	noun	pad; padding	上手なパットだね。	Excellent putt.
4259	ボトル	ボトル	noun	bottle	このボトルに水をいっぱい入れてください。	Please fill this bottle with water.
4260	マーケット	マーケット	noun	market	母はマーケットへ買い物に行きました。	Mother has gone to the market.
4261	一括	いっかつ	noun	lumping together; summing up; bundle	物はすべて一括して買うとやすい。	You can get anything less expensive in bulk.
4262	一時期	いちじき	noun	a period (of time)	私は一時期、天体物理学者になりたかった。	I once wanted to be an astrophysicist.
4263	上部	じょうぶ	noun	top part; surface	ページの上部の写真を見てごらんなさい。	Look at the picture at the top of the page.
4264	主任	しゅにん	noun	person in charge; senior staff; manager	主任技師は助手と協力して研究した。	The chief engineer did research hand in hand with his assistant.
4265	予言	よげん	noun	prediction; prophecy; prognostication	その予言は結果によって誤りとわかった。	The prediction was falsified by the result.
4266	他社	たしゃ	noun	another company; other company	同業他社に比べて業績がずっと良かった。	Business results of the company were much better than other companies in the industry.
4267	以後	いご	noun	after this; from now on; hereafter	以後こんなことはいたしません。	I'll never do this again.
4268	光る	ひかる	verb	to shine; to glitter; to be bright	ダイヤは明るく光った。	The diamond shone brightly.
4269	厄介	やっかい	na-adjective	trouble; burden; nuisance	これで厄介なことがまた増える。	This adds to our troubles.
4270	司会	しかい	noun	leading a meeting; presiding over a meeting; officiating at a ceremony	盛田教授は化学学会で司会を務めた。	Professor Morita presided at a meeting of the Chemical Society.
4271	善	ぜん	noun	good; goodness; right	美しいものは必ずしも善ではない。	What is beautiful is not always good.
4272	執筆	しっぴつ	noun	writing; authoring	彼は小説の姉妹編を執筆中だ。	He is now writing a sister volume to his novel.
4273	夫妻	ふさい	noun	husband and wife; married couple	山田夫妻は来月帰国します。	Mr. and Mrs. Yamada will come home next month.
4274	始末	しまつ	noun	management; dealing with; settlement	これは始末の難い問題だ。	This is a difficult problem to solve.
4275	子孫	しそん	noun	descendant; progeny; offspring	子孫にきれいな、緑の地球を残したい。	We want to leave our descendants a clean and green earth.
4276	家具	かぐ	noun	furniture	私の部屋にはあまり家具がありません。	There isn't much furniture in my room.
4277	富士山	ふじさん	noun	Mount Fuji; Mt. Fuji; Fujiyama	まもなく富士山が見えてきた。	By and by Mt. Fuji came into sight.
4278	左手	ひだりて	noun	left hand	左手に持っているものを見せろ。	Show me what you have in your left hand.
4279	強引	ごういん	na-adjective	overbearing; coercive; pushy	政府はその法案を強引に議会を通過させた。	The government pushed the bill through the Diet.
4280	急速	きゅうそく	na-adjective	rapid (e.g. progress)	世界はますます急速に変化している。	The world is changing more and more quickly.
4281	手作り	てづくり	adjective	handmade; handcrafted; homemade	それは全て手作りのものだった。	All of them were handmade things.
4282	手配	てはい	noun	arrangement; preparations	出来るだけ早急に会談の手配をして欲しい。	We want the meeting arranged as soon as possible.
4283	旅館	りょかん	noun	ryokan; traditional Japanese inn	彼はその旅館に部屋を予約してくれた。	He booked a room for me at the inn.
4284	本屋	ほんや	noun	bookstore; bookshop	歩いて本屋へいきましょう。	Why don't we go to the bookstore on foot?
4285	比例	ひれい	noun	proportion	供給は需要に比例する。	Supply is relative to demand.
4286	泡	あわ	noun	bubble; foam; froth	泡はみるみる無くなった。	The foam vanished in an instant.
4287	液晶	えきしょう	noun	liquid crystal	そもそも何故私の物だけ液晶に線が入っていたのか。	In any case why was it only mine that had a line in the LCD?
4288	演劇	えんげき	noun	drama; theatre; theater	私はアメリカ演劇を勉強しています。	I'm studying the American drama.
4289	火山	かざん	noun	volcano	火山が再び活動を始めた。	The volcano has become active again.
4290	点数	てんすう	noun	marks; points; score	反応が早ければ点数が上がります。	You'll get brownie points if you respond quickly.
4291	終盤	しゅうばん	noun	endgame; final stage	混戦模様となったレースだが、四宮は集団をラップしたこともあり、終盤、確実にタイミングよくポイントを重ね優勝した。	The race developed into a free-for-all but Shinomiya lapped the group and in the final stage steadily piled on points with good timing to achieve victory.
4292	組む	くむ	verb	to cross (legs or arms); to link (arms)	恋人たちはお互いに腕を組んで歩いていた。	The lovers were walking arm in arm.
4293	臨時	りんじ	adjective	temporary; provisional; interim	彼等は貿易問題について臨時の会合を開いた。	They held a special session on trade problems.
4294	良好	りょうこう	na-adjective	good; fine; excellent	品物は良好な状態で到着した。	The goods arrived in good condition.
4295	苦しみ	くるしみ	noun	pain; anguish; distress	苦しみなくして利益なし。	No gains without pains.
4296	規約	きやく	noun	agreement; rules; code	わたしたちの会社はマンモス会社で、繁雑な面を少くし能率を上げるために、改正あるいは撤廃すべき規則とか規約がいくつかある。	Our firm is a giant one, and there are some rules and regulations, which should be revised or rescinded to reduce red tape and increase efficiency.
4297	親族	しんぞく	noun	relative; relation; kin	親族達は彼の無罪を確信していた。	His relatives were convinced of his innocence.
4298	訂正	ていせい	noun	correction; revision; amendment	例１，２のように訂正せよ。	Correct it, as in example 1.2.
4299	説教	せっきょう	noun	sermon; preaching; homily	説教することは実行することよりやさしい。	To preach is easier than to practice.
4300	赤字	あかじ	noun	(being in) the red; deficit	赤字は徐々に減少している。	The deficit has been diminishing little by little.
4301	輝き	かがやき	noun	brightness; brilliance; brilliancy	星は彼女の上で輝き・・・。	The stars twinkled above her.
4302	迷う	まよう	verb	to lose one's way; to get lost; to go astray	フラフラ迷っていたんだ。	I've been wandering around.
4303	遅延	ちえん	noun	delay; latency	遅延は時間泥棒である。	Procrastination is the thief of time.
4304	道徳	どうとく	noun	morals; morality	彼は道徳力に欠けていた。	He was lacking in moral fiber.
4305	開拓	かいたく	noun	reclamation (e.g. of wasteland); cultivation; development	荒野を開拓する。	Cultivate the wilderness.
4306	関節	かんせつ	noun	joint	どこの関節がはずれたの？	Which joint did you dislocate?
4307	霧	きり	noun	fog; mist	霧がどんどん濃くなっている。	The fog is growing thicker.
4308	顧問	こもん	noun	adviser; advisor; consultant	会社は彼を顧問として雇った。	The company engaged him as an advisor.
4309	うさぎ	うさぎ	noun	rabbit; hare; coney	学校に通っていた時、ウサギの世話をした。	I cared for the rabbits when I was at school.
4310	しばしば	しばしば	adverb	often; again and again; frequently	しばしば手紙で連絡しあっている。	They communicate with each other often by mail.
4311	たいてい	たいてい	na-adjective	mostly; ordinarily; usually	たいてい歩いて行きます。	I usually walk.
4312	たまらない	たまらない	expression	intolerable; unbearable; unendurable	オーストラリアに行きたくてたまらない。	I'm aching to go to Australia.
4313	やり直し	やりなおし	noun	redoing; doing over again	またやり直しですか。	Are you going to do it over again?
4314	アメリカン	アメリカン	noun	American	アメリカン・エクスプレスは使えますか。	Do you accept AMEX?
4315	エリート	エリート	noun	elite	概してエリート達は批判に対して鈍感である。	On the whole, the elite are not sensitive to criticism.
4316	サングラス	サングラス	noun	sunglasses	こんな暗いところでサングラスかけなくてもいいでしょ。	What do you need sunglasses for in such a dark place?
4317	ジョーク	ジョーク	noun	joke	彼のジョークを聞いて思わず笑ってしまった。	I could not help laughing at his jokes.
4318	スウェーデン	スウェーデン	noun	Sweden	スウェーデンには独自の言語がある。	Sweden has a language of its own.
4319	テクノロジー	テクノロジー	noun	technology	インターネットのテクノロジーは日進月歩、いや、秒進分歩で進歩している。	Day by day and month by month, Internet technology is growing. Actually, make that second by second and minute by minute.
4320	ディスプレイ	ディスプレイ	noun	display	ディスプレイはモニタともいい、コンピュータなどの機器から出力される静止画または動画の映像信号を表示する機器である。	A display, aka monitor, is an appliance that displays video signal of still images and moving pictures produced by a computer or similar device.
4321	バット	バット	noun	bat (in baseball, cricket, etc.)	このバットを使ってよろしいか。	May I use this bat?
4322	プリン	プリン	noun	pudding (esp. custard)	プリンをどうぞ。	Here's your pudding.
4323	ヤクザ	ヤクザ	noun	(member of the) yakuza; gangster; mobster	私は自分を映画のやくざと同一視した。	I identified myself with the gangsters in the film.
4324	一流	いちりゅう	adjective	first-class; first-rate; top-flight	彼は一流歌手として認められた。	He was recognized as a first-class singer.
4325	不法	ふほう	na-adjective	unlawful; illegal	変な男が私の地所に不法に侵入してきた。	A strange man trespassed on my property.
4326	人質	ひとじち	noun	hostage	犯人は人質を解放しなかった。	The criminal didn't let the hostages go.
4327	会合	かいごう	noun	meeting; assembly; gathering	彼は会合についてとても注意した。	He prepared carefully for the meeting.
4328	出店	しゅってん	noun	opening a new store; opening a new branch	勧工場には約２０の出店が並んだ。	There was a row of about 20 stalls at the fair.
4329	品種	ひんしゅ	noun	type (of goods); sort	除草剤耐性品種でなぜ収量が増えるのか？	Why do yields increase with herbicide-resistant varieties?
4330	壊す	こわす	verb	to break; to destroy; to demolish	そのビルはすっかり壊された。	The building was completely destroyed.
4331	壊滅	かいめつ	noun	(complete) destruction; annihilation; devastation	都市はその地震で壊滅した。	The city perished in the earthquake.
4332	大将	たいしょう	noun	general; admiral	我こそ魔女がりの大将。	I'm the witchfinder general.
4333	奪う	うばう	verb	to take (by force); to take away; to snatch	テレビによって以前の映画人気が奪われた。	Television has robbed cinema of its former popularity.
4334	室内	しつない	noun	indoor; inside the room	彼の冗談で室内の緊張がほぐれた。	His joke eased the tension in the room.
4335	家賃	やちん	noun	rent	家賃は明日支払わなければならない。	The rent is due tomorrow.
4336	尻尾	しっぽ	noun	tail (of an animal)	しっぽが短く切られた犬を見た。	I saw a dog and its tail was cut short.
4337	左側	ひだりがわ	noun	left side; left-hand side	彼の左側には彼の母親が座っていた。	On his left sat his mother.
4338	役者	やくしゃ	noun	actor; actress	あなたの大好きな役者はだれですか。	Who is your favorite actor?
4339	排出	はいしゅつ	noun	discharge; evacuation; emission (e.g. of CO2)	樹木は酸素を排出し、二酸化炭素を吸収する。	Trees give off oxygen and absorb carbon dioxide.
4340	探索	たんさく	noun	search; lookup; hunt	彼らは東アフリカのタンガニーカ湖を探索した。	They explored Lake Tanganyika in East Africa.
4341	撤去	てっきょ	noun	removal; taking away; dismantling (a building, facilities, etc.)	歩道から自転車を撤去してくれ。	Clear the sidewalk of the bicycles.
4342	気楽	きらく	na-adjective	carefree; comfortable; at ease	ほんの気楽なパーティーだった。	It was only an informal party.
4343	渋滞	じゅうたい	noun	(traffic) congestion; traffic jam; gridlock	そんな渋滞は予想していなかった。	I hadn't bargained on such a heavy traffic jam.
4344	満点	まんてん	noun	perfect score; full marks	私は１００点満点で８０点取った。	I got 80 marks out of a maximum of 100.
4345	片手	かたて	noun	one hand	彼はよく片手をポケットに入れて歩いている。	He often walks with his hand in his pocket.
4346	用事	ようじ	noun	business; things to do; engagement	彼女は用事がなければほとんど外出しない。	She scarcely goes out except on business.
4347	番手	ばんて	noun	(yarn) count	テッドはその野球チームの２番手選手だ。	Ted is the second pitcher on the baseball team.
4348	着陸	ちゃくりく	noun	landing; alighting; touch down	私の乗った飛行機が無事に着陸してほっとした。	I felt relieved when my plane landed safely.
4349	禁煙	きんえん	noun	abstaining from smoking; quitting smoking	禁煙、ご協力ありがとうございます。	Thank you for not smoking.
4350	統制	とうせい	noun	regulation; control	米価は政府によって統制されている。	Rice prices are regulated by the government.
4351	航海	こうかい	noun	(sea) voyage; navigation; sailing	彼はアメリカに向かって航海にでた。	He went on a voyage to America.
4352	落書き	らくがき	noun	scrawl; scribble; graffiti	建物は落書きだらけで見た目が悪い。	The graffiti-covered building is ugly to look at.
4353	蝶	ちょう	noun	butterfly	彼はたまたま珍しい蝶を見つけた。	He happened to catch sight of a rare butterfly.
4354	要するに	ようするに	expression	in short; in a word; to sum up	要するに、そのパーティーはすばらしかった。	In brief, the party was splendid.
4355	見通し	みとおし	noun	unobstructed view; perspective; visibility	彼の成功には明確な見通しが非常に役立った。	Clear foresight contributed greatly to his success.
4356	財務	ざいむ	noun	financial affairs	この財務調査は会社の資産を評価することも含みます。	This financial audit also includes an evaluation of the company's assets.
4357	身内	みうち	noun	relatives; one's family	神は私の身内に存するが、そうでなければ全然存在しない。	God is in me or else is not at all.
4358	辞書	じしょ	noun	dictionary; lexicon	その辞書は私にとってとても役に立つ。	The dictionary is of great use to me.
4359	逃走	とうそう	noun	flight; desertion; escape	彼らの逃走は昨日わかった。	Their flight was discovered yesterday.
4360	金髪	きんぱつ	noun	blond hair; blonde hair; golden hair	彼の髪は金髪で、彼は若く見える。	His hair is blond and he looks young.
4361	頼み	たのみ	noun	request; favor; favour	頼みさえすれば、その花はもらえます。	The flower is yours for the asking.
4362	お手伝い	おてつだい	noun	maid; helper	お手伝いいただきありがとう。	Thank you for your assistance.
4363	はじめまして	はじめまして	expression	nice to meet you; I'm glad to make your acquaintance; how do you do?	はじめまして、ジョーンズ夫人。	How do you do, Mrs. Jones?
4364	まれ	まれ	na-adjective	rare; seldom	９０歳以上生きることは決してまれではない。	It is not rare at all to live over ninety years.
4365	スケート	スケート	noun	skating (esp. ice); skate; skates	スケートはとてもおもしろかった。	We had a lot of fun skating.
4366	セント	セント	noun	cent (monetary unit)	８ドル５０セントいただきます。	$8.50, please.
4367	バラバラ	バラバラ	na-adjective	scattered; disperse; loose	ノートがばらばらになった。	The notebook came loose.
4368	ヘルメット	ヘルメット	noun	helmet; hard hat; protective headgear	弾がヘルメットを通った。	A bullet pierced the helmet.
4369	レート	レート	noun	rate	ドルの交換レートは、今いくらですか。	What is the exchange rate for dollars now?
4370	不便	ふべん	noun	inconvenience; inexpediency; unhandiness	私は田舎生活の不便さは我慢できない。	I can't bear the inconvenience of country life.
4371	不審	ふしん	noun	doubt; suspicion; question	不審な人をみかけたら警察に知らせてください。	If you see a suspicious person, please inform the police.
4372	両者	りょうしゃ	noun	pair; the two; both persons	両者の意見を読んで、自分で決めて下さい。	Read both sides and then decide for yourself.
4373	交差点	こうさてん	noun	crossing; intersection	その事故はあの交差点で起こった。	The accident happened at that crossing.
4374	人員	じんいん	noun	number of persons; personnel	部屋の収容人員は２００人だ。	The room has a seating capacity of 200.
4375	再建	さいけん	noun	rebuilding; reconstruction; rehabilitation	その城は、１４８５年に全焼して、再建されなかった。	The castle, burnt down in 1485, was not rebuilt.
4376	分子	ぶんし	noun	molecule	水分子は、２個の水素原子と１個の酸素原子からなる。	A water molecule has two hydrogen atoms and one oxygen atom.
4377	前者	ぜんしゃ	noun	the former; the first	前者が解決すれば後者も解決するであろう。	The solution of one may prove to be the solution of the other.
4378	前進	ぜんしん	noun	advance; moving forward; progress	彼女はゆっくりと前進した。	She slowly moved forward.
4379	半額	はんがく	noun	half the amount (of money); half price; half fare	車の代金を現金で半額支払った。	I paid fifty percent down for the car.
4380	及ぶ	およぶ	verb	to reach; to amount to; to befall	私の力が及ぶ限り援助します。	I'll help you to the best of my ability.
4381	四季	しき	noun	the four seasons	日本には四季があります。	We have four seasons in Japan.
4382	大声	おおごえ	noun	loud voice	「ヘイ、ウィリー」農家は大声で叫んだ。	Hey, Willie, the farmer shouted out.
4383	奉仕	ほうし	noun	service; ministry; attendance	新しいお客様に限った期間限定奉仕です。	This is a limited time offer to new customers only.
4384	定価	ていか	noun	list price; regular price; established price	定価から５％値引きいたします。	We'll allow a 5 percent discount off list prices.
4385	審判	しんぱん	noun	judgement; judgment; decision	彼一人だけ余る、だから審判させよう。	He's an odd man; so we'll have him referee.
4386	庶民	しょみん	noun	common people; ordinary people; masses	庶民のなりわいは、米をつくることだった。	The ordinary people had their livelihood in farming rice.
4387	怪物	かいぶつ	noun	monster	以前恐ろしい怪物が住んでいた。	A hideous monster used to live there.
4388	悪口	わるぐち	noun	(verbal) abuse; speaking ill of people; bad-mouthing	きみの悪口なんて決して言わなかった。	Never did I say bad things about you.
4389	悪夢	あくむ	noun	nightmare; bad dream	助けてください！オレ、毎晩同じ悪夢を見るんです。	You've got to help me! Every night I have the same horrible dream.
4390	抑える	おさえる	verb	to keep within limits (e.g. spending); to restrain (e.g. emotions); to control	才能ある者を抑えておくことはできない。	You can't keep a good man down.
4391	拍手	はくしゅ	noun	clapping hands; applause	観客はたっぷりと５分間拍手した。	The audience applauded for a full five minutes.
4392	推理	すいり	noun	reasoning; inference; deduction	あなたは推理が当たった。	You guessed right.
4393	教徒	きょうと	noun	believer; adherent	カトリック教徒は産児制限に反対している。	Catholics are against birth control.
4394	日向	ひなた	noun	sunny place; in the sun	その子供は、ひなたで横になって眠っていた。	He was lying asleep in the sun.
4395	有力	ゆうりょく	na-adjective	influential; prominent; leading	中国は武器の有力輸出国だ。	China is a leading exporter of arms.
4396	権威	けんい	noun	authority; power; influence	少年にとって父親は権威だった。	For the boy, his father represented authority.
4397	油断	ゆだん	noun	negligence; carelessness; inattention	罠かもしれん、油断するな。	It could be a trap; don't let your guard down.
4398	洞窟	どうくつ	noun	cave; cavern; grotto	その洞窟には怪物が住んでいると信じられていた。	A monster was believed to live in the cave.
4399	浸透	しんとう	noun	permeation (of thought, ideology, culture, etc.); infiltration (e.g. of ideas); spread	民主主義の精神がわれわれの日常生活の中に浸透するには相当の年月がかかると思います。	I believe it will be quite a long time before the spirit of democracy pervades our daily life.
4400	湾	わん	noun	bay; gulf; inlet	その船はメキシコ湾行きである。	The ship is bound for the Gulf of Mexico.
4401	発注	はっちゅう	noun	ordering (materials); placing an order; order	彼は職場に着いたあと、電話で発注した。	He placed the order over the phone after he got to his workplace.
4402	益	えき	noun	benefit; use; good	労なくして益なし。	No pain, no gain.
4403	祝い	いわい	noun	congratulation; congratulations; celebration	父は誕生日の祝いに時計をくれた。	My father gave me a watch for my birthday.
4404	秩序	ちつじょ	noun	order; discipline; regularity	警察は秩序を保ちます。	The police keep order.
4405	総額	そうがく	noun	total amount (of money); total sum; sum total	被害総額は１億円以上であった。	The gross amount of the loss was larger than 100 million yen.
4406	自立	じりつ	noun	independence; self-reliance	彼女は親から経済的に自立している。	She is economically independent of her parents.
4407	芝	しば	noun	lawn; sod; turf	公園の芝は青く美しい。	The grass in the park is green and beautiful.
4408	視覚	しかく	noun	(sense of) sight; eyesight; vision	それは奇妙な視覚効果を産み出した。	It produced strange visual effects.
4409	認可	にんか	noun	approval; license; licence	それは政府の認可が必要です。	That requires the sanction of the government.
4410	誘い	さそい	noun	invitation; introduction	私は彼の夕食の誘いを辞退した。	I declined his invitation to dinner.
4411	財団	ざいだん	noun	foundation (institution); syndicate; group	彼女はカリフォルニアのゴリラ財団研究所にいる。	She lives at the Gorilla Foundation in California.
4412	通用	つうよう	noun	(common) use (of a language, currency, etc.); current use; circulation	大学生として通用します。	He passes for a college student.
4413	進路	しんろ	noun	route; course; path	船は進路を変えた。	The ship changed its course.
4414	運行	うんこう	noun	operation (of a bus or train service); service; running	バスは２０分間隔で運行されている。	Buses are running at 20-minute intervals.
4415	銭	せん	noun	sen (hundredth of a yen)	安物買いの銭失い。	Buy cheap and waste your money.
4416	陸軍	りくぐん	noun	army	彼は３０年間陸軍にいた。	He was in the army for thirty years.
4417	隅	すみ	noun	corner; nook; recess	すみに座っている人は誰ですか。	Who is the man sitting in the corner?
4418	隙間	すきま	noun	gap; opening; aperture	雨が屋根の隙間からぽたぽた落ちていた。	The rain was dripping through a leak in the roof.
4419	靴下	くつした	noun	socks; sock; stockings	彼の靴下には穴があいている。	There is a hole in his sock.
4420	いちご	いちご	noun	strawberry (esp. the garden strawberry, Fragaria x ananassa)	イチゴはジャムに作られる。	Strawberries are made into jam.
4421	お詫び	おわび	noun	apology	先ほど不適切な発言がありました事を深くお詫び致します。	We're deeply sorry for the inappropriate remark earlier.
4422	くださる	くださる	verb	to give; to confer; to bestow	こんな風に覚えていて下さってありがとう。	You were thoughtful to remember me in this way.
4423	なんだかんだ	なんだかんだ	adverb	something or other; one thing or another; this or that	彼は、なんだかんだ言って支払いを延期した。	He delayed payment on some pretext or other.
4424	ほっと	ほっと	adverb	with a feeling of relief; with a sigh of relief	私の乗った飛行機が無事に着陸してほっとした。	I felt relieved when my plane landed safely.
4425	ものすごい	ものすごい	i-adjective	terrific; staggering; tremendous	ロケットはものすごいスピードで飛ぶ。	The rocket travels at a tremendous speed.
4426	よそ	よそ	noun	another place; somewhere else; strange parts	ここの人たちはよそから来た人をみな嫌う。	These people hate all foreigners.
4427	グローブ	グローブ	noun	glove (esp. in sports); mitt	野球をするにはバットとボールとグラブが必要だ。	You need a bat, a ball and gloves to play baseball.
4428	シュート	シュート	noun	shooting (a ball); shot (on basket, at goal, etc.)	なんてうまいシュートだろう。	What a good shot!
4429	パニック	パニック	noun	panic	何がなんだか分からない。頭がパニックに陥って整理がつかない。	I didn't know what was what. The inside of my head had gone to panic mode and I couldn't get things straight.
4430	プライド	プライド	noun	pride; dignity; self-worth	彼に助けを求めることは彼女のプライドが許さなかった。	She was too proud to ask him for help.
4431	取り組み	とりくみ	noun	effort; initiative; dealing with	社長が社員の主体的な取り組みを促した。	The president urged employees to act on their initiative.
4432	受け取る	うけとる	verb	to receive; to get; to accept	好意だけ受け取っておく。	Thanks, though. I appreciate it.
4433	吸う	すう	verb	to breathe in; to inhale; to smoke (a cigarette, etc.)	息を深く吸ったり吐いたりしてください。	Take a deep breath in and out, please.
4434	国外	こくがい	noun	outside the country; abroad	彼女は国外を旅行してきた。	She has traveled in foreign parts.
4435	国語	こくご	noun	national language	レッド先生が私に国語を教えてくれた。	Miss Red taught me Japanese.
4436	大雨	おおあめ	noun	heavy rain; torrential rainfall; downpour	大雨のため行けなかった。	A heavy rain prevented me from going.
4437	好む	このむ	verb	to like; to prefer	そうですね、私としては、あまり好みません。	Well, personally, I don't really care for it.
4438	媒体	ばいたい	noun	medium; media	不純な飲料水は病気の媒体となりうる。	Impure drinking water can be a carrier of diseases.
4439	孤立	こりつ	noun	isolation; being alone; being friendless	その村はひどい嵐によって孤立した。	The village was isolated by the heavy storm.
4440	弱点	じゃくてん	noun	weak point; weakness; shortcoming	彼は自分の弱点に気づいていなかった。	He was not conscious of his weak point.
4441	後退	こうたい	noun	retreat; falling back; moving backwards	社会情勢は前進というより後退している。	Social conditions are going backward rather than forward.
4442	心地	ここち	noun	feeling; sensation; mood	僕は生きた心地がしなかった。	I felt like I was dead.
4443	手当	てあて	noun	salary; pay; compensation	彼女は自分の手当について騒ぎ立てました。	She made a fuss about her benefits.
4444	施行	しこう	noun	putting in force (a law); putting into operation; putting into effect	その法律は即日施行された。	The law came into effect on the day it was proclaimed.
4445	昇進	しょうしん	noun	promotion; advancement; rising in rank	昇進を期待して一生懸命働いた。	I worked hard in expectation of promotion.
4446	有能	ゆうのう	na-adjective	able; capable; competent	このオフィスには有能な人がいっぱいいる。	The office is full of competent people.
4447	木曜日	もくようび	noun	Thursday	木曜日よりむしろ金曜日においでいただきたい。	I would rather you came on Friday than on Thursday.
4448	来月	らいげつ	noun	next month	来月タクシー料金があがります。	Taxi fares will go up next month.
4449	検定	けんてい	noun	official certification; official approval; inspection	日本語検定の二級に受かった。	I passed the second level of the Japanese language examination.
4450	欠点	けってん	noun	fault; defect; flaw	彼は素直に私の欠点を指摘した。	He frankly pointed out my faults.
4451	欠陥	けっかん	noun	defect; fault; flaw	彼の理論にはまったく欠陥が見当たらない。	I can't find any holes in his theory.
4452	次第に	しだいに	adverb	gradually; by degrees; little by little	彼の呼吸は次第に弱くなった。	His breathing became faint.
4453	水泳	すいえい	noun	swimming	若いころ彼女は水泳がうまかった。	She was a good swimmer in her young days.
4454	浮上	ふじょう	noun	surfacing; rising to the surface	アザラシは夜にいっそう頻繁に浮上してくるのだから、熊がアザラシを呼吸孔のところで捕まえる可能性は夕暮れ以降により高くなるのである。	The seals surface more frequently then, so a bear's chance of catching one at a breathing hole is greater after nightfall.
4455	為替	かわせ	noun	money order; draft	この為替を作るのに銀行の手数料が５０ドルかかった。	Arranging this money order cost $50 in bank fees and commissions.
4456	爽やか	さわやか	na-adjective	fresh; refreshing; invigorating	さわやかな秋となりました。	Cool fall is here.
4457	理念	りねん	noun	(Platonic) ideal (of how things ought to be, e.g. human rights); foundational principle; idea	戦後日本では民主主義の理念が普及した。	After the war, the idea of democracy spread throughout Japan.
4458	直感	ちょっかん	noun	intuition; instinct; hunch	彼は直感で彼女の嘘をついているとわかった。	By intuition he knew she was lying.
4459	短縮	たんしゅく	noun	shortening; contraction; reduction	日曜日は日曜と短縮する。	We abbreviate Sunday to Sun.
4460	祈る	いのる	verb	to pray; to say a prayer; to say grace	早くよくなられるように祈っています。	I hope you'll get well soon.
4461	神聖	しんせい	noun	holiness; sacredness; sanctity	神聖な儀式がその荘厳な寺院で執り行われた。	A sacred ritual took place in the magnificent temple.
4462	立候補	りっこうほ	noun	candidacy; standing as a candidate; bidding (to host an event, e.g. the Olympics)	彼は立候補した。	He stood for an election.
4463	経路	けいろ	noun	course; route; path	もっとも重要なことは、脳にはこれらの解剖学的組織を結合する全体的な再入経路が必要である。	Most important of all, the brain needs global reentry pathways connecting these anatomical structures.
4464	結合	けつごう	noun	combination; union; joining	これらの諸州は結合して１つの国になった。	These states were united into one nation.
4465	緑色	みどりいろ	noun	green; green color	その色は黄色から緑色へと次第に変わる。	The colors shade from yellow into green.
4466	衝動	しょうどう	noun	impulse; urge; impetus	彼女はある衝動にかられた。	She was borne away by an impulse.
4467	路上	ろじょう	noun	on the road; on the street; in the street	路上には雪のかたまりが残っている。	There are lumps of snow lying on the road.
4468	追う	おう	verb	to chase; to run after; to pursue	あの車を追ってくれ。	Follow that car.
4469	連勝	れんしょう	noun	consecutive victories; series of victories; winning streak	彼らは連勝記録が途切れてから１０連敗している。	They have lost 10 games in a row since their winning streak ended.
4470	隔離	かくり	noun	isolation; segregation; separation	私は人種隔離に反対だ。	I don't agree with segregation of people by race.
4471	隙	すき	noun	gap; opening; room	逃げるすきはなかった。	I had no chance to escape.
4472	高める	たかめる	verb	to raise; to lift; to boost	よい庭がついていれば家の価値を高めるでしょう。	If you have a good garden, it will enhance the value of your house.
4473	えらい	えらい	i-adjective	great; excellent; admirable	昔１人の偉い王様が住んでいた。	Once there lived a great king.
4474	すると	すると	conjunction	(and) then; and; thereupon	とても楽しく過ごしていた、するとそのとき悲しい知らせが届いた。	I was having a very good time, when the sad news came.
4475	とっくに	とっくに	adverb	long ago; a long time ago; already	とっくに彼はそれに気づいていた。	Already he was aware of it.
4476	アプローチ	アプローチ	noun	approach (to a problem, issue, etc.)	この分析には以下のアプローチがとられた。	The approach employed in this analysis was as follows.
4477	ガム	ガム	noun	chewing gum	靴の底にガムが付いてしまった。	Gum got stuck to the bottom of my shoe.
4478	キャンパス	キャンパス	noun	campus	キャンパスを案内してもらえますか。	Could you show me the campus?
4479	クレジットカード	クレジットカード	noun	credit card	クレジットカードをみせていただけるか。	Your credit card, please.
4480	ダンサー	ダンサー	noun	dancer	彼女はバレエダンサーとして生計を立てている。	She earns her living as a ballet dancer.
4481	テレビ局	テレビきょく	noun	television station	あのテレビ局は映画だけを放送しているんだ。	That TV station only broadcasts movies.
4482	ヤード	ヤード	noun	yard (unit of distance)	その川は幅が５０ヤードある。	The river is fifty yards across.
4483	リットル	リットル	noun	litre; liter	この瓶には２リットルのお湯が入る。	This jar can hold two liters of hot water.
4484	一目	ひとめ	noun	glance; look; glimpse	彼女は母を一目見たくてたまらなかった。	She hungered for a sight of her mother.
4485	人体	じんたい	noun	human body	人体は無数の細胞からなっている。	A human body consists of a countless number of cells.
4486	停電	ていでん	noun	power outage; power failure; power cut	今朝から停電している。	The power has been cut off since this morning.
4487	先端	せんたん	noun	pointed end; tip; point	彼女は先端を行っています。	She is on the cutting edge.
4488	公衆	こうしゅう	noun	the public; general public	私は公衆の面前で演説するのに慣れてない。	I am not accustomed to making speeches in public.
4489	冷却	れいきゃく	noun	cooling; refrigeration	傷むのを防ぐために、遠海で捕獲した魚は直ちに冷却される。	To avoid spoiling, fish caught far out at sea are immediately cooled or even frozen.
4490	出かける	でかける	verb	to go out (e.g. on an excursion or outing); to leave; to depart	明日でかける準備ができています。	Can you be ready to leave tomorrow?
4491	包囲	ほうい	noun	siege; encirclement; envelopment	犬たちが鹿の周りを包囲していた。	The dogs were closing in on the deer.
4492	北京	ペキン	noun	Beijing (China); Peking	深刻な伝染病が北京で発生した。	A serious epidemic has broken out in Beijing.
4493	叔父	おじ	noun	uncle	彼の叔父は金持ちらしかった。	His uncle appeared rich.
4494	圧縮	あっしゅく	noun	compression	圧縮したファイルを添付で送ってください。	Send it to me as a compressed file.
4495	外す	はずす	verb	to remove; to take off; to detach	それをリストから外してください。	Leave it off the list.
4496	太鼓	たいこ	noun	drum	彼らは太鼓をずっとたたき続けた。	They had been thumping the drum all along.
4497	定める	さだめる	verb	to decide; to determine	青い色は喜びの源として神によって永久に定められている。	God appointed blue to be an everlasting source of delight.
4498	定時	ていじ	noun	fixed time; regular time; scheduled time	嵐のため彼女は定時に到着できなかった。	The storm prevented her from arriving on time.
4499	建造	けんぞう	noun	building; construction	その新しい橋は建造中だ。	The new bridge is under construction.
4500	弁護	べんご	noun	defense; defence; pleading	彼女は常に自分の信念を弁護している。	She always stands up for her convictions.
4501	征服	せいふく	noun	conquest; subjugation	彼らは征服によって、領土を拡張した。	They extended their territory by conquest.
4502	従事	じゅうじ	noun	engaging in (work); pursuing (e.g. studies); following (a profession)	彼は生物研究所に１０年近く従事している。	He has been engaged in the study of biology for nearly ten years.
4503	愚か	おろか	na-adjective	foolish; stupid; silly	彼女の怒りは彼の愚かな行動によって引き起こされた。	Her anger was aroused by his silly actions.
4504	投与	とうよ	noun	administration (of medicine); giving medication	投与する量を減らすことが副作用の危機を減少させるとは考えにくい。	It cannot reasonably be assumed that decreasing the dose would reduce the risk of side-effects.
4505	拷問	ごうもん	noun	torture	拷問にかけられて彼は犯していない罪を認めた。	The torture made him confess to crimes he had not committed.
4506	放射能	ほうしゃのう	noun	radioactivity	放射能が原子力発電所から漏れた。	The radioactivity leaked out of the nuclear power plant.
4507	放映	ほうえい	noun	televising; broadcasting; airing	大統領は来年放映することになっている。	The President will be broadcasting next year.
4508	日焼け	ひやけ	noun	sunburn; suntan; tan	日焼けし過ぎました。	I have a bad sunburn.
4509	未成年	みせいねん	noun	minority (i.e. being under age); minor; underage person	彼はまだ未成年でしかない。	He is hardly more than a lad.
4510	東洋	とうよう	noun	the East; the Orient; (East) Asia	彼は東洋の神秘に興味を持っていた。	He was interested in the mysteries of the Orient.
4511	沼	ぬま	noun	marsh; swamp; wetland	ここに小さな沼があります。	There is a small pond here.
4512	浮かぶ	うかぶ	verb	to float; to be suspended	ちょうどその時、うまい考えが浮かんだ。	Just then, a bright idea occurred to me.
4513	満たす	みたす	verb	to satisfy (conditions, one's appetite, etc.); to meet (e.g. demands); to fulfill	彼の人生は完全に満たされた。	His life is perfectly fulfilled.
4514	火事	かじ	noun	fire; conflagration	ゆうべこの町で火事があった。	There was a fire in this city last night.
4515	由	よし	noun	reason; significance; cause	テーブルの縁にグラスを置かないで下さい。	Don't put the glass near the edge of the table.
4516	直径	ちょっけい	noun	diameter	その池は直径１００メートルある。	The pond is 100 meters in diameter.
4517	破綻	はたん	noun	failure; collapse; breakdown	彼らの結婚生活は去年破たんした。	Their marriage broke up last year.
4518	細菌	さいきん	noun	bacterium; bacteria; germ	細菌が病気を引き起こすことがある。	Germs can cause sickness.
4519	繁殖	はんしょく	noun	breeding; propagation; reproduction	ネズミはどんどん繁殖する。	Rats breed rapidly.
4520	習得	しゅうとく	noun	learning; acquisition (of a skill, knowledge, etc.)	彼女はフランス語を習得した。	She acquired a knowledge of French.
4521	良き	よき	noun	goodness	古きよき時代は去り、二度と戻らない。	The good old days have gone, never to return.
4522	芋	いも	noun	tuber; taro; potato	いもを食べるとおならがでる。	Potatoes give me wind.
4523	視野	しや	noun	field of vision; view	彼らはついに視野から消えた。	They went out of sight at last.
4524	触る	さわる	verb	to touch; to feel; to handle	触らずそのままにしておきなさい。	Don't touch it. Leave it as it is.
4525	諦める	あきらめる	verb	to give up; to abandon (hope, plans); to resign oneself (to)	たとえどんなことがあってもあきらめません。	No matter what happens, I won't give up.
4526	近づく	ちかづく	verb	to approach; to draw near; to get close	あの池には近づかないでください。	Keep away from that pond, please.
4527	迫る	せまる	verb	to approach; to draw near; to be imminent	試験がすぐ間近にせまっている。	The examination is close at hand.
4528	退治	たいじ	noun	extermination; elimination; eradication	しかも初陣があのドラゴン退治！	What's more, our first battle is to defeat that dragon!
4529	進展	しんてん	noun	progress; development	交渉はほとんど進展しなかった。	The negotiations made little progress.
4530	野外	やがい	noun	outdoors; outside; open air	夏には、私たちは野外スポーツを楽しみます。	In summer, we enjoy outdoor sports.
4531	金利	きんり	noun	interest rate; interest	ローンの金利は現在高い。	Interest on loans is high at present.
4532	開店	かいてん	noun	opening a new shop	その新しいスーパーは先月開店した。	The new supermarket was opened last month.
4533	あっさり	あっさり	adverb	easily; readily; quickly	彼女はあっさりと答えた。	She answered easily.
4534	くだらない	くだらない	i-adjective	trivial; trifling; insignificant	彼の意見はくだらない。	His opinion is for the birds.
4535	ふさわしい	ふさわしい	i-adjective	appropriate; adequate; suitable	彼女の笑いはその晩にはふさわしくなかった。	Her laughter was not becoming that evening.
4536	カプセル	カプセル	noun	capsule	このカプセルは食後３０分以内に飲んでください。	Take this capsule within thirty minutes of each meal.
4537	カメラマン	カメラマン	noun	photographer	彼は大学卒業後カメラマンになった。	He became a cameraman after he graduated from college.
4538	シチュエーション	シチュエーション	noun	situation	男子学生同士が相合傘か、なかなかオツなシチュエーションだな。	Two male school pupils sharing an umbrella? That's quite a queer situation.
4539	スピーカー	スピーカー	noun	speaker	彼女はいわば歩くスピーカーだ。	She is, as it were, a walking speaker.
4540	セクハラ	セクハラ	noun	sexual harassment	同性をセクハラで訴えることできないのかしら。	I wonder if you can sue someone of the same sex for sexual harassment?
4541	ネックレス	ネックレス	noun	necklace	そのネックレスが１００ドルとは安い。	The necklace is cheap at a hundred dollars.
4542	パンダ	パンダ	noun	panda	パンダは中国にしかいません。	Giant pandas live only in China.
4543	ベルギー	ベルギー	noun	Belgium	ベルギーの首都を知っていますか。	Do you know the capital of Belgium?
4544	モザイク	モザイク	noun	mosaic	局部には必ずモザイクをかけて下さい。	Please ensure the genitals are obscured by a mosaic effect.
4545	レーダー	レーダー	noun	radar	その船はレーダーを備え付けていない。	The ship is not equipped with radar.
4546	付き合う	つきあう	verb	to associate with; to keep company with; to go out with	人は付き合っている人によって変わる。	You will be known by the company you keep.
4547	出血	しゅっけつ	noun	bleeding; haemorrhage; hemorrhage	ときどき不正出血があります。	I sometimes have abnormal vaginal bleeding.
4548	別人	べつじん	noun	different person; another person; someone else	以前とは別人のようになりました。	I look very different.
4549	利点	りてん	noun	advantage; point in favor; point in favour	彼女は美貌という利点を持っている。	She has beauty as a point in her favour.
4550	助言	じょげん	noun	advice; counsel; suggestion	君の助言はいつも私の役に立つ。	Your advice is always helpful to me.
4551	原爆	げんばく	noun	atomic bomb; A-bomb	原爆は広島全体を破壊した。	The atomic bomb destroyed the entire city of Hiroshima.
4552	反論	はんろん	noun	objection; refutation; rebuttal	彼は提案に対するいかなる反論もただ排除した。	He just brushed aside any objections to the proposal.
4553	叫ぶ	さけぶ	verb	to shout; to cry (out); to scream	我々はみな同時に叫んでいた。	We were all shouting at the same time.
4554	名刺	めいし	noun	business card	これが私の名刺です。	Here's my card.
4555	吐く	はく	verb	to vomit; to throw up; to spit up	息を深く吸ったり吐いたりしてください。	Take a deep breath in and out, please.
4556	呼び出し	よびだし	noun	call; summons; paging	呼び出しをお願いします。	I'd like to page someone.
4557	堪能	たんのう	na-adjective	proficient; skilled; skillful	彼女はスペイン語、イタリア語共に堪能だ。	She is proficient in both Spanish and Italian.
4558	塗る	ぬる	verb	to paint; to spread; to plaster	ドアを白く塗ってください。	Please paint the door white.
4559	外観	がいかん	noun	outward appearance; exterior appearance; outward show	問題は、その本質よりもむしろ外観である。	The question is not so much what it is as how it looks.
4560	大嫌い	だいきらい	na-adjective	hating; strongly disliking	カラオケが大嫌い。	I hate karaoke.
4561	屋上	おくじょう	noun	rooftop	青空を見たくなったら、屋上に行きます。	I go up to the rooftop when I want to see the blue sky.
4562	平等	びょうどう	noun	equality; impartiality; evenness	人は皆平等に創られている。	All men are created equal.
4563	強度	きょうど	noun	strength; intensity	その板は重さに堪えるに十分な強度がある。	The board is strong enough to bear the weight.
4564	恨み	うらみ	noun	resentment; grudge; malice	怨みは怨みによって果たされず。	Hatred is never appeased by hatred in this world.
4565	持てる	もてる	verb	to be able to possess (hold, get, etc.)	彼はもてる物すべてを失った。	He lost his all.
4566	指す	さす	verb	to point	彼女の時計は午前３時を指していた。	Her watch read three o'clock in the morning.
4567	指令	しれい	noun	order; directive; instructions	消防隊は指令を受けてから５分以内で現場に来ていた。	The fire brigade was on the scene within five minutes of receiving the call.
4568	捕獲	ほかく	noun	capture; seizure	傷むのを防ぐために、遠海で捕獲した魚は直ちに冷却される。	To avoid spoiling, fish caught far out at sea are immediately cooled or even frozen.
4569	教養	きょうよう	noun	(understanding or appreciation of) culture; (one's) education; cultivation	成り上がり者は教養人として通用しようとした。	The upstart tried to pass for a man of culture.
4570	日光	にっこう	noun	sunlight; sunshine; sunbeams	日光からエネルギーを得る事ができる。	You can get energy from the sunshine.
4571	望み	のぞみ	noun	wish; desire; hope	彼が成功する望みはまったくありません。	There isn't any hope of his success.
4572	柔道	じゅうどう	noun	judo	柔道を練習しています。	I'm practising judo.
4573	洗う	あらう	verb	to wash; to cleanse; to rinse	彼は、彼のシャツを洗ってもらいたかった。	He wanted to get his shirts washed.
4574	溝	みぞ	noun	ditch; drain; gutter	彼はジャンプして溝を越えた。	He jumped over a ditch.
4575	無茶	むちゃ	na-adjective	absurd; unreasonable; ridiculous	無茶しなければよかった。	I shouldn't have overdone it.
4576	焦点	しょうてん	noun	focus; focal point	彼女の顔に焦点があっている。	Her face is in focus.
4577	焼く	やく	verb	to burn	そうですね、パンを焼いたりします。	Well, I bake bread.
4578	直ちに	ただちに	adverb	at once; immediately; right away	ただちに大阪に行ってもらいたい。	I want you to go to Osaka at once.
4579	知性	ちせい	noun	intelligence	ときどき君の知性を疑ってしまうよ。	Sometimes I doubt your intelligence.
4580	短期間	たんきかん	noun	short term; short time	短期間で英語を習得することはできない。	You can not master English in a short time.
4581	給食	きゅうしょく	noun	provision of lunch (e.g. at office, school, etc.); providing a meal; lunch service	彼は給食を食べに行くという趣旨のメモを残した。	He left a note to the effect that he was going out for lunch.
4582	肝臓	かんぞう	noun	liver	脳は肝臓や肺とは違っていた。	The brain was not like the liver or the lungs.
4583	肯定	こうてい	noun	affirmation	このような形を二重否定といいますが、結果として肯定を表すこととなります。	This sort of structure is called a double negative, but in effect it shows affirmation.
4584	落選	らくせん	noun	failing to be elected; election defeat; losing an election	彼は私たちの予想に反して落選した。	He failed to get elected contrary to our expectation.
4585	血管	けっかん	noun	blood vessel; vein	血は血管の中を流れる。	Blood runs in the veins.
4586	補償	ほしょう	noun	compensation; reparation	保険会社は彼女の損失を補償するだろう。	The insurance company will compensate her for the loss.
4587	議席	ぎせき	noun	parliamentary seat	与党は５時現在で５０議席確保している。	The ruling party has secured 50 seats as of 5 o'clock.
4588	負荷	ふか	noun	burdening; bearing; shouldering	言うまでもなく、サーバの負荷が増大してしまうのです。	Obviously, the server load will increase as a result.
4589	達人	たつじん	noun	master; expert	彼女はタイプの達人だ。	She is an expert typist.
4590	部署	ぶしょ	noun	one's post; one's station; department	彼女はうちの部署に来た久々の大型新人です。	This is the first time in a while that someone we had such high hopes for came to our department.
4591	間隔	かんかく	noun	space; interval	その木は３０メートル間隔で植えられている。	The trees are planted at intervals of thirty meters.
4592	おし	おし	noun	push; pushing	押しボタンを押して下さい。	Push the button, please.
4593	くじ	くじ	noun	lottery; lot; raffle	くじは私に当たった。	I hit the jackpot.
4594	みかん	みかん	noun	mandarin (esp. the satsuma mandarin (Citrus unshiu)); mandarin orange; tangerine	彼らはリンゴ、みかん、卵などを売っている。	They sell apples, oranges, eggs, and so on.
4595	アプリケーション	アプリケーション	noun	application; application software	下記のｑｕｉｔコマンドを使うとアプリケーションを終了させることが出来ます。	If you use the quit command noted below, you can make the application exit.
4596	オペラ	オペラ	noun	opera	オペラは７時に始まります。	The opera starts at seven.
4597	ギャンブル	ギャンブル	noun	gambling	彼の破産をもたらしたものは、ギャンブルだ。	It was gambling that brought about his ruin.
4598	サンフランシスコ	サンフランシスコ	noun	San Francisco	サンフランシスコまで行ってください。	To San Francisco, please.
4599	セミナー	セミナー	noun	seminar	あなたがこのセミナーに参加してくださること願っています。	We hope that you will be able to join us at this seminar.
4600	デザート	デザート	noun	dessert	デザートにはケーキをいただきたい。	I'd like to have cake for dessert.
4601	不十分	ふじゅうぶん	na-adjective	insufficient; inadequate; imperfect	読書には不十分な明かりである。	There is insufficient light for reading.
4602	作動	さどう	noun	operation; functioning; running	その機械は安全に作動している。	The machine is safely in operation.
4603	倒産	とうさん	noun	(corporate) bankruptcy; insolvency; commercial failure	新聞によるとＸＹＺオイルは今日倒産したらしい。	The newspaper said that XYZ oil company went belly-up today.
4604	先祖	せんぞ	noun	ancestor; forefather; foremother	彼の先祖はアイルランドからそこに行った。	His ancestors went there from Ireland.
4605	出資	しゅっし	noun	investment; contribution; financing	私達は５０％以上の出資をしている。	We have a majority interest in the company.
4606	原料	げんりょう	noun	raw materials; ingredient	これはマレーシアから輸入した原料です。	This is a crude material imported from Malaysia.
4607	大尉	たいい	noun	captain (Army, US Marine Corps, USAF); lieutenant (Navy); flight lieutenant (RAF, RAAF, RNZAF, etc.)	その大尉はうまく部隊を指揮している。	That captain handles his troops well.
4608	大気	たいき	noun	atmosphere; air	大気の質は過去数年において悪化した。	Air quality has deteriorated these past few years.
4609	大物	おおもの	noun	important person; influential figure; big shot	彼はＦＢＩの大物だ。	He is something in the FBI.
4610	始動	しどう	noun	starting (a machine, engine, etc.)	エンジンを始動させた。	I got the engine going.
4611	安価	あんか	na-adjective	low-priced; cheap; inexpensive	安価な簡易住宅を提供します。	We offer low-cost prefabricated houses.
4612	密か	ひそか	na-adjective	secret; private; surreptitious	彼は密かに遊びたいと思っている。	He has a secret desire to play.
4613	小川	おがわ	noun	stream; brook; creek	馬に乗ってこの小川を飛び越えてみよう。	I'll try to jump over this stream on a horse.
4614	居場所	いばしょ	noun	whereabouts; place; location	彼の居場所が分かっていればなあ。	I wish I knew where he was!
4615	市販	しはん	noun	putting on the market; putting on sale; making commercially available	新型は来年はじめ市販される見込みです。	The new model is expected to be put on the market early next year.
4616	役目	やくめ	noun	duty; role; function	彼はこの役目を大きなチャンスと考えていた。	He looked on this role as his big chance.
4617	復元	ふくげん	noun	restoration (to the original state or location); reconstruction; restitution	その建築家はその建物を復元してはどうかと提案した。	The architect suggested that the building be restored.
4618	応答	おうとう	noun	reply; answer; response	私は応答を待ったが、誰も出なかった。	I waited for the answer but nobody answered.
4619	急激	きゅうげき	na-adjective	sudden; abrupt; rapid	その会社は急激な変化に対処できなかった。	The company couldn't cope with sudden changes.
4620	愛人	あいじん	noun	lover; mistress	彼は、貴方の愛人です。	He is your lover.
4621	手帳	てちょう	noun	notebook; memo pad; (pocket) diary	老人は私の手帳を見て、微笑みかけました。	The old man saw my notebook and smiled at me.
4622	控えめ	ひかえめ	na-adjective	moderate; reserved; modest	その講演者は態度が控え目であった。	The speaker was restrained in his attitude.
4623	昼寝	ひるね	noun	(afternoon) nap; sleeping during the day; siesta	私の母は、毎日午後昼寝をします。	My mother takes a nap every afternoon.
4624	時には	ときには	expression	at times; occasionally	彼もときには厳しくなる。	He gets tough at times.
4625	景気	けいき	noun	business conditions; the market; economic activity	景気がよくなってきています。	Business is improving.
4626	柔軟	じゅうなん	na-adjective	flexible; lithe; soft	もっと柔軟な態度をとりなさい。	Be more flexible.
4627	模型	もけい	noun	model; dummy; maquette	僕は模型自動車をたくさん持っている。	I have many model cars.
4628	残酷	ざんこく	na-adjective	cruel; brutal; ruthless	民衆は残酷な暴君によって虐げられていた。	The people suffered under the cruel tyrant.
4629	気圧	きあつ	noun	atmospheric pressure; air pressure	ただし押し込む瞬間気圧の変化のせいでしょうか、耳がツンとするのが難点です。	However, maybe from the sudden change in pressure when you push them in, having your ears pop is a problem.
4630	気象	きしょう	noun	weather (conditions)	機長は気象訓示を受ける為に気象室へ行く。	The captain will go to the meteorological office to get a weather briefing.
4631	無理やり	むりやり	adverb	forcibly; by force; against one's will	彼は無理やりそれをやらされた。	He was made to do it against his will.
4632	生地	きじ	noun	cloth; fabric; material	この生地で洋服を作ってください。	I want a suit made of this material.
4633	申告	しんこく	noun	report; return (e.g. tax); statement	申告するものはありません。	I have nothing to declare.
4634	疑う	うたがう	verb	to doubt; to distrust; to be suspicious of	君はいつも私の言う事を疑っている。	You are always doubting my word.
4635	疲れる	つかれる	verb	to get tired; to tire; to get fatigued	とても疲れていてこれ以上歩けない。	I'm so tired that I can't walk any longer.
4636	眠る	ねむる	verb	to sleep	テレビを見ていて眠ってしまった。	Watching TV, I fell asleep.
4637	空中	くうちゅう	noun	(in) the air; midair; sky	ボールは空中高く跳ね上がった。	The ball bounced high in the air.
4638	紛争	ふんそう	noun	dispute; conflict; trouble	彼らはその紛争を終わらせた。	They brought the trouble to an end.
4639	肺	はい	noun	lung	脳は肝臓や肺とは違っていた。	The brain was not like the liver or the lungs.
4640	諸島	しょとう	noun	archipelago; group of islands	さらにインド洋のモルジブ諸島の中には、完全に水没する島も出ることが予想される。	And in the Indian Ocean, some islands of the Maldives will disappear completely beneath the water.
4641	豪雨	ごうう	noun	torrential rain; heavy rain; cloudburst	豪雨は雷を伴った。	The heavy rain was accompanied with thunder.
4642	貝	かい	noun	shellfish	貝は好きではない。	I don't like shellfish.
4643	通訳	つうやく	noun	interpretation (i.e. oral translation)	彼女は通訳として働くことを強く望んでいる。	She has a strong wish to work as an interpreter.
4644	郊外	こうがい	noun	suburb; residential area on the outskirt of a city; commuter belt	暴力犯罪は郊外にも広がった。	Violent crime spread into the suburbs.
4645	都心	としん	noun	city centre (esp. of Tokyo); heart of a city; downtown area	都心では高層ビルが雨後のたけのこのように増えている。	High rises are mushrooming in the heart of the city.
4646	難い	かたい	i-adjective	difficult; hard	ペットのいない生活なんて考えにくい。	It's hard to imagine a life without pets.
4647	革	かわ	noun	leather	このバッグは革でできています。	This bag is made of leather.
4648	麦	むぎ	noun	wheat; barley; oat (oats)	家中が力を合わせて麦の刈入れをしました。	The whole family helped harvest the wheat.
4649	いらっしゃる	いらっしゃる	verb	to come; to go; to be (somewhere)	すべて順調にいっていらっしゃることでしょう。	You must be doing wonderfully in everything.
4650	すっきり	すっきり	adverb	refreshingly; with a feeling of relief; pleasantly	それからすっきりきれいにしてくれ。	Then clean it really well.
4651	すり	すり	noun	pickpocket	スリにあってしまいました。	My pocket was picked.
4652	ふるさと	ふるさと	noun	hometown; birthplace; native place	彼は故郷を去って２度と戻らなかった。	He left home never to return.
4653	わら	わら	noun	straw	あのわらは火が付きやすい。	That straw catches fire easily.
4654	アタック	アタック	noun	attack	彼女はいつも何か新しいことにアタックしている。	She always tries something new.
4655	カラス	カラス	noun	crow (Corvus spp.); raven	最近、あらゆる所でカラスを見かける。	Lately, we see crows everywhere.
4656	キーワード	キーワード	noun	key word; key phrase; clue	キーワードに合致する文章やファイルから、さらに進んだ分析をして、隠れている真実を発見することがナレッジです。	To apply further analysis to documents and files matching the keywords and find the hidden truth is "knowledge".
4657	テント	テント	noun	tent	テントを組み立てるのに３０分かかった。	It took us half an hour to set up the tent.
4658	ブーツ	ブーツ	noun	boots; boot	彼女のブーツは私のものよりずっと早くだめになる。	Her boots wear out much more quickly than mine.
4659	ポテト	ポテト	noun	potato	ステーキにポテトをつけてください。	I would like a steak with a baked potato.
4660	マレーシア	マレーシア	noun	Malaysia	マレーシアは１９５７年に誕生した。	Malaysia came into existence in 1957.
4661	一人暮らし	ひとりぐらし	noun	living by oneself; living alone	一人暮らしをはじめた。	I began living by myself.
4662	一周	いっしゅう	noun	one round; one circuit; one revolution	このバスに乗れば市内一周が出来ます。	This bus will take you around the city.
4663	上回る	うわまわる	verb	to exceed (esp. figures: profits, unemployment rate, etc.); to surpass; to be more than	最近、この製品に対する需要が供給を上まわっている。	Recently the demand for this product has increased faster than the supply.
4664	上院	じょういん	noun	upper house; upper legislative chamber; senate	英国と違って米国の上院は選挙で選ばれる。	Unlike Great Britain, the Upper House in the United States is an elected body.
4665	信念	しんねん	noun	belief; faith; conviction	疑惑を持たない信念は死んだ信念である。	Faith which does not doubt is dead faith.
4666	個々	ここ	noun	individual; one by one; separate	個々の戦闘にはみな勝っても戦争に負けることがある。	You can win all the battles yet lose the war.
4667	優位	ゆうい	noun	predominance; superiority; ascendancy	広告に関してはコークの方が優位にたっている。	When it comes to advertising, Coke is ahead of the game.
4668	克服	こくふく	noun	conquest (of a difficulty, illness, crisis, etc.); overcoming; surmounting	その困難を克服しなければならない。	You must overcome the difficulties.
4669	出入り	でいり	noun	going in and out; entering and exiting	彼はアメリカ大使館に出入りしている。	He has access to the American Embassy.
4670	占領	せんりょう	noun	occupying; having (an area) all to oneself	その市はやがて兵隊によって占領された。	The city was soon occupied by the soldiers.
4671	取り戻す	とりもどす	verb	to take back; to get back; to regain	彼はどうやらやっと仕事の遅れを取りもどした。	He had enough to do to catch up on his work.
4672	名物	めいぶつ	noun	famous product; special product; speciality	この店の名物料理はありますか。	What's your speciality?
4673	埋葬	まいそう	noun	burial	Ｊ．Ｆ．ケネディはアーリントン墓地に埋葬された。	J.F. Kennedy was buried in Arlington Cemetery.
4674	報復	ほうふく	noun	retaliation; revenge; reprisal	彼の報復は鼻への強烈なパンチだった。	His answer was a hard punch on the nose.
4675	増大	ぞうだい	noun	enlargement; increase	１９世紀には移民の数が急激に増大した。	In the 19th century, the number of immigrants swelled rapidly.
4676	好物	こうぶつ	noun	favourite dish (favorite); favourite food	それは、わたしの好物です。	It's my favorite food.
4677	学問	がくもん	noun	study; scholarship; learning	たとえ学問はあっても、彼は尊敬できない。	Even though he is learned, I can't respect him.
4678	密着	みっちゃく	noun	close adhesion; sticking firmly (to); being glued (to)	その問題は我々の日常生活に密着している。	The problem closely relates to our everyday life.
4679	当てる	あてる	verb	to hit	ジョン、君にあてよう。	I'll call on you, John.
4680	待遇	たいぐう	noun	treatment; reception; service	彼らは彼女を待遇してきた。	They have treated her well.
4681	悔しい	くやしい	i-adjective	frustrated (over a failure, humiliation or injustice); annoyed; chagrined	決勝戦で負けるほど悔しいものはない。	Nothing is more disappointing than to lose in the finals.
4682	情	じょう	noun	feelings; emotion; sentiment	彼女は情に流されやすい。	She is easily moved to emotion.
4683	打撃	だげき	noun	blow; shock; strike	それは我々にとって大打撃であった。	It was a blow to us.
4684	抽出	ちゅうしゅつ	noun	extraction; abstraction	樹皮からエキスを抽出する。	Extract an essence from the bark of a tree.
4685	担任	たんにん	noun	being in charge of (esp. a class or subject); taking charge of	彼女は担任のクラスをよく把握している。	She has good control over her class.
4686	散々	さんざん	na-adjective	thoroughly; completely; utterly	彼女は、遅刻してさんざん油を絞られた。	She caught it for coming late.
4687	有害	ゆうがい	na-adjective	harmful; hazardous	喫煙が有害だという事実は否定できない。	There is no denying the fact that smoking is harmful.
4688	歯医者	はいしゃ	noun	dentist	歯医者に行かなければなりません。	I've got to see a dentist.
4689	水平	すいへい	na-adjective	horizontal; level; even	この実験においては、粒子Ｍを水平方向に加速してやることが非常に重要である。	It is of great significance in this experiment to accelerate the particle M in the horizontal direction.
4690	沈黙	ちんもく	noun	silence; being silent; quiet	少しばかり沈黙が続いた後、主婦は言った。	There was a short pause and the housewife said...
4691	法廷	ほうてい	noun	court (of law); courtroom	法廷は彼のその殺人容疑について無罪とした。	The court acquitted him of the charge of murder.
4692	温暖	おんだん	na-adjective	warm; mild; temperate	私は地球の温暖化傾向を心配している。	I'm worried about the global warming trend.
4693	潰す	つぶす	verb	to smash; to crush; to flatten	二つの政党は提携してその法案をつぶした。	The two parties allied to defeat the bill.
4694	真夏	まなつ	noun	middle of summer; height of summer; midsummer	真夏に働くというのはあまり気分がよくないね。	I'm not charmed about working in mid summer.
4695	稽古	けいこ	noun	practice; practising; training	彼女は稽古を休んだ。	She absented herself from the lesson.
4696	粒子	りゅうし	noun	particle; grain	この実験においては、粒子Ｍを水平方向に加速してやることが非常に重要である。	It is of great significance in this experiment to accelerate the particle M in the horizontal direction.
4697	納豆	なっとう	noun	natto (fermented soybeans)	納豆はねばねばしている。	Natto is sticky.
4698	結ぶ	むすぶ	verb	to tie; to bind; to link	このネクタイはきちんと結べない。	This tie does not tie well.
4699	褒美	ほうび	noun	reward; prize	彼女は彼を責めるどころか、彼に褒美をあげた。	Far from blaming him, she gave him a reward.
4700	評論	ひょうろん	noun	criticism; critique; review	彼の評論は高く評価された。	His criticisms were highly esteemed.
4701	論争	ろんそう	noun	dispute; controversy; debate	その問題はいろいろな論争を呼んだ。	The question excited much controversy.
4702	識別	しきべつ	noun	distinction; discrimination; discernment	色や形が識別できる。	He identifies colors and shapes.
4703	錠	じょう	noun	lock; padlock	毎日１錠を、薬がなくなるまで飲んで下さい。	Take one tablet a day until all of the medicine is gone.
4704	青空	あおぞら	noun	blue sky	青空を見たくなったら、屋上に行きます。	I go up to the rooftop when I want to see the blue sky.
4705	領土	りょうど	noun	territory; domain; dominion	彼らは征服によって、領土を拡張した。	They extended their territory by conquest.
4706	風味	ふうみ	noun	taste; flavor; flavour	レモンには独特の風味がある。	The lemon has a flavor all of its own.
4707	飛ばす	とばす	verb	to let fly; to make fly; to send flying	ジェーンは答えられない質問を飛ばした。	Jane skipped the questions she couldn't answer.
4708	麻酔	ますい	noun	anaesthesia; anesthesia	麻酔の注射をします。	I'll give you anaesthesia.
4709	あっという間に	あっというまに	expression	in an instant; in a flash; in the blink of an eye	あっという間に逃げてしまった。	He disappeared in an instant.
4710	おかず	おかず	noun	small dish (usu. one of several accompanying rice); side dish	今晩のおかずはもう決めてあります。	I've decided what to cook for dinner.
4711	したがって	したがって	conjunction	therefore; consequently; accordingly	私の設計にしたがって、作ってもらいました。	I had it made after my own plan.
4712	つり	つり	noun	fishing; angling	毎週釣りに行く。	Every week he goes fishing.
4713	アナウンス	アナウンス	noun	announcement (esp. over public-address system)	夕食が終わると、映画のアナウンスがあります。	After dinner, a movie announcement is made.
4714	カオス	カオス	noun	chaos	私がいなかったら、この事務所は３日でカオスですよ。	If I wasn't here, this office would be in chaos in three days.
4715	コンクリート	コンクリート	noun	concrete	彼はコンクリートも発明したと言われている。	It is said that he also invented concrete.
4716	コンサルタント	コンサルタント	noun	consultant	どのコンサルタントを使うかと言う議論が何時間も続いた。	The debate over which consultant to use went on for hours.
4717	コンパクト	コンパクト	na-adjective	compact	コンパクト型にはおしゃれなデザインが多いですね。	There are many smart designs among the compact models, aren't there?
4718	ストライク	ストライク	noun	strike (e.g. in baseball, bowling)	ここから見ると、私にはストライクに見えましたよ。	It looked like a strike to me from here.
4719	ディナー	ディナー	noun	dinner	母はまだディナーを料理していません。	Mother has not cooked dinner yet.
4720	バレエ	バレエ	noun	ballet	彼女はバレエダンサーとして生計を立てている。	She earns her living as a ballet dancer.
4721	パンク	パンク	noun	puncture; flat tyre (tire); blowout	パンクしている。	I have a flat tire.
4722	ホイール	ホイール	noun	wheel (esp. of a vehicle)	彼の車にはホイールがありません。	His car has no wheels.
4723	メンタル	メンタル	na-adjective	mental	明日から強化合宿に入るんですが、強化するのは体力面ではなく、メンタルの部分です。	I'm going to a training camp tomorrow. However it's not the physical side that I'll be training, but the mental.
4724	ラグビー	ラグビー	noun	rugby	サッカーをしますか、それともラグビー？	Do you play soccer or rugby?
4725	下部	かぶ	noun	lower part; substructure	脚注とはページの下部の注をいう。	Footnotes are notes at the foot of a page.
4726	人民	じんみん	noun	the people; citizens; the populace	彼は人民にとって神様でした。	He was a god to his people.
4727	創設	そうせつ	noun	establishment; founding; organization	職業専門学校が次々創設された。	Vocational schools were set up one after another.
4728	取り扱い	とりあつかい	noun	treatment; service; handling	一番近い遺失物取扱所はどこですか。	Where is the nearest lost and found?
4729	合唱	がっしょう	noun	singing together; singing in union; chorus	全員で歌を合唱した。	They all sang in chorus.
4730	商人	しょうにん	noun	merchant; trader; tradesman	その結果として、彼は偉大な商人になった。	As a result, he became a great merchant.
4731	墓地	ぼち	noun	cemetery; graveyard	若い頃墓地をよく歩いたものだ。	I used to walk in the cemetery in my youth.
4732	多め	おおめ	adjective	somewhat larger (amount); quite a lot; a little more (than usual)	小銭を多めに入れてください。	Please include lots of small change.
4733	失格	しっかく	noun	disqualification; elimination; incapacity	その語の綴りを間違って、彼はコンテストに失格した。	His misspelling of that word eliminated him from the contest.
4734	失業	しつぎょう	noun	unemployment	失業した後、彼は大変苦労した。	After losing his job, he went through a very difficult time.
4735	妥当	だとう	na-adjective	valid; proper; right	彼の理論は妥当なものとして広く認められている。	His theory is widely accepted as valid.
4736	宴会	えんかい	noun	party; banquet; reception	彼は宴会の事について触れた。	He mentioned the matter of the banquet.
4737	対談	たいだん	noun	talk; dialogue; conversation	私たちは老人と楽しく対談した。	We held a pleasant conversation with the old man.
4738	導く	みちびく	verb	to guide; to lead; to show the way	ここへとぼくを導いてくれる。	It always leads me here.
4739	巡回	じゅんかい	noun	going around; patrol; round	その警察は巡回中に撃たれた。	The cop was shot on his beat.
4740	常時	じょうじ	noun	usually; ordinarily; always	彼は常時彼の才能をねたむ人々から中傷されることにうんざりしていた。	He was sick of being vilified all the time by people who were jealous of his ability.
4741	悲鳴	ひめい	noun	shriek; scream	突然悲鳴が聞こえた。	All at once, I heard a scream.
4742	情勢	じょうせい	noun	state of things; state of affairs; situation	情勢はますます悪くなった。	The situation went from bad to worse.
4743	意欲	いよく	noun	will; desire; eagerness	何より大切なのは、英語をマスターしようという強い意欲である。	What is most important is your strong will to master English.
4744	断言	だんげん	noun	assertion; declaration; affirmation	彼女は自分が正しいと断言した。	She asserted that she was right.
4745	方言	ほうげん	noun	dialect; provincialism	彼らは南部の方言で話していた。	They were speaking in a Southern dialect.
4746	早々	そうそう	noun	as soon as ...; just after ...; immediately after ...	妹は来年早々に結婚します。	My sister will marry early next year.
4747	横断	おうだん	noun	crossing (a road, river, etc.); cutting through (e.g. of a river through a town); cutting across	彼女は道路を横断するとき、足を滑らせた。	She slipped crossing the road.
4748	毎朝	まいあさ	noun	every morning	母は毎朝いちばん早く起きます。	Mother gets up earliest every morning.
4749	混合	こんごう	noun	mixing; mixture; meld	これらの物質の混合は危険です。	The mixture of these substances is dangerous.
4750	珍	ちん	na-adjective	rare	探していた珍本を見つけた。	I found a rare book I had been looking for.
4751	甥	おい	noun	nephew	彼女の金はすべておいのものとなった。	All her money went to her nephew.
4752	監禁	かんきん	noun	confinement; imprisonment; incarceration	王子はその城に３年間監禁された。	The prince was confined in the castle for three years.
4753	直線	ちょくせん	noun	straight line	直線を引きなさい。	Draw a straight line.
4754	経費	けいひ	noun	expenses; expenditure; outgoings	経費として二千二百ドルを計上しております。	2200 dollars have been allocated for expenses.
4755	結晶	けっしょう	noun	crystal; crystallization; crystallisation	彼は海水から塩を結晶させて取り出した。	He crystallized salt from seawater.
4756	群れ	むれ	noun	group; crowd; flock	これらの雲は白い羊の群れのように見える。	These clouds look like a flock of white sheep.
4757	膨大	ぼうだい	na-adjective	huge; vast; enormous	叔父は膨大な財産を所持している。	My uncle is possessed of great wealth.
4758	衰退	すいたい	noun	decline; degeneration; decay	二大文明はゆっくりと衰退した。	Two great civilizations slowly fell into decay.
4759	講習	こうしゅう	noun	short course; training	彼女は週に一度料理の講習を受ける。	She takes cooking lessons once a week.
4760	趣旨	しゅし	noun	meaning; point (e.g. of a statement); gist	あなたの主旨はわかる。	I see your point.
4761	返金	へんきん	noun	refund; repayment; reimbursement	返金して欲しい。	I want a refund.
4762	通す	とおす	verb	to let pass; to allow through; to let through	すみません、通してください。	Excuse me. May I get by?
4763	進撃	しんげき	noun	advance; charge	兵士は進撃を命じられた。	The soldiers were ordered to make an attack.
4764	間に合う	まにあう	verb	to be in time (for)	今日、会社間に合った？	Were you on time for work today?
4765	除外	じょがい	noun	exception; exclusion	この規則から誰も除外できない。	I can except no one from the rules.
4766	離れる	はなれる	verb	to be separated; to be apart; to be distant	皆さんと離れて寂しくなります。	I will miss you all.
4767	預金	よきん	noun	deposit; bank account	一般的に言って、預金は増加している。	Generally speaking, savings are increasing.
4768	食物	しょくもつ	noun	food; foodstuff	食物に注意してください。	Pay heed to your food.
4769	香水	こうすい	noun	perfume; scent	彼女はいつも香水のにおいがきつすぎる。	She always wears too much scent.
4770	いとこ	いとこ	noun	cousin (female)	ヘレン、この人は私のいとこです。	Helen, this is my cousin.
4771	うんざり	うんざり	adverb	tedious; boring; being fed up with	彼のやたら長い話にはうんざりする。	He bored me with his endless tales.
4772	おしゃべり	おしゃべり	noun	chattering; talk; idle talk	おしゃべりばっかしてないで、仕事して！	Cut the chit-chat and get to work.
4773	きっちり	きっちり	adverb	exactly; precisely; punctually	私はきっちり３時間待った。	I have waited a full three hours.
4774	まとめる	まとめる	verb	to collect; to put (it all) together; to integrate	データはまだまとめていません。	The data hasn't been compiled yet.
4775	クレジット	クレジット	noun	credit	現金ですか、クレジットですか。	Cash or charge?
4776	クレーム	クレーム	noun	claim (for compensation); customer complaint seeking compensation	サービスが悪かったのでクレームをつけた。	We complained about the poor service.
4777	コンタクト	コンタクト	noun	contact; touch	彼女はメガネをはずしてコンタクトをはめた。	She took off her glasses and put her contacts in.
4778	シンボル	シンボル	noun	symbol	このシンボルは強さと高潔さを表す。	This symbol stands for strength and integrity.
4779	スキン	スキン	noun	skin	Windows Media Playerの新しいスキンを入手し、プレーヤーの外観を変えてみましょう。	Why don't you try out getting a new Windows Media Player skin and changing the player's look?
4780	トレーナー	トレーナー	noun	trainer (person who trains people or animals)	トレーナーは彼女の健康のことを考えるべきだ。	The trainer must think of her health.
4781	バリエーション	バリエーション	noun	variation	むろん、この両極端の間に多くのバリエーションがある。	Obviously there are many variations between these two extremes.
4782	フック	フック	noun	hook	彼は上着をフックに掛けた。	He hung his coat on a hook.
4783	ブリッジ	ブリッジ	noun	bridge (road, railway, ship, etc.)	古いブリッジを元通りに入れておきます。	I'll put the old bridge back.
4784	ボロボロ	ボロボロ	adjective	worn-out; ragged; tattered	私は靴をぼろぼろにしてしまった。	I've worn out my shoes.
4785	モーター	モーター	noun	motor; engine	モーターがきちんと動かない。	The motor does not function properly.
4786	ヤンキー	ヤンキー	noun	(juvenile) delinquent	警官がヤンキーに足を撃たれた。	The policeman was shot in the leg by a delinquent.
4787	下旬	げじゅん	noun	last third of a month; 21st to the last day of a month	その結果、５月下旬に不安神経症や不眠症と診断された。	As a result, he was diagnosed with insomnia and anxiety neurosis near the end of May.
4788	中立	ちゅうりつ	noun	neutrality	その国は第二次世界大戦中は中立を保っていた。	That country remained neutral throughout World War II.
4789	仮説	かせつ	noun	hypothesis; supposition; assumption	その仮説は徹底的な実験に基づいている。	The hypothesis is based on the thorough experiments.
4790	体系	たいけい	noun	system; organization; organisation	これは英語を、詳細に学習され厳密に適用されるべき文法と文構造の規則に従う体系とみなしている。	This sees English as a system obeying miles of grammar and sentence structure which have to be learned in detail and applied rigorously.
4791	債務	さいむ	noun	debt; liabilities; obligation to a person or party (usu. legal or contractual)	会社の債務返済能力を維持するのが私の責任だ。	My responsibility is to keep the company solvent.
4792	去る	さる	verb	to leave; to go away	古きよき時代は去り、二度と戻らない。	The good old days have gone, never to return.
4793	困惑	こんわく	noun	bewilderment; perplexity; embarrassment	彼は明らかに困惑していた。	He was clearly embarrassed.
4794	妥協	だきょう	noun	compromise; giving in	市長はその問題についてある程度妥協した。	The mayor compromised on the subject to a certain extent.
4795	実物	じつぶつ	noun	real thing; original; actual	あの彼の写真は実物より悪く撮れている。	That picture does not do justice to him.
4796	宮殿	きゅうでん	noun	palace	その王様はかつてあの宮殿に住んでいた。	The king once lived in that palace.
4797	小学	しょうがく	noun	elementary school; primary school; grade school	小学５年の息子が静岡から名古屋の小学校に転入しました。	My fifth-year junior school son has transferred into a school in Nagoya from Shizuoka.
4798	小遣い	こづかい	noun	pocket money; spending money; pin money	父親は彼に小遣いを週１０ドル与えている。	His father allows him $10 a week as spending money.
4799	幸運	こううん	noun	good luck; fortune	君の幸運がうらやましい。	I envy you your luck.
4800	座る	すわる	verb	to sit (down); to have a seat; to be seated	生徒たちはずっと静かに座っていた。	The students sat quiet all the time.
4801	志願	しがん	noun	aspiration; volunteering; desire	彼はその地位を志願した。	He applied for the position.
4802	房	ふさ	noun	tuft (of hair, threads, etc.); fringe; tassel	旅行の総費用を計算してくれますか。	Can you work out the total cost of the trip?
4803	手袋	てぶくろ	noun	glove; mitten; mitt	この手袋が彼女の手を暖かくしてくれた。	These gloves kept her hands warm.
4804	抱く	だく	verb	to hold in one's arms (e.g. a baby); to embrace; to hug	まぁかわいい赤ちゃん私にも抱かせてくれますか。	What a cute baby! May I hold her?
4805	拒絶	きょぜつ	noun	refusal; rejection	彼の要求を拒絶する。	I deny his request.
4806	拳銃	けんじゅう	noun	pistol; handgun	彼女は拳銃をぬいてこう言った。	She drew her gun and said:
4807	指数	しすう	noun	index; index number; indicator	消費者物価指数は激しく変動しています。	The consumer price index has been fluctuating wildly.
4808	指標	しひょう	noun	index; indices; indicator	指標は前月比４％増の１２０．５に上昇した。	The index advanced to 120.5, up 4% from the preceding month.
4809	振興	しんこう	noun	promotion; encouragement	産業振興計画は、地元の金融家が資金の面倒をみている。	Local finance are bankrolling the industrial promotion program.
4810	敏感	びんかん	na-adjective	sensitive; alert; aware	彼は批評に対してたいへん敏感だ。	He is very sensitive to criticism.
4811	昆虫	こんちゅう	noun	insect; bug	ケイ教授は昆虫を４０年間研究してきた。	Professor Kay has been studying insects for forty years.
4812	昼食	ちゅうしょく	noun	lunch; midday meal	そのレストランは昼食はやっていない。	The restaurant doesn't do lunch.
4813	有罪	ゆうざい	noun	guilt; culpability	彼女の有罪を彼は信じようとはしなかった。	He refused to believe that she was guilty.
4814	機材	きざい	noun	machinery and materials; equipment	楽器・機材の質は完全にプロ仕様！ですが値段は何処よりも安い！	The musical instruments and parts are completely professional quality! And yet the prices are lower than anywhere!
4815	毎晩	まいばん	noun	every night	スーザンは毎晩音楽を聴いて楽しむ。	Susan enjoys listening to music.
4816	燃える	もえる	verb	to burn; to get fired up	この木はどうしても燃えない。	This wood won't burn.
4817	特権	とっけん	noun	privilege; special right	外交官には様々な特権が与えられている。	Diplomats are allowed various privileges.
4818	王女	おうじょ	noun	princess	王女は彼を見て笑わずにいられなかった。	The princess couldn't help laughing at him.
4819	理性	りせい	noun	reason; reasoning power; (one's) sense	突然の不幸が彼女の理性を失わせた。	Sudden misfortune deprived her of her reason.
4820	直撃	ちょくげき	noun	direct hit	台風がその町を直撃し、ひどい損害を与えた。	The typhoon struck the city, causing great damage.
4821	管轄	かんかつ	noun	jurisdiction; control	この件は私の管轄外だ。	This case is outside my jurisdiction.
4822	航空機	こうくうき	noun	aircraft	大形航空機は大きな騒音公害をもたらした。	Large planes brought about large amounts of sound pollution.
4823	苦しむ	くるしむ	verb	to suffer; to groan; to be worried	生きることは苦しむこと。	To live is to suffer.
4824	茶色	ちゃいろ	noun	brown; light brown; tawny	彼の靴は茶色だ。	His shoes are brown.
4825	訴える	うったえる	verb	to raise; to bring to (someone's attention)	彼はときどき極端な手段に訴えたくなった。	He sometimes wished to go to extremes.
4826	誘う	さそう	verb	to invite; to ask (someone to do); to call (for)	悲しい知らせに涙をさそわれた。	The sad story moved us to tears.
4827	課長	かちょう	noun	section manager; section chief	課長からもらった推薦状が物を言った。	The recommendation from my boss made all the difference.
4828	象	しょう	noun	form; shape; figure	象はほかのどんな動物よりも大きい。	The elephant is bigger than all the other animals.
4829	負	ふ	noun	negative; minus	あ、あれ？なんか・・・すっごい負のオーラを感じますよ？	E-eh? I somehow seem to feel a very threatening aura...
4830	迅速	じんそく	na-adjective	(very) quick; rapid; swift	彼はその事態に迅速に対応した。	He promptly coped with the situation.
4831	部員	ぶいん	noun	staff; member (club, society, etc.)	ジョンは水泳部員です。	John belongs to the swimming club.
4832	銘柄	めいがら	noun	brand; make; description	彼女はあの銘柄が一番だと思っている。	She swears by that brand.
4833	黄色い	きいろい	i-adjective	yellow	黄色いバラがあります。	There is a yellow rose.
4834	おしまい	おしまい	noun	the end; closing; being done for	さあ、パーティーをおしまいにしよう。	Let's break up the party.
4835	かえって	かえって	adverb	on the contrary; rather; instead	彼のまじめさがかえってマイナスになった。	His diligence turned out a disadvantage after all.
4836	こま	こま	noun	spinning top	スケーターはこまのようにくるくる回った。	The skater spun around like a top.
4837	カテゴリ	カテゴリ	noun	category	このカテゴリーには他にも異常が存在すると考えることが妥当である。	It is reasonable to think that there exist other anomalies in this category.
4838	クライアント	クライアント	noun	client	飛田課長が、太鼓判を押した企画書ならクライアントも一発ＯＫだろう。	When Tobita gives a plan his seal of approval, the client accepts it at first glance.
4839	スライド	スライド	noun	slide (for projection); transparency	彼はそのスライドを顕微鏡で見た。	He looked at the slide under the microscope.
4840	ピンチ	ピンチ	noun	pinch; tough spot; bind	我々は絶体絶命のピンチに追い込まれた。	We were driven to the wall.
4841	ホームラン	ホームラン	noun	home run	彼はホームラン３本を打ち、８点を稼いだ。	He hit three home runs, scoring eight runs.
4842	ミュージシャン	ミュージシャン	noun	musician	彼は大したミュージシャンではないと思う。	I don't think much of him as a musician.
4843	メロン	メロン	noun	melon (esp. a muskmelon, Cucumis melo)	メロンが半分食べられた。	Half of the melon was eaten.
4844	仮定	かてい	noun	assumption; supposition; hypothesis	そのニュースが仮に正しいものと仮定してみよう。	Let us suppose that the news is true.
4845	会館	かいかん	noun	meeting hall; assembly hall	会館は聴衆でいっぱいになった。	The audience filled the hall.
4846	儲け	もうけ	noun	profit; earnings	苦労なくしてもうけなし。	No gain without pains.
4847	入試	にゅうし	noun	entrance examination	彼は入試に合格しなかった。	He couldn't pass the entrance examination.
4848	内臓	ないぞう	noun	internal organs; viscera	彼は交通事故で内臓にけがをした。	He suffered internal injuries in the car accident.
4849	判事	はんじ	noun	judge; judiciary	判事は思わず笑った。	The judge laughed in spite of himself.
4850	動向	どうこう	noun	trend; tendency; movement	日本の最新動向について報告したいと思います。	We would like to report about the latest trends in Japan.
4851	占める	しめる	verb	to account for; to make up; to take up	輸入車は８％未満しか占めていない。	Imported cars account for less than eight percent.
4852	噴火	ふんか	noun	eruption; volcanic eruption	その火山は周期的に噴火を繰り返す。	The volcano erupts at regular intervals.
4853	子会社	こがいしゃ	noun	subsidiary (company)	海外の子会社は最高級品を生産しています。	Overseas subsidiaries are putting out top-of the-line products.
4854	存続	そんぞく	noun	continuance; survival; persistence	もし水がなければ、人間は存続できないだろう。	If it were not for water, humans could not survive.
4855	実証	じっしょう	noun	demonstration; verification; substantiation	諸事実がこの仮説を実証している。	The facts bear out this hypothesis.
4856	射殺	しゃさつ	noun	shooting to death	ガンジーは射殺された。	Gandhi was shot dead.
4857	小島	こじま	noun	small island; islet	小島先生は朝食後たばこを１服吸った。	Mr Kojima had a smoke after breakfast.
4858	引き起こす	ひきおこす	verb	to cause; to induce; to bring about	彼女の怒りは彼の愚かな行動によって引き起こされた。	Her anger was aroused by his silly actions.
4859	当地	とうち	noun	this place; here	当地にはほとんど友人はいない。	I have few friends here.
4860	志向	しこう	noun	intention; aim; preference (for)	過去を志向する社会では、人々は過去と伝統にいつまでもこだわり続ける。	In a past-oriented society, people dwell on the past and on tradition.
4861	急ぎ	いそぎ	noun	haste; hurry; urgency	急ぎなさい！みんな待っているんだから。	Hurry up! We are all waiting for you.
4862	慣れる	なれる	verb	to get used to; to grow accustomed to; to become familiar with	どんな難しいことでも慣れれば容易になる。	There nothing so difficult but it becomes easy by practice.
4863	手首	てくび	noun	wrist	警官は私の手首をつかまえた。	The policeman caught me by the wrist.
4864	暁	あかつき	noun	dawn; daybreak	当選のあかつきには皆様のために一生懸命に働きます。	Once elected, I will do my best for all of you who supported me.
4865	曰く	いわく	noun	pretext; history; past	ふふ・・・いわくがあるのさ、あそこには。	He-heh... there's a tale behind that, for that place.
4866	本土	ほんど	noun	mainland; the country proper	その島は本土から遠く離れている。	The island is cut off far from the mainland.
4867	樽	たる	noun	cask; barrel	ワインはたるの中に入れて熟成させる。	Wine is put in casks to age.
4868	清掃	せいそう	noun	cleaning; clean-up; garbage collection	彼は、清掃の仕事に従事する人たちが平和的に賃金と労働条件の改善を要求するストライキをするのを支援するためにそこに行っていた。	He had gone there to help garbage workers strike peacefully for better pay and working conditions.
4869	牧場	ぼくじょう	noun	farm (livestock); stock farm; ranch	大きな牧場を経営してみたいな。	I'd like to run a big stock farm.
4870	牧師	ぼくし	noun	pastor; minister; clergyman	牧師は彼女のキリスト信仰の告白を聞いた。	The minister listened to her profession of Christianity.
4871	物資	ぶっし	noun	goods; materials; commodities	それは物資を直接交換する制度である。	It is a system of direct exchange of goods.
4872	甲斐	かい	noun	result (that makes an act worthwhile); worth (in doing something); value	苦心の甲斐があった。	That was well worth the trouble.
4873	申し込み	もうしこみ	noun	application; entry; request	彼女はまだ彼の結婚の申し込みを受け入れていない。	She has not yet accepted his proposal.
4874	男優	だんゆう	noun	(male) actor	トムは、世界でいちばんハンサムな男優だ。	Tom is the most handsome actor in the world.
4875	真っ赤	まっか	na-adjective	bright red; deep red; flushed (of face)	彼女の顔は突然まっかになった。	Her face turned red suddenly.
4876	真理	しんり	noun	truth	君の言うことには多くの真理がある。	There is much truth in what you say.
4877	破損	はそん	noun	damage; breakage	窓の破損料を請求された。	They charged me for the broken window.
4878	祝福	しゅくふく	noun	celebration (of a joyous occasion); blessing; giving one's blessing	神があなたを祝福してくれますように。	God bless you!
4879	総会	そうかい	noun	general meeting	多数の会員が総会に出席した。	A lot of members assisted at the general meeting.
4880	育児	いくじ	noun	childcare; child-rearing; nursing	育児休暇や老人介護のための休みも、現在日本で起きている人口構成の変動に対応するために必要となっているのである。	Child-care leave and time off to care for the aged are needed in order to respond to demographic changes now taking place in Japan.
4881	西部	せいぶ	noun	western part; the west (of a region)	遠い西部にはほとんど鉄道がなかった。	There were almost no railroads out west.
4882	視界	しかい	noun	field of vision; visibility; view	霧で視界が１００メートルしかきかなかった。	Fog has limited visibility to 100 meters.
4883	誠実	せいじつ	na-adjective	sincere; honest; faithful	彼女は誠実だから嘘をついたりしない。	She is honest and above telling a lie.
4884	躊躇	ちゅうちょ	noun	hesitation; indecision; vacillation	躊躇すれば機会は二度とこない。	He who hesitates is lost.
4885	通行	つうこう	noun	passage (of people or vehicles); passing (through); traffic	右側通行をしなさい。	Keep to the right.
4886	鎧	よろい	noun	armor; armour	鎧をつけている人は、転ぶと大きな音がする。	He who wears armor falls with a big crash!
4887	飲酒	いんしゅ	noun	drinking alcohol	彼は飲酒について私にお説教した。	He gave me a lecture on drinking.
4888	駆使	くし	noun	using freely; making full use of; having a good command of	彼女はフランス語の駆使能力においては誰にも劣らない。	She is second to none in her command of French.
4889	駒	こま	noun	piece (in shogi, chess, etc.)	僕はボードの上の駒を一つ前に進めた。	I moved a chess piece on the board one forward.
4890	あくまでも	あくまでも	adverb	to the end; to the bitter end; to the last	困難に対してあくまでも抵抗した。	He breasted it out against difficulties.
4891	おやすみなさい	おやすみなさい	expression	good night	おやすみなさい、ママ。	Good night, Mom.
4892	かき	かき	noun	oyster; oyster shell	昨晩食べた牡蛎に当たってしまった。	Those oysters I ate last night didn't agree with me.
4893	つまみ	つまみ	noun	knob; handle; button	ビールの摘まみがほしい。	I would like to have something to munch on with my beer.
4894	ともに	ともに	adverb	together; jointly	祖父はまだ心身ともにしっかりしています。	My grandfather is still sound in mind and body.
4895	なぜなら	なぜなら	conjunction	because; the reason is; if you want to know why	なぜなら彼女はすばらしい先生だからです。	The reason is that she is a wonderful teacher.
4896	ゴキブリ	ゴキブリ	noun	cockroach	ゴキブリは昼間は身をひそめている。	Cockroaches hide themselves during the day.
4897	テンポ	テンポ	noun	tempo	その試合はテンポが遅くおまけに退屈だった。	The game was slow, and it was also boring.
4898	ネクタイ	ネクタイ	noun	tie; necktie	そのネクタイとても似合っています。	That tie suits you very well.
4899	ノウハウ	ノウハウ	noun	know-how; expertise; the ropes	競馬で稼ぐ！ありえないほど儲かる競馬ノウハウ集！	Earn money on the races! Know-how collection on horse racing will have you raking it in!
4900	パスポート	パスポート	noun	passport	パスポートを持っています。	I have my passport.
4901	フォーク	フォーク	noun	fork	フォークがありません。	There is a fork missing.
4902	ユニフォーム	ユニフォーム	noun	uniform	警官は青いユニフォームを着ている。	Police officers wear blue uniforms.
4903	ライフル	ライフル	noun	rifle	彼はいつもライフルを持って歩いている。	He always walks with a rifle.
4904	ランナー	ランナー	noun	runner	トニー君は速いランナーです。	Tony is a fast runner.
4905	リレー	リレー	noun	relay	走者がリレーでバトンを渡さなければなりません。	A runner must pass the baton in a relay race.
4906	一色	いっしょく	noun	one color	街はクリスマスムード一色・・・もうじきイブだ。	The streets are in full Christmas mood - it's almost Christmas Eve.
4907	下げる	さげる	verb	to hang; to suspend; to wear (e.g. decoration)	価格を下げてくだされば条件に同意します。	I'll agree to the terms if you lower the price.
4908	休止	きゅうし	noun	pause; suspension; rest	霧のため全列車は運転休止となった。	Railroad service was suspended because of the fog.
4909	体育館	たいいくかん	noun	gymnasium	彼は体育館に歩いて入って行きませんでした。	He did not walk into the gym.
4910	入国	にゅうこく	noun	entry into a country	入国手続きって緊張しちゃう。	I get nervous at immigration.
4911	入札	にゅうさつ	noun	bid; tender; bidding	私は彼に対抗して入札した。	I bid against him.
4912	再発	さいはつ	noun	return; relapse; recurrence	そういう事故は再発するおそれがある。	Such an accident is likely to happen again.
4913	出世	しゅっせ	noun	success in life; getting ahead; successful career	彼は大いに努力して出世した。	He exerted himself and made his way in life.
4914	合宿	がっしゅく	noun	lodging together; training camp; boarding house	心身共にベストのコンディションで新人養成合宿に臨みましょう。	With both mind and body in their best condition, let's look forward to the newcomers' training camp.
4915	吐き気	はきけ	noun	nausea; feeling like throwing up; feeling sick	吐き気がします。	I feel like throwing up.
4916	器具	きぐ	noun	utensil; implement; tool	実験用器具が故障している。	Something is wrong with the experimental apparatus.
4917	太い	ふとい	i-adjective	fat; thick	その地図の上の太い線は道路を示す。	The broad lines on the map correspond to roads.
4918	嫌がらせ	いやがらせ	noun	harassment; pestering	彼女はエレベーターの中で性的いやがらせを受けた。	She was sexually harassed in an elevator.
4919	子宮	しきゅう	noun	womb; uterus	子供は子宮に従う。	The child followeth the womb.
4920	学期	がっき	noun	school term; semester	彼は今学期ほとんど勉強していない。	He has hardly studied this term.
4921	小売	こうり	noun	retail	小売商人は卸しで仕入れて小売りで売る。	A retail merchant buys wholesale and sells retail.
4922	展望	てんぼう	noun	view; outlook; prospect	両方の展望にはある共通のテーマがある。	A common theme underlies both perspectives.
4923	市立	しりつ	noun	municipal; city	この病院は市立です。	This hospital is run by the city.
4924	当店	とうてん	noun	this store	当店はその会社と取引関係はありません。	We have no business relations with the firm.
4925	彫刻	ちょうこく	noun	carving; engraving; sculpture	私は現代彫刻はよく理解できない。	I really can't understand modern sculpture.
4926	我ら	われら	pronoun	we; us	「神はわれらの救いである」と司祭は言った。	God is our salvation, said the priest.
4927	搭乗	とうじょう	noun	embarkation; boarding (a ship or aircraft)	みなさま。ようこそご搭乗下さいました。	Ladies and gentlemen, welcome aboard.
4928	敵対	てきたい	noun	hostility; antagonism; opposition	不法外国人に対して敵対的な態度を取る人もいた。	Some people took hostile attitudes toward the illegal aliens.
4929	断念	だんねん	noun	abandoning (hope, plans); giving up	リーダーは絶望して計画を断念した。	The leader gave up the plan in despair.
4930	新築	しんちく	noun	new building; new construction	息子に家を新築してあげた。	I built my son a new house.
4931	杖	つえ	noun	cane; walking stick; staff	その老人は杖にもたれた。	The old man leaned on his staff.
4932	検事	けんじ	noun	public prosecutor	懲役２年の判決に地方検事は不満だった。	The district attorney wasn't content with a two-year sentence.
4933	楽園	らくえん	noun	paradise; Eden	ハワイは地上の楽園とよばれている。	Hawaii is known as an earthly paradise.
4934	無用	むよう	na-adjective	useless; futile	無用の立ち入り禁止。	No admittance except on business.
4935	用いる	もちいる	verb	to use; to make use of; to utilize	ナイフとして用いられている。	It can be used as a knife.
4936	盛ん	さかん	na-adjective	prosperous; flourishing; thriving	そのグループは現在盛んに活動している。	That group is presently very active.
4937	英文	えいぶん	noun	English writing; English sentence; English text	明日までにこの手紙を英文に直してもらいたい。	I want to have this letter translated into English by tomorrow.
4938	証人	しょうにん	noun	witness	証人を月曜日に喚問するよう提案します。	I move that the witness be summoned on Monday.
4939	購読	こうどく	noun	buying and reading (book, magazine, etc.); subscribing (incl. free subscriptions); taking (e.g. newspaper)	私は新聞を２種類購読している。	I subscribe to two newspapers.
4940	越える	こえる	verb	to cross over; to cross; to pass through	彼のアイデアは私の理解を越えている。	His idea is beyond the reach of my understanding.
4941	退屈	たいくつ	na-adjective	tedious; boring; dull	退屈するどころか、とても楽しかった。	Far from being bored, we had a very good time.
4942	開封	かいふう	noun	opening (a letter, parcel, etc.); breaking the seal	その朝届けられた郵便を、秘書は開封した。	The secretary opened the mail which had been delivered that morning.
4943	降下	こうか	noun	descent; fall; drop	ホノルル着陸のため降下を始めます。	We're going to begin the descent for Honolulu.
4944	頭部	とうぶ	noun	head	彼が嗅覚を失ったのは、頭部のけがのためだった。	The loss of his sense of smell was due to a head injury.
4945	きのこ	きのこ	noun	mushroom	このきのこは食べられないんだ。	This mushroom is not good to eat.
4946	オッケー	オッケー	interjection	OK; okay	ＯＫ！！ブラザー！！それ以上聞きたくないぜ！	OK!! Bro!! I don't want to hear any more!
4947	カタログ	カタログ	noun	catalog; catalogue	新しいカタログを送って下さい。	Send me a new catalog.
4948	キャベツ	キャベツ	noun	cabbage (Brassica oleracea)	塩漬けキャベツを細かく切る。	Chop the pickled cabbage finely.
4949	グラム	グラム	noun	gram; gramme	このジャムの正味重量は２００グラムです。	The net weight of this jam is 200 grams.
4950	サメ	サメ	noun	shark	サメがその男の足を噛み切った。	A shark snapped the man's leg off.
4951	シャンプー	シャンプー	noun	shampoo	シャンプーがなくなったよ。	We used up the shampoo.
4952	ドライ	ドライ	na-adjective	dry	このビールはドライだ。	This beer is dry.
4953	バレー	バレー	noun	volleyball	彼はバレーの選手です。	He's a volleyball player.
4954	ボクシング	ボクシング	noun	boxing	さあ、少しボクシングをしよう。	Let's do some boxing.
4955	マネジメント	マネジメント	noun	management	でも、仲間たちは志はあっても、資金調達やマネジメントには無知でした。	However, although our companions were willing, they knew nothing about management or getting money.
4956	ワイルド	ワイルド	na-adjective	wild	彼女は大きな舞台での彼のワイルドな演奏がとても好きです。	She really likes his wild performances on the big stage.
4957	中途半端	ちゅうとはんぱ	na-adjective	halfway; half measures; unfinished	中途半端なことはしたくない。	I don't like to leave things up in the air.
4958	内定	ないてい	noun	tentative decision; unofficial offer (esp. job offer); informal offer	就職が内定した。	The company has unofficially decided to employ me.
4959	制定	せいてい	noun	enactment; establishment; creation	この法律は１９１８年に制定された。	This law came into existence in 1918.
4960	前方	ぜんぽう	noun	ahead; forward; (in) front	彼は私の前方を歩いた。	He walked ahead of me.
4961	合併	がっぺい	noun	merger (of companies, towns, etc.); combination; union	東京銀行と三菱銀行が合併した。	The Bank of Tokyo amalgamated with the Mitsubishi Bank.
4962	問い	とい	noun	question; query	この問いは難しすぎて、私には答えられません。	This question is too difficult for me to answer.
4963	外来	がいらい	adjective	foreign; imported	君は外来思想に偏見を抱いているようだ。	You seem to be prejudiced against ideas that come from foreign countries.
4964	失踪	しっそう	noun	disappearance; running away; going missing	警察は彼の失踪を調査している。	The police are looking into his disappearance.
4965	寺院	じいん	noun	Buddhist temple	京都は古い寺院で有名である。	Kyoto is famous for its old temples.
4966	専攻	せんこう	noun	major subject; special study	スーザンはアメリカ史を専攻しています。	Susan is majoring in American history.
4967	崖	がけ	noun	cliff; precipice	その切り立った崖には近づかないで。	Keep away from the vertical cliff!
4968	市役所	しやくしょ	noun	municipal office; council; city hall	市役所まで歩いてどのくらいかかりますか。	How long does it take to walk to the city hall?
4969	幅広い	はばひろい	i-adjective	extensive; wide; broad	インカ族は幅広い興味を持っていた。	The Incas had a wide range of interests.
4970	性癖	せいへき	noun	disposition; inclination; characteristic	彼女は急にふさぎ込む性癖がある。	She is apt to fits of depression.
4971	悪意	あくい	noun	ill will; spite; evil intention	彼女はあなたに悪意など持っていなかった。	She bore no malice against you.
4972	手持ち	てもち	adjective	in hand; on hand; on one	手持ちのお金はありません。	I have no money with me.
4973	擁護	ようご	noun	protection; defence; support	子供の権利擁護に関して我々は委任されている。	We are entrusted with the protection of children's rights.
4974	放課後	ほうかご	noun	after school (at the end of the day)	放課後、その計画について相談しよう。	Let's talk over the plan after school.
4975	文字通り	もじどおり	adverb	literally; to the letter	彼はその文章の文字どおりの意味を説明した。	He explained the literal meaning of the sentences.
4976	文法	ぶんぽう	noun	grammar	文法の授業が難しくなった。	I got the grammar lesson without difficulty.
4977	日頃	ひごろ	adverb	usually; habitually; always	日頃のご愛顧にお礼申し上げます。	We really thank you for your patronage.
4978	木曜	もくよう	noun	Thursday	月曜から木曜までここにおります。	I will be here from Monday to Thursday.
4979	核兵器	かくへいき	noun	nuclear weapon	人々は核兵器に抗議している。	People are protesting against nuclear weapons.
4980	歩道	ほどう	noun	footpath; walkway; sidewalk	歩道から自転車を撤去してくれ。	Clear the sidewalk of the bicycles.
4981	灰色	はいいろ	noun	grey; gray; ashen	あの灰色のビルですか。	That gray building?
4982	点検	てんけん	noun	detailed inspection; thorough examination; checking	その車は点検してもらう必要がある。	It is necessary for that car to have a check.
4983	申し出	もうしで	noun	proposal; offer; request	よろしい。お申し出は承知しました。	All right. I'll accept your offer.
4984	留学生	りゅうがくせい	noun	overseas student; exchange student	留学生も入れるのかしら。	Can foreign students be in the club?
4985	登校	とうこう	noun	attendance (at school); going to school	病気のため登校できなかった。	Illness prevented me from coming to school.
4986	知らせ	しらせ	noun	news; word; tidings	その知らせを聞いてとてもうれしかった。	I was very glad to hear the news.
4987	続々	ぞくぞく	adverb	successively; one after another	劇場から続々と人が出てきた。	A stream of people came out of the theater.
4988	苦情	くじょう	noun	complaint; troubles; objection	私はあなたの苦情について書いている。	I am writing in relation to your complaint.
4989	華麗	かれい	na-adjective	splendid; magnificent; gorgeous	女王は華麗な銀色のドレスを着ていた。	The queen was wearing a magnificent silver dress.
4990	落ち着き	おちつき	noun	calmness; composure; presence of mind	彼女は落ち着きを取り戻した。	She became more tranquil.
4991	著名	ちょめい	na-adjective	famous; noted; eminent	その医者は子供の病気に関して著名な権威だ。	The doctor is a great authority on children's diseases.
4992	著書	ちょしょ	noun	(written) work; book; writings	彼は私の著書に言及した。	He made reference to my book.
4993	返済	へんさい	noun	repayment; reimbursement; refund	出来るだけ早く借金は返済します。	I will pay my debt as soon as possible.
4994	連想	れんそう	noun	association (of ideas); being reminded (of something); suggestion	リンカーンと言えば自由を連想する。	We associate the name of Lincoln with freedom.
4995	遂行	すいこう	noun	accomplishment; execution	彼には大きな計画を遂行する能力がある。	He has the ability to carry out big plans.
4996	遅れる	おくれる	verb	to be late; to be delayed; to fall behind schedule	遅れないよう早く出発した。	I left early so as not to be late.
4997	遺族	いぞく	noun	bereaved family; surviving family; family of the deceased	彼の遺族は妻と娘１人である。	He leaves a widow and a daughter.
4998	随時	ずいじ	adverb	whenever necessary; as needed; as required	随時に退席してもかまいません。	You may leave your seat at will.
4999	首脳	しゅのう	noun	head; leader; top	先進７カ国の首脳は２０００年、沖縄に集まる。	The leaders of seven industrial democracies will meet in Okinawa in 2000.
5000	驚異	きょうい	noun	wonder; miracle; amazement	読書は驚異にみちたゆたかな世界へみちびいてくれる。	Reading will guide us to the rich world of wonder.
